solid antenna_tracker
facet normal -3.35147564317173e-16 -1.0 5.131501184162898e-13
  outer loop
    vertex 2392.462870068317 88.05194502191809 105.83585828670509
    vertex 2396.0139813288833 88.05194502191962 108.44762971905132
    vertex 2395.962870068317 88.05194502191962 108.83585828670508
  endloop
endfacet
facet normal -3.35147564317173e-16 -1.0 5.131501184162898e-13
  outer loop
    vertex 2396.0139813288833 88.05194502191962 108.44762971905132
    vertex 2392.462870068317 88.05194502191809 105.83585828670509
    vertex 2396.16383196264 88.05194502191942 108.08585828670508
  endloop
endfacet
facet normal -3.35147564317173e-16 -1.0 5.131501184162898e-13
  outer loop
    vertex 2396.16383196264 88.05194502191942 108.08585828670508
    vertex 2392.462870068317 88.05194502191809 105.83585828670509
    vertex 2396.4022098965365 88.05194502191927 107.77519811492529
  endloop
endfacet
facet normal -3.35147564317173e-16 -1.0 5.131501184162898e-13
  outer loop
    vertex 2396.4022098965365 88.05194502191927 107.77519811492529
    vertex 2392.462870068317 88.05194502191809 105.83585828670509
    vertex 2396.7128700683165 88.05194502191915 107.5368201810284
  endloop
endfacet
facet normal -3.35147564317173e-16 -1.0 5.131501184162898e-13
  outer loop
    vertex 2396.7128700683165 88.05194502191915 107.5368201810284
    vertex 2392.462870068317 88.05194502191809 105.83585828670509
    vertex 2397.074641500663 88.05194502191888 107.38696954727148
  endloop
endfacet
facet normal -3.35147564317173e-16 -1.0 5.131501184162898e-13
  outer loop
    vertex 2397.074641500663 88.05194502191888 107.38696954727148
    vertex 2392.462870068317 88.05194502191809 105.83585828670509
    vertex 2397.4628700683165 88.05194502191905 107.33585828670506
  endloop
endfacet
facet normal -3.35147564317173e-16 -1.0 5.131501184162898e-13
  outer loop
    vertex 2397.4628700683165 88.05194502191905 107.33585828670506
    vertex 2392.462870068317 88.05194502191809 105.83585828670509
    vertex 2412.4628700683165 88.05194502191809 105.83585828670509
  endloop
endfacet
facet normal -3.35147564317173e-16 -1.0 5.131501184162898e-13
  outer loop
    vertex 2397.4628700683165 88.05194502191905 107.33585828670506
    vertex 2412.4628700683165 88.05194502191809 105.83585828670509
    vertex 2397.8510986359706 88.05194502191888 107.38696954727148
  endloop
endfacet
facet normal -3.35147564317173e-16 -1.0 5.131501184162898e-13
  outer loop
    vertex 2397.8510986359706 88.05194502191888 107.38696954727148
    vertex 2412.4628700683165 88.05194502191809 105.83585828670509
    vertex 2398.2128700683165 88.05194502191915 107.5368201810284
  endloop
endfacet
facet normal -3.35147564317173e-16 -1.0 5.131501184162898e-13
  outer loop
    vertex 2398.2128700683165 88.05194502191915 107.5368201810284
    vertex 2412.4628700683165 88.05194502191809 105.83585828670509
    vertex 2398.5235302400965 88.05194502191927 107.77519811492529
  endloop
endfacet
facet normal -3.35147564317173e-16 -1.0 5.131501184162898e-13
  outer loop
    vertex 2398.5235302400965 88.05194502191927 107.77519811492529
    vertex 2412.4628700683165 88.05194502191809 105.83585828670509
    vertex 2398.761908173993 88.05194502191942 108.08585828670508
  endloop
endfacet
facet normal -3.35147564317173e-16 -1.0 5.131501184162898e-13
  outer loop
    vertex 2398.761908173993 88.05194502191942 108.08585828670508
    vertex 2412.4628700683165 88.05194502191809 105.83585828670509
    vertex 2398.91175880775 88.05194502191962 108.44762971905132
  endloop
endfacet
facet normal -3.35147564317173e-16 -1.0 5.131501184162898e-13
  outer loop
    vertex 2398.91175880775 88.05194502191962 108.44762971905132
    vertex 2412.4628700683165 88.05194502191809 105.83585828670509
    vertex 2398.962870068317 88.05194502191962 108.83585828670508
  endloop
endfacet
facet normal -3.35147564317173e-16 -1.0 5.131501184162898e-13
  outer loop
    vertex 2398.962870068317 88.05194502191962 108.83585828670508
    vertex 2412.4628700683165 88.05194502191809 105.83585828670509
    vertex 2407.074641500663 88.05194502191888 107.38696954727148
  endloop
endfacet
facet normal -3.35147564317173e-16 -1.0 5.131501184162898e-13
  outer loop
    vertex 2398.962870068317 88.05194502191962 108.83585828670508
    vertex 2407.074641500663 88.05194502191888 107.38696954727148
    vertex 2406.7128700683165 88.05194502191915 107.5368201810284
  endloop
endfacet
facet normal -3.35147564317173e-16 -1.0 5.131501184162898e-13
  outer loop
    vertex 2398.962870068317 88.05194502191962 108.83585828670508
    vertex 2406.7128700683165 88.05194502191915 107.5368201810284
    vertex 2406.402209896537 88.05194502191927 107.77519811492529
  endloop
endfacet
facet normal -3.35147564317173e-16 -1.0 5.131501184162898e-13
  outer loop
    vertex 2398.962870068317 88.05194502191962 108.83585828670508
    vertex 2406.402209896537 88.05194502191927 107.77519811492529
    vertex 2406.16383196264 88.05194502191942 108.08585828670508
  endloop
endfacet
facet normal -3.35147564317173e-16 -1.0 5.131501184162898e-13
  outer loop
    vertex 2398.962870068317 88.05194502191962 108.83585828670508
    vertex 2406.16383196264 88.05194502191942 108.08585828670508
    vertex 2406.013981328883 88.05194502191962 108.44762971905132
  endloop
endfacet
facet normal -3.35147564317173e-16 -1.0 5.131501184162898e-13
  outer loop
    vertex 2398.962870068317 88.05194502191962 108.83585828670508
    vertex 2406.013981328883 88.05194502191962 108.44762971905132
    vertex 2405.962870068317 88.05194502191962 108.83585828670508
  endloop
endfacet
facet normal -3.35147564317173e-16 -1.0 5.131501184162898e-13
  outer loop
    vertex 2407.074641500663 88.05194502191888 107.38696954727148
    vertex 2412.4628700683165 88.05194502191809 105.83585828670509
    vertex 2407.462870068317 88.05194502191905 107.33585828670506
  endloop
endfacet
facet normal -3.35147564317173e-16 -1.0 5.131501184162898e-13
  outer loop
    vertex 2407.462870068317 88.05194502191905 107.33585828670506
    vertex 2412.4628700683165 88.05194502191809 105.83585828670509
    vertex 2407.8510986359706 88.05194502191888 107.38696954727148
  endloop
endfacet
facet normal -3.35147564317173e-16 -1.0 5.131501184162898e-13
  outer loop
    vertex 2407.8510986359706 88.05194502191888 107.38696954727148
    vertex 2412.4628700683165 88.05194502191809 105.83585828670509
    vertex 2408.212870068317 88.05194502191915 107.5368201810284
  endloop
endfacet
facet normal -3.35147564317173e-16 -1.0 5.131501184162898e-13
  outer loop
    vertex 2408.212870068317 88.05194502191915 107.5368201810284
    vertex 2412.4628700683165 88.05194502191809 105.83585828670509
    vertex 2408.5235302400965 88.05194502191927 107.77519811492529
  endloop
endfacet
facet normal -3.35147564317173e-16 -1.0 5.131501184162898e-13
  outer loop
    vertex 2408.5235302400965 88.05194502191927 107.77519811492529
    vertex 2412.4628700683165 88.05194502191809 105.83585828670509
    vertex 2408.7619081739936 88.05194502191942 108.08585828670508
  endloop
endfacet
facet normal -3.35147564317173e-16 -1.0 5.131501184162898e-13
  outer loop
    vertex 2408.7619081739936 88.05194502191942 108.08585828670508
    vertex 2412.4628700683165 88.05194502191809 105.83585828670509
    vertex 2408.9117588077506 88.05194502191962 108.44762971905132
  endloop
endfacet
facet normal -3.35147564317173e-16 -1.0 5.131501184162898e-13
  outer loop
    vertex 2408.9117588077506 88.05194502191962 108.44762971905132
    vertex 2412.4628700683165 88.05194502191809 105.83585828670509
    vertex 2408.962870068317 88.05194502191962 108.83585828670508
  endloop
endfacet
facet normal -3.35147564317173e-16 -1.0 5.131501184162898e-13
  outer loop
    vertex 2382.4628700683165 88.05194502187378 20.360186398375607
    vertex 2392.462870068317 88.05194502189748 64.83585828670509
    vertex 2382.4628700683165 88.05194502193036 130.36018639837556
  endloop
endfacet
facet normal -3.35147564317173e-16 -1.0 5.131501184162898e-13
  outer loop
    vertex 2392.462870068317 88.05194502189748 64.83585828670509
    vertex 2382.4628700683165 88.05194502187378 20.360186398375607
    vertex 2417.4628700683165 88.05194502187399 20.36018639837563
  endloop
endfacet
facet normal -3.35147564317173e-16 -1.0 5.131501184162898e-13
  outer loop
    vertex 2392.462870068317 88.05194502189748 64.83585828670509
    vertex 2417.4628700683165 88.05194502187399 20.36018639837563
    vertex 2396.16383196264 88.05194502189556 61.08585828670509
  endloop
endfacet
facet normal -3.35147564317173e-16 -1.0 5.131501184162898e-13
  outer loop
    vertex 2392.462870068317 88.05194502189748 64.83585828670509
    vertex 2396.16383196264 88.05194502189556 61.08585828670509
    vertex 2396.0139813288833 88.05194502189576 61.447629719051314
  endloop
endfacet
facet normal -3.35147564317173e-16 -1.0 5.131501184162898e-13
  outer loop
    vertex 2392.462870068317 88.05194502189748 64.83585828670509
    vertex 2396.0139813288833 88.05194502189576 61.447629719051314
    vertex 2395.962870068317 88.05194502189596 61.835858286705104
  endloop
endfacet
facet normal -3.35147564317173e-16 -1.0 5.131501184162898e-13
  outer loop
    vertex 2396.16383196264 88.05194502189556 61.08585828670509
    vertex 2417.4628700683165 88.05194502187399 20.36018639837563
    vertex 2396.4022098965365 88.0519450218954 60.77519811492525
  endloop
endfacet
facet normal -3.35147564317173e-16 -1.0 5.131501184162898e-13
  outer loop
    vertex 2396.4022098965365 88.0519450218954 60.77519811492525
    vertex 2417.4628700683165 88.05194502187399 20.36018639837563
    vertex 2396.7128700683165 88.05194502189529 60.536820181028425
  endloop
endfacet
facet normal -3.35147564317173e-16 -1.0 5.131501184162898e-13
  outer loop
    vertex 2396.7128700683165 88.05194502189529 60.536820181028425
    vertex 2417.4628700683165 88.05194502187399 20.36018639837563
    vertex 2397.074641500663 88.05194502189502 60.38696954727148
  endloop
endfacet
facet normal -3.35147564317173e-16 -1.0 5.131501184162898e-13
  outer loop
    vertex 2397.074641500663 88.05194502189502 60.38696954727148
    vertex 2417.4628700683165 88.05194502187399 20.36018639837563
    vertex 2397.4628700683165 88.0519450218952 60.33585828670508
  endloop
endfacet
facet normal -3.35147564317173e-16 -1.0 5.131501184162898e-13
  outer loop
    vertex 2397.4628700683165 88.0519450218952 60.33585828670508
    vertex 2417.4628700683165 88.05194502187399 20.36018639837563
    vertex 2397.8510986359706 88.05194502189502 60.38696954727148
  endloop
endfacet
facet normal -3.35147564317173e-16 -1.0 5.131501184162898e-13
  outer loop
    vertex 2397.8510986359706 88.05194502189502 60.38696954727148
    vertex 2417.4628700683165 88.05194502187399 20.36018639837563
    vertex 2398.2128700683165 88.05194502189529 60.536820181028425
  endloop
endfacet
facet normal -3.35147564317173e-16 -1.0 5.131501184162898e-13
  outer loop
    vertex 2398.2128700683165 88.05194502189529 60.536820181028425
    vertex 2417.4628700683165 88.05194502187399 20.36018639837563
    vertex 2398.5235302400965 88.0519450218954 60.77519811492525
  endloop
endfacet
facet normal -3.35147564317173e-16 -1.0 5.131501184162898e-13
  outer loop
    vertex 2398.5235302400965 88.0519450218954 60.77519811492525
    vertex 2417.4628700683165 88.05194502187399 20.36018639837563
    vertex 2398.761908173993 88.05194502189556 61.08585828670509
  endloop
endfacet
facet normal -3.35147564317173e-16 -1.0 5.131501184162898e-13
  outer loop
    vertex 2398.761908173993 88.05194502189556 61.08585828670509
    vertex 2417.4628700683165 88.05194502187399 20.36018639837563
    vertex 2398.91175880775 88.05194502189576 61.447629719051314
  endloop
endfacet
facet normal -3.35147564317173e-16 -1.0 5.131501184162898e-13
  outer loop
    vertex 2398.91175880775 88.05194502189576 61.447629719051314
    vertex 2417.4628700683165 88.05194502187399 20.36018639837563
    vertex 2398.962870068317 88.05194502189596 61.835858286705104
  endloop
endfacet
facet normal -3.35147564317173e-16 -1.0 5.131501184162898e-13
  outer loop
    vertex 2398.962870068317 88.05194502189596 61.835858286705104
    vertex 2417.4628700683165 88.05194502187399 20.36018639837563
    vertex 2406.013981328883 88.05194502189576 61.447629719051314
  endloop
endfacet
facet normal -3.35147564317173e-16 -1.0 5.131501184162898e-13
  outer loop
    vertex 2398.962870068317 88.05194502189596 61.835858286705104
    vertex 2406.013981328883 88.05194502189576 61.447629719051314
    vertex 2405.962870068317 88.05194502189596 61.835858286705104
  endloop
endfacet
facet normal -3.35147564317173e-16 -1.0 5.131501184162898e-13
  outer loop
    vertex 2406.013981328883 88.05194502189576 61.447629719051314
    vertex 2417.4628700683165 88.05194502187399 20.36018639837563
    vertex 2406.16383196264 88.05194502189556 61.08585828670509
  endloop
endfacet
facet normal -3.35147564317173e-16 -1.0 5.131501184162898e-13
  outer loop
    vertex 2406.16383196264 88.05194502189556 61.08585828670509
    vertex 2417.4628700683165 88.05194502187399 20.36018639837563
    vertex 2406.402209896537 88.0519450218954 60.77519811492525
  endloop
endfacet
facet normal -3.35147564317173e-16 -1.0 5.131501184162898e-13
  outer loop
    vertex 2406.402209896537 88.0519450218954 60.77519811492525
    vertex 2417.4628700683165 88.05194502187399 20.36018639837563
    vertex 2406.7128700683165 88.05194502189529 60.536820181028425
  endloop
endfacet
facet normal -3.35147564317173e-16 -1.0 5.131501184162898e-13
  outer loop
    vertex 2406.7128700683165 88.05194502189529 60.536820181028425
    vertex 2417.4628700683165 88.05194502187399 20.36018639837563
    vertex 2407.074641500663 88.05194502189502 60.38696954727148
  endloop
endfacet
facet normal -3.35147564317173e-16 -1.0 5.131501184162898e-13
  outer loop
    vertex 2407.074641500663 88.05194502189502 60.38696954727148
    vertex 2417.4628700683165 88.05194502187399 20.36018639837563
    vertex 2407.462870068317 88.0519450218952 60.33585828670508
  endloop
endfacet
facet normal -3.35147564317173e-16 -1.0 5.131501184162898e-13
  outer loop
    vertex 2407.462870068317 88.0519450218952 60.33585828670508
    vertex 2417.4628700683165 88.05194502187399 20.36018639837563
    vertex 2407.8510986359706 88.05194502189502 60.38696954727148
  endloop
endfacet
facet normal -3.35147564317173e-16 -1.0 5.131501184162898e-13
  outer loop
    vertex 2407.8510986359706 88.05194502189502 60.38696954727148
    vertex 2417.4628700683165 88.05194502187399 20.36018639837563
    vertex 2408.212870068317 88.05194502189529 60.536820181028425
  endloop
endfacet
facet normal -3.35147564317173e-16 -1.0 5.131501184162898e-13
  outer loop
    vertex 2408.212870068317 88.05194502189529 60.536820181028425
    vertex 2417.4628700683165 88.05194502187399 20.36018639837563
    vertex 2408.5235302400965 88.0519450218954 60.77519811492525
  endloop
endfacet
facet normal -3.35147564317173e-16 -1.0 5.131501184162898e-13
  outer loop
    vertex 2408.5235302400965 88.0519450218954 60.77519811492525
    vertex 2417.4628700683165 88.05194502187399 20.36018639837563
    vertex 2408.7619081739936 88.05194502189556 61.08585828670509
  endloop
endfacet
facet normal -3.35147564317173e-16 -1.0 5.131501184162898e-13
  outer loop
    vertex 2408.7619081739936 88.05194502189556 61.08585828670509
    vertex 2417.4628700683165 88.05194502187399 20.36018639837563
    vertex 2408.9117588077506 88.05194502189576 61.447629719051314
  endloop
endfacet
facet normal -3.35147564317173e-16 -1.0 5.131501184162898e-13
  outer loop
    vertex 2408.9117588077506 88.05194502189576 61.447629719051314
    vertex 2417.4628700683165 88.05194502187399 20.36018639837563
    vertex 2408.962870068317 88.05194502189596 61.835858286705104
  endloop
endfacet
facet normal -3.35147564317173e-16 -1.0 5.131501184162898e-13
  outer loop
    vertex 2408.962870068317 88.05194502189596 61.835858286705104
    vertex 2417.4628700683165 88.05194502187399 20.36018639837563
    vertex 2412.4628700683165 88.05194502189748 64.83585828670509
  endloop
endfacet
facet normal -3.35147564317173e-16 -1.0 5.131501184162898e-13
  outer loop
    vertex 2412.4628700683165 88.05194502189748 64.83585828670509
    vertex 2417.4628700683165 88.05194502187399 20.36018639837563
    vertex 2412.4628700683165 88.05194502191809 105.83585828670509
  endloop
endfacet
facet normal -3.35147564317173e-16 -1.0 5.131501184162898e-13
  outer loop
    vertex 2382.4628700683165 88.05194502193036 130.36018639837556
    vertex 2396.4022098965365 88.05194502192016 109.89651845848493
    vertex 2417.4628700683165 88.05194502193056 130.36018639837548
  endloop
endfacet
facet normal -3.35147564317173e-16 -1.0 5.131501184162898e-13
  outer loop
    vertex 2396.4022098965365 88.05194502192016 109.89651845848493
    vertex 2382.4628700683165 88.05194502193036 130.36018639837556
    vertex 2392.462870068317 88.05194502191809 105.83585828670509
  endloop
endfacet
facet normal -3.35147564317173e-16 -1.0 5.131501184162898e-13
  outer loop
    vertex 2392.462870068317 88.05194502191809 105.83585828670509
    vertex 2382.4628700683165 88.05194502193036 130.36018639837556
    vertex 2392.462870068317 88.05194502189748 64.83585828670509
  endloop
endfacet
facet normal -3.35147564317173e-16 -1.0 5.131501184162898e-13
  outer loop
    vertex 2396.4022098965365 88.05194502192016 109.89651845848493
    vertex 2392.462870068317 88.05194502191809 105.83585828670509
    vertex 2396.16383196264 88.05194502192 109.58585828670509
  endloop
endfacet
facet normal -3.35147564317173e-16 -1.0 5.131501184162898e-13
  outer loop
    vertex 2396.16383196264 88.05194502192 109.58585828670509
    vertex 2392.462870068317 88.05194502191809 105.83585828670509
    vertex 2396.0139813288833 88.05194502192 109.22408685435889
  endloop
endfacet
facet normal -3.35147564317173e-16 -1.0 5.131501184162898e-13
  outer loop
    vertex 2396.0139813288833 88.05194502192 109.22408685435889
    vertex 2392.462870068317 88.05194502191809 105.83585828670509
    vertex 2395.962870068317 88.05194502191962 108.83585828670508
  endloop
endfacet
facet normal -3.35147564317173e-16 -1.0 5.131501184162898e-13
  outer loop
    vertex 2417.4628700683165 88.05194502193056 130.36018639837548
    vertex 2396.4022098965365 88.05194502192016 109.89651845848493
    vertex 2396.7128700683165 88.05194502192047 110.13489639238176
  endloop
endfacet
facet normal -3.35147564317173e-16 -1.0 5.131501184162898e-13
  outer loop
    vertex 2417.4628700683165 88.05194502193056 130.36018639837548
    vertex 2396.7128700683165 88.05194502192047 110.13489639238176
    vertex 2397.074641500663 88.05194502192055 110.28474702613873
  endloop
endfacet
facet normal -3.35147564317173e-16 -1.0 5.131501184162898e-13
  outer loop
    vertex 2417.4628700683165 88.05194502193056 130.36018639837548
    vertex 2397.074641500663 88.05194502192055 110.28474702613873
    vertex 2397.4628700683165 88.05194502192057 110.3358582867051
  endloop
endfacet
facet normal -3.35147564317173e-16 -1.0 5.131501184162898e-13
  outer loop
    vertex 2417.4628700683165 88.05194502193056 130.36018639837548
    vertex 2397.4628700683165 88.05194502192057 110.3358582867051
    vertex 2397.8510986359706 88.05194502192055 110.28474702613873
  endloop
endfacet
facet normal -3.35147564317173e-16 -1.0 5.131501184162898e-13
  outer loop
    vertex 2417.4628700683165 88.05194502193056 130.36018639837548
    vertex 2397.8510986359706 88.05194502192055 110.28474702613873
    vertex 2398.2128700683165 88.05194502192047 110.13489639238176
  endloop
endfacet
facet normal -3.35147564317173e-16 -1.0 5.131501184162898e-13
  outer loop
    vertex 2417.4628700683165 88.05194502193056 130.36018639837548
    vertex 2398.2128700683165 88.05194502192047 110.13489639238176
    vertex 2398.5235302400965 88.05194502192016 109.89651845848493
  endloop
endfacet
facet normal -3.35147564317173e-16 -1.0 5.131501184162898e-13
  outer loop
    vertex 2417.4628700683165 88.05194502193056 130.36018639837548
    vertex 2398.5235302400965 88.05194502192016 109.89651845848493
    vertex 2398.761908173993 88.05194502192 109.58585828670509
  endloop
endfacet
facet normal -3.35147564317173e-16 -1.0 5.131501184162898e-13
  outer loop
    vertex 2417.4628700683165 88.05194502193056 130.36018639837548
    vertex 2398.761908173993 88.05194502192 109.58585828670509
    vertex 2398.91175880775 88.05194502192 109.22408685435889
  endloop
endfacet
facet normal -3.35147564317173e-16 -1.0 5.131501184162898e-13
  outer loop
    vertex 2417.4628700683165 88.05194502193056 130.36018639837548
    vertex 2398.91175880775 88.05194502192 109.22408685435889
    vertex 2398.962870068317 88.05194502191962 108.83585828670508
  endloop
endfacet
facet normal -3.35147564317173e-16 -1.0 5.131501184162898e-13
  outer loop
    vertex 2417.4628700683165 88.05194502193056 130.36018639837548
    vertex 2398.962870068317 88.05194502191962 108.83585828670508
    vertex 2406.16383196264 88.05194502192 109.58585828670509
  endloop
endfacet
facet normal -3.35147564317173e-16 -1.0 5.131501184162898e-13
  outer loop
    vertex 2406.16383196264 88.05194502192 109.58585828670509
    vertex 2398.962870068317 88.05194502191962 108.83585828670508
    vertex 2406.013981328883 88.05194502192 109.22408685435889
  endloop
endfacet
facet normal -3.35147564317173e-16 -1.0 5.131501184162898e-13
  outer loop
    vertex 2406.013981328883 88.05194502192 109.22408685435889
    vertex 2398.962870068317 88.05194502191962 108.83585828670508
    vertex 2405.962870068317 88.05194502191962 108.83585828670508
  endloop
endfacet
facet normal -3.35147564317173e-16 -1.0 5.131501184162898e-13
  outer loop
    vertex 2417.4628700683165 88.05194502193056 130.36018639837548
    vertex 2406.16383196264 88.05194502192 109.58585828670509
    vertex 2406.402209896537 88.05194502192016 109.89651845848493
  endloop
endfacet
facet normal -3.35147564317173e-16 -1.0 5.131501184162898e-13
  outer loop
    vertex 2417.4628700683165 88.05194502193056 130.36018639837548
    vertex 2406.402209896537 88.05194502192016 109.89651845848493
    vertex 2406.7128700683165 88.05194502192047 110.13489639238176
  endloop
endfacet
facet normal -3.35147564317173e-16 -1.0 5.131501184162898e-13
  outer loop
    vertex 2417.4628700683165 88.05194502193056 130.36018639837548
    vertex 2406.7128700683165 88.05194502192047 110.13489639238176
    vertex 2407.074641500663 88.05194502192055 110.28474702613873
  endloop
endfacet
facet normal -3.35147564317173e-16 -1.0 5.131501184162898e-13
  outer loop
    vertex 2417.4628700683165 88.05194502193056 130.36018639837548
    vertex 2407.074641500663 88.05194502192055 110.28474702613873
    vertex 2407.462870068317 88.05194502192057 110.3358582867051
  endloop
endfacet
facet normal -3.35147564317173e-16 -1.0 5.131501184162898e-13
  outer loop
    vertex 2417.4628700683165 88.05194502193056 130.36018639837548
    vertex 2407.462870068317 88.05194502192057 110.3358582867051
    vertex 2407.8510986359706 88.05194502192055 110.28474702613873
  endloop
endfacet
facet normal -3.35147564317173e-16 -1.0 5.131501184162898e-13
  outer loop
    vertex 2417.4628700683165 88.05194502193056 130.36018639837548
    vertex 2407.8510986359706 88.05194502192055 110.28474702613873
    vertex 2408.212870068317 88.05194502192047 110.13489639238176
  endloop
endfacet
facet normal -3.35147564317173e-16 -1.0 5.131501184162898e-13
  outer loop
    vertex 2417.4628700683165 88.05194502193056 130.36018639837548
    vertex 2408.212870068317 88.05194502192047 110.13489639238176
    vertex 2408.5235302400965 88.05194502192016 109.89651845848493
  endloop
endfacet
facet normal -3.35147564317173e-16 -1.0 5.131501184162898e-13
  outer loop
    vertex 2417.4628700683165 88.05194502193056 130.36018639837548
    vertex 2408.5235302400965 88.05194502192016 109.89651845848493
    vertex 2408.7619081739936 88.05194502192 109.58585828670509
  endloop
endfacet
facet normal -3.35147564317173e-16 -1.0 5.131501184162898e-13
  outer loop
    vertex 2417.4628700683165 88.05194502193056 130.36018639837548
    vertex 2408.7619081739936 88.05194502192 109.58585828670509
    vertex 2408.9117588077506 88.05194502192 109.22408685435889
  endloop
endfacet
facet normal -3.35147564317173e-16 -1.0 5.131501184162898e-13
  outer loop
    vertex 2417.4628700683165 88.05194502193056 130.36018639837548
    vertex 2408.9117588077506 88.05194502192 109.22408685435889
    vertex 2408.962870068317 88.05194502191962 108.83585828670508
  endloop
endfacet
facet normal -3.35147564317173e-16 -1.0 5.131501184162898e-13
  outer loop
    vertex 2417.4628700683165 88.05194502193056 130.36018639837548
    vertex 2408.962870068317 88.05194502191962 108.83585828670508
    vertex 2412.4628700683165 88.05194502191809 105.83585828670509
  endloop
endfacet
facet normal -3.35147564317173e-16 -1.0 5.131501184162898e-13
  outer loop
    vertex 2417.4628700683165 88.05194502193056 130.36018639837548
    vertex 2412.4628700683165 88.05194502191809 105.83585828670509
    vertex 2417.4628700683165 88.05194502187399 20.36018639837563
  endloop
endfacet
facet normal -3.35147564317173e-16 -1.0 5.131501184162898e-13
  outer loop
    vertex 2417.4628700683165 88.05194502193056 130.36018639837548
    vertex 2417.4628700683165 88.05194502187399 20.36018639837563
    vertex 2417.8544486449773 88.051945021874 20.385851814254195
  endloop
endfacet
facet normal -3.35147564317173e-16 -1.0 5.131501184162898e-13
  outer loop
    vertex 2417.4628700683165 88.05194502193056 130.36018639837548
    vertex 2417.8544486449773 88.051945021874 20.385851814254195
    vertex 2417.8544486449773 88.05194502193056 130.3345209824969
  endloop
endfacet
facet normal -3.35147564317173e-16 -1.0 5.131501184162898e-13
  outer loop
    vertex 2417.8544486449773 88.05194502193056 130.3345209824969
    vertex 2417.8544486449773 88.051945021874 20.385851814254195
    vertex 2418.2393272036243 88.05194502187419 20.46240891950842
  endloop
endfacet
facet normal -3.35147564317173e-16 -1.0 5.131501184162898e-13
  outer loop
    vertex 2417.8544486449773 88.05194502193056 130.3345209824969
    vertex 2418.2393272036243 88.05194502187419 20.46240891950842
    vertex 2418.2393272036243 88.05194502193038 130.25796387724267
  endloop
endfacet
facet normal -3.35147564317173e-16 -1.0 5.131501184162898e-13
  outer loop
    vertex 2418.2393272036243 88.05194502193038 130.25796387724267
    vertex 2418.2393272036243 88.05194502187419 20.46240891950842
    vertex 2418.610920365412 88.0519450218741 20.588547800841766
  endloop
endfacet
facet normal -3.35147564317173e-16 -1.0 5.131501184162898e-13
  outer loop
    vertex 2418.2393272036243 88.05194502193038 130.25796387724267
    vertex 2418.610920365412 88.0519450218741 20.588547800841766
    vertex 2418.610920365412 88.05194502193045 130.13182499590934
  endloop
endfacet
facet normal -3.35147564317173e-16 -1.0 5.131501184162898e-13
  outer loop
    vertex 2418.610920365412 88.05194502193045 130.13182499590934
    vertex 2418.610920365412 88.0519450218741 20.588547800841766
    vertex 2418.9628700683165 88.05194502187419 20.762110187022312
  endloop
endfacet
facet normal -3.35147564317173e-16 -1.0 5.131501184162898e-13
  outer loop
    vertex 2418.610920365412 88.05194502193045 130.13182499590934
    vertex 2418.9628700683165 88.05194502187419 20.762110187022312
    vertex 2418.9628700683165 88.05194502193035 129.9582626097288
  endloop
endfacet
facet normal -3.35147564317173e-16 -1.0 5.131501184162898e-13
  outer loop
    vertex 2418.9628700683165 88.05194502193035 129.9582626097288
    vertex 2418.9628700683165 88.05194502187419 20.762110187022312
    vertex 2419.289154355343 88.05194502187445 20.98012637750192
  endloop
endfacet
facet normal -3.35147564317173e-16 -1.0 5.131501184162898e-13
  outer loop
    vertex 2418.9628700683165 88.05194502193035 129.9582626097288
    vertex 2419.289154355343 88.05194502187445 20.98012637750192
    vertex 2419.289154355343 88.05194502193024 129.74024641924916
  endloop
endfacet
facet normal -3.35147564317173e-16 -1.0 5.131501184162898e-13
  outer loop
    vertex 2419.289154355343 88.05194502193024 129.74024641924916
    vertex 2419.289154355343 88.05194502187445 20.98012637750192
    vertex 2419.584190411876 88.05194502187457 21.23886605481599
  endloop
endfacet
facet normal -3.35147564317173e-16 -1.0 5.131501184162898e-13
  outer loop
    vertex 2419.289154355343 88.05194502193024 129.74024641924916
    vertex 2419.584190411876 88.05194502187457 21.23886605481599
    vertex 2419.584190411876 88.05194502192997 129.48150674193514
  endloop
endfacet
facet normal -3.35147564317173e-16 -1.0 5.131501184162898e-13
  outer loop
    vertex 2419.584190411876 88.05194502192997 129.48150674193514
    vertex 2419.584190411876 88.05194502187457 21.23886605481599
    vertex 2419.8429300891903 88.05194502187473 21.533902111349462
  endloop
endfacet
facet normal -3.35147564317173e-16 -1.0 5.131501184162898e-13
  outer loop
    vertex 2419.584190411876 88.05194502192997 129.48150674193514
    vertex 2419.8429300891903 88.05194502187473 21.533902111349462
    vertex 2419.8429300891903 88.05194502192984 129.18647068540164
  endloop
endfacet
facet normal -3.35147564317173e-16 -1.0 5.131501184162898e-13
  outer loop
    vertex 2419.8429300891903 88.05194502192984 129.18647068540164
    vertex 2419.8429300891903 88.05194502187473 21.533902111349462
    vertex 2420.0609462796697 88.05194502187489 21.860186398375628
  endloop
endfacet
facet normal -3.35147564317173e-16 -1.0 5.131501184162898e-13
  outer loop
    vertex 2419.8429300891903 88.05194502192984 129.18647068540164
    vertex 2420.0609462796697 88.05194502187489 21.860186398375628
    vertex 2420.0609462796697 88.0519450219298 128.86018639837545
  endloop
endfacet
facet normal -3.35147564317173e-16 -1.0 5.131501184162898e-13
  outer loop
    vertex 2420.0609462796697 88.0519450219298 128.86018639837545
    vertex 2420.0609462796697 88.05194502187489 21.860186398375628
    vertex 2420.2345086658506 88.05194502187507 22.212136101280358
  endloop
endfacet
facet normal -3.35147564317173e-16 -1.0 5.131501184162898e-13
  outer loop
    vertex 2420.0609462796697 88.0519450219298 128.86018639837545
    vertex 2420.2345086658506 88.05194502187507 22.212136101280358
    vertex 2420.2345086658506 88.05194502192961 128.50823669547074
  endloop
endfacet
facet normal -3.35147564317173e-16 -1.0 5.131501184162898e-13
  outer loop
    vertex 2420.2345086658506 88.05194502192961 128.50823669547074
    vertex 2420.2345086658506 88.05194502187507 22.212136101280358
    vertex 2420.360647547184 88.05194502187514 22.58372926306807
  endloop
endfacet
facet normal -3.35147564317173e-16 -1.0 5.131501184162898e-13
  outer loop
    vertex 2420.2345086658506 88.05194502192961 128.50823669547074
    vertex 2420.360647547184 88.05194502187514 22.58372926306807
    vertex 2420.360647547184 88.05194502192943 128.13664353368304
  endloop
endfacet
facet normal -3.35147564317173e-16 -1.0 5.131501184162898e-13
  outer loop
    vertex 2420.360647547184 88.05194502192943 128.13664353368304
    vertex 2420.360647547184 88.05194502187514 22.58372926306807
    vertex 2420.437204652438 88.05194502187545 22.96860782171547
  endloop
endfacet
facet normal -3.35147564317173e-16 -1.0 5.131501184162898e-13
  outer loop
    vertex 2420.360647547184 88.05194502192943 128.13664353368304
    vertex 2420.437204652438 88.05194502187545 22.96860782171547
    vertex 2420.437204652438 88.05194502192923 127.7517649750356
  endloop
endfacet
facet normal -3.35147564317173e-16 -1.0 5.131501184162898e-13
  outer loop
    vertex 2420.437204652438 88.05194502192923 127.7517649750356
    vertex 2420.437204652438 88.05194502187545 22.96860782171547
    vertex 2420.4628700683165 88.05194502187553 23.360186398375625
  endloop
endfacet
facet normal -3.35147564317173e-16 -1.0 5.131501184162898e-13
  outer loop
    vertex 2420.437204652438 88.05194502192923 127.7517649750356
    vertex 2420.4628700683165 88.05194502187553 23.360186398375625
    vertex 2420.4628700683165 88.05194502192903 127.36018639837548
  endloop
endfacet
facet normal -3.35147564317173e-16 -1.0 5.131501184162898e-13
  outer loop
    vertex 2392.462870068317 88.05194502189748 64.83585828670509
    vertex 2397.4628700683165 88.05194502189671 63.33585828670512
    vertex 2412.4628700683165 88.05194502189748 64.83585828670509
  endloop
endfacet
facet normal -3.35147564317173e-16 -1.0 5.131501184162898e-13
  outer loop
    vertex 2397.4628700683165 88.05194502189671 63.33585828670512
    vertex 2392.462870068317 88.05194502189748 64.83585828670509
    vertex 2397.074641500663 88.05194502189669 63.28474702613872
  endloop
endfacet
facet normal -3.35147564317173e-16 -1.0 5.131501184162898e-13
  outer loop
    vertex 2397.074641500663 88.05194502189669 63.28474702613872
    vertex 2392.462870068317 88.05194502189748 64.83585828670509
    vertex 2396.7128700683165 88.05194502189661 63.134896392381776
  endloop
endfacet
facet normal -3.35147564317173e-16 -1.0 5.131501184162898e-13
  outer loop
    vertex 2396.7128700683165 88.05194502189661 63.134896392381776
    vertex 2392.462870068317 88.05194502189748 64.83585828670509
    vertex 2396.4022098965365 88.0519450218963 62.89651845848493
  endloop
endfacet
facet normal -3.35147564317173e-16 -1.0 5.131501184162898e-13
  outer loop
    vertex 2396.4022098965365 88.0519450218963 62.89651845848493
    vertex 2392.462870068317 88.05194502189748 64.83585828670509
    vertex 2396.16383196264 88.05194502189615 62.58585828670511
  endloop
endfacet
facet normal -3.35147564317173e-16 -1.0 5.131501184162898e-13
  outer loop
    vertex 2396.16383196264 88.05194502189615 62.58585828670511
    vertex 2392.462870068317 88.05194502189748 64.83585828670509
    vertex 2396.0139813288833 88.05194502189616 62.22408685435888
  endloop
endfacet
facet normal -3.35147564317173e-16 -1.0 5.131501184162898e-13
  outer loop
    vertex 2396.0139813288833 88.05194502189616 62.22408685435888
    vertex 2392.462870068317 88.05194502189748 64.83585828670509
    vertex 2395.962870068317 88.05194502189596 61.835858286705104
  endloop
endfacet
facet normal -3.35147564317173e-16 -1.0 5.131501184162898e-13
  outer loop
    vertex 2412.4628700683165 88.05194502189748 64.83585828670509
    vertex 2397.4628700683165 88.05194502189671 63.33585828670512
    vertex 2397.8510986359706 88.05194502189669 63.28474702613872
  endloop
endfacet
facet normal -3.35147564317173e-16 -1.0 5.131501184162898e-13
  outer loop
    vertex 2412.4628700683165 88.05194502189748 64.83585828670509
    vertex 2397.8510986359706 88.05194502189669 63.28474702613872
    vertex 2398.2128700683165 88.05194502189661 63.134896392381776
  endloop
endfacet
facet normal -3.35147564317173e-16 -1.0 5.131501184162898e-13
  outer loop
    vertex 2412.4628700683165 88.05194502189748 64.83585828670509
    vertex 2398.2128700683165 88.05194502189661 63.134896392381776
    vertex 2398.5235302400965 88.0519450218963 62.89651845848493
  endloop
endfacet
facet normal -3.35147564317173e-16 -1.0 5.131501184162898e-13
  outer loop
    vertex 2412.4628700683165 88.05194502189748 64.83585828670509
    vertex 2398.5235302400965 88.0519450218963 62.89651845848493
    vertex 2398.761908173993 88.05194502189615 62.58585828670511
  endloop
endfacet
facet normal -3.35147564317173e-16 -1.0 5.131501184162898e-13
  outer loop
    vertex 2412.4628700683165 88.05194502189748 64.83585828670509
    vertex 2398.761908173993 88.05194502189615 62.58585828670511
    vertex 2398.91175880775 88.05194502189616 62.22408685435888
  endloop
endfacet
facet normal -3.35147564317173e-16 -1.0 5.131501184162898e-13
  outer loop
    vertex 2412.4628700683165 88.05194502189748 64.83585828670509
    vertex 2398.91175880775 88.05194502189616 62.22408685435888
    vertex 2398.962870068317 88.05194502189596 61.835858286705104
  endloop
endfacet
facet normal -3.35147564317173e-16 -1.0 5.131501184162898e-13
  outer loop
    vertex 2412.4628700683165 88.05194502189748 64.83585828670509
    vertex 2398.962870068317 88.05194502189596 61.835858286705104
    vertex 2407.074641500663 88.05194502189669 63.28474702613872
  endloop
endfacet
facet normal -3.35147564317173e-16 -1.0 5.131501184162898e-13
  outer loop
    vertex 2407.074641500663 88.05194502189669 63.28474702613872
    vertex 2398.962870068317 88.05194502189596 61.835858286705104
    vertex 2406.7128700683165 88.05194502189661 63.134896392381776
  endloop
endfacet
facet normal -3.35147564317173e-16 -1.0 5.131501184162898e-13
  outer loop
    vertex 2406.7128700683165 88.05194502189661 63.134896392381776
    vertex 2398.962870068317 88.05194502189596 61.835858286705104
    vertex 2406.402209896537 88.0519450218963 62.89651845848493
  endloop
endfacet
facet normal -3.35147564317173e-16 -1.0 5.131501184162898e-13
  outer loop
    vertex 2406.402209896537 88.0519450218963 62.89651845848493
    vertex 2398.962870068317 88.05194502189596 61.835858286705104
    vertex 2406.16383196264 88.05194502189615 62.58585828670511
  endloop
endfacet
facet normal -3.35147564317173e-16 -1.0 5.131501184162898e-13
  outer loop
    vertex 2406.16383196264 88.05194502189615 62.58585828670511
    vertex 2398.962870068317 88.05194502189596 61.835858286705104
    vertex 2406.013981328883 88.05194502189616 62.22408685435888
  endloop
endfacet
facet normal -3.35147564317173e-16 -1.0 5.131501184162898e-13
  outer loop
    vertex 2406.013981328883 88.05194502189616 62.22408685435888
    vertex 2398.962870068317 88.05194502189596 61.835858286705104
    vertex 2405.962870068317 88.05194502189596 61.835858286705104
  endloop
endfacet
facet normal -3.35147564317173e-16 -1.0 5.131501184162898e-13
  outer loop
    vertex 2412.4628700683165 88.05194502189748 64.83585828670509
    vertex 2407.074641500663 88.05194502189669 63.28474702613872
    vertex 2407.462870068317 88.05194502189671 63.33585828670512
  endloop
endfacet
facet normal -3.35147564317173e-16 -1.0 5.131501184162898e-13
  outer loop
    vertex 2412.4628700683165 88.05194502189748 64.83585828670509
    vertex 2407.462870068317 88.05194502189671 63.33585828670512
    vertex 2407.8510986359706 88.05194502189669 63.28474702613872
  endloop
endfacet
facet normal -3.35147564317173e-16 -1.0 5.131501184162898e-13
  outer loop
    vertex 2412.4628700683165 88.05194502189748 64.83585828670509
    vertex 2407.8510986359706 88.05194502189669 63.28474702613872
    vertex 2408.212870068317 88.05194502189661 63.134896392381776
  endloop
endfacet
facet normal -3.35147564317173e-16 -1.0 5.131501184162898e-13
  outer loop
    vertex 2412.4628700683165 88.05194502189748 64.83585828670509
    vertex 2408.212870068317 88.05194502189661 63.134896392381776
    vertex 2408.5235302400965 88.0519450218963 62.89651845848493
  endloop
endfacet
facet normal -3.35147564317173e-16 -1.0 5.131501184162898e-13
  outer loop
    vertex 2412.4628700683165 88.05194502189748 64.83585828670509
    vertex 2408.5235302400965 88.0519450218963 62.89651845848493
    vertex 2408.7619081739936 88.05194502189615 62.58585828670511
  endloop
endfacet
facet normal -3.35147564317173e-16 -1.0 5.131501184162898e-13
  outer loop
    vertex 2412.4628700683165 88.05194502189748 64.83585828670509
    vertex 2408.7619081739936 88.05194502189615 62.58585828670511
    vertex 2408.9117588077506 88.05194502189616 62.22408685435888
  endloop
endfacet
facet normal -3.35147564317173e-16 -1.0 5.131501184162898e-13
  outer loop
    vertex 2412.4628700683165 88.05194502189748 64.83585828670509
    vertex 2408.9117588077506 88.05194502189616 62.22408685435888
    vertex 2408.962870068317 88.05194502189596 61.835858286705104
  endloop
endfacet
facet normal 1.0 0.0 0.0
  outer loop
    vertex 2420.4628700683165 91.05194502192904 127.36018639837405
    vertex 2420.4628700683165 88.05194502187553 23.360186398375625
    vertex 2420.4628700683165 91.05194502187553 23.36018639837409
  endloop
endfacet
facet normal 1.0 0.0 0.0
  outer loop
    vertex 2420.4628700683165 88.05194502187553 23.360186398375625
    vertex 2420.4628700683165 91.05194502192904 127.36018639837405
    vertex 2420.4628700683165 88.05194502192903 127.36018639837548
  endloop
endfacet
facet normal -1.0107863296044315e-16 -5.109250534996717e-13 -1.0
  outer loop
    vertex 2417.462870068305 195.07027102187803 20.360186398320895
    vertex 2382.462870068305 198.0519450218739 20.360186398319456
    vertex 2417.462870068305 198.05194502187808 20.360186398319378
  endloop
endfacet
facet normal -1.0107863296044315e-16 -5.109250534996717e-13 -1.0
  outer loop
    vertex 2382.462870068305 198.0519450218739 20.360186398319456
    vertex 2417.462870068305 195.07027102187803 20.360186398320895
    vertex 2385.462870068306 195.05194502187456 20.360186398320913
  endloop
endfacet
facet normal -1.0107863296044315e-16 -5.109250534996717e-13 -1.0
  outer loop
    vertex 2382.462870068305 198.0519450218739 20.360186398319456
    vertex 2385.462870068306 195.05194502187456 20.360186398320913
    vertex 2382.4628700683165 88.05194502187378 20.360186398375607
  endloop
endfacet
facet normal -1.0107863296044315e-16 -5.109250534996717e-13 -1.0
  outer loop
    vertex 2382.4628700683165 88.05194502187378 20.360186398375607
    vertex 2385.462870068306 195.05194502187456 20.360186398320913
    vertex 2385.4628700683165 91.05194502187442 20.360186398374008
  endloop
endfacet
facet normal -1.0107863296044315e-16 -5.109250534996717e-13 -1.0
  outer loop
    vertex 2382.4628700683165 88.05194502187378 20.360186398375607
    vertex 2385.4628700683165 91.05194502187442 20.360186398374008
    vertex 2417.4628700683165 91.05194502187399 20.360186398374086
  endloop
endfacet
facet normal -1.0107863296044315e-16 -5.109250534996717e-13 -1.0
  outer loop
    vertex 2382.4628700683165 88.05194502187378 20.360186398375607
    vertex 2417.4628700683165 91.05194502187399 20.360186398374086
    vertex 2417.4628700683165 88.05194502187399 20.36018639837563
  endloop
endfacet
facet normal 5.68661412556201e-16 5.102785710121858e-13 1.0
  outer loop
    vertex 2382.462870068305 198.05194502193038 130.3601863983194
    vertex 2417.4628700683056 195.05194502193393 130.3601863983209
    vertex 2417.462870068305 198.05194502193393 130.3601863983194
  endloop
endfacet
facet normal 5.68661412556201e-16 5.102785710121858e-13 1.0
  outer loop
    vertex 2417.4628700683056 195.05194502193393 130.3601863983209
    vertex 2382.462870068305 198.05194502193038 130.3601863983194
    vertex 2385.462870068306 195.05194502193038 130.36018639832085
  endloop
endfacet
facet normal 5.68661412556201e-16 5.102785710121858e-13 1.0
  outer loop
    vertex 2385.462870068306 195.05194502193038 130.36018639832085
    vertex 2382.462870068305 198.05194502193038 130.3601863983194
    vertex 2382.4628700683165 88.05194502193036 130.36018639837556
  endloop
endfacet
facet normal 5.68661412556201e-16 5.102785710121858e-13 1.0
  outer loop
    vertex 2385.462870068306 195.05194502193038 130.36018639832085
    vertex 2382.4628700683165 88.05194502193036 130.36018639837556
    vertex 2385.4628700683165 91.05194502193036 130.36018639837405
  endloop
endfacet
facet normal 5.68661412556201e-16 5.102785710121858e-13 1.0
  outer loop
    vertex 2385.4628700683165 91.05194502193036 130.36018639837405
    vertex 2382.4628700683165 88.05194502193036 130.36018639837556
    vertex 2417.4628700683165 88.05194502193056 130.36018639837548
  endloop
endfacet
facet normal 5.68661412556201e-16 5.102785710121858e-13 1.0
  outer loop
    vertex 2417.4628700683165 88.05194502193056 130.36018639837548
    vertex 2417.4628700683165 91.05194502193058 130.36018639837405
    vertex 2385.4628700683165 91.05194502193036 130.36018639837405
  endloop
endfacet
facet normal 9.881277837503869e-15 1.0 -5.127843973651854e-13
  outer loop
    vertex 2392.462870068317 91.05194502189747 64.83585828670357
    vertex 2396.0139813288833 91.05194502189613 62.22408685435736
    vertex 2395.962870068317 91.05194502189595 61.835858286703576
  endloop
endfacet
facet normal 9.881277837503869e-15 1.0 -5.127843973651854e-13
  outer loop
    vertex 2396.0139813288833 91.05194502189613 62.22408685435736
    vertex 2392.462870068317 91.05194502189747 64.83585828670357
    vertex 2396.16383196264 91.05194502189613 62.58585828670359
  endloop
endfacet
facet normal 9.881277837503869e-15 1.0 -5.127843973651854e-13
  outer loop
    vertex 2396.16383196264 91.05194502189613 62.58585828670359
    vertex 2392.462870068317 91.05194502189747 64.83585828670357
    vertex 2396.4022098965365 91.05194502189629 62.8965184584834
  endloop
endfacet
facet normal 9.881277837503869e-15 1.0 -5.127843973651854e-13
  outer loop
    vertex 2396.4022098965365 91.05194502189629 62.8965184584834
    vertex 2392.462870068317 91.05194502189747 64.83585828670357
    vertex 2396.7128700683165 91.05194502189659 63.13489639238025
  endloop
endfacet
facet normal 9.881277837503869e-15 1.0 -5.127843973651854e-13
  outer loop
    vertex 2396.7128700683165 91.05194502189659 63.13489639238025
    vertex 2392.462870068317 91.05194502189747 64.83585828670357
    vertex 2397.074641500663 91.05194502189667 63.28474702613719
  endloop
endfacet
facet normal 9.881277837503869e-15 1.0 -5.127843973651854e-13
  outer loop
    vertex 2397.074641500663 91.05194502189667 63.28474702613719
    vertex 2392.462870068317 91.05194502189747 64.83585828670357
    vertex 2397.4628700683165 91.05194502189669 63.3358582867036
  endloop
endfacet
facet normal 9.881277837503869e-15 1.0 -5.127843973651854e-13
  outer loop
    vertex 2397.4628700683165 91.05194502189669 63.3358582867036
    vertex 2392.462870068317 91.05194502189747 64.83585828670357
    vertex 2412.4628700683165 91.05194502189747 64.83585828670357
  endloop
endfacet
facet normal 9.881277837503869e-15 1.0 -5.127843973651854e-13
  outer loop
    vertex 2397.4628700683165 91.05194502189669 63.3358582867036
    vertex 2412.4628700683165 91.05194502189747 64.83585828670357
    vertex 2397.8510986359706 91.05194502189667 63.28474702613719
  endloop
endfacet
facet normal 9.881277837503869e-15 1.0 -5.127843973651854e-13
  outer loop
    vertex 2397.8510986359706 91.05194502189667 63.28474702613719
    vertex 2412.4628700683165 91.05194502189747 64.83585828670357
    vertex 2398.2128700683165 91.05194502189659 63.13489639238025
  endloop
endfacet
facet normal 9.881277837503869e-15 1.0 -5.127843973651854e-13
  outer loop
    vertex 2398.2128700683165 91.05194502189659 63.13489639238025
    vertex 2412.4628700683165 91.05194502189747 64.83585828670357
    vertex 2398.5235302400965 91.05194502189629 62.8965184584834
  endloop
endfacet
facet normal 9.881277837503869e-15 1.0 -5.127843973651854e-13
  outer loop
    vertex 2398.5235302400965 91.05194502189629 62.8965184584834
    vertex 2412.4628700683165 91.05194502189747 64.83585828670357
    vertex 2398.761908173993 91.05194502189613 62.58585828670359
  endloop
endfacet
facet normal 9.881277837503869e-15 1.0 -5.127843973651854e-13
  outer loop
    vertex 2398.761908173993 91.05194502189613 62.58585828670359
    vertex 2412.4628700683165 91.05194502189747 64.83585828670357
    vertex 2398.91175880775 91.05194502189613 62.22408685435736
  endloop
endfacet
facet normal 9.881277837503869e-15 1.0 -5.127843973651854e-13
  outer loop
    vertex 2398.91175880775 91.05194502189613 62.22408685435736
    vertex 2412.4628700683165 91.05194502189747 64.83585828670357
    vertex 2398.962870068317 91.05194502189595 61.835858286703576
  endloop
endfacet
facet normal 9.881277837503869e-15 1.0 -5.127843973651854e-13
  outer loop
    vertex 2398.962870068317 91.05194502189595 61.835858286703576
    vertex 2412.4628700683165 91.05194502189747 64.83585828670357
    vertex 2407.074641500663 91.05194502189667 63.28474702613719
  endloop
endfacet
facet normal 9.881277837503869e-15 1.0 -5.127843973651854e-13
  outer loop
    vertex 2398.962870068317 91.05194502189595 61.835858286703576
    vertex 2407.074641500663 91.05194502189667 63.28474702613719
    vertex 2406.7128700683165 91.05194502189659 63.13489639238025
  endloop
endfacet
facet normal 9.881277837503869e-15 1.0 -5.127843973651854e-13
  outer loop
    vertex 2398.962870068317 91.05194502189595 61.835858286703576
    vertex 2406.7128700683165 91.05194502189659 63.13489639238025
    vertex 2406.402209896537 91.05194502189629 62.8965184584834
  endloop
endfacet
facet normal 9.881277837503869e-15 1.0 -5.127843973651854e-13
  outer loop
    vertex 2398.962870068317 91.05194502189595 61.835858286703576
    vertex 2406.402209896537 91.05194502189629 62.8965184584834
    vertex 2406.16383196264 91.05194502189613 62.58585828670359
  endloop
endfacet
facet normal 9.881277837503869e-15 1.0 -5.127843973651854e-13
  outer loop
    vertex 2398.962870068317 91.05194502189595 61.835858286703576
    vertex 2406.16383196264 91.05194502189613 62.58585828670359
    vertex 2406.013981328883 91.05194502189613 62.22408685435736
  endloop
endfacet
facet normal 9.881277837503869e-15 1.0 -5.127843973651854e-13
  outer loop
    vertex 2398.962870068317 91.05194502189595 61.835858286703576
    vertex 2406.013981328883 91.05194502189613 62.22408685435736
    vertex 2405.962870068317 91.05194502189595 61.835858286703576
  endloop
endfacet
facet normal 9.881277837503869e-15 1.0 -5.127843973651854e-13
  outer loop
    vertex 2407.074641500663 91.05194502189667 63.28474702613719
    vertex 2412.4628700683165 91.05194502189747 64.83585828670357
    vertex 2407.462870068317 91.0519450218967 63.3358582867036
  endloop
endfacet
facet normal 9.881277837503869e-15 1.0 -5.127843973651854e-13
  outer loop
    vertex 2407.462870068317 91.0519450218967 63.3358582867036
    vertex 2412.4628700683165 91.05194502189747 64.83585828670357
    vertex 2407.8510986359706 91.05194502189667 63.28474702613719
  endloop
endfacet
facet normal 9.881277837503869e-15 1.0 -5.127843973651854e-13
  outer loop
    vertex 2407.8510986359706 91.05194502189667 63.28474702613719
    vertex 2412.4628700683165 91.05194502189747 64.83585828670357
    vertex 2408.212870068317 91.05194502189659 63.13489639238025
  endloop
endfacet
facet normal 9.881277837503869e-15 1.0 -5.127843973651854e-13
  outer loop
    vertex 2408.212870068317 91.05194502189659 63.13489639238025
    vertex 2412.4628700683165 91.05194502189747 64.83585828670357
    vertex 2408.5235302400965 91.05194502189629 62.8965184584834
  endloop
endfacet
facet normal 9.881277837503869e-15 1.0 -5.127843973651854e-13
  outer loop
    vertex 2408.5235302400965 91.05194502189629 62.8965184584834
    vertex 2412.4628700683165 91.05194502189747 64.83585828670357
    vertex 2408.7619081739936 91.05194502189613 62.58585828670359
  endloop
endfacet
facet normal 9.881277837503869e-15 1.0 -5.127843973651854e-13
  outer loop
    vertex 2408.7619081739936 91.05194502189613 62.58585828670359
    vertex 2412.4628700683165 91.05194502189747 64.83585828670357
    vertex 2408.9117588077506 91.05194502189613 62.22408685435736
  endloop
endfacet
facet normal 9.881277837503869e-15 1.0 -5.127843973651854e-13
  outer loop
    vertex 2408.9117588077506 91.05194502189613 62.22408685435736
    vertex 2412.4628700683165 91.05194502189747 64.83585828670357
    vertex 2408.962870068317 91.05194502189595 61.835858286703576
  endloop
endfacet
facet normal 9.881277837503869e-15 1.0 -5.127843973651854e-13
  outer loop
    vertex 2385.4628700683165 91.05194502193036 130.36018639837405
    vertex 2392.462870068317 91.05194502191807 105.83585828670363
    vertex 2385.4628700683165 91.05194502187442 20.360186398374008
  endloop
endfacet
facet normal 9.881277837503869e-15 1.0 -5.127843973651854e-13
  outer loop
    vertex 2392.462870068317 91.05194502191807 105.83585828670363
    vertex 2385.4628700683165 91.05194502193036 130.36018639837405
    vertex 2396.4022098965365 91.05194502192013 109.89651845848341
  endloop
endfacet
facet normal 9.881277837503869e-15 1.0 -5.127843973651854e-13
  outer loop
    vertex 2396.4022098965365 91.05194502192013 109.89651845848341
    vertex 2385.4628700683165 91.05194502193036 130.36018639837405
    vertex 2417.4628700683165 91.05194502193058 130.36018639837405
  endloop
endfacet
facet normal 9.881277837503869e-15 1.0 -5.127843973651854e-13
  outer loop
    vertex 2392.462870068317 91.05194502191807 105.83585828670363
    vertex 2396.4022098965365 91.05194502192013 109.89651845848341
    vertex 2396.16383196264 91.05194502191998 109.58585828670363
  endloop
endfacet
facet normal 9.881277837503869e-15 1.0 -5.127843973651854e-13
  outer loop
    vertex 2392.462870068317 91.05194502191807 105.83585828670363
    vertex 2396.16383196264 91.05194502191998 109.58585828670363
    vertex 2396.0139813288833 91.05194502191998 109.22408685435737
  endloop
endfacet
facet normal 9.881277837503869e-15 1.0 -5.127843973651854e-13
  outer loop
    vertex 2392.462870068317 91.05194502191807 105.83585828670363
    vertex 2396.0139813288833 91.05194502191998 109.22408685435737
    vertex 2395.962870068317 91.0519450219196 108.83585828670361
  endloop
endfacet
facet normal 9.881277837503869e-15 1.0 -5.127843973651854e-13
  outer loop
    vertex 2396.4022098965365 91.05194502192013 109.89651845848341
    vertex 2417.4628700683165 91.05194502193058 130.36018639837405
    vertex 2396.7128700683165 91.05194502192045 110.13489639238028
  endloop
endfacet
facet normal 9.881277837503869e-15 1.0 -5.127843973651854e-13
  outer loop
    vertex 2396.7128700683165 91.05194502192045 110.13489639238028
    vertex 2417.4628700683165 91.05194502193058 130.36018639837405
    vertex 2397.074641500663 91.05194502192052 110.28474702613723
  endloop
endfacet
facet normal 9.881277837503869e-15 1.0 -5.127843973651854e-13
  outer loop
    vertex 2397.074641500663 91.05194502192052 110.28474702613723
    vertex 2417.4628700683165 91.05194502193058 130.36018639837405
    vertex 2397.4628700683165 91.05194502192055 110.33585828670364
  endloop
endfacet
facet normal 9.881277837503869e-15 1.0 -5.127843973651854e-13
  outer loop
    vertex 2397.4628700683165 91.05194502192055 110.33585828670364
    vertex 2417.4628700683165 91.05194502193058 130.36018639837405
    vertex 2397.8510986359706 91.05194502192052 110.28474702613723
  endloop
endfacet
facet normal 9.881277837503869e-15 1.0 -5.127843973651854e-13
  outer loop
    vertex 2397.8510986359706 91.05194502192052 110.28474702613723
    vertex 2417.4628700683165 91.05194502193058 130.36018639837405
    vertex 2398.2128700683165 91.05194502192045 110.13489639238028
  endloop
endfacet
facet normal 9.881277837503869e-15 1.0 -5.127843973651854e-13
  outer loop
    vertex 2398.2128700683165 91.05194502192045 110.13489639238028
    vertex 2417.4628700683165 91.05194502193058 130.36018639837405
    vertex 2398.5235302400965 91.05194502192013 109.89651845848341
  endloop
endfacet
facet normal 9.881277837503869e-15 1.0 -5.127843973651854e-13
  outer loop
    vertex 2398.5235302400965 91.05194502192013 109.89651845848341
    vertex 2417.4628700683165 91.05194502193058 130.36018639837405
    vertex 2398.761908173993 91.05194502191998 109.58585828670363
  endloop
endfacet
facet normal 9.881277837503869e-15 1.0 -5.127843973651854e-13
  outer loop
    vertex 2398.761908173993 91.05194502191998 109.58585828670363
    vertex 2417.4628700683165 91.05194502193058 130.36018639837405
    vertex 2398.91175880775 91.05194502191998 109.22408685435737
  endloop
endfacet
facet normal 9.881277837503869e-15 1.0 -5.127843973651854e-13
  outer loop
    vertex 2398.91175880775 91.05194502191998 109.22408685435737
    vertex 2417.4628700683165 91.05194502193058 130.36018639837405
    vertex 2398.962870068317 91.0519450219196 108.83585828670361
  endloop
endfacet
facet normal 9.881277837503869e-15 1.0 -5.127843973651854e-13
  outer loop
    vertex 2398.962870068317 91.0519450219196 108.83585828670361
    vertex 2417.4628700683165 91.05194502193058 130.36018639837405
    vertex 2406.16383196264 91.05194502191999 109.58585828670363
  endloop
endfacet
facet normal 9.881277837503869e-15 1.0 -5.127843973651854e-13
  outer loop
    vertex 2398.962870068317 91.0519450219196 108.83585828670361
    vertex 2406.16383196264 91.05194502191999 109.58585828670363
    vertex 2406.013981328883 91.05194502192 109.22408685435737
  endloop
endfacet
facet normal 9.881277837503869e-15 1.0 -5.127843973651854e-13
  outer loop
    vertex 2398.962870068317 91.0519450219196 108.83585828670361
    vertex 2406.013981328883 91.05194502192 109.22408685435737
    vertex 2405.962870068317 91.05194502191961 108.83585828670361
  endloop
endfacet
facet normal 9.881277837503869e-15 1.0 -5.127843973651854e-13
  outer loop
    vertex 2406.16383196264 91.05194502191999 109.58585828670363
    vertex 2417.4628700683165 91.05194502193058 130.36018639837405
    vertex 2406.402209896537 91.05194502192015 109.89651845848341
  endloop
endfacet
facet normal 9.881277837503869e-15 1.0 -5.127843973651854e-13
  outer loop
    vertex 2406.402209896537 91.05194502192015 109.89651845848341
    vertex 2417.4628700683165 91.05194502193058 130.36018639837405
    vertex 2406.7128700683165 91.05194502192047 110.13489639238028
  endloop
endfacet
facet normal 9.881277837503869e-15 1.0 -5.127843973651854e-13
  outer loop
    vertex 2406.7128700683165 91.05194502192047 110.13489639238028
    vertex 2417.4628700683165 91.05194502193058 130.36018639837405
    vertex 2407.074641500663 91.05194502192055 110.28474702613723
  endloop
endfacet
facet normal 9.881277837503869e-15 1.0 -5.127843973651854e-13
  outer loop
    vertex 2407.074641500663 91.05194502192055 110.28474702613723
    vertex 2417.4628700683165 91.05194502193058 130.36018639837405
    vertex 2407.462870068317 91.05194502192057 110.33585828670364
  endloop
endfacet
facet normal 9.881277837503869e-15 1.0 -5.127843973651854e-13
  outer loop
    vertex 2407.462870068317 91.05194502192057 110.33585828670364
    vertex 2417.4628700683165 91.05194502193058 130.36018639837405
    vertex 2407.8510986359706 91.05194502192055 110.28474702613723
  endloop
endfacet
facet normal 9.881277837503869e-15 1.0 -5.127843973651854e-13
  outer loop
    vertex 2407.8510986359706 91.05194502192055 110.28474702613723
    vertex 2417.4628700683165 91.05194502193058 130.36018639837405
    vertex 2408.212870068317 91.05194502192047 110.13489639238028
  endloop
endfacet
facet normal 9.881277837503869e-15 1.0 -5.127843973651854e-13
  outer loop
    vertex 2408.212870068317 91.05194502192047 110.13489639238028
    vertex 2417.4628700683165 91.05194502193058 130.36018639837405
    vertex 2408.5235302400965 91.05194502192015 109.89651845848341
  endloop
endfacet
facet normal 9.881277837503869e-15 1.0 -5.127843973651854e-13
  outer loop
    vertex 2408.5235302400965 91.05194502192015 109.89651845848341
    vertex 2417.4628700683165 91.05194502193058 130.36018639837405
    vertex 2408.7619081739936 91.05194502191999 109.58585828670363
  endloop
endfacet
facet normal 9.881277837503869e-15 1.0 -5.127843973651854e-13
  outer loop
    vertex 2408.7619081739936 91.05194502191999 109.58585828670363
    vertex 2417.4628700683165 91.05194502193058 130.36018639837405
    vertex 2408.9117588077506 91.05194502192 109.22408685435737
  endloop
endfacet
facet normal 9.881277837503869e-15 1.0 -5.127843973651854e-13
  outer loop
    vertex 2408.9117588077506 91.05194502192 109.22408685435737
    vertex 2417.4628700683165 91.05194502193058 130.36018639837405
    vertex 2408.962870068317 91.05194502191961 108.83585828670361
  endloop
endfacet
facet normal 9.881277837503869e-15 1.0 -5.127843973651854e-13
  outer loop
    vertex 2408.962870068317 91.05194502191961 108.83585828670361
    vertex 2417.4628700683165 91.05194502193058 130.36018639837405
    vertex 2412.4628700683165 91.05194502191807 105.83585828670363
  endloop
endfacet
facet normal 9.881277837503869e-15 1.0 -5.127843973651854e-13
  outer loop
    vertex 2412.4628700683165 91.05194502191807 105.83585828670363
    vertex 2417.4628700683165 91.05194502193058 130.36018639837405
    vertex 2412.4628700683165 91.05194502189747 64.83585828670357
  endloop
endfacet
facet normal 9.881277837503869e-15 1.0 -5.127843973651854e-13
  outer loop
    vertex 2385.4628700683165 91.05194502187442 20.360186398374008
    vertex 2392.462870068317 91.05194502189747 64.83585828670357
    vertex 2417.4628700683165 91.05194502187399 20.360186398374086
  endloop
endfacet
facet normal 9.881277837503869e-15 1.0 -5.127843973651854e-13
  outer loop
    vertex 2392.462870068317 91.05194502189747 64.83585828670357
    vertex 2385.4628700683165 91.05194502187442 20.360186398374008
    vertex 2392.462870068317 91.05194502191807 105.83585828670363
  endloop
endfacet
facet normal 9.881277837503869e-15 1.0 -5.127843973651854e-13
  outer loop
    vertex 2417.4628700683165 91.05194502187399 20.360186398374086
    vertex 2392.462870068317 91.05194502189747 64.83585828670357
    vertex 2396.16383196264 91.05194502189555 61.08585828670357
  endloop
endfacet
facet normal 9.881277837503869e-15 1.0 -5.127843973651854e-13
  outer loop
    vertex 2396.16383196264 91.05194502189555 61.08585828670357
    vertex 2392.462870068317 91.05194502189747 64.83585828670357
    vertex 2396.0139813288833 91.05194502189573 61.447629719049786
  endloop
endfacet
facet normal 9.881277837503869e-15 1.0 -5.127843973651854e-13
  outer loop
    vertex 2396.0139813288833 91.05194502189573 61.447629719049786
    vertex 2392.462870068317 91.05194502189747 64.83585828670357
    vertex 2395.962870068317 91.05194502189595 61.835858286703576
  endloop
endfacet
facet normal 9.881277837503869e-15 1.0 -5.127843973651854e-13
  outer loop
    vertex 2417.4628700683165 91.05194502187399 20.360186398374086
    vertex 2396.16383196264 91.05194502189555 61.08585828670357
    vertex 2396.4022098965365 91.05194502189539 60.77519811492373
  endloop
endfacet
facet normal 9.881277837503869e-15 1.0 -5.127843973651854e-13
  outer loop
    vertex 2417.4628700683165 91.05194502187399 20.360186398374086
    vertex 2396.4022098965365 91.05194502189539 60.77519811492373
    vertex 2396.7128700683165 91.05194502189526 60.536820181026904
  endloop
endfacet
facet normal 9.881277837503869e-15 1.0 -5.127843973651854e-13
  outer loop
    vertex 2417.4628700683165 91.05194502187399 20.360186398374086
    vertex 2396.7128700683165 91.05194502189526 60.536820181026904
    vertex 2397.074641500663 91.05194502189501 60.386969547269956
  endloop
endfacet
facet normal 9.881277837503869e-15 1.0 -5.127843973651854e-13
  outer loop
    vertex 2417.4628700683165 91.05194502187399 20.360186398374086
    vertex 2397.074641500663 91.05194502189501 60.386969547269956
    vertex 2397.4628700683165 91.05194502189516 60.335858286703555
  endloop
endfacet
facet normal 9.881277837503869e-15 1.0 -5.127843973651854e-13
  outer loop
    vertex 2417.4628700683165 91.05194502187399 20.360186398374086
    vertex 2397.4628700683165 91.05194502189516 60.335858286703555
    vertex 2397.8510986359706 91.05194502189501 60.386969547269956
  endloop
endfacet
facet normal 9.881277837503869e-15 1.0 -5.127843973651854e-13
  outer loop
    vertex 2417.4628700683165 91.05194502187399 20.360186398374086
    vertex 2397.8510986359706 91.05194502189501 60.386969547269956
    vertex 2398.2128700683165 91.05194502189526 60.536820181026904
  endloop
endfacet
facet normal 9.881277837503869e-15 1.0 -5.127843973651854e-13
  outer loop
    vertex 2417.4628700683165 91.05194502187399 20.360186398374086
    vertex 2398.2128700683165 91.05194502189526 60.536820181026904
    vertex 2398.5235302400965 91.05194502189539 60.77519811492373
  endloop
endfacet
facet normal 9.881277837503869e-15 1.0 -5.127843973651854e-13
  outer loop
    vertex 2417.4628700683165 91.05194502187399 20.360186398374086
    vertex 2398.5235302400965 91.05194502189539 60.77519811492373
    vertex 2398.761908173993 91.05194502189555 61.08585828670357
  endloop
endfacet
facet normal 9.881277837503869e-15 1.0 -5.127843973651854e-13
  outer loop
    vertex 2417.4628700683165 91.05194502187399 20.360186398374086
    vertex 2398.761908173993 91.05194502189555 61.08585828670357
    vertex 2398.91175880775 91.05194502189573 61.447629719049786
  endloop
endfacet
facet normal 9.881277837503869e-15 1.0 -5.127843973651854e-13
  outer loop
    vertex 2417.4628700683165 91.05194502187399 20.360186398374086
    vertex 2398.91175880775 91.05194502189573 61.447629719049786
    vertex 2398.962870068317 91.05194502189595 61.835858286703576
  endloop
endfacet
facet normal 9.881277837503869e-15 1.0 -5.127843973651854e-13
  outer loop
    vertex 2417.4628700683165 91.05194502187399 20.360186398374086
    vertex 2398.962870068317 91.05194502189595 61.835858286703576
    vertex 2406.013981328883 91.05194502189575 61.447629719049786
  endloop
endfacet
facet normal 9.881277837503869e-15 1.0 -5.127843973651854e-13
  outer loop
    vertex 2406.013981328883 91.05194502189575 61.447629719049786
    vertex 2398.962870068317 91.05194502189595 61.835858286703576
    vertex 2405.962870068317 91.05194502189595 61.835858286703576
  endloop
endfacet
facet normal 9.881277837503869e-15 1.0 -5.127843973651854e-13
  outer loop
    vertex 2417.4628700683165 91.05194502187399 20.360186398374086
    vertex 2406.013981328883 91.05194502189575 61.447629719049786
    vertex 2406.16383196264 91.05194502189555 61.08585828670357
  endloop
endfacet
facet normal 9.881277837503869e-15 1.0 -5.127843973651854e-13
  outer loop
    vertex 2417.4628700683165 91.05194502187399 20.360186398374086
    vertex 2406.16383196264 91.05194502189555 61.08585828670357
    vertex 2406.402209896537 91.05194502189539 60.77519811492373
  endloop
endfacet
facet normal 9.881277837503869e-15 1.0 -5.127843973651854e-13
  outer loop
    vertex 2417.4628700683165 91.05194502187399 20.360186398374086
    vertex 2406.402209896537 91.05194502189539 60.77519811492373
    vertex 2406.7128700683165 91.05194502189528 60.536820181026904
  endloop
endfacet
facet normal 9.881277837503869e-15 1.0 -5.127843973651854e-13
  outer loop
    vertex 2417.4628700683165 91.05194502187399 20.360186398374086
    vertex 2406.7128700683165 91.05194502189528 60.536820181026904
    vertex 2407.074641500663 91.05194502189501 60.386969547269956
  endloop
endfacet
facet normal 9.881277837503869e-15 1.0 -5.127843973651854e-13
  outer loop
    vertex 2417.4628700683165 91.05194502187399 20.360186398374086
    vertex 2407.074641500663 91.05194502189501 60.386969547269956
    vertex 2407.462870068317 91.05194502189518 60.335858286703555
  endloop
endfacet
facet normal 9.881277837503869e-15 1.0 -5.127843973651854e-13
  outer loop
    vertex 2417.4628700683165 91.05194502187399 20.360186398374086
    vertex 2407.462870068317 91.05194502189518 60.335858286703555
    vertex 2407.8510986359706 91.05194502189501 60.386969547269956
  endloop
endfacet
facet normal 9.881277837503869e-15 1.0 -5.127843973651854e-13
  outer loop
    vertex 2417.4628700683165 91.05194502187399 20.360186398374086
    vertex 2407.8510986359706 91.05194502189501 60.386969547269956
    vertex 2408.212870068317 91.05194502189528 60.536820181026904
  endloop
endfacet
facet normal 9.881277837503869e-15 1.0 -5.127843973651854e-13
  outer loop
    vertex 2417.4628700683165 91.05194502187399 20.360186398374086
    vertex 2408.212870068317 91.05194502189528 60.536820181026904
    vertex 2408.5235302400965 91.05194502189539 60.77519811492373
  endloop
endfacet
facet normal 9.881277837503869e-15 1.0 -5.127843973651854e-13
  outer loop
    vertex 2417.4628700683165 91.05194502187399 20.360186398374086
    vertex 2408.5235302400965 91.05194502189539 60.77519811492373
    vertex 2408.7619081739936 91.05194502189555 61.08585828670357
  endloop
endfacet
facet normal 9.881277837503869e-15 1.0 -5.127843973651854e-13
  outer loop
    vertex 2417.4628700683165 91.05194502187399 20.360186398374086
    vertex 2408.7619081739936 91.05194502189555 61.08585828670357
    vertex 2408.9117588077506 91.05194502189575 61.447629719049786
  endloop
endfacet
facet normal 9.881277837503869e-15 1.0 -5.127843973651854e-13
  outer loop
    vertex 2417.4628700683165 91.05194502187399 20.360186398374086
    vertex 2408.9117588077506 91.05194502189575 61.447629719049786
    vertex 2408.962870068317 91.05194502189595 61.835858286703576
  endloop
endfacet
facet normal 9.881277837503869e-15 1.0 -5.127843973651854e-13
  outer loop
    vertex 2417.4628700683165 91.05194502187399 20.360186398374086
    vertex 2408.962870068317 91.05194502189595 61.835858286703576
    vertex 2412.4628700683165 91.05194502189747 64.83585828670357
  endloop
endfacet
facet normal 9.881277837503869e-15 1.0 -5.127843973651854e-13
  outer loop
    vertex 2417.4628700683165 91.05194502187399 20.360186398374086
    vertex 2412.4628700683165 91.05194502189747 64.83585828670357
    vertex 2417.4628700683165 91.05194502193058 130.36018639837405
  endloop
endfacet
facet normal 9.881277837503869e-15 1.0 -5.127843973651854e-13
  outer loop
    vertex 2417.4628700683165 91.05194502187399 20.360186398374086
    vertex 2417.4628700683165 91.05194502193058 130.36018639837405
    vertex 2417.8544486449773 91.05194502193056 130.3345209824955
  endloop
endfacet
facet normal 9.881277837503869e-15 1.0 -5.127843973651854e-13
  outer loop
    vertex 2417.4628700683165 91.05194502187399 20.360186398374086
    vertex 2417.8544486449773 91.05194502193056 130.3345209824955
    vertex 2417.8544486449773 91.051945021874 20.38585181425266
  endloop
endfacet
facet normal 9.881277837503869e-15 1.0 -5.127843973651854e-13
  outer loop
    vertex 2417.8544486449773 91.051945021874 20.38585181425266
    vertex 2417.8544486449773 91.05194502193056 130.3345209824955
    vertex 2418.2393272036243 91.05194502193038 130.25796387724125
  endloop
endfacet
facet normal 9.881277837503869e-15 1.0 -5.127843973651854e-13
  outer loop
    vertex 2417.8544486449773 91.051945021874 20.38585181425266
    vertex 2418.2393272036243 91.05194502193038 130.25796387724125
    vertex 2418.2393272036243 91.05194502187419 20.462408919506885
  endloop
endfacet
facet normal 9.881277837503869e-15 1.0 -5.127843973651854e-13
  outer loop
    vertex 2418.2393272036243 91.05194502187419 20.462408919506885
    vertex 2418.2393272036243 91.05194502193038 130.25796387724125
    vertex 2418.610920365412 91.05194502193046 130.13182499590792
  endloop
endfacet
facet normal 9.881277837503869e-15 1.0 -5.127843973651854e-13
  outer loop
    vertex 2418.2393272036243 91.05194502187419 20.462408919506885
    vertex 2418.610920365412 91.05194502193046 130.13182499590792
    vertex 2418.610920365412 91.0519450218741 20.58854780084023
  endloop
endfacet
facet normal 9.881277837503869e-15 1.0 -5.127843973651854e-13
  outer loop
    vertex 2418.610920365412 91.0519450218741 20.58854780084023
    vertex 2418.610920365412 91.05194502193046 130.13182499590792
    vertex 2418.9628700683165 91.05194502193036 129.95826260972737
  endloop
endfacet
facet normal 9.881277837503869e-15 1.0 -5.127843973651854e-13
  outer loop
    vertex 2418.610920365412 91.0519450218741 20.58854780084023
    vertex 2418.9628700683165 91.05194502193036 129.95826260972737
    vertex 2418.9628700683165 91.0519450218742 20.762110187020767
  endloop
endfacet
facet normal 9.881277837503869e-15 1.0 -5.127843973651854e-13
  outer loop
    vertex 2418.9628700683165 91.0519450218742 20.762110187020767
    vertex 2418.9628700683165 91.05194502193036 129.95826260972737
    vertex 2419.289154355343 91.05194502193025 129.74024641924774
  endloop
endfacet
facet normal 9.881277837503869e-15 1.0 -5.127843973651854e-13
  outer loop
    vertex 2418.9628700683165 91.0519450218742 20.762110187020767
    vertex 2419.289154355343 91.05194502193025 129.74024641924774
    vertex 2419.289154355343 91.05194502187445 20.98012637750038
  endloop
endfacet
facet normal 9.881277837503869e-15 1.0 -5.127843973651854e-13
  outer loop
    vertex 2419.289154355343 91.05194502187445 20.98012637750038
    vertex 2419.289154355343 91.05194502193025 129.74024641924774
    vertex 2419.584190411876 91.05194502192998 129.4815067419337
  endloop
endfacet
facet normal 9.881277837503869e-15 1.0 -5.127843973651854e-13
  outer loop
    vertex 2419.289154355343 91.05194502187445 20.98012637750038
    vertex 2419.584190411876 91.05194502192998 129.4815067419337
    vertex 2419.584190411876 91.05194502187459 21.238866054814444
  endloop
endfacet
facet normal 9.881277837503869e-15 1.0 -5.127843973651854e-13
  outer loop
    vertex 2419.584190411876 91.05194502187459 21.238866054814444
    vertex 2419.584190411876 91.05194502192998 129.4815067419337
    vertex 2419.8429300891903 91.05194502192984 129.18647068540022
  endloop
endfacet
facet normal 9.881277837503869e-15 1.0 -5.127843973651854e-13
  outer loop
    vertex 2419.584190411876 91.05194502187459 21.238866054814444
    vertex 2419.8429300891903 91.05194502192984 129.18647068540022
    vertex 2419.8429300891903 91.05194502187473 21.533902111347928
  endloop
endfacet
facet normal 9.881277837503869e-15 1.0 -5.127843973651854e-13
  outer loop
    vertex 2419.8429300891903 91.05194502187473 21.533902111347928
    vertex 2419.8429300891903 91.05194502192984 129.18647068540022
    vertex 2420.0609462796697 91.05194502192981 128.86018639837403
  endloop
endfacet
facet normal 9.881277837503869e-15 1.0 -5.127843973651854e-13
  outer loop
    vertex 2419.8429300891903 91.05194502187473 21.533902111347928
    vertex 2420.0609462796697 91.05194502192981 128.86018639837403
    vertex 2420.0609462796697 91.0519450218749 21.860186398374083
  endloop
endfacet
facet normal 9.881277837503869e-15 1.0 -5.127843973651854e-13
  outer loop
    vertex 2420.0609462796697 91.0519450218749 21.860186398374083
    vertex 2420.0609462796697 91.05194502192981 128.86018639837403
    vertex 2420.2345086658506 91.05194502192963 128.50823669546932
  endloop
endfacet
facet normal 9.881277837503869e-15 1.0 -5.127843973651854e-13
  outer loop
    vertex 2420.0609462796697 91.0519450218749 21.860186398374083
    vertex 2420.2345086658506 91.05194502192963 128.50823669546932
    vertex 2420.2345086658506 91.05194502187507 22.212136101278812
  endloop
endfacet
facet normal 9.881277837503869e-15 1.0 -5.127843973651854e-13
  outer loop
    vertex 2420.2345086658506 91.05194502187507 22.212136101278812
    vertex 2420.2345086658506 91.05194502192963 128.50823669546932
    vertex 2420.360647547184 91.05194502192944 128.13664353368162
  endloop
endfacet
facet normal 9.881277837503869e-15 1.0 -5.127843973651854e-13
  outer loop
    vertex 2420.2345086658506 91.05194502187507 22.212136101278812
    vertex 2420.360647547184 91.05194502192944 128.13664353368162
    vertex 2420.360647547184 91.05194502187513 22.583729263066523
  endloop
endfacet
facet normal 9.881277837503869e-15 1.0 -5.127843973651854e-13
  outer loop
    vertex 2420.360647547184 91.05194502187513 22.583729263066523
    vertex 2420.360647547184 91.05194502192944 128.13664353368162
    vertex 2420.437204652438 91.05194502192924 127.75176497503418
  endloop
endfacet
facet normal 9.881277837503869e-15 1.0 -5.127843973651854e-13
  outer loop
    vertex 2420.360647547184 91.05194502187513 22.583729263066523
    vertex 2420.437204652438 91.05194502192924 127.75176497503418
    vertex 2420.437204652438 91.05194502187545 22.968607821713935
  endloop
endfacet
facet normal 9.881277837503869e-15 1.0 -5.127843973651854e-13
  outer loop
    vertex 2420.437204652438 91.05194502187545 22.968607821713935
    vertex 2420.437204652438 91.05194502192924 127.75176497503418
    vertex 2420.4628700683165 91.05194502192904 127.36018639837405
  endloop
endfacet
facet normal 9.881277837503869e-15 1.0 -5.127843973651854e-13
  outer loop
    vertex 2420.437204652438 91.05194502187545 22.968607821713935
    vertex 2420.4628700683165 91.05194502192904 127.36018639837405
    vertex 2420.4628700683165 91.05194502187553 23.36018639837409
  endloop
endfacet
facet normal 9.881277837503869e-15 1.0 -5.127843973651854e-13
  outer loop
    vertex 2392.462870068317 91.05194502191807 105.83585828670363
    vertex 2397.4628700683165 91.05194502191902 107.3358582867036
    vertex 2412.4628700683165 91.05194502191807 105.83585828670363
  endloop
endfacet
facet normal 9.881277837503869e-15 1.0 -5.127843973651854e-13
  outer loop
    vertex 2397.4628700683165 91.05194502191902 107.3358582867036
    vertex 2392.462870068317 91.05194502191807 105.83585828670363
    vertex 2397.074641500663 91.05194502191887 107.38696954726997
  endloop
endfacet
facet normal 9.881277837503869e-15 1.0 -5.127843973651854e-13
  outer loop
    vertex 2397.074641500663 91.05194502191887 107.38696954726997
    vertex 2392.462870068317 91.05194502191807 105.83585828670363
    vertex 2396.7128700683165 91.05194502191912 107.53682018102694
  endloop
endfacet
facet normal 9.881277837503869e-15 1.0 -5.127843973651854e-13
  outer loop
    vertex 2396.7128700683165 91.05194502191912 107.53682018102694
    vertex 2392.462870068317 91.05194502191807 105.83585828670363
    vertex 2396.4022098965365 91.05194502191925 107.77519811492377
  endloop
endfacet
facet normal 9.881277837503869e-15 1.0 -5.127843973651854e-13
  outer loop
    vertex 2396.4022098965365 91.05194502191925 107.77519811492377
    vertex 2392.462870068317 91.05194502191807 105.83585828670363
    vertex 2396.16383196264 91.05194502191941 108.08585828670361
  endloop
endfacet
facet normal 9.881277837503869e-15 1.0 -5.127843973651854e-13
  outer loop
    vertex 2396.16383196264 91.05194502191941 108.08585828670361
    vertex 2392.462870068317 91.05194502191807 105.83585828670363
    vertex 2396.0139813288833 91.0519450219196 108.44762971904981
  endloop
endfacet
facet normal 9.881277837503869e-15 1.0 -5.127843973651854e-13
  outer loop
    vertex 2396.0139813288833 91.0519450219196 108.44762971904981
    vertex 2392.462870068317 91.05194502191807 105.83585828670363
    vertex 2395.962870068317 91.0519450219196 108.83585828670361
  endloop
endfacet
facet normal 9.881277837503869e-15 1.0 -5.127843973651854e-13
  outer loop
    vertex 2412.4628700683165 91.05194502191807 105.83585828670363
    vertex 2397.4628700683165 91.05194502191902 107.3358582867036
    vertex 2397.8510986359706 91.05194502191887 107.38696954726997
  endloop
endfacet
facet normal 9.881277837503869e-15 1.0 -5.127843973651854e-13
  outer loop
    vertex 2412.4628700683165 91.05194502191807 105.83585828670363
    vertex 2397.8510986359706 91.05194502191887 107.38696954726997
    vertex 2398.2128700683165 91.05194502191912 107.53682018102694
  endloop
endfacet
facet normal 9.881277837503869e-15 1.0 -5.127843973651854e-13
  outer loop
    vertex 2412.4628700683165 91.05194502191807 105.83585828670363
    vertex 2398.2128700683165 91.05194502191912 107.53682018102694
    vertex 2398.5235302400965 91.05194502191925 107.77519811492377
  endloop
endfacet
facet normal 9.881277837503869e-15 1.0 -5.127843973651854e-13
  outer loop
    vertex 2412.4628700683165 91.05194502191807 105.83585828670363
    vertex 2398.5235302400965 91.05194502191925 107.77519811492377
    vertex 2398.761908173993 91.05194502191941 108.08585828670361
  endloop
endfacet
facet normal 9.881277837503869e-15 1.0 -5.127843973651854e-13
  outer loop
    vertex 2412.4628700683165 91.05194502191807 105.83585828670363
    vertex 2398.761908173993 91.05194502191941 108.08585828670361
    vertex 2398.91175880775 91.0519450219196 108.44762971904981
  endloop
endfacet
facet normal 9.881277837503869e-15 1.0 -5.127843973651854e-13
  outer loop
    vertex 2412.4628700683165 91.05194502191807 105.83585828670363
    vertex 2398.91175880775 91.0519450219196 108.44762971904981
    vertex 2398.962870068317 91.0519450219196 108.83585828670361
  endloop
endfacet
facet normal 9.881277837503869e-15 1.0 -5.127843973651854e-13
  outer loop
    vertex 2412.4628700683165 91.05194502191807 105.83585828670363
    vertex 2398.962870068317 91.0519450219196 108.83585828670361
    vertex 2407.074641500663 91.05194502191888 107.38696954726997
  endloop
endfacet
facet normal 9.881277837503869e-15 1.0 -5.127843973651854e-13
  outer loop
    vertex 2407.074641500663 91.05194502191888 107.38696954726997
    vertex 2398.962870068317 91.0519450219196 108.83585828670361
    vertex 2406.7128700683165 91.05194502191915 107.53682018102694
  endloop
endfacet
facet normal 9.881277837503869e-15 1.0 -5.127843973651854e-13
  outer loop
    vertex 2406.7128700683165 91.05194502191915 107.53682018102694
    vertex 2398.962870068317 91.0519450219196 108.83585828670361
    vertex 2406.402209896537 91.05194502191927 107.77519811492377
  endloop
endfacet
facet normal 9.881277837503869e-15 1.0 -5.127843973651854e-13
  outer loop
    vertex 2406.402209896537 91.05194502191927 107.77519811492377
    vertex 2398.962870068317 91.0519450219196 108.83585828670361
    vertex 2406.16383196264 91.05194502191942 108.08585828670361
  endloop
endfacet
facet normal 9.881277837503869e-15 1.0 -5.127843973651854e-13
  outer loop
    vertex 2406.16383196264 91.05194502191942 108.08585828670361
    vertex 2398.962870068317 91.0519450219196 108.83585828670361
    vertex 2406.013981328883 91.05194502191961 108.44762971904981
  endloop
endfacet
facet normal 9.881277837503869e-15 1.0 -5.127843973651854e-13
  outer loop
    vertex 2406.013981328883 91.05194502191961 108.44762971904981
    vertex 2398.962870068317 91.0519450219196 108.83585828670361
    vertex 2405.962870068317 91.05194502191961 108.83585828670361
  endloop
endfacet
facet normal 9.881277837503869e-15 1.0 -5.127843973651854e-13
  outer loop
    vertex 2412.4628700683165 91.05194502191807 105.83585828670363
    vertex 2407.074641500663 91.05194502191888 107.38696954726997
    vertex 2407.462870068317 91.05194502191905 107.3358582867036
  endloop
endfacet
facet normal 9.881277837503869e-15 1.0 -5.127843973651854e-13
  outer loop
    vertex 2412.4628700683165 91.05194502191807 105.83585828670363
    vertex 2407.462870068317 91.05194502191905 107.3358582867036
    vertex 2407.8510986359706 91.05194502191888 107.38696954726997
  endloop
endfacet
facet normal 9.881277837503869e-15 1.0 -5.127843973651854e-13
  outer loop
    vertex 2412.4628700683165 91.05194502191807 105.83585828670363
    vertex 2407.8510986359706 91.05194502191888 107.38696954726997
    vertex 2408.212870068317 91.05194502191915 107.53682018102694
  endloop
endfacet
facet normal 9.881277837503869e-15 1.0 -5.127843973651854e-13
  outer loop
    vertex 2412.4628700683165 91.05194502191807 105.83585828670363
    vertex 2408.212870068317 91.05194502191915 107.53682018102694
    vertex 2408.5235302400965 91.05194502191927 107.77519811492377
  endloop
endfacet
facet normal 9.881277837503869e-15 1.0 -5.127843973651854e-13
  outer loop
    vertex 2412.4628700683165 91.05194502191807 105.83585828670363
    vertex 2408.5235302400965 91.05194502191927 107.77519811492377
    vertex 2408.7619081739936 91.05194502191942 108.08585828670361
  endloop
endfacet
facet normal 9.881277837503869e-15 1.0 -5.127843973651854e-13
  outer loop
    vertex 2412.4628700683165 91.05194502191807 105.83585828670363
    vertex 2408.7619081739936 91.05194502191942 108.08585828670361
    vertex 2408.9117588077506 91.05194502191961 108.44762971904981
  endloop
endfacet
facet normal 9.881277837503869e-15 1.0 -5.127843973651854e-13
  outer loop
    vertex 2412.4628700683165 91.05194502191807 105.83585828670363
    vertex 2408.9117588077506 91.05194502191961 108.44762971904981
    vertex 2408.962870068317 91.05194502191961 108.83585828670361
  endloop
endfacet
facet normal 0.9978589232386025 3.0247321071032166e-14 0.06540312923016045
  outer loop
    vertex 2420.4628700683165 91.05194502192904 127.36018639837405
    vertex 2420.437204652438 88.05194502192923 127.7517649750356
    vertex 2420.4628700683165 88.05194502192903 127.36018639837548
  endloop
endfacet
facet normal 0.9978589232386025 3.0247321071032166e-14 0.06540312923016045
  outer loop
    vertex 2420.437204652438 88.05194502192923 127.7517649750356
    vertex 2420.4628700683165 91.05194502192904 127.36018639837405
    vertex 2420.437204652438 91.05194502192924 127.75176497503418
  endloop
endfacet
facet normal 0.9807852804032365 1.0360266674001542e-13 0.19509032201609744
  outer loop
    vertex 2420.437204652438 91.05194502192924 127.75176497503418
    vertex 2420.360647547184 88.05194502192943 128.13664353368304
    vertex 2420.437204652438 88.05194502192923 127.7517649750356
  endloop
endfacet
facet normal 0.9807852804032365 1.0360266674001542e-13 0.19509032201609744
  outer loop
    vertex 2420.360647547184 88.05194502192943 128.13664353368304
    vertex 2420.437204652438 91.05194502192924 127.75176497503418
    vertex 2420.360647547184 91.05194502192944 128.13664353368162
  endloop
endfacet
facet normal 0.9469301294951052 1.6852726463564294e-13 0.32143946530316275
  outer loop
    vertex 2420.360647547184 91.05194502192944 128.13664353368162
    vertex 2420.2345086658506 88.05194502192961 128.50823669547074
    vertex 2420.360647547184 88.05194502192943 128.13664353368304
  endloop
endfacet
facet normal 0.9469301294951052 1.6852726463564294e-13 0.32143946530316275
  outer loop
    vertex 2420.2345086658506 88.05194502192961 128.50823669547074
    vertex 2420.360647547184 91.05194502192944 128.13664353368162
    vertex 2420.2345086658506 91.05194502192963 128.50823669546932
  endloop
endfacet
facet normal 0.896872741532674 2.3056831430876736e-13 0.4422886902190301
  outer loop
    vertex 2420.2345086658506 91.05194502192963 128.50823669546932
    vertex 2420.0609462796697 88.0519450219298 128.86018639837545
    vertex 2420.2345086658506 88.05194502192961 128.50823669547074
  endloop
endfacet
facet normal 0.896872741532674 2.3056831430876736e-13 0.4422886902190301
  outer loop
    vertex 2420.0609462796697 88.0519450219298 128.86018639837545
    vertex 2420.2345086658506 91.05194502192963 128.50823669546932
    vertex 2420.0609462796697 91.05194502192981 128.86018639837403
  endloop
endfacet
facet normal 0.8314696123025409 2.886642761984297e-13 0.555570233019609
  outer loop
    vertex 2420.0609462796697 91.05194502192981 128.86018639837403
    vertex 2419.8429300891903 88.05194502192984 129.18647068540164
    vertex 2420.0609462796697 88.0519450219298 128.86018639837545
  endloop
endfacet
facet normal 0.8314696123025409 2.886642761984297e-13 0.555570233019609
  outer loop
    vertex 2419.8429300891903 88.05194502192984 129.18647068540164
    vertex 2420.0609462796697 91.05194502192981 128.86018639837403
    vertex 2419.8429300891903 91.05194502192984 129.18647068540022
  endloop
endfacet
facet normal 0.7518398074790189 3.418211122894634e-13 0.6593458151000215
  outer loop
    vertex 2419.8429300891903 91.05194502192984 129.18647068540022
    vertex 2419.584190411876 88.05194502192997 129.48150674193514
    vertex 2419.8429300891903 88.05194502192984 129.18647068540164
  endloop
endfacet
facet normal 0.7518398074790189 3.418211122894634e-13 0.6593458151000215
  outer loop
    vertex 2419.584190411876 88.05194502192997 129.48150674193514
    vertex 2419.8429300891903 91.05194502192984 129.18647068540022
    vertex 2419.584190411876 91.05194502192998 129.4815067419337
  endloop
endfacet
facet normal 0.6593458151000215 3.891292943785803e-13 0.7518398074790189
  outer loop
    vertex 2419.289154355343 88.05194502193024 129.74024641924916
    vertex 2419.584190411876 91.05194502192998 129.4815067419337
    vertex 2419.289154355343 91.05194502193025 129.74024641924774
  endloop
endfacet
facet normal 0.6593458151000215 3.891292943785803e-13 0.7518398074790189
  outer loop
    vertex 2419.584190411876 91.05194502192998 129.4815067419337
    vertex 2419.289154355343 88.05194502193024 129.74024641924916
    vertex 2419.584190411876 88.05194502192997 129.48150674193514
  endloop
endfacet
facet normal 0.5555702330195823 4.297793663537976e-13 0.8314696123025586
  outer loop
    vertex 2418.9628700683165 88.05194502193035 129.9582626097288
    vertex 2419.289154355343 91.05194502193025 129.74024641924774
    vertex 2418.9628700683165 91.05194502193036 129.95826260972737
  endloop
endfacet
facet normal 0.5555702330195823 4.297793663537976e-13 0.8314696123025586
  outer loop
    vertex 2419.289154355343 91.05194502193025 129.74024641924774
    vertex 2418.9628700683165 88.05194502193035 129.9582626097288
    vertex 2419.289154355343 88.05194502193024 129.74024641924916
  endloop
endfacet
facet normal 0.4422886902190529 4.630757942133444e-13 0.8968727415326628
  outer loop
    vertex 2418.610920365412 88.05194502193045 130.13182499590934
    vertex 2418.9628700683165 91.05194502193036 129.95826260972737
    vertex 2418.610920365412 91.05194502193046 130.13182499590792
  endloop
endfacet
facet normal 0.4422886902190529 4.630757942133444e-13 0.8968727415326628
  outer loop
    vertex 2418.9628700683165 91.05194502193036 129.95826260972737
    vertex 2418.610920365412 88.05194502193045 130.13182499590934
    vertex 2418.9628700683165 88.05194502193035 129.9582626097288
  endloop
endfacet
facet normal 0.32143946530316275 4.884488668450672e-13 0.9469301294951052
  outer loop
    vertex 2418.2393272036243 91.05194502193038 130.25796387724125
    vertex 2418.610920365412 88.05194502193045 130.13182499590934
    vertex 2418.610920365412 91.05194502193046 130.13182499590792
  endloop
endfacet
facet normal 0.32143946530316275 4.884488668450672e-13 0.9469301294951052
  outer loop
    vertex 2418.610920365412 88.05194502193045 130.13182499590934
    vertex 2418.2393272036243 91.05194502193038 130.25796387724125
    vertex 2418.2393272036243 88.05194502193038 130.25796387724267
  endloop
endfacet
facet normal 0.19509032201610843 5.054644439414502e-13 0.9807852804032344
  outer loop
    vertex 2417.8544486449773 88.05194502193056 130.3345209824969
    vertex 2418.2393272036243 91.05194502193038 130.25796387724125
    vertex 2417.8544486449773 91.05194502193056 130.3345209824955
  endloop
endfacet
facet normal 0.19509032201610843 5.054644439414502e-13 0.9807852804032344
  outer loop
    vertex 2418.2393272036243 91.05194502193038 130.25796387724125
    vertex 2417.8544486449773 88.05194502193056 130.3345209824969
    vertex 2418.2393272036243 88.05194502193038 130.25796387724267
  endloop
endfacet
facet normal 0.0654031292301567 4.614839903253338e-13 0.9978589232386027
  outer loop
    vertex 2417.4628700683165 88.05194502193056 130.36018639837548
    vertex 2417.8544486449773 91.05194502193056 130.3345209824955
    vertex 2417.4628700683165 91.05194502193058 130.36018639837405
  endloop
endfacet
facet normal 0.0654031292301567 4.614839903253338e-13 0.9978589232386027
  outer loop
    vertex 2417.8544486449773 91.05194502193056 130.3345209824955
    vertex 2417.4628700683165 88.05194502193056 130.36018639837548
    vertex 2417.8544486449773 88.05194502193056 130.3345209824969
  endloop
endfacet
facet normal 0.0654031292301424 -5.135412947198235e-13 -0.9978589232386036
  outer loop
    vertex 2417.8544486449773 88.051945021874 20.385851814254195
    vertex 2417.4628700683165 91.05194502187399 20.360186398374086
    vertex 2417.8544486449773 91.051945021874 20.38585181425266
  endloop
endfacet
facet normal 0.0654031292301424 -5.135412947198235e-13 -0.9978589232386036
  outer loop
    vertex 2417.4628700683165 91.05194502187399 20.360186398374086
    vertex 2417.8544486449773 88.051945021874 20.385851814254195
    vertex 2417.4628700683165 88.05194502187399 20.36018639837563
  endloop
endfacet
facet normal 0.19509032201613608 -5.054644439414467e-13 -0.9807852804032289
  outer loop
    vertex 2418.2393272036243 88.05194502187419 20.46240891950842
    vertex 2417.8544486449773 91.051945021874 20.38585181425266
    vertex 2418.2393272036243 91.05194502187419 20.462408919506885
  endloop
endfacet
facet normal 0.19509032201613608 -5.054644439414467e-13 -0.9807852804032289
  outer loop
    vertex 2417.8544486449773 91.051945021874 20.38585181425266
    vertex 2418.2393272036243 88.05194502187419 20.46240891950842
    vertex 2417.8544486449773 88.051945021874 20.385851814254195
  endloop
endfacet
facet normal 0.32143946530316275 -4.884488668450664e-13 -0.9469301294951052
  outer loop
    vertex 2418.610920365412 91.0519450218741 20.58854780084023
    vertex 2418.2393272036243 88.05194502187419 20.46240891950842
    vertex 2418.2393272036243 91.05194502187419 20.462408919506885
  endloop
endfacet
facet normal 0.32143946530316275 -4.884488668450664e-13 -0.9469301294951052
  outer loop
    vertex 2418.2393272036243 88.05194502187419 20.46240891950842
    vertex 2418.610920365412 91.0519450218741 20.58854780084023
    vertex 2418.610920365412 88.0519450218741 20.588547800841766
  endloop
endfacet
facet normal 0.4422886902189785 -4.630757942133623e-13 -0.8968727415326997
  outer loop
    vertex 2418.9628700683165 88.05194502187419 20.762110187022312
    vertex 2418.610920365412 91.0519450218741 20.58854780084023
    vertex 2418.9628700683165 91.0519450218742 20.762110187020767
  endloop
endfacet
facet normal 0.4422886902189785 -4.630757942133623e-13 -0.8968727415326997
  outer loop
    vertex 2418.610920365412 91.0519450218741 20.58854780084023
    vertex 2418.9628700683165 88.05194502187419 20.762110187022312
    vertex 2418.610920365412 88.0519450218741 20.588547800841766
  endloop
endfacet
facet normal 0.5555702330196354 -4.2977936635377873e-13 -0.831469612302523
  outer loop
    vertex 2419.289154355343 88.05194502187445 20.98012637750192
    vertex 2418.9628700683165 91.0519450218742 20.762110187020767
    vertex 2419.289154355343 91.05194502187445 20.98012637750038
  endloop
endfacet
facet normal 0.5555702330196354 -4.2977936635377873e-13 -0.831469612302523
  outer loop
    vertex 2418.9628700683165 91.0519450218742 20.762110187020767
    vertex 2419.289154355343 88.05194502187445 20.98012637750192
    vertex 2418.9628700683165 88.05194502187419 20.762110187022312
  endloop
endfacet
facet normal 0.6593458151000501 -3.8912929437856687e-13 -0.751839807478994
  outer loop
    vertex 2419.584190411876 88.05194502187457 21.23886605481599
    vertex 2419.289154355343 91.05194502187445 20.98012637750038
    vertex 2419.584190411876 91.05194502187459 21.238866054814444
  endloop
endfacet
facet normal 0.6593458151000501 -3.8912929437856687e-13 -0.751839807478994
  outer loop
    vertex 2419.289154355343 91.05194502187445 20.98012637750038
    vertex 2419.584190411876 88.05194502187457 21.23886605481599
    vertex 2419.289154355343 88.05194502187445 20.98012637750192
  endloop
endfacet
facet normal 0.7518398074790033 -3.418211122894718e-13 -0.6593458151000394
  outer loop
    vertex 2419.8429300891903 91.05194502187473 21.533902111347928
    vertex 2419.584190411876 88.05194502187457 21.23886605481599
    vertex 2419.584190411876 91.05194502187459 21.238866054814444
  endloop
endfacet
facet normal 0.7518398074790033 -3.418211122894718e-13 -0.6593458151000394
  outer loop
    vertex 2419.584190411876 88.05194502187457 21.23886605481599
    vertex 2419.8429300891903 91.05194502187473 21.533902111347928
    vertex 2419.8429300891903 88.05194502187473 21.533902111349462
  endloop
endfacet
facet normal 0.8314696123025452 -2.886642761984257e-13 -0.5555702330196022
  outer loop
    vertex 2420.0609462796697 91.0519450218749 21.860186398374083
    vertex 2419.8429300891903 88.05194502187473 21.533902111349462
    vertex 2419.8429300891903 91.05194502187473 21.533902111347928
  endloop
endfacet
facet normal 0.8314696123025452 -2.886642761984257e-13 -0.5555702330196022
  outer loop
    vertex 2419.8429300891903 88.05194502187473 21.533902111349462
    vertex 2420.0609462796697 91.0519450218749 21.860186398374083
    vertex 2420.0609462796697 88.05194502187489 21.860186398375628
  endloop
endfacet
facet normal 0.896872741532674 -2.305683143087669e-13 -0.4422886902190301
  outer loop
    vertex 2420.2345086658506 91.05194502187507 22.212136101278812
    vertex 2420.0609462796697 88.05194502187489 21.860186398375628
    vertex 2420.0609462796697 91.0519450218749 21.860186398374083
  endloop
endfacet
facet normal 0.896872741532674 -2.305683143087669e-13 -0.4422886902190301
  outer loop
    vertex 2420.0609462796697 88.05194502187489 21.860186398375628
    vertex 2420.2345086658506 91.05194502187507 22.212136101278812
    vertex 2420.2345086658506 88.05194502187507 22.212136101280358
  endloop
endfacet
facet normal 0.9469301294951047 -1.6852726463564372e-13 -0.321439465303165
  outer loop
    vertex 2420.360647547184 91.05194502187513 22.583729263066523
    vertex 2420.2345086658506 88.05194502187507 22.212136101280358
    vertex 2420.2345086658506 91.05194502187507 22.212136101278812
  endloop
endfacet
facet normal 0.9469301294951047 -1.6852726463564372e-13 -0.321439465303165
  outer loop
    vertex 2420.2345086658506 88.05194502187507 22.212136101280358
    vertex 2420.360647547184 91.05194502187513 22.583729263066523
    vertex 2420.360647547184 88.05194502187514 22.58372926306807
  endloop
endfacet
facet normal 0.9807852804032363 -1.0360266674001584e-13 -0.1950903220160988
  outer loop
    vertex 2420.437204652438 91.05194502187545 22.968607821713935
    vertex 2420.360647547184 88.05194502187514 22.58372926306807
    vertex 2420.360647547184 91.05194502187513 22.583729263066523
  endloop
endfacet
facet normal 0.9807852804032363 -1.0360266674001584e-13 -0.1950903220160988
  outer loop
    vertex 2420.360647547184 88.05194502187514 22.58372926306807
    vertex 2420.437204652438 91.05194502187545 22.968607821713935
    vertex 2420.437204652438 88.05194502187545 22.96860782171547
  endloop
endfacet
facet normal 0.9978589232386025 -3.36590105499697e-14 -0.06540312923015905
  outer loop
    vertex 2420.4628700683165 91.05194502187553 23.36018639837409
    vertex 2420.437204652438 88.05194502187545 22.96860782171547
    vertex 2420.437204652438 91.05194502187545 22.968607821713935
  endloop
endfacet
facet normal 0.9978589232386025 -3.36590105499697e-14 -0.06540312923015905
  outer loop
    vertex 2420.437204652438 88.05194502187545 22.96860782171547
    vertex 2420.4628700683165 91.05194502187553 23.36018639837409
    vertex 2420.4628700683165 88.05194502187553 23.360186398375625
  endloop
endfacet
facet normal -1.1037828581527033e-13 1.0 -5.083704331399008e-13
  outer loop
    vertex 2382.462870068305 198.05194502193038 130.3601863983194
    vertex 2396.9570928584576 198.05194502190454 76.83545495540378
    vertex 2382.462870068305 198.0519450218739 20.360186398319456
  endloop
endfacet
facet normal -1.1037828581527033e-13 1.0 -5.083704331399008e-13
  outer loop
    vertex 2396.9570928584576 198.05194502190454 76.83545495540378
    vertex 2382.462870068305 198.05194502193038 130.3601863983194
    vertex 2417.462870068305 198.05194502193393 130.3601863983194
  endloop
endfacet
facet normal -1.1037828581527033e-13 1.0 -5.083704331399008e-13
  outer loop
    vertex 2382.462870068305 198.0519450218739 20.360186398319456
    vertex 2396.9570928584576 198.05194502190454 76.83545495540378
    vertex 2396.7628700683053 198.05194502190375 75.36018639831939
  endloop
endfacet
facet normal -1.1037828581527033e-13 1.0 -5.083704331399008e-13
  outer loop
    vertex 2396.9570928584576 198.05194502190454 76.83545495540378
    vertex 2417.462870068305 198.05194502193393 130.3601863983194
    vertex 2397.526525266734 198.05194502190528 78.21018639831944
  endloop
endfacet
facet normal -1.1037828581527033e-13 1.0 -5.083704331399008e-13
  outer loop
    vertex 2397.526525266734 198.05194502190528 78.21018639831944
    vertex 2417.462870068305 198.05194502193393 130.3601863983194
    vertex 2398.432361415542 198.05194502190596 79.39069505108277
  endloop
endfacet
facet normal -1.1037828581527033e-13 1.0 -5.083704331399008e-13
  outer loop
    vertex 2398.432361415542 198.05194502190596 79.39069505108277
    vertex 2417.462870068305 198.05194502193393 130.3601863983194
    vertex 2399.6128700683053 198.0519450219066 80.29653119989077
  endloop
endfacet
facet normal -1.1037828581527033e-13 1.0 -5.083704331399008e-13
  outer loop
    vertex 2399.6128700683053 198.0519450219066 80.29653119989077
    vertex 2417.462870068305 198.05194502193393 130.3601863983194
    vertex 2400.987601511221 198.051945021907 80.86596360816716
  endloop
endfacet
facet normal -1.1037828581527033e-13 1.0 -5.083704331399008e-13
  outer loop
    vertex 2400.987601511221 198.051945021907 80.86596360816716
    vertex 2417.462870068305 198.05194502193393 130.3601863983194
    vertex 2402.462870068305 198.05194502190727 81.06018639831949
  endloop
endfacet
facet normal -1.1037828581527033e-13 1.0 -5.083704331399008e-13
  outer loop
    vertex 2402.462870068305 198.05194502190727 81.06018639831949
    vertex 2417.462870068305 198.05194502193393 130.3601863983194
    vertex 2403.9381386253895 198.0519450219073 80.86596360816718
  endloop
endfacet
facet normal -1.1037828581527033e-13 1.0 -5.083704331399008e-13
  outer loop
    vertex 2403.9381386253895 198.0519450219073 80.86596360816718
    vertex 2417.462870068305 198.05194502193393 130.3601863983194
    vertex 2405.3128700683055 198.05194502190716 80.29653119989078
  endloop
endfacet
facet normal -1.1037828581527033e-13 1.0 -5.083704331399008e-13
  outer loop
    vertex 2405.3128700683055 198.05194502190716 80.29653119989078
    vertex 2417.462870068305 198.05194502193393 130.3601863983194
    vertex 2406.4933787210684 198.05194502190682 79.39069505108279
  endloop
endfacet
facet normal -1.1037828581527033e-13 1.0 -5.083704331399008e-13
  outer loop
    vertex 2406.4933787210684 198.05194502190682 79.39069505108279
    vertex 2417.462870068305 198.05194502193393 130.3601863983194
    vertex 2407.3992148698767 198.05194502190633 78.21018639831945
  endloop
endfacet
facet normal -1.1037828581527033e-13 1.0 -5.083704331399008e-13
  outer loop
    vertex 2407.3992148698767 198.05194502190633 78.21018639831945
    vertex 2417.462870068305 198.05194502193393 130.3601863983194
    vertex 2407.9686472781527 198.05194502190568 76.83545495540382
  endloop
endfacet
facet normal -1.1037828581527033e-13 1.0 -5.083704331399008e-13
  outer loop
    vertex 2407.9686472781527 198.05194502190568 76.83545495540382
    vertex 2417.462870068305 198.05194502193393 130.3601863983194
    vertex 2408.1628700683054 198.05194502190494 75.36018639831943
  endloop
endfacet
facet normal -1.1037828581527033e-13 1.0 -5.083704331399008e-13
  outer loop
    vertex 2382.462870068305 198.0519450218739 20.360186398319456
    vertex 2396.9570928584576 198.05194502190298 73.884917841235
    vertex 2417.462870068305 198.05194502187808 20.360186398319378
  endloop
endfacet
facet normal -1.1037828581527033e-13 1.0 -5.083704331399008e-13
  outer loop
    vertex 2396.9570928584576 198.05194502190298 73.884917841235
    vertex 2382.462870068305 198.0519450218739 20.360186398319456
    vertex 2396.7628700683053 198.05194502190375 75.36018639831939
  endloop
endfacet
facet normal -1.1037828581527033e-13 1.0 -5.083704331399008e-13
  outer loop
    vertex 2417.462870068305 198.05194502187808 20.360186398319378
    vertex 2396.9570928584576 198.05194502190298 73.884917841235
    vertex 2397.526525266734 198.05194502190238 72.51018639831933
  endloop
endfacet
facet normal -1.1037828581527033e-13 1.0 -5.083704331399008e-13
  outer loop
    vertex 2417.462870068305 198.05194502187808 20.360186398319378
    vertex 2397.526525266734 198.05194502190238 72.51018639831933
    vertex 2398.432361415542 198.05194502190184 71.32967774555601
  endloop
endfacet
facet normal -1.1037828581527033e-13 1.0 -5.083704331399008e-13
  outer loop
    vertex 2417.462870068305 198.05194502187808 20.360186398319378
    vertex 2398.432361415542 198.05194502190184 71.32967774555601
    vertex 2399.6128700683053 198.0519450219015 70.42384159674802
  endloop
endfacet
facet normal -1.1037828581527033e-13 1.0 -5.083704331399008e-13
  outer loop
    vertex 2417.462870068305 198.05194502187808 20.360186398319378
    vertex 2399.6128700683053 198.0519450219015 70.42384159674802
    vertex 2400.987601511221 198.05194502190142 69.85440918847162
  endloop
endfacet
facet normal -1.1037828581527033e-13 1.0 -5.083704331399008e-13
  outer loop
    vertex 2417.462870068305 198.05194502187808 20.360186398319378
    vertex 2400.987601511221 198.05194502190142 69.85440918847162
    vertex 2402.462870068305 198.05194502190145 69.66018639831933
  endloop
endfacet
facet normal -1.1037828581527033e-13 1.0 -5.083704331399008e-13
  outer loop
    vertex 2417.462870068305 198.05194502187808 20.360186398319378
    vertex 2402.462870068305 198.05194502190145 69.66018639831933
    vertex 2403.9381386253895 198.05194502190167 69.85440918847162
  endloop
endfacet
facet normal -1.1037828581527033e-13 1.0 -5.083704331399008e-13
  outer loop
    vertex 2417.462870068305 198.05194502187808 20.360186398319378
    vertex 2403.9381386253895 198.05194502190167 69.85440918847162
    vertex 2405.3128700683055 198.0519450219021 70.42384159674802
  endloop
endfacet
facet normal -1.1037828581527033e-13 1.0 -5.083704331399008e-13
  outer loop
    vertex 2417.462870068305 198.05194502187808 20.360186398319378
    vertex 2405.3128700683055 198.0519450219021 70.42384159674802
    vertex 2406.4933787210684 198.0519450219027 71.32967774555603
  endloop
endfacet
facet normal -1.1037828581527033e-13 1.0 -5.083704331399008e-13
  outer loop
    vertex 2417.462870068305 198.05194502187808 20.360186398319378
    vertex 2406.4933787210684 198.0519450219027 71.32967774555603
    vertex 2407.3992148698767 198.05194502190338 72.51018639831936
  endloop
endfacet
facet normal -1.1037828581527033e-13 1.0 -5.083704331399008e-13
  outer loop
    vertex 2417.462870068305 198.05194502187808 20.360186398319378
    vertex 2407.3992148698767 198.05194502190338 72.51018639831936
    vertex 2407.9686472781527 198.05194502190417 73.88491784123502
  endloop
endfacet
facet normal -1.1037828581527033e-13 1.0 -5.083704331399008e-13
  outer loop
    vertex 2417.462870068305 198.05194502187808 20.360186398319378
    vertex 2407.9686472781527 198.05194502190417 73.88491784123502
    vertex 2408.1628700683054 198.05194502190494 75.36018639831943
  endloop
endfacet
facet normal -1.1037828581527033e-13 1.0 -5.083704331399008e-13
  outer loop
    vertex 2417.462870068305 198.05194502187808 20.360186398319378
    vertex 2408.1628700683054 198.05194502190494 75.36018639831943
    vertex 2417.462870068305 198.05194502193393 130.3601863983194
  endloop
endfacet
facet normal -1.1037828581527033e-13 1.0 -5.083704331399008e-13
  outer loop
    vertex 2417.462870068305 198.05194502187808 20.360186398319378
    vertex 2417.462870068305 198.05194502193393 130.3601863983194
    vertex 2417.8544486449655 198.05194502193393 130.3345209824408
  endloop
endfacet
facet normal -1.1037828581527033e-13 1.0 -5.083704331399008e-13
  outer loop
    vertex 2417.462870068305 198.05194502187808 20.360186398319378
    vertex 2417.8544486449655 198.05194502193393 130.3345209824408
    vertex 2417.8544486449655 198.05194502187814 20.385851814197952
  endloop
endfacet
facet normal -1.1037828581527033e-13 1.0 -5.083704331399008e-13
  outer loop
    vertex 2417.8544486449655 198.05194502187814 20.385851814197952
    vertex 2417.8544486449655 198.05194502193393 130.3345209824408
    vertex 2418.2393272036124 198.05194502193396 130.2579638771866
  endloop
endfacet
facet normal -1.1037828581527033e-13 1.0 -5.083704331399008e-13
  outer loop
    vertex 2417.8544486449655 198.05194502187814 20.385851814197952
    vertex 2418.2393272036124 198.05194502193396 130.2579638771866
    vertex 2418.2393272036124 198.05194502187817 20.46240891945218
  endloop
endfacet
facet normal -1.1037828581527033e-13 1.0 -5.083704331399008e-13
  outer loop
    vertex 2418.2393272036124 198.05194502187817 20.46240891945218
    vertex 2418.2393272036124 198.05194502193396 130.2579638771866
    vertex 2418.6109203654005 198.05194502193393 130.13182499585326
  endloop
endfacet
facet normal -1.1037828581527033e-13 1.0 -5.083704331399008e-13
  outer loop
    vertex 2418.2393272036124 198.05194502187817 20.46240891945218
    vertex 2418.6109203654005 198.05194502193393 130.13182499585326
    vertex 2418.6109203654005 198.05194502187828 20.588547800785527
  endloop
endfacet
facet normal -1.1037828581527033e-13 1.0 -5.083704331399008e-13
  outer loop
    vertex 2418.6109203654005 198.05194502187828 20.588547800785527
    vertex 2418.6109203654005 198.05194502193393 130.13182499585326
    vertex 2418.962870068305 198.0519450219339 129.9582626096727
  endloop
endfacet
facet normal -1.1037828581527033e-13 1.0 -5.083704331399008e-13
  outer loop
    vertex 2418.6109203654005 198.05194502187828 20.588547800785527
    vertex 2418.962870068305 198.0519450219339 129.9582626096727
    vertex 2418.962870068305 198.05194502187842 20.762110186966073
  endloop
endfacet
facet normal -1.1037828581527033e-13 1.0 -5.083704331399008e-13
  outer loop
    vertex 2418.962870068305 198.05194502187842 20.762110186966073
    vertex 2418.962870068305 198.0519450219339 129.9582626096727
    vertex 2419.2891543553314 198.05194502193382 129.74024641919308
  endloop
endfacet
facet normal -1.1037828581527033e-13 1.0 -5.083704331399008e-13
  outer loop
    vertex 2418.962870068305 198.05194502187842 20.762110186966073
    vertex 2419.2891543553314 198.05194502193382 129.74024641919308
    vertex 2419.2891543553314 198.0519450218786 20.980126377445682
  endloop
endfacet
facet normal -1.1037828581527033e-13 1.0 -5.083704331399008e-13
  outer loop
    vertex 2419.2891543553314 198.0519450218786 20.980126377445682
    vertex 2419.2891543553314 198.05194502193382 129.74024641919308
    vertex 2419.5841904118647 198.05194502193373 129.48150674187903
  endloop
endfacet
facet normal -1.1037828581527033e-13 1.0 -5.083704331399008e-13
  outer loop
    vertex 2419.2891543553314 198.0519450218786 20.980126377445682
    vertex 2419.5841904118647 198.05194502193373 129.48150674187903
    vertex 2419.5841904118647 198.0519450218787 21.238866054759743
  endloop
endfacet
facet normal -1.1037828581527033e-13 1.0 -5.083704331399008e-13
  outer loop
    vertex 2419.5841904118647 198.0519450218787 21.238866054759743
    vertex 2419.5841904118647 198.05194502193373 129.48150674187903
    vertex 2419.842930089179 198.0519450219336 129.18647068534554
  endloop
endfacet
facet normal -1.1037828581527033e-13 1.0 -5.083704331399008e-13
  outer loop
    vertex 2419.5841904118647 198.0519450218787 21.238866054759743
    vertex 2419.842930089179 198.0519450219336 129.18647068534554
    vertex 2419.842930089179 198.05194502187894 21.53390211129322
  endloop
endfacet
facet normal -1.1037828581527033e-13 1.0 -5.083704331399008e-13
  outer loop
    vertex 2419.842930089179 198.05194502187894 21.53390211129322
    vertex 2419.842930089179 198.0519450219336 129.18647068534554
    vertex 2420.0609462796583 198.05194502193348 128.86018639831943
  endloop
endfacet
facet normal -1.1037828581527033e-13 1.0 -5.083704331399008e-13
  outer loop
    vertex 2419.842930089179 198.05194502187894 21.53390211129322
    vertex 2420.0609462796583 198.05194502193348 128.86018639831943
    vertex 2420.0609462796583 198.05194502187908 21.860186398319385
  endloop
endfacet
facet normal -1.1037828581527033e-13 1.0 -5.083704331399008e-13
  outer loop
    vertex 2420.0609462796583 198.05194502187908 21.860186398319385
    vertex 2420.0609462796583 198.05194502193348 128.86018639831943
    vertex 2420.2345086658393 198.05194502193328 128.50823669541467
  endloop
endfacet
facet normal -1.1037828581527033e-13 1.0 -5.083704331399008e-13
  outer loop
    vertex 2420.0609462796583 198.05194502187908 21.860186398319385
    vertex 2420.2345086658393 198.05194502193328 128.50823669541467
    vertex 2420.2345086658393 198.0519450218793 22.212136101224118
  endloop
endfacet
facet normal -1.1037828581527033e-13 1.0 -5.083704331399008e-13
  outer loop
    vertex 2420.2345086658393 198.0519450218793 22.212136101224118
    vertex 2420.2345086658393 198.05194502193328 128.50823669541467
    vertex 2420.360647547172 198.0519450219331 128.13664353362697
  endloop
endfacet
facet normal -1.1037828581527033e-13 1.0 -5.083704331399008e-13
  outer loop
    vertex 2420.2345086658393 198.0519450218793 22.212136101224118
    vertex 2420.360647547172 198.0519450219331 128.13664353362697
    vertex 2420.360647547172 198.05194502187948 22.583729263011822
  endloop
endfacet
facet normal -1.1037828581527033e-13 1.0 -5.083704331399008e-13
  outer loop
    vertex 2420.360647547172 198.05194502187948 22.583729263011822
    vertex 2420.360647547172 198.0519450219331 128.13664353362697
    vertex 2420.4372046524268 198.05194502193294 127.75176497497957
  endloop
endfacet
facet normal -1.1037828581527033e-13 1.0 -5.083704331399008e-13
  outer loop
    vertex 2420.360647547172 198.05194502187948 22.583729263011822
    vertex 2420.4372046524268 198.05194502193294 127.75176497497957
    vertex 2420.4372046524268 198.05194502187973 22.968607821659226
  endloop
endfacet
facet normal -1.1037828581527033e-13 1.0 -5.083704331399008e-13
  outer loop
    vertex 2420.4372046524268 198.05194502187973 22.968607821659226
    vertex 2420.4372046524268 198.05194502193294 127.75176497497957
    vertex 2420.462870068305 198.0519450219328 127.3601863983194
  endloop
endfacet
facet normal -1.1037828581527033e-13 1.0 -5.083704331399008e-13
  outer loop
    vertex 2420.4372046524268 198.05194502187973 22.968607821659226
    vertex 2420.462870068305 198.0519450219328 127.3601863983194
    vertex 2420.462870068305 198.05194502187993 23.360186398319385
  endloop
endfacet
facet normal 1.0 1.0715872633682008e-13 -5.439266661992375e-26
  outer loop
    vertex 2385.462870068306 195.05194502187456 20.360186398320913
    vertex 2385.462870068308 144.4019450218863 44.17191780812894
    vertex 2385.4628700683165 91.05194502187442 20.360186398374008
  endloop
endfacet
facet normal 1.0 1.0715872633682008e-13 -5.439266661992375e-26
  outer loop
    vertex 2385.462870068308 144.4019450218863 44.17191780812894
    vertex 2385.462870068306 195.05194502187456 20.360186398320913
    vertex 2385.462870068308 144.96113333109022 44.60099808914294
  endloop
endfacet
facet normal 1.0 1.0715872633682008e-13 -5.439266661992375e-26
  outer loop
    vertex 2385.462870068308 144.96113333109022 44.60099808914294
    vertex 2385.462870068306 195.05194502187456 20.360186398320913
    vertex 2385.462870068305 173.81113333110517 73.45099808912813
  endloop
endfacet
facet normal 1.0 1.0715872633682008e-13 -5.439266661992375e-26
  outer loop
    vertex 2385.462870068305 173.81113333110517 73.45099808912813
    vertex 2385.462870068306 195.05194502187456 20.360186398320913
    vertex 2385.462870068305 174.24021361211982 74.01018639833158
  endloop
endfacet
facet normal 1.0 1.0715872633682008e-13 -5.439266661992375e-26
  outer loop
    vertex 2385.462870068305 174.24021361211982 74.01018639833158
    vertex 2385.462870068306 195.05194502187456 20.360186398320913
    vertex 2385.462870068305 174.50994475288263 74.66137497655467
  endloop
endfacet
facet normal 1.0 1.0715872633682008e-13 -5.439266661992375e-26
  outer loop
    vertex 2385.462870068305 174.50994475288263 74.66137497655467
    vertex 2385.462870068306 195.05194502187456 20.360186398320913
    vertex 2385.462870068306 195.05194502193038 130.36018639832085
  endloop
endfacet
facet normal 1.0 1.0715872633682008e-13 -5.439266661992375e-26
  outer loop
    vertex 2385.4628700683165 91.05194502187442 20.360186398374008
    vertex 2385.462870068308 144.4019450218863 44.17191780812894
    vertex 2385.462870068308 143.750756443663 43.90218666736675
  endloop
endfacet
facet normal 1.0 1.0715872633682008e-13 -5.439266661992375e-26
  outer loop
    vertex 2385.4628700683165 91.05194502187442 20.360186398374008
    vertex 2385.462870068308 143.750756443663 43.90218666736675
    vertex 2385.462870068308 143.05194502188613 43.81018639834758
  endloop
endfacet
facet normal 1.0 1.0715872633682008e-13 -5.439266661992375e-26
  outer loop
    vertex 2385.462870068308 144.96113333109022 44.60099808914294
    vertex 2385.462870068305 173.81113333110517 73.45099808912813
    vertex 2385.462870068308 145.3902136121048 45.16018639834642
  endloop
endfacet
facet normal 1.0 1.0715872633682008e-13 -5.439266661992375e-26
  outer loop
    vertex 2385.462870068308 145.3902136121048 45.16018639834642
    vertex 2385.462870068305 173.81113333110517 73.45099808912813
    vertex 2385.462870068308 145.6599447528676 45.81137497656946
  endloop
endfacet
facet normal 1.0 1.0715872633682008e-13 -5.439266661992375e-26
  outer loop
    vertex 2385.462870068308 145.6599447528676 45.81137497656946
    vertex 2385.462870068305 173.81113333110517 73.45099808912813
    vertex 2385.462870068308 145.7519450218875 46.51018639834621
  endloop
endfacet
facet normal 1.0 1.0715872633682008e-13 -5.439266661992375e-26
  outer loop
    vertex 2385.462870068308 145.7519450218875 46.51018639834621
    vertex 2385.462870068305 173.81113333110517 73.45099808912813
    vertex 2385.462870068308 145.65994475286834 47.208997820123066
  endloop
endfacet
facet normal 1.0 1.0715872633682008e-13 -5.439266661992375e-26
  outer loop
    vertex 2385.462870068308 145.65994475286834 47.208997820123066
    vertex 2385.462870068305 173.81113333110517 73.45099808912813
    vertex 2385.462870068308 145.3902136121062 47.860186398346414
  endloop
endfacet
facet normal 1.0 1.0715872633682008e-13 -5.439266661992375e-26
  outer loop
    vertex 2385.462870068308 145.3902136121062 47.860186398346414
    vertex 2385.462870068305 173.81113333110517 73.45099808912813
    vertex 2385.462870068308 144.96113333109216 48.41937470755029
  endloop
endfacet
facet normal 1.0 1.0715872633682008e-13 -5.439266661992375e-26
  outer loop
    vertex 2385.462870068308 144.96113333109216 48.41937470755029
    vertex 2385.462870068305 173.81113333110517 73.45099808912813
    vertex 2385.462870068308 144.40194502188868 48.848454988564896
  endloop
endfacet
facet normal 1.0 1.0715872633682008e-13 -5.439266661992375e-26
  outer loop
    vertex 2385.462870068308 144.40194502188868 48.848454988564896
    vertex 2385.462870068305 173.81113333110517 73.45099808912813
    vertex 2385.462870068308 143.7507564436656 49.118186129327704
  endloop
endfacet
facet normal 1.0 1.0715872633682008e-13 -5.439266661992375e-26
  outer loop
    vertex 2385.462870068308 143.7507564436656 49.118186129327704
    vertex 2385.462870068305 173.81113333110517 73.45099808912813
    vertex 2385.462870068308 143.05194502188886 49.210186398347574
  endloop
endfacet
facet normal 1.0 1.0715872633682008e-13 -5.439266661992375e-26
  outer loop
    vertex 2385.462870068308 143.05194502188886 49.210186398347574
    vertex 2385.462870068305 173.81113333110517 73.45099808912813
    vertex 2385.462870068305 173.2519450219013 73.02191780811411
  endloop
endfacet
facet normal 1.0 1.0715872633682008e-13 -5.439266661992375e-26
  outer loop
    vertex 2385.462870068308 143.05194502188886 49.210186398347574
    vertex 2385.462870068305 173.2519450219013 73.02191780811411
    vertex 2385.4628700683056 172.60075644367794 72.75218666735198
  endloop
endfacet
facet normal 1.0 1.0715872633682008e-13 -5.439266661992375e-26
  outer loop
    vertex 2385.462870068308 143.05194502188886 49.210186398347574
    vertex 2385.4628700683056 172.60075644367794 72.75218666735198
    vertex 2385.4628700683056 171.90194502190116 72.66018639833278
  endloop
endfacet
facet normal 1.0 1.0715872633682008e-13 -5.439266661992375e-26
  outer loop
    vertex 2385.462870068305 174.50994475288263 74.66137497655467
    vertex 2385.462870068306 195.05194502193038 130.36018639832085
    vertex 2385.462870068305 174.6019450219025 75.36018639833142
  endloop
endfacet
facet normal 1.0 1.0715872633682008e-13 -5.439266661992375e-26
  outer loop
    vertex 2385.462870068305 174.6019450219025 75.36018639833142
    vertex 2385.462870068306 195.05194502193038 130.36018639832085
    vertex 2385.462870068305 174.50994475288337 76.05899782010829
  endloop
endfacet
facet normal 1.0 1.0715872633682008e-13 -5.439266661992375e-26
  outer loop
    vertex 2385.462870068305 174.50994475288337 76.05899782010829
    vertex 2385.462870068306 195.05194502193038 130.36018639832085
    vertex 2385.462870068305 174.24021361212115 76.71018639833159
  endloop
endfacet
facet normal 1.0 1.0715872633682008e-13 -5.439266661992375e-26
  outer loop
    vertex 2385.462870068305 174.24021361212115 76.71018639833159
    vertex 2385.462870068306 195.05194502193038 130.36018639832085
    vertex 2385.462870068305 173.81113333110716 77.26937470753549
  endloop
endfacet
facet normal 1.0 1.0715872633682008e-13 -5.439266661992375e-26
  outer loop
    vertex 2385.462870068305 173.81113333110716 77.26937470753549
    vertex 2385.462870068306 195.05194502193038 130.36018639832085
    vertex 2385.462870068305 173.25194502190368 77.69845498855007
  endloop
endfacet
facet normal 1.0 1.0715872633682008e-13 -5.439266661992375e-26
  outer loop
    vertex 2385.462870068305 173.25194502190368 77.69845498855007
    vertex 2385.462870068306 195.05194502193038 130.36018639832085
    vertex 2385.4628700683056 172.6007564436806 77.96818612931293
  endloop
endfacet
facet normal 1.0 1.0715872633682008e-13 -5.439266661992375e-26
  outer loop
    vertex 2385.4628700683056 172.6007564436806 77.96818612931293
    vertex 2385.462870068306 195.05194502193038 130.36018639832085
    vertex 2385.4628700683056 171.90194502190388 78.06018639833277
  endloop
endfacet
facet normal 1.0 1.0715872633682008e-13 -5.439266661992375e-26
  outer loop
    vertex 2385.4628700683056 171.90194502190388 78.06018639833277
    vertex 2385.462870068306 195.05194502193038 130.36018639832085
    vertex 2385.462870068309 143.05194502190378 78.0601863983476
  endloop
endfacet
facet normal 1.0 1.0715872633682008e-13 -5.439266661992375e-26
  outer loop
    vertex 2385.462870068309 143.05194502190378 78.0601863983476
    vertex 2385.462870068306 195.05194502193038 130.36018639832085
    vertex 2385.462870068312 114.2019450219037 78.06018639836223
  endloop
endfacet
facet normal 1.0 1.0715872633682008e-13 -5.439266661992375e-26
  outer loop
    vertex 2385.462870068312 114.2019450219037 78.06018639836223
    vertex 2385.462870068306 195.05194502193038 130.36018639832085
    vertex 2385.462870068309 144.40194502191625 101.87191780812886
  endloop
endfacet
facet normal 1.0 1.0715872633682008e-13 -5.439266661992375e-26
  outer loop
    vertex 2385.462870068312 114.2019450219037 78.06018639836223
    vertex 2385.462870068309 144.40194502191625 101.87191780812886
    vertex 2385.462870068309 143.7507564436929 101.60218666736667
  endloop
endfacet
facet normal 1.0 1.0715872633682008e-13 -5.439266661992375e-26
  outer loop
    vertex 2385.462870068312 114.2019450219037 78.06018639836223
    vertex 2385.462870068309 143.7507564436929 101.60218666736667
    vertex 2385.4628700683093 143.05194502191605 101.5101863983475
  endloop
endfacet
facet normal 1.0 1.0715872633682008e-13 -5.439266661992375e-26
  outer loop
    vertex 2385.462870068309 144.40194502191625 101.87191780812886
    vertex 2385.462870068306 195.05194502193038 130.36018639832085
    vertex 2385.462870068309 144.96113333112012 102.30099808914284
  endloop
endfacet
facet normal 1.0 1.0715872633682008e-13 -5.439266661992375e-26
  outer loop
    vertex 2385.462870068309 144.96113333112012 102.30099808914284
    vertex 2385.462870068306 195.05194502193038 130.36018639832085
    vertex 2385.462870068309 145.39021361213474 102.86018639834631
  endloop
endfacet
facet normal 1.0 1.0715872633682008e-13 -5.439266661992375e-26
  outer loop
    vertex 2385.462870068309 145.39021361213474 102.86018639834631
    vertex 2385.462870068306 195.05194502193038 130.36018639832085
    vertex 2385.462870068309 145.65994475289753 103.51137497656934
  endloop
endfacet
facet normal 1.0 1.0715872633682008e-13 -5.439266661992375e-26
  outer loop
    vertex 2385.462870068309 145.65994475289753 103.51137497656934
    vertex 2385.462870068306 195.05194502193038 130.36018639832085
    vertex 2385.462870068309 145.7519450219174 104.21018639834614
  endloop
endfacet
facet normal 1.0 1.0715872633682008e-13 -5.439266661992375e-26
  outer loop
    vertex 2385.462870068309 145.7519450219174 104.21018639834614
    vertex 2385.462870068306 195.05194502193038 130.36018639832085
    vertex 2385.462870068309 145.6599447528983 104.90899782012298
  endloop
endfacet
facet normal 1.0 1.0715872633682008e-13 -5.439266661992375e-26
  outer loop
    vertex 2385.462870068309 145.6599447528983 104.90899782012298
    vertex 2385.462870068306 195.05194502193038 130.36018639832085
    vertex 2385.462870068309 145.3902136121361 105.56018639834633
  endloop
endfacet
facet normal 1.0 1.0715872633682008e-13 -5.439266661992375e-26
  outer loop
    vertex 2385.462870068309 145.3902136121361 105.56018639834633
    vertex 2385.462870068306 195.05194502193038 130.36018639832085
    vertex 2385.462870068309 144.96113333112208 106.11937470755016
  endloop
endfacet
facet normal 1.0 1.0715872633682008e-13 -5.439266661992375e-26
  outer loop
    vertex 2385.462870068309 144.96113333112208 106.11937470755016
    vertex 2385.462870068306 195.05194502193038 130.36018639832085
    vertex 2385.462870068309 144.40194502191864 106.54845498856479
  endloop
endfacet
facet normal 1.0 1.0715872633682008e-13 -5.439266661992375e-26
  outer loop
    vertex 2385.462870068309 144.40194502191864 106.54845498856479
    vertex 2385.462870068306 195.05194502193038 130.36018639832085
    vertex 2385.462870068309 143.7507564436956 106.81818612932761
  endloop
endfacet
facet normal 1.0 1.0715872633682008e-13 -5.439266661992375e-26
  outer loop
    vertex 2385.462870068309 143.7507564436956 106.81818612932761
    vertex 2385.462870068306 195.05194502193038 130.36018639832085
    vertex 2385.4628700683093 143.05194502191884 106.91018639834753
  endloop
endfacet
facet normal 1.0 1.0715872633682008e-13 -5.439266661992375e-26
  outer loop
    vertex 2385.4628700683165 91.05194502187442 20.360186398374008
    vertex 2385.4628700683124 111.59394529092143 74.6613749765868
    vertex 2385.4628700683165 91.05194502193036 130.36018639837405
  endloop
endfacet
facet normal 1.0 1.0715872633682008e-13 -5.439266661992375e-26
  outer loop
    vertex 2385.4628700683124 111.59394529092143 74.6613749765868
    vertex 2385.4628700683165 91.05194502187442 20.360186398374008
    vertex 2385.4628700683124 111.86367643168364 74.01018639836347
  endloop
endfacet
facet normal 1.0 1.0715872633682008e-13 -5.439266661992375e-26
  outer loop
    vertex 2385.4628700683124 111.86367643168364 74.01018639836347
    vertex 2385.4628700683165 91.05194502187442 20.360186398374008
    vertex 2385.4628700683124 112.29275671269767 73.45099808915954
  endloop
endfacet
facet normal 1.0 1.0715872633682008e-13 -5.439266661992375e-26
  outer loop
    vertex 2385.4628700683124 112.29275671269767 73.45099808915954
    vertex 2385.4628700683165 91.05194502187442 20.360186398374008
    vertex 2385.4628700683083 141.14275671268288 44.60099808914487
  endloop
endfacet
facet normal 1.0 1.0715872633682008e-13 -5.439266661992375e-26
  outer loop
    vertex 2385.4628700683083 141.14275671268288 44.60099808914487
    vertex 2385.4628700683165 91.05194502187442 20.360186398374008
    vertex 2385.462870068308 141.70194502188633 44.17191780813031
  endloop
endfacet
facet normal 1.0 1.0715872633682008e-13 -5.439266661992375e-26
  outer loop
    vertex 2385.462870068308 141.70194502188633 44.17191780813031
    vertex 2385.4628700683165 91.05194502187442 20.360186398374008
    vertex 2385.462870068308 142.3531336001094 43.90218666736746
  endloop
endfacet
facet normal 1.0 1.0715872633682008e-13 -5.439266661992375e-26
  outer loop
    vertex 2385.462870068308 142.3531336001094 43.90218666736746
    vertex 2385.4628700683165 91.05194502187442 20.360186398374008
    vertex 2385.462870068308 143.05194502188613 43.81018639834758
  endloop
endfacet
facet normal 1.0 1.0715872633682008e-13 -5.439266661992375e-26
  outer loop
    vertex 2385.4628700683124 112.29275671269767 73.45099808915954
    vertex 2385.4628700683083 141.14275671268288 44.60099808914487
    vertex 2385.4628700683083 140.7136764316688 45.16018639834879
  endloop
endfacet
facet normal 1.0 1.0715872633682008e-13 -5.439266661992375e-26
  outer loop
    vertex 2385.4628700683124 112.29275671269767 73.45099808915954
    vertex 2385.4628700683083 140.7136764316688 45.16018639834879
    vertex 2385.4628700683083 140.44394529090667 45.8113749765721
  endloop
endfacet
facet normal 1.0 1.0715872633682008e-13 -5.439266661992375e-26
  outer loop
    vertex 2385.4628700683124 112.29275671269767 73.45099808915954
    vertex 2385.4628700683083 140.44394529090667 45.8113749765721
    vertex 2385.4628700683083 140.3519450218875 46.51018639834895
  endloop
endfacet
facet normal 1.0 1.0715872633682008e-13 -5.439266661992375e-26
  outer loop
    vertex 2385.4628700683124 112.29275671269767 73.45099808915954
    vertex 2385.4628700683083 140.3519450218875 46.51018639834895
    vertex 2385.4628700683083 140.44394529090738 47.20899782012572
  endloop
endfacet
facet normal 1.0 1.0715872633682008e-13 -5.439266661992375e-26
  outer loop
    vertex 2385.4628700683124 112.29275671269767 73.45099808915954
    vertex 2385.4628700683083 140.44394529090738 47.20899782012572
    vertex 2385.4628700683083 140.7136764316702 47.86018639834879
  endloop
endfacet
facet normal 1.0 1.0715872633682008e-13 -5.439266661992375e-26
  outer loop
    vertex 2385.4628700683124 112.29275671269767 73.45099808915954
    vertex 2385.4628700683083 140.7136764316702 47.86018639834879
    vertex 2385.4628700683083 141.14275671268484 48.41937470755223
  endloop
endfacet
facet normal 1.0 1.0715872633682008e-13 -5.439266661992375e-26
  outer loop
    vertex 2385.4628700683124 112.29275671269767 73.45099808915954
    vertex 2385.4628700683083 141.14275671268484 48.41937470755223
    vertex 2385.4628700683083 141.70194502188866 48.848454988566274
  endloop
endfacet
facet normal 1.0 1.0715872633682008e-13 -5.439266661992375e-26
  outer loop
    vertex 2385.4628700683124 112.29275671269767 73.45099808915954
    vertex 2385.4628700683083 141.70194502188866 48.848454988566274
    vertex 2385.462870068308 142.35313360011202 49.118186129328414
  endloop
endfacet
facet normal 1.0 1.0715872633682008e-13 -5.439266661992375e-26
  outer loop
    vertex 2385.4628700683124 112.29275671269767 73.45099808915954
    vertex 2385.462870068308 142.35313360011202 49.118186129328414
    vertex 2385.462870068308 143.05194502188886 49.210186398347574
  endloop
endfacet
facet normal 1.0 1.0715872633682008e-13 -5.439266661992375e-26
  outer loop
    vertex 2385.4628700683124 112.29275671269767 73.45099808915954
    vertex 2385.462870068308 143.05194502188886 49.210186398347574
    vertex 2385.4628700683124 112.85194502190114 73.02191780814495
  endloop
endfacet
facet normal 1.0 1.0715872633682008e-13 -5.439266661992375e-26
  outer loop
    vertex 2385.4628700683124 112.85194502190114 73.02191780814495
    vertex 2385.462870068308 143.05194502188886 49.210186398347574
    vertex 2385.462870068312 113.50313360012414 72.75218666738212
  endloop
endfacet
facet normal 1.0 1.0715872633682008e-13 -5.439266661992375e-26
  outer loop
    vertex 2385.462870068312 113.50313360012414 72.75218666738212
    vertex 2385.462870068308 143.05194502188886 49.210186398347574
    vertex 2385.462870068312 114.20194502190094 72.66018639836224
  endloop
endfacet
facet normal 1.0 1.0715872633682008e-13 -5.439266661992375e-26
  outer loop
    vertex 2385.462870068312 114.20194502190094 72.66018639836224
    vertex 2385.462870068308 143.05194502188886 49.210186398347574
    vertex 2385.4628700683056 171.90194502190116 72.66018639833278
  endloop
endfacet
facet normal 1.0 1.0715872633682008e-13 -5.439266661992375e-26
  outer loop
    vertex 2385.462870068312 114.20194502190094 72.66018639836224
    vertex 2385.4628700683056 171.90194502190116 72.66018639833278
    vertex 2385.462870068309 143.051945021901 72.6601863983476
  endloop
endfacet
facet normal 1.0 1.0715872633682008e-13 -5.439266661992375e-26
  outer loop
    vertex 2385.4628700683165 91.05194502193036 130.36018639837405
    vertex 2385.4628700683124 111.59394529092143 74.6613749765868
    vertex 2385.4628700683124 111.50194502190233 75.36018639836362
  endloop
endfacet
facet normal 1.0 1.0715872633682008e-13 -5.439266661992375e-26
  outer loop
    vertex 2385.4628700683165 91.05194502193036 130.36018639837405
    vertex 2385.4628700683124 111.50194502190233 75.36018639836362
    vertex 2385.4628700683124 111.59394529092219 76.05899782014042
  endloop
endfacet
facet normal 1.0 1.0715872633682008e-13 -5.439266661992375e-26
  outer loop
    vertex 2385.4628700683165 91.05194502193036 130.36018639837405
    vertex 2385.4628700683124 111.59394529092219 76.05899782014042
    vertex 2385.4628700683124 111.86367643168498 76.71018639836348
  endloop
endfacet
facet normal 1.0 1.0715872633682008e-13 -5.439266661992375e-26
  outer loop
    vertex 2385.4628700683165 91.05194502193036 130.36018639837405
    vertex 2385.4628700683124 111.86367643168498 76.71018639836348
    vertex 2385.4628700683124 112.29275671269964 77.26937470756688
  endloop
endfacet
facet normal 1.0 1.0715872633682008e-13 -5.439266661992375e-26
  outer loop
    vertex 2385.4628700683165 91.05194502193036 130.36018639837405
    vertex 2385.4628700683124 112.29275671269964 77.26937470756688
    vertex 2385.4628700683124 112.8519450219035 77.6984549885809
  endloop
endfacet
facet normal 1.0 1.0715872633682008e-13 -5.439266661992375e-26
  outer loop
    vertex 2385.4628700683165 91.05194502193036 130.36018639837405
    vertex 2385.4628700683124 112.8519450219035 77.6984549885809
    vertex 2385.462870068312 113.50313360012686 77.96818612934308
  endloop
endfacet
facet normal 1.0 1.0715872633682008e-13 -5.439266661992375e-26
  outer loop
    vertex 2385.4628700683165 91.05194502193036 130.36018639837405
    vertex 2385.462870068312 113.50313360012686 77.96818612934308
    vertex 2385.462870068312 114.2019450219037 78.06018639836223
  endloop
endfacet
facet normal 1.0 1.0715872633682008e-13 -5.439266661992375e-26
  outer loop
    vertex 2385.4628700683165 91.05194502193036 130.36018639837405
    vertex 2385.462870068312 114.2019450219037 78.06018639836223
    vertex 2385.4628700683093 141.70194502191623 101.87191780813019
  endloop
endfacet
facet normal 1.0 1.0715872633682008e-13 -5.439266661992375e-26
  outer loop
    vertex 2385.4628700683093 141.70194502191623 101.87191780813019
    vertex 2385.462870068312 114.2019450219037 78.06018639836223
    vertex 2385.4628700683093 142.3531336001393 101.60218666736739
  endloop
endfacet
facet normal 1.0 1.0715872633682008e-13 -5.439266661992375e-26
  outer loop
    vertex 2385.4628700683093 142.3531336001393 101.60218666736739
    vertex 2385.462870068312 114.2019450219037 78.06018639836223
    vertex 2385.4628700683093 143.05194502191605 101.5101863983475
  endloop
endfacet
facet normal 1.0 1.0715872633682008e-13 -5.439266661992375e-26
  outer loop
    vertex 2385.4628700683165 91.05194502193036 130.36018639837405
    vertex 2385.4628700683093 141.70194502191623 101.87191780813019
    vertex 2385.4628700683093 141.14275671271275 102.3009980891448
  endloop
endfacet
facet normal 1.0 1.0715872633682008e-13 -5.439266661992375e-26
  outer loop
    vertex 2385.4628700683165 91.05194502193036 130.36018639837405
    vertex 2385.4628700683093 141.14275671271275 102.3009980891448
    vertex 2385.4628700683097 140.71367643169876 102.86018639834873
  endloop
endfacet
facet normal 1.0 1.0715872633682008e-13 -5.439266661992375e-26
  outer loop
    vertex 2385.4628700683165 91.05194502193036 130.36018639837405
    vertex 2385.4628700683097 140.71367643169876 102.86018639834873
    vertex 2385.4628700683097 140.44394529093657 103.51137497657204
  endloop
endfacet
facet normal 1.0 1.0715872633682008e-13 -5.439266661992375e-26
  outer loop
    vertex 2385.4628700683165 91.05194502193036 130.36018639837405
    vertex 2385.4628700683097 140.44394529093657 103.51137497657204
    vertex 2385.4628700683097 140.35194502191743 104.21018639834891
  endloop
endfacet
facet normal 1.0 1.0715872633682008e-13 -5.439266661992375e-26
  outer loop
    vertex 2385.4628700683165 91.05194502193036 130.36018639837405
    vertex 2385.4628700683097 140.35194502191743 104.21018639834891
    vertex 2385.4628700683097 140.4439452909373 104.90899782012565
  endloop
endfacet
facet normal 1.0 1.0715872633682008e-13 -5.439266661992375e-26
  outer loop
    vertex 2385.4628700683165 91.05194502193036 130.36018639837405
    vertex 2385.4628700683097 140.4439452909373 104.90899782012565
    vertex 2385.4628700683097 140.71367643170012 105.56018639834868
  endloop
endfacet
facet normal 1.0 1.0715872633682008e-13 -5.439266661992375e-26
  outer loop
    vertex 2385.4628700683165 91.05194502193036 130.36018639837405
    vertex 2385.4628700683097 140.71367643170012 105.56018639834868
    vertex 2385.4628700683093 141.14275671271474 106.1193747075522
  endloop
endfacet
facet normal 1.0 1.0715872633682008e-13 -5.439266661992375e-26
  outer loop
    vertex 2385.4628700683165 91.05194502193036 130.36018639837405
    vertex 2385.4628700683093 141.14275671271474 106.1193747075522
    vertex 2385.4628700683093 141.70194502191865 106.54845498856619
  endloop
endfacet
facet normal 1.0 1.0715872633682008e-13 -5.439266661992375e-26
  outer loop
    vertex 2385.4628700683165 91.05194502193036 130.36018639837405
    vertex 2385.4628700683093 141.70194502191865 106.54845498856619
    vertex 2385.4628700683093 142.353133600142 106.81818612932835
  endloop
endfacet
facet normal 1.0 1.0715872633682008e-13 -5.439266661992375e-26
  outer loop
    vertex 2385.4628700683165 91.05194502193036 130.36018639837405
    vertex 2385.4628700683093 142.353133600142 106.81818612932835
    vertex 2385.4628700683093 143.05194502191884 106.91018639834753
  endloop
endfacet
facet normal 1.0 1.0715872633682008e-13 -5.439266661992375e-26
  outer loop
    vertex 2385.4628700683165 91.05194502193036 130.36018639837405
    vertex 2385.4628700683093 143.05194502191884 106.91018639834753
    vertex 2385.462870068306 195.05194502193038 130.36018639832085
  endloop
endfacet
facet normal 1.0 1.0715872633682008e-13 -5.439266661992375e-26
  outer loop
    vertex 2385.462870068309 142.35313360012424 72.7521866673675
    vertex 2385.462870068312 114.20194502190094 72.66018639836224
    vertex 2385.462870068309 143.051945021901 72.6601863983476
  endloop
endfacet
facet normal 1.0 1.0715872633682008e-13 -5.439266661992375e-26
  outer loop
    vertex 2385.462870068312 114.20194502190094 72.66018639836224
    vertex 2385.462870068309 142.35313360012424 72.7521866673675
    vertex 2385.462870068312 114.90075644367774 72.75218666738141
  endloop
endfacet
facet normal 1.0 1.0715872633682008e-13 -5.439266661992375e-26
  outer loop
    vertex 2385.462870068312 114.90075644367774 72.75218666738141
    vertex 2385.462870068309 142.35313360012424 72.7521866673675
    vertex 2385.4628700683115 115.5519450219011 73.02191780814358
  endloop
endfacet
facet normal 1.0 1.0715872633682008e-13 -5.439266661992375e-26
  outer loop
    vertex 2385.4628700683115 115.5519450219011 73.02191780814358
    vertex 2385.462870068309 142.35313360012424 72.7521866673675
    vertex 2385.462870068309 141.70194502190117 73.02191780813031
  endloop
endfacet
facet normal 1.0 1.0715872633682008e-13 -5.439266661992375e-26
  outer loop
    vertex 2385.4628700683115 115.5519450219011 73.02191780814358
    vertex 2385.462870068309 141.70194502190117 73.02191780813031
    vertex 2385.462870068309 141.1427567126977 73.45099808914489
  endloop
endfacet
facet normal 1.0 1.0715872633682008e-13 -5.439266661992375e-26
  outer loop
    vertex 2385.4628700683115 115.5519450219011 73.02191780814358
    vertex 2385.462870068309 141.1427567126977 73.45099808914489
    vertex 2385.4628700683115 116.111133331105 73.45099808915764
  endloop
endfacet
facet normal 1.0 1.0715872633682008e-13 -5.439266661992375e-26
  outer loop
    vertex 2385.4628700683115 116.111133331105 73.45099808915764
    vertex 2385.462870068309 141.1427567126977 73.45099808914489
    vertex 2385.462870068309 140.7136764316837 74.0101863983488
  endloop
endfacet
facet normal 1.0 1.0715872633682008e-13 -5.439266661992375e-26
  outer loop
    vertex 2385.4628700683115 116.111133331105 73.45099808915764
    vertex 2385.462870068309 140.7136764316837 74.0101863983488
    vertex 2385.4628700683115 116.54021361211962 74.01018639836104
  endloop
endfacet
facet normal 1.0 1.0715872633682008e-13 -5.439266661992375e-26
  outer loop
    vertex 2385.4628700683115 116.54021361211962 74.01018639836104
    vertex 2385.462870068309 140.7136764316837 74.0101863983488
    vertex 2385.4628700683115 116.8099447528824 74.6613749765841
  endloop
endfacet
facet normal 1.0 1.0715872633682008e-13 -5.439266661992375e-26
  outer loop
    vertex 2385.4628700683115 116.8099447528824 74.6613749765841
    vertex 2385.462870068309 140.7136764316837 74.0101863983488
    vertex 2385.462870068309 140.44394529092145 74.66137497657216
  endloop
endfacet
facet normal 1.0 1.0715872633682008e-13 -5.439266661992375e-26
  outer loop
    vertex 2385.4628700683115 116.8099447528824 74.6613749765841
    vertex 2385.462870068309 140.44394529092145 74.66137497657216
    vertex 2385.4628700683115 116.90194502190232 75.36018639836087
  endloop
endfacet
facet normal 1.0 1.0715872633682008e-13 -5.439266661992375e-26
  outer loop
    vertex 2385.4628700683115 116.90194502190232 75.36018639836087
    vertex 2385.462870068309 140.44394529092145 74.66137497657216
    vertex 2385.462870068309 140.35194502190234 75.360186398349
  endloop
endfacet
facet normal 1.0 1.0715872633682008e-13 -5.439266661992375e-26
  outer loop
    vertex 2385.4628700683115 116.90194502190232 75.36018639836087
    vertex 2385.462870068309 140.35194502190234 75.360186398349
    vertex 2385.4628700683115 116.80994475288317 76.05899782013772
  endloop
endfacet
facet normal 1.0 1.0715872633682008e-13 -5.439266661992375e-26
  outer loop
    vertex 2385.4628700683115 116.80994475288317 76.05899782013772
    vertex 2385.462870068309 140.35194502190234 75.360186398349
    vertex 2385.462870068309 140.44394529092224 76.05899782012577
  endloop
endfacet
facet normal 1.0 1.0715872633682008e-13 -5.439266661992375e-26
  outer loop
    vertex 2385.4628700683115 116.80994475288317 76.05899782013772
    vertex 2385.462870068309 140.44394529092224 76.05899782012577
    vertex 2385.4628700683115 116.54021361212098 76.71018639836105
  endloop
endfacet
facet normal 1.0 1.0715872633682008e-13 -5.439266661992375e-26
  outer loop
    vertex 2385.4628700683115 116.54021361212098 76.71018639836105
    vertex 2385.462870068309 140.44394529092224 76.05899782012577
    vertex 2385.462870068309 140.71367643168506 76.7101863983488
  endloop
endfacet
facet normal 1.0 1.0715872633682008e-13 -5.439266661992375e-26
  outer loop
    vertex 2385.4628700683115 116.54021361212098 76.71018639836105
    vertex 2385.462870068309 140.71367643168506 76.7101863983488
    vertex 2385.4628700683115 116.11113333110698 77.26937470756498
  endloop
endfacet
facet normal 1.0 1.0715872633682008e-13 -5.439266661992375e-26
  outer loop
    vertex 2385.4628700683115 116.11113333110698 77.26937470756498
    vertex 2385.462870068309 140.71367643168506 76.7101863983488
    vertex 2385.462870068309 141.14275671269968 77.26937470755225
  endloop
endfacet
facet normal 1.0 1.0715872633682008e-13 -5.439266661992375e-26
  outer loop
    vertex 2385.4628700683115 116.11113333110698 77.26937470756498
    vertex 2385.462870068309 141.14275671269968 77.26937470755225
    vertex 2385.462870068309 141.70194502190355 77.69845498856627
  endloop
endfacet
facet normal 1.0 1.0715872633682008e-13 -5.439266661992375e-26
  outer loop
    vertex 2385.4628700683115 116.11113333110698 77.26937470756498
    vertex 2385.462870068309 141.70194502190355 77.69845498856627
    vertex 2385.4628700683115 115.5519450219035 77.69845498857957
  endloop
endfacet
facet normal 1.0 1.0715872633682008e-13 -5.439266661992375e-26
  outer loop
    vertex 2385.4628700683115 115.5519450219035 77.69845498857957
    vertex 2385.462870068309 141.70194502190355 77.69845498856627
    vertex 2385.462870068309 142.3531336001269 77.96818612932847
  endloop
endfacet
facet normal 1.0 1.0715872633682008e-13 -5.439266661992375e-26
  outer loop
    vertex 2385.4628700683115 115.5519450219035 77.69845498857957
    vertex 2385.462870068309 142.3531336001269 77.96818612932847
    vertex 2385.462870068312 114.90075644368045 77.96818612934237
  endloop
endfacet
facet normal 1.0 1.0715872633682008e-13 -5.439266661992375e-26
  outer loop
    vertex 2385.462870068312 114.90075644368045 77.96818612934237
    vertex 2385.462870068309 142.3531336001269 77.96818612932847
    vertex 2385.462870068312 114.2019450219037 78.06018639836223
  endloop
endfacet
facet normal 1.0 1.0715872633682008e-13 -5.439266661992375e-26
  outer loop
    vertex 2385.462870068312 114.2019450219037 78.06018639836223
    vertex 2385.462870068309 142.3531336001269 77.96818612932847
    vertex 2385.462870068309 143.05194502190378 78.0601863983476
  endloop
endfacet
facet normal 1.0 1.0715872633682008e-13 -5.439266661992375e-26
  outer loop
    vertex 2385.4628700683056 171.20313360012435 72.75218666735266
    vertex 2385.462870068309 143.051945021901 72.6601863983476
    vertex 2385.4628700683056 171.90194502190116 72.66018639833278
  endloop
endfacet
facet normal 1.0 1.0715872633682008e-13 -5.439266661992375e-26
  outer loop
    vertex 2385.462870068309 143.051945021901 72.6601863983476
    vertex 2385.4628700683056 171.20313360012435 72.75218666735266
    vertex 2385.462870068309 143.75075644367783 72.75218666736681
  endloop
endfacet
facet normal 1.0 1.0715872633682008e-13 -5.439266661992375e-26
  outer loop
    vertex 2385.462870068309 143.75075644367783 72.75218666736681
    vertex 2385.4628700683056 171.20313360012435 72.75218666735266
    vertex 2385.462870068306 170.55194502190133 73.02191780811553
  endloop
endfacet
facet normal 1.0 1.0715872633682008e-13 -5.439266661992375e-26
  outer loop
    vertex 2385.462870068309 143.75075644367783 72.75218666736681
    vertex 2385.462870068306 170.55194502190133 73.02191780811553
    vertex 2385.4628700683083 144.40194502190118 73.02191780812893
  endloop
endfacet
facet normal 1.0 1.0715872633682008e-13 -5.439266661992375e-26
  outer loop
    vertex 2385.4628700683083 144.40194502190118 73.02191780812893
    vertex 2385.462870068306 170.55194502190133 73.02191780811553
    vertex 2385.462870068306 169.99275671269785 73.45099808913007
  endloop
endfacet
facet normal 1.0 1.0715872633682008e-13 -5.439266661992375e-26
  outer loop
    vertex 2385.4628700683083 144.40194502190118 73.02191780812893
    vertex 2385.462870068306 169.99275671269785 73.45099808913007
    vertex 2385.4628700683083 144.96113333110506 73.45099808914296
  endloop
endfacet
facet normal 1.0 1.0715872633682008e-13 -5.439266661992375e-26
  outer loop
    vertex 2385.4628700683083 144.96113333110506 73.45099808914296
    vertex 2385.462870068306 169.99275671269785 73.45099808913007
    vertex 2385.462870068306 169.5636764316838 74.01018639833397
  endloop
endfacet
facet normal 1.0 1.0715872633682008e-13 -5.439266661992375e-26
  outer loop
    vertex 2385.4628700683083 144.96113333110506 73.45099808914296
    vertex 2385.462870068306 169.5636764316838 74.01018639833397
    vertex 2385.4628700683083 145.39021361211965 74.0101863983464
  endloop
endfacet
facet normal 1.0 1.0715872633682008e-13 -5.439266661992375e-26
  outer loop
    vertex 2385.4628700683083 145.39021361211965 74.0101863983464
    vertex 2385.462870068306 169.5636764316838 74.01018639833397
    vertex 2385.462870068306 169.29394529092167 74.6613749765573
  endloop
endfacet
facet normal 1.0 1.0715872633682008e-13 -5.439266661992375e-26
  outer loop
    vertex 2385.4628700683083 145.39021361211965 74.0101863983464
    vertex 2385.462870068306 169.29394529092167 74.6613749765573
    vertex 2385.4628700683083 145.65994475288247 74.66137497656946
  endloop
endfacet
facet normal 1.0 1.0715872633682008e-13 -5.439266661992375e-26
  outer loop
    vertex 2385.4628700683083 145.65994475288247 74.66137497656946
    vertex 2385.462870068306 169.29394529092167 74.6613749765573
    vertex 2385.462870068306 169.2019450219025 75.36018639833418
  endloop
endfacet
facet normal 1.0 1.0715872633682008e-13 -5.439266661992375e-26
  outer loop
    vertex 2385.4628700683083 145.65994475288247 74.66137497656946
    vertex 2385.462870068306 169.2019450219025 75.36018639833418
    vertex 2385.4628700683083 145.75194502190234 75.36018639834624
  endloop
endfacet
facet normal 1.0 1.0715872633682008e-13 -5.439266661992375e-26
  outer loop
    vertex 2385.4628700683083 145.75194502190234 75.36018639834624
    vertex 2385.462870068306 169.2019450219025 75.36018639833418
    vertex 2385.462870068306 169.2939452909224 76.05899782011092
  endloop
endfacet
facet normal 1.0 1.0715872633682008e-13 -5.439266661992375e-26
  outer loop
    vertex 2385.4628700683083 145.75194502190234 75.36018639834624
    vertex 2385.462870068306 169.2939452909224 76.05899782011092
    vertex 2385.4628700683083 145.6599447528832 76.05899782012308
  endloop
endfacet
facet normal 1.0 1.0715872633682008e-13 -5.439266661992375e-26
  outer loop
    vertex 2385.4628700683083 145.6599447528832 76.05899782012308
    vertex 2385.462870068306 169.2939452909224 76.05899782011092
    vertex 2385.462870068306 169.56367643168522 76.71018639833397
  endloop
endfacet
facet normal 1.0 1.0715872633682008e-13 -5.439266661992375e-26
  outer loop
    vertex 2385.4628700683083 145.6599447528832 76.05899782012308
    vertex 2385.462870068306 169.56367643168522 76.71018639833397
    vertex 2385.4628700683083 145.39021361212104 76.71018639834641
  endloop
endfacet
facet normal 1.0 1.0715872633682008e-13 -5.439266661992375e-26
  outer loop
    vertex 2385.4628700683083 145.39021361212104 76.71018639834641
    vertex 2385.462870068306 169.56367643168522 76.71018639833397
    vertex 2385.462870068306 169.99275671269984 77.26937470753742
  endloop
endfacet
facet normal 1.0 1.0715872633682008e-13 -5.439266661992375e-26
  outer loop
    vertex 2385.4628700683083 145.39021361212104 76.71018639834641
    vertex 2385.462870068306 169.99275671269984 77.26937470753742
    vertex 2385.4628700683083 144.96113333110705 77.2693747075503
  endloop
endfacet
facet normal 1.0 1.0715872633682008e-13 -5.439266661992375e-26
  outer loop
    vertex 2385.4628700683083 144.96113333110705 77.2693747075503
    vertex 2385.462870068306 169.99275671269984 77.26937470753742
    vertex 2385.462870068306 170.55194502190366 77.69845498855148
  endloop
endfacet
facet normal 1.0 1.0715872633682008e-13 -5.439266661992375e-26
  outer loop
    vertex 2385.4628700683083 144.96113333110705 77.2693747075503
    vertex 2385.462870068306 170.55194502190366 77.69845498855148
    vertex 2385.462870068309 144.40194502190351 77.69845498856489
  endloop
endfacet
facet normal 1.0 1.0715872633682008e-13 -5.439266661992375e-26
  outer loop
    vertex 2385.462870068309 144.40194502190351 77.69845498856489
    vertex 2385.462870068306 170.55194502190366 77.69845498855148
    vertex 2385.4628700683056 171.20313360012702 77.96818612931361
  endloop
endfacet
facet normal 1.0 1.0715872633682008e-13 -5.439266661992375e-26
  outer loop
    vertex 2385.462870068309 144.40194502190351 77.69845498856489
    vertex 2385.4628700683056 171.20313360012702 77.96818612931361
    vertex 2385.462870068309 143.7507564436805 77.96818612932778
  endloop
endfacet
facet normal 1.0 1.0715872633682008e-13 -5.439266661992375e-26
  outer loop
    vertex 2385.462870068309 143.7507564436805 77.96818612932778
    vertex 2385.4628700683056 171.20313360012702 77.96818612931361
    vertex 2385.4628700683056 171.90194502190388 78.06018639833277
  endloop
endfacet
facet normal 1.0 1.0715872633682008e-13 -5.439266661992375e-26
  outer loop
    vertex 2385.462870068309 143.7507564436805 77.96818612932778
    vertex 2385.4628700683056 171.90194502190388 78.06018639833277
    vertex 2385.462870068309 143.05194502190378 78.0601863983476
  endloop
endfacet
facet normal 1.0 5.291569475830031e-14 -1.0799403153234873e-15
  outer loop
    vertex 2420.462870068305 198.05194502187993 23.360186398319385
    vertex 2420.4628700683056 195.0519450219328 127.3601863983209
    vertex 2420.462870068305 195.0702710218799 23.36018639832089
  endloop
endfacet
facet normal 1.0 5.291569475830031e-14 -1.0799403153234873e-15
  outer loop
    vertex 2420.4628700683056 195.0519450219328 127.3601863983209
    vertex 2420.462870068305 198.05194502187993 23.360186398319385
    vertex 2420.462870068305 198.0519450219328 127.3601863983194
  endloop
endfacet
facet normal 0.9978589232386025 1.2398180795413148e-13 0.06540312923016046
  outer loop
    vertex 2420.4372046524268 198.05194502193294 127.75176497497957
    vertex 2420.4628700683056 195.0519450219328 127.3601863983209
    vertex 2420.462870068305 198.0519450219328 127.3601863983194
  endloop
endfacet
facet normal 0.9978589232386025 1.2398180795413148e-13 0.06540312923016046
  outer loop
    vertex 2420.4628700683056 195.0519450219328 127.3601863983209
    vertex 2420.4372046524268 198.05194502193294 127.75176497497957
    vertex 2420.4372046524268 195.05194502193297 127.75176497498107
  endloop
endfacet
facet normal 0.9807852804032365 2.04583461287277e-13 0.19509032201609744
  outer loop
    vertex 2420.360647547172 198.0519450219331 128.13664353362697
    vertex 2420.4372046524268 195.05194502193297 127.75176497498107
    vertex 2420.4372046524268 198.05194502193294 127.75176497497957
  endloop
endfacet
facet normal 0.9807852804032365 2.04583461287277e-13 0.19509032201609744
  outer loop
    vertex 2420.4372046524268 195.05194502193297 127.75176497498107
    vertex 2420.360647547172 198.0519450219331 128.13664353362697
    vertex 2420.360647547173 195.0519450219331 128.13664353362847
  endloop
endfacet
facet normal 0.9469301294951052 2.644985415894479e-13 0.32143946530316275
  outer loop
    vertex 2420.2345086658393 198.05194502193328 128.50823669541467
    vertex 2420.360647547173 195.0519450219331 128.13664353362847
    vertex 2420.360647547172 198.0519450219331 128.13664353362697
  endloop
endfacet
facet normal 0.9469301294951052 2.644985415894479e-13 0.32143946530316275
  outer loop
    vertex 2420.360647547173 195.0519450219331 128.13664353362847
    vertex 2420.2345086658393 198.05194502193328 128.50823669541467
    vertex 2420.2345086658393 195.0519450219333 128.50823669541617
  endloop
endfacet
facet normal 0.896872741532674 3.1988797851217047e-13 0.4422886902190301
  outer loop
    vertex 2420.0609462796583 198.05194502193348 128.86018639831943
    vertex 2420.2345086658393 195.0519450219333 128.50823669541617
    vertex 2420.2345086658393 198.05194502193328 128.50823669541467
  endloop
endfacet
facet normal 0.896872741532674 3.1988797851217047e-13 0.4422886902190301
  outer loop
    vertex 2420.2345086658393 195.0519450219333 128.50823669541617
    vertex 2420.0609462796583 198.05194502193348 128.86018639831943
    vertex 2420.0609462796588 195.05194502193348 128.86018639832093
  endloop
endfacet
facet normal 0.8314696123025409 3.698040434328244e-13 0.555570233019609
  outer loop
    vertex 2419.842930089179 198.0519450219336 129.18647068534554
    vertex 2420.0609462796588 195.05194502193348 128.86018639832093
    vertex 2420.0609462796583 198.05194502193348 128.86018639831943
  endloop
endfacet
facet normal 0.8314696123025409 3.698040434328244e-13 0.555570233019609
  outer loop
    vertex 2420.0609462796588 195.05194502193348 128.86018639832093
    vertex 2419.842930089179 198.0519450219336 129.18647068534554
    vertex 2419.8429300891794 195.05194502193362 129.18647068534705
  endloop
endfacet
facet normal 0.7518398074790189 4.133926586412798e-13 0.6593458151000215
  outer loop
    vertex 2419.5841904118647 198.05194502193373 129.48150674187903
    vertex 2419.8429300891794 195.05194502193362 129.18647068534705
    vertex 2419.842930089179 198.0519450219336 129.18647068534554
  endloop
endfacet
facet normal 0.7518398074790189 4.133926586412798e-13 0.6593458151000215
  outer loop
    vertex 2419.8429300891794 195.05194502193362 129.18647068534705
    vertex 2419.5841904118647 198.05194502193373 129.48150674187903
    vertex 2419.584190411865 195.05194502193373 129.48150674188057
  endloop
endfacet
facet normal 0.6593458151000215 4.4990801084634167e-13 0.7518398074790189
  outer loop
    vertex 2419.2891543553314 198.05194502193382 129.74024641919308
    vertex 2419.584190411865 195.05194502193373 129.48150674188057
    vertex 2419.5841904118647 198.05194502193373 129.48150674187903
  endloop
endfacet
facet normal 0.6593458151000215 4.4990801084634167e-13 0.7518398074790189
  outer loop
    vertex 2419.584190411865 195.05194502193373 129.48150674188057
    vertex 2419.2891543553314 198.05194502193382 129.74024641919308
    vertex 2419.289154355332 195.05194502193385 129.7402464191946
  endloop
endfacet
facet normal 0.5555702330195823 4.787253122477102e-13 0.8314696123025586
  outer loop
    vertex 2418.962870068305 198.0519450219339 129.9582626096727
    vertex 2419.289154355332 195.05194502193385 129.7402464191946
    vertex 2419.2891543553314 198.05194502193382 129.74024641919308
  endloop
endfacet
facet normal 0.5555702330195823 4.787253122477102e-13 0.8314696123025586
  outer loop
    vertex 2419.289154355332 195.05194502193385 129.7402464191946
    vertex 2418.962870068305 198.0519450219339 129.9582626096727
    vertex 2418.9628700683056 195.0519450219339 129.95826260967422
  endloop
endfacet
facet normal 0.4422886902190529 4.993514908287881e-13 0.8968727415326628
  outer loop
    vertex 2418.6109203654005 198.05194502193393 130.13182499585326
    vertex 2418.9628700683056 195.0519450219339 129.95826260967422
    vertex 2418.962870068305 198.0519450219339 129.9582626096727
  endloop
endfacet
facet normal 0.4422886902190529 4.993514908287881e-13 0.8968727415326628
  outer loop
    vertex 2418.9628700683056 195.0519450219339 129.95826260967422
    vertex 2418.6109203654005 198.05194502193393 130.13182499585326
    vertex 2418.610920365401 195.05194502193396 130.13182499585477
  endloop
endfacet
facet normal 0.32143946530316275 5.114336269554153e-13 0.9469301294951052
  outer loop
    vertex 2418.2393272036124 198.05194502193396 130.2579638771866
    vertex 2418.610920365401 195.05194502193396 130.13182499585477
    vertex 2418.6109203654005 198.05194502193393 130.13182499585326
  endloop
endfacet
facet normal 0.32143946530316275 5.114336269554153e-13 0.9469301294951052
  outer loop
    vertex 2418.610920365401 195.05194502193396 130.13182499585477
    vertex 2418.2393272036124 198.05194502193396 130.2579638771866
    vertex 2418.239327203613 195.05194502193396 130.2579638771881
  endloop
endfacet
facet normal 0.19509032201610843 5.147649919286383e-13 0.9807852804032344
  outer loop
    vertex 2417.8544486449655 198.05194502193393 130.3345209824408
    vertex 2418.239327203613 195.05194502193396 130.2579638771881
    vertex 2418.2393272036124 198.05194502193396 130.2579638771866
  endloop
endfacet
facet normal 0.19509032201610843 5.147649919286383e-13 0.9807852804032344
  outer loop
    vertex 2418.239327203613 195.05194502193396 130.2579638771881
    vertex 2417.8544486449655 198.05194502193393 130.3345209824408
    vertex 2417.8544486449655 195.05194502193396 130.3345209824423
  endloop
endfacet
facet normal 0.0654031292301567 5.236647674536781e-13 0.9978589232386027
  outer loop
    vertex 2417.462870068305 198.05194502193393 130.3601863983194
    vertex 2417.8544486449655 195.05194502193396 130.3345209824423
    vertex 2417.8544486449655 198.05194502193393 130.3345209824408
  endloop
endfacet
facet normal 0.0654031292301567 5.236647674536781e-13 0.9978589232386027
  outer loop
    vertex 2417.8544486449655 195.05194502193396 130.3345209824423
    vertex 2417.462870068305 198.05194502193393 130.3601863983194
    vertex 2417.4628700683056 195.05194502193393 130.3601863983209
  endloop
endfacet
facet normal 0.0654031292301567 -5.029683437581549e-13 -0.9978589232386027
  outer loop
    vertex 2417.8544486449655 195.0702710218781 20.38585181419947
    vertex 2417.462870068305 198.05194502187808 20.360186398319378
    vertex 2417.8544486449655 198.05194502187814 20.385851814197952
  endloop
endfacet
facet normal 0.0654031292301567 -5.029683437581549e-13 -0.9978589232386027
  outer loop
    vertex 2417.462870068305 198.05194502187808 20.360186398319378
    vertex 2417.8544486449655 195.0702710218781 20.38585181419947
    vertex 2417.462870068305 195.07027102187803 20.360186398320895
  endloop
endfacet
facet normal 0.19509032201613608 -4.75145590767169e-13 -0.9807852804032289
  outer loop
    vertex 2418.2393272036124 195.07027102187814 20.462408919453697
    vertex 2417.8544486449655 198.05194502187814 20.385851814197952
    vertex 2418.2393272036124 198.05194502187817 20.46240891945218
  endloop
endfacet
facet normal 0.19509032201613608 -4.75145590767169e-13 -0.9807852804032289
  outer loop
    vertex 2417.8544486449655 198.05194502187814 20.385851814197952
    vertex 2418.2393272036124 195.07027102187814 20.462408919453697
    vertex 2417.8544486449655 195.0702710218781 20.38585181419947
  endloop
endfacet
facet normal 0.3214394653031563 -4.4460813403833117e-13 -0.9469301294951075
  outer loop
    vertex 2418.6109203654005 195.07027102187826 20.58854780078703
    vertex 2418.2393272036124 198.05194502187817 20.46240891945218
    vertex 2418.6109203654005 198.05194502187828 20.588547800785527
  endloop
endfacet
facet normal 0.3214394653031563 -4.4460813403833117e-13 -0.9469301294951075
  outer loop
    vertex 2418.2393272036124 198.05194502187817 20.46240891945218
    vertex 2418.6109203654005 195.07027102187826 20.58854780078703
    vertex 2418.2393272036124 195.07027102187814 20.462408919453697
  endloop
endfacet
facet normal 0.4422886902189785 -4.064633088674383e-13 -0.8968727415326997
  outer loop
    vertex 2418.962870068305 195.07027102187837 20.76211018696758
    vertex 2418.6109203654005 198.05194502187828 20.588547800785527
    vertex 2418.962870068305 198.05194502187842 20.762110186966073
  endloop
endfacet
facet normal 0.4422886902189785 -4.064633088674383e-13 -0.8968727415326997
  outer loop
    vertex 2418.6109203654005 198.05194502187828 20.588547800785527
    vertex 2418.962870068305 195.07027102187837 20.76211018696758
    vertex 2418.6109203654005 195.07027102187826 20.58854780078703
  endloop
endfacet
facet normal 0.5555702330196404 -3.6136378378887246e-13 -0.8314696123025198
  outer loop
    vertex 2419.2891543553314 195.07027102187854 20.98012637744719
    vertex 2418.962870068305 198.05194502187842 20.762110186966073
    vertex 2419.2891543553314 198.0519450218786 20.980126377445682
  endloop
endfacet
facet normal 0.5555702330196404 -3.6136378378887246e-13 -0.8314696123025198
  outer loop
    vertex 2418.962870068305 198.05194502187842 20.762110186966073
    vertex 2419.2891543553314 195.07027102187854 20.98012637744719
    vertex 2418.962870068305 195.07027102187837 20.76211018696758
  endloop
endfacet
facet normal 0.6593458151000459 -3.100812241807642e-13 -0.7518398074789975
  outer loop
    vertex 2419.584190411865 195.07027102187868 21.238866054761253
    vertex 2419.2891543553314 198.0519450218786 20.980126377445682
    vertex 2419.5841904118647 198.0519450218787 21.238866054759743
  endloop
endfacet
facet normal 0.6593458151000459 -3.100812241807642e-13 -0.7518398074789975
  outer loop
    vertex 2419.2891543553314 198.0519450218786 20.980126377445682
    vertex 2419.584190411865 195.07027102187868 21.238866054761253
    vertex 2419.2891543553314 195.07027102187854 20.98012637744719
  endloop
endfacet
facet normal 0.7518398074790033 -2.53493088856107e-13 -0.6593458151000394
  outer loop
    vertex 2419.5841904118647 198.0519450218787 21.238866054759743
    vertex 2419.842930089179 195.0702710218789 21.533902111294736
    vertex 2419.584190411865 195.07027102187868 21.238866054761253
  endloop
endfacet
facet normal 0.7518398074790033 -2.53493088856107e-13 -0.6593458151000394
  outer loop
    vertex 2419.842930089179 195.0702710218789 21.533902111294736
    vertex 2419.5841904118647 198.0519450218787 21.238866054759743
    vertex 2419.842930089179 198.05194502187894 21.53390211129322
  endloop
endfacet
facet normal 0.8314696123025452 -1.925676164996071e-13 -0.5555702330196022
  outer loop
    vertex 2420.0609462796583 198.05194502187908 21.860186398319385
    vertex 2419.842930089179 195.0702710218789 21.533902111294736
    vertex 2419.842930089179 198.05194502187894 21.53390211129322
  endloop
endfacet
facet normal 0.8314696123025452 -1.925676164996071e-13 -0.5555702330196022
  outer loop
    vertex 2419.842930089179 195.0702710218789 21.533902111294736
    vertex 2420.0609462796583 198.05194502187908 21.860186398319385
    vertex 2420.0609462796583 195.07027102187902 21.86018639832089
  endloop
endfacet
facet normal 0.896872741532674 -1.2834725883496757e-13 -0.4422886902190301
  outer loop
    vertex 2420.0609462796583 198.05194502187908 21.860186398319385
    vertex 2420.2345086658393 195.07027102187925 22.212136101225624
    vertex 2420.0609462796583 195.07027102187902 21.86018639832089
  endloop
endfacet
facet normal 0.896872741532674 -1.2834725883496757e-13 -0.4422886902190301
  outer loop
    vertex 2420.2345086658393 195.07027102187925 22.212136101225624
    vertex 2420.0609462796583 198.05194502187908 21.860186398319385
    vertex 2420.2345086658393 198.0519450218793 22.212136101224118
  endloop
endfacet
facet normal 0.9469301294951047 -6.193084398704874e-14 -0.321439465303165
  outer loop
    vertex 2420.2345086658393 198.0519450218793 22.212136101224118
    vertex 2420.3606475471724 195.07027102187945 22.583729263013332
    vertex 2420.2345086658393 195.07027102187925 22.212136101225624
  endloop
endfacet
facet normal 0.9469301294951047 -6.193084398704874e-14 -0.321439465303165
  outer loop
    vertex 2420.3606475471724 195.07027102187945 22.583729263013332
    vertex 2420.2345086658393 198.0519450218793 22.212136101224118
    vertex 2420.360647547172 198.05194502187948 22.583729263011822
  endloop
endfacet
facet normal 0.980785280403236 5.54522477196464e-15 -0.19509032201610016
  outer loop
    vertex 2420.360647547172 198.05194502187948 22.583729263011822
    vertex 2420.4372046524268 195.07027102187968 22.968607821660733
    vertex 2420.3606475471724 195.07027102187945 22.583729263013332
  endloop
endfacet
facet normal 0.980785280403236 5.54522477196464e-15 -0.19509032201610016
  outer loop
    vertex 2420.4372046524268 195.07027102187968 22.968607821660733
    vertex 2420.360647547172 198.05194502187948 22.583729263011822
    vertex 2420.4372046524268 198.05194502187973 22.968607821659226
  endloop
endfacet
facet normal 0.9978589232386025 -1.793121627348297e-14 -0.06540312923015904
  outer loop
    vertex 2420.4372046524268 198.05194502187973 22.968607821659226
    vertex 2420.462870068305 195.0702710218799 23.36018639832089
    vertex 2420.4372046524268 195.07027102187968 22.968607821660733
  endloop
endfacet
facet normal 0.9978589232386025 -1.793121627348297e-14 -0.06540312923015904
  outer loop
    vertex 2420.462870068305 195.0702710218799 23.36018639832089
    vertex 2420.4372046524268 198.05194502187973 22.968607821659226
    vertex 2420.462870068305 198.05194502187993 23.360186398319385
  endloop
endfacet
facet normal 0.9914448613738073 1.7405296734204784e-13 0.13052619222007575
  outer loop
    vertex 2399.7628700683053 200.05194502190406 75.36018639831838
    vertex 2399.854870337323 195.06170359374937 74.66137497654414
    vertex 2399.8548703373244 200.05194502190372 74.66137497654157
  endloop
endfacet
facet normal 0.9914448613738073 1.7405296734204784e-13 0.13052619222007575
  outer loop
    vertex 2399.854870337323 195.06170359374937 74.66137497654414
    vertex 2399.7628700683053 200.05194502190406 75.36018639831838
    vertex 2399.7628700683035 195.06170359374977 75.36018639832095
  endloop
endfacet
facet normal 0.9914448613738073 4.1624125186907376e-14 -0.13052619222007575
  outer loop
    vertex 2399.8548703373244 200.0519450219044 76.05899782009519
    vertex 2399.7628700683035 195.06170359374977 75.36018639832095
    vertex 2399.7628700683053 200.05194502190406 75.36018639831838
  endloop
endfacet
facet normal 0.9914448613738073 4.1624125186907376e-14 -0.13052619222007575
  outer loop
    vertex 2399.7628700683035 195.06170359374977 75.36018639832095
    vertex 2399.8548703373244 200.0519450219044 76.05899782009519
    vertex 2399.854870337323 195.0617035937501 76.05899782009776
  endloop
endfacet
facet normal 0.9238795325112835 -9.364133231256973e-14 -0.38268343236509766
  outer loop
    vertex 2400.1246014780872 200.05194502190474 76.71018639831838
    vertex 2399.854870337323 195.0617035937501 76.05899782009776
    vertex 2399.8548703373244 200.0519450219044 76.05899782009519
  endloop
endfacet
facet normal 0.9238795325112835 -9.364133231256973e-14 -0.38268343236509766
  outer loop
    vertex 2399.854870337323 195.0617035937501 76.05899782009776
    vertex 2400.1246014780872 200.05194502190474 76.71018639831838
    vertex 2400.1246014780854 195.06170359375045 76.71018639832096
  endloop
endfacet
facet normal 0.793353340291279 -2.22525287764534e-13 -0.6087614290086635
  outer loop
    vertex 2400.5536817591014 200.05194502190514 77.26937470752206
    vertex 2400.1246014780854 195.06170359375045 76.71018639832096
    vertex 2400.1246014780872 200.05194502190474 76.71018639831838
  endloop
endfacet
facet normal 0.793353340291279 -2.22525287764534e-13 -0.6087614290086635
  outer loop
    vertex 2400.1246014780854 195.06170359375045 76.71018639832096
    vertex 2400.5536817591014 200.05194502190514 77.26937470752206
    vertex 2400.5536817590996 195.06170359375082 77.26937470752463
  endloop
endfacet
facet normal 0.608761429008662 -3.3624451259586957e-13 -0.7933533402912801
  outer loop
    vertex 2401.1128700683034 195.06170359375105 77.69845498853894
    vertex 2400.5536817591014 200.05194502190514 77.26937470752206
    vertex 2401.112870068305 200.05194502190537 77.69845498853637
  endloop
endfacet
facet normal 0.608761429008662 -3.3624451259586957e-13 -0.7933533402912801
  outer loop
    vertex 2400.5536817591014 200.05194502190514 77.26937470752206
    vertex 2401.1128700683034 195.06170359375105 77.69845498853894
    vertex 2400.5536817590996 195.06170359375082 77.26937470752463
  endloop
endfacet
facet normal 0.3826834323651373 -4.270492295640213e-13 -0.9238795325112671
  outer loop
    vertex 2401.764058646527 195.06170359375125 77.96818612930146
    vertex 2401.112870068305 200.05194502190537 77.69845498853637
    vertex 2401.764058646528 200.05194502190557 77.96818612929889
  endloop
endfacet
facet normal 0.3826834323651373 -4.270492295640213e-13 -0.9238795325112671
  outer loop
    vertex 2401.112870068305 200.05194502190537 77.69845498853637
    vertex 2401.764058646527 195.06170359375125 77.96818612930146
    vertex 2401.1128700683034 195.06170359375105 77.69845498853894
  endloop
endfacet
facet normal 0.13052619222003806 -4.887512472696658e-13 -0.9914448613738122
  outer loop
    vertex 2402.4628700683033 195.0617035937514 78.06018639832097
    vertex 2401.764058646528 200.05194502190557 77.96818612929889
    vertex 2402.462870068305 200.05194502190568 78.0601863983184
  endloop
endfacet
facet normal 0.13052619222003806 -4.887512472696658e-13 -0.9914448613738122
  outer loop
    vertex 2401.764058646528 200.05194502190557 77.96818612929889
    vertex 2402.4628700683033 195.0617035937514 78.06018639832097
    vertex 2401.764058646527 195.06170359375125 77.96818612930146
  endloop
endfacet
facet normal -0.13052619222005382 -5.171456751734886e-13 -0.9914448613738102
  outer loop
    vertex 2403.1616814900804 195.0617035937514 77.96818612930144
    vertex 2402.462870068305 200.05194502190568 78.0601863983184
    vertex 2403.1616814900817 200.05194502190574 77.96818612929887
  endloop
endfacet
facet normal -0.13052619222005382 -5.171456751734886e-13 -0.9914448613738102
  outer loop
    vertex 2402.462870068305 200.05194502190568 78.0601863983184
    vertex 2403.1616814900804 195.0617035937514 77.96818612930144
    vertex 2402.4628700683033 195.0617035937514 78.06018639832097
  endloop
endfacet
facet normal -0.38268343236507835 -5.102974799378775e-13 -0.9238795325112915
  outer loop
    vertex 2403.8128700683037 195.06170359375136 77.69845498853894
    vertex 2403.1616814900817 200.05194502190574 77.96818612929887
    vertex 2403.812870068305 200.05194502190565 77.69845498853637
  endloop
endfacet
facet normal -0.38268343236507835 -5.102974799378775e-13 -0.9238795325112915
  outer loop
    vertex 2403.1616814900817 200.05194502190574 77.96818612929887
    vertex 2403.8128700683037 195.06170359375136 77.69845498853894
    vertex 2403.1616814900804 195.0617035937514 77.96818612930144
  endloop
endfacet
facet normal -0.6087614290087239 -4.686733547509554e-13 -0.7933533402912326
  outer loop
    vertex 2404.372058377507 195.06170359375122 77.26937470752463
    vertex 2403.812870068305 200.05194502190565 77.69845498853637
    vertex 2404.372058377509 200.05194502190557 77.26937470752206
  endloop
endfacet
facet normal -0.6087614290087239 -4.686733547509554e-13 -0.7933533402912326
  outer loop
    vertex 2403.812870068305 200.05194502190565 77.69845498853637
    vertex 2404.372058377507 195.06170359375122 77.26937470752463
    vertex 2403.8128700683037 195.06170359375136 77.69845498853894
  endloop
endfacet
facet normal -0.793353340291279 -3.951099149570739e-13 -0.6087614290086635
  outer loop
    vertex 2404.8011386585213 195.06170359375093 76.71018639832096
    vertex 2404.372058377509 200.05194502190557 77.26937470752206
    vertex 2404.8011386585226 200.05194502190528 76.71018639831838
  endloop
endfacet
facet normal -0.793353340291279 -3.951099149570739e-13 -0.6087614290086635
  outer loop
    vertex 2404.372058377509 200.05194502190557 77.26937470752206
    vertex 2404.8011386585213 195.06170359375093 76.71018639832096
    vertex 2404.372058377507 195.06170359375122 77.26937470752463
  endloop
endfacet
facet normal -0.9238795325112835 -2.946203874089243e-13 -0.38268343236509766
  outer loop
    vertex 2405.070869799284 195.06170359375065 76.05899782009776
    vertex 2404.8011386585226 200.05194502190528 76.71018639831838
    vertex 2405.0708697992854 200.05194502190494 76.05899782009519
  endloop
endfacet
facet normal -0.9238795325112835 -2.946203874089243e-13 -0.38268343236509766
  outer loop
    vertex 2404.8011386585226 200.05194502190528 76.71018639831838
    vertex 2405.070869799284 195.06170359375065 76.05899782009776
    vertex 2404.8011386585213 195.06170359375093 76.71018639832096
  endloop
endfacet
facet normal -0.9914448613738073 -1.7405296734204784e-13 -0.13052619222007575
  outer loop
    vertex 2405.162870068303 195.06170359375037 75.36018639832095
    vertex 2405.0708697992854 200.05194502190494 76.05899782009519
    vertex 2405.162870068305 200.05194502190466 75.36018639831838
  endloop
endfacet
facet normal -0.9914448613738073 -1.7405296734204784e-13 -0.13052619222007575
  outer loop
    vertex 2405.0708697992854 200.05194502190494 76.05899782009519
    vertex 2405.162870068303 195.06170359375037 75.36018639832095
    vertex 2405.070869799284 195.06170359375065 76.05899782009776
  endloop
endfacet
facet normal -0.9914448613738073 -4.1624125186907376e-14 0.13052619222007575
  outer loop
    vertex 2405.070869799284 195.06170359374994 74.66137497654414
    vertex 2405.162870068305 200.05194502190466 75.36018639831838
    vertex 2405.0708697992854 200.05194502190426 74.66137497654157
  endloop
endfacet
facet normal -0.9914448613738073 -4.1624125186907376e-14 0.13052619222007575
  outer loop
    vertex 2405.162870068305 200.05194502190466 75.36018639831838
    vertex 2405.070869799284 195.06170359374994 74.66137497654414
    vertex 2405.162870068303 195.06170359375037 75.36018639832095
  endloop
endfacet
facet normal -0.9238795325112835 9.364133231256973e-14 0.38268343236509766
  outer loop
    vertex 2404.8011386585213 195.0617035937496 74.01018639832094
    vertex 2405.0708697992854 200.05194502190426 74.66137497654157
    vertex 2404.8011386585226 200.05194502190392 74.01018639831837
  endloop
endfacet
facet normal -0.9238795325112835 9.364133231256973e-14 0.38268343236509766
  outer loop
    vertex 2405.0708697992854 200.05194502190426 74.66137497654157
    vertex 2404.8011386585213 195.0617035937496 74.01018639832094
    vertex 2405.070869799284 195.06170359374994 74.66137497654414
  endloop
endfacet
facet normal -0.793353340291279 2.22525287764534e-13 0.6087614290086635
  outer loop
    vertex 2404.372058377507 195.06170359374926 73.45099808911726
    vertex 2404.8011386585226 200.05194502190392 74.01018639831837
    vertex 2404.372058377509 200.0519450219036 73.45099808911469
  endloop
endfacet
facet normal -0.793353340291279 2.22525287764534e-13 0.6087614290086635
  outer loop
    vertex 2404.8011386585226 200.05194502190392 74.01018639831837
    vertex 2404.372058377507 195.06170359374926 73.45099808911726
    vertex 2404.8011386585213 195.0617035937496 74.01018639832094
  endloop
endfacet
facet normal -0.608761429008662 3.3624451259586957e-13 0.7933533402912801
  outer loop
    vertex 2403.812870068305 200.0519450219033 73.02191780810038
    vertex 2404.372058377507 195.06170359374926 73.45099808911726
    vertex 2404.372058377509 200.0519450219036 73.45099808911469
  endloop
endfacet
facet normal -0.608761429008662 3.3624451259586957e-13 0.7933533402912801
  outer loop
    vertex 2404.372058377507 195.06170359374926 73.45099808911726
    vertex 2403.812870068305 200.0519450219033 73.02191780810038
    vertex 2403.8128700683037 195.06170359374897 73.02191780810296
  endloop
endfacet
facet normal -0.3826834323651373 4.270492295640213e-13 0.9238795325112671
  outer loop
    vertex 2403.1616814900817 200.0519450219031 72.75218666733787
    vertex 2403.8128700683037 195.06170359374897 73.02191780810296
    vertex 2403.812870068305 200.0519450219033 73.02191780810038
  endloop
endfacet
facet normal -0.3826834323651373 4.270492295640213e-13 0.9238795325112671
  outer loop
    vertex 2403.8128700683037 195.06170359374897 73.02191780810296
    vertex 2403.1616814900817 200.0519450219031 72.75218666733787
    vertex 2403.1616814900804 195.0617035937488 72.75218666734044
  endloop
endfacet
facet normal -0.13052619222003806 4.887512472696658e-13 0.9914448613738122
  outer loop
    vertex 2402.462870068305 200.05194502190295 72.66018639831836
    vertex 2403.1616814900804 195.0617035937488 72.75218666734044
    vertex 2403.1616814900817 200.0519450219031 72.75218666733787
  endloop
endfacet
facet normal -0.13052619222003806 4.887512472696658e-13 0.9914448613738122
  outer loop
    vertex 2403.1616814900804 195.0617035937488 72.75218666734044
    vertex 2402.462870068305 200.05194502190295 72.66018639831836
    vertex 2402.4628700683033 195.06170359374866 72.66018639832093
  endloop
endfacet
facet normal 0.13052619222003806 5.171456751734879e-13 0.9914448613738122
  outer loop
    vertex 2401.764058646528 200.05194502190292 72.75218666733787
    vertex 2402.4628700683033 195.06170359374866 72.66018639832093
    vertex 2402.462870068305 200.05194502190295 72.66018639831836
  endloop
endfacet
facet normal 0.13052619222003806 5.171456751734879e-13 0.9914448613738122
  outer loop
    vertex 2402.4628700683033 195.06170359374866 72.66018639832093
    vertex 2401.764058646528 200.05194502190292 72.75218666733787
    vertex 2401.764058646527 195.06170359374863 72.75218666734044
  endloop
endfacet
facet normal 0.382683432365092 5.102974799378761e-13 0.9238795325112859
  outer loop
    vertex 2401.112870068305 200.051945021903 73.02191780810038
    vertex 2401.764058646527 195.06170359374863 72.75218666734044
    vertex 2401.764058646528 200.05194502190292 72.75218666733787
  endloop
endfacet
facet normal 0.382683432365092 5.102974799378761e-13 0.9238795325112859
  outer loop
    vertex 2401.764058646527 195.06170359374863 72.75218666734044
    vertex 2401.112870068305 200.051945021903 73.02191780810038
    vertex 2401.1128700683034 195.06170359374872 73.02191780810296
  endloop
endfacet
facet normal 0.6087614290087239 4.686733547509554e-13 0.7933533402912326
  outer loop
    vertex 2400.5536817591014 200.05194502190318 73.45099808911469
    vertex 2401.1128700683034 195.06170359374872 73.02191780810296
    vertex 2401.112870068305 200.051945021903 73.02191780810038
  endloop
endfacet
facet normal 0.6087614290087239 4.686733547509554e-13 0.7933533402912326
  outer loop
    vertex 2401.1128700683034 195.06170359374872 73.02191780810296
    vertex 2400.5536817591014 200.05194502190318 73.45099808911469
    vertex 2400.5536817590996 195.06170359374886 73.45099808911726
  endloop
endfacet
facet normal 0.793353340291279 3.951099149570739e-13 0.6087614290086635
  outer loop
    vertex 2400.1246014780872 200.05194502190338 74.01018639831837
    vertex 2400.5536817590996 195.06170359374886 73.45099808911726
    vertex 2400.5536817591014 200.05194502190318 73.45099808911469
  endloop
endfacet
facet normal 0.793353340291279 3.951099149570739e-13 0.6087614290086635
  outer loop
    vertex 2400.5536817590996 195.06170359374886 73.45099808911726
    vertex 2400.1246014780872 200.05194502190338 74.01018639831837
    vertex 2400.1246014780854 195.06170359374906 74.01018639832094
  endloop
endfacet
facet normal 0.9238795325112835 2.946203874089243e-13 0.38268343236509766
  outer loop
    vertex 2399.8548703373244 200.05194502190372 74.66137497654157
    vertex 2400.1246014780854 195.06170359374906 74.01018639832094
    vertex 2400.1246014780872 200.05194502190338 74.01018639831837
  endloop
endfacet
facet normal 0.9238795325112835 2.946203874089243e-13 0.38268343236509766
  outer loop
    vertex 2400.1246014780854 195.06170359374906 74.01018639832094
    vertex 2399.8548703373244 200.05194502190372 74.66137497654157
    vertex 2399.854870337323 195.06170359374937 74.66137497654414
  endloop
endfacet
facet normal 6.062638294716832e-05 -0.9999999857752673 -0.00015739729087545595
  outer loop
    vertex 2385.462870068306 195.05194502187456 20.360186398320913
    vertex 2399.854870337323 195.06170359374937 74.66137497654414
    vertex 2385.462870068306 195.05194502193038 130.36018639832085
  endloop
endfacet
facet normal 6.062638294716832e-05 -0.9999999857752673 -0.00015739729087545595
  outer loop
    vertex 2399.854870337323 195.06170359374937 74.66137497654414
    vertex 2385.462870068306 195.05194502187456 20.360186398320913
    vertex 2417.462870068305 195.07027102187803 20.360186398320895
  endloop
endfacet
facet normal 6.062638294716832e-05 -0.9999999857752673 -0.00015739729087545595
  outer loop
    vertex 2385.462870068306 195.05194502193038 130.36018639832085
    vertex 2399.854870337323 195.06170359374937 74.66137497654414
    vertex 2399.7628700683035 195.06170359374977 75.36018639832095
  endloop
endfacet
facet normal 6.062638294716832e-05 -0.9999999857752673 -0.00015739729087545595
  outer loop
    vertex 2399.854870337323 195.06170359374937 74.66137497654414
    vertex 2417.462870068305 195.07027102187803 20.360186398320895
    vertex 2400.1246014780854 195.06170359374906 74.01018639832094
  endloop
endfacet
facet normal 6.062638294716832e-05 -0.9999999857752673 -0.00015739729087545595
  outer loop
    vertex 2400.1246014780854 195.06170359374906 74.01018639832094
    vertex 2417.462870068305 195.07027102187803 20.360186398320895
    vertex 2400.5536817590996 195.06170359374886 73.45099808911726
  endloop
endfacet
facet normal 6.062638294716832e-05 -0.9999999857752673 -0.00015739729087545595
  outer loop
    vertex 2400.5536817590996 195.06170359374886 73.45099808911726
    vertex 2417.462870068305 195.07027102187803 20.360186398320895
    vertex 2401.1128700683034 195.06170359374872 73.02191780810296
  endloop
endfacet
facet normal 6.062638294716832e-05 -0.9999999857752673 -0.00015739729087545595
  outer loop
    vertex 2401.1128700683034 195.06170359374872 73.02191780810296
    vertex 2417.462870068305 195.07027102187803 20.360186398320895
    vertex 2401.764058646527 195.06170359374863 72.75218666734044
  endloop
endfacet
facet normal 6.062638294716832e-05 -0.9999999857752673 -0.00015739729087545595
  outer loop
    vertex 2401.764058646527 195.06170359374863 72.75218666734044
    vertex 2417.462870068305 195.07027102187803 20.360186398320895
    vertex 2402.4628700683033 195.06170359374866 72.66018639832093
  endloop
endfacet
facet normal 6.062638294716832e-05 -0.9999999857752673 -0.00015739729087545595
  outer loop
    vertex 2402.4628700683033 195.06170359374866 72.66018639832093
    vertex 2417.462870068305 195.07027102187803 20.360186398320895
    vertex 2403.1616814900804 195.0617035937488 72.75218666734044
  endloop
endfacet
facet normal 6.062638294716832e-05 -0.9999999857752673 -0.00015739729087545595
  outer loop
    vertex 2403.1616814900804 195.0617035937488 72.75218666734044
    vertex 2417.462870068305 195.07027102187803 20.360186398320895
    vertex 2403.8128700683037 195.06170359374897 73.02191780810296
  endloop
endfacet
facet normal 6.062638294716832e-05 -0.9999999857752673 -0.00015739729087545595
  outer loop
    vertex 2403.8128700683037 195.06170359374897 73.02191780810296
    vertex 2417.462870068305 195.07027102187803 20.360186398320895
    vertex 2404.372058377507 195.06170359374926 73.45099808911726
  endloop
endfacet
facet normal 6.062638294716832e-05 -0.9999999857752673 -0.00015739729087545595
  outer loop
    vertex 2404.372058377507 195.06170359374926 73.45099808911726
    vertex 2417.462870068305 195.07027102187803 20.360186398320895
    vertex 2404.8011386585213 195.0617035937496 74.01018639832094
  endloop
endfacet
facet normal 6.062638294716832e-05 -0.9999999857752673 -0.00015739729087545595
  outer loop
    vertex 2404.8011386585213 195.0617035937496 74.01018639832094
    vertex 2417.462870068305 195.07027102187803 20.360186398320895
    vertex 2405.070869799284 195.06170359374994 74.66137497654414
  endloop
endfacet
facet normal 6.062638294716832e-05 -0.9999999857752673 -0.00015739729087545595
  outer loop
    vertex 2405.070869799284 195.06170359374994 74.66137497654414
    vertex 2417.462870068305 195.07027102187803 20.360186398320895
    vertex 2405.162870068303 195.06170359375037 75.36018639832095
  endloop
endfacet
facet normal 6.062638294716832e-05 -0.9999999857752673 -0.00015739729087545595
  outer loop
    vertex 2385.462870068306 195.05194502193038 130.36018639832085
    vertex 2399.854870337323 195.0617035937501 76.05899782009776
    vertex 2417.4628700683056 195.05194502193393 130.3601863983209
  endloop
endfacet
facet normal 6.062638294716832e-05 -0.9999999857752673 -0.00015739729087545595
  outer loop
    vertex 2399.854870337323 195.0617035937501 76.05899782009776
    vertex 2385.462870068306 195.05194502193038 130.36018639832085
    vertex 2399.7628700683035 195.06170359374977 75.36018639832095
  endloop
endfacet
facet normal 6.062638294716832e-05 -0.9999999857752673 -0.00015739729087545595
  outer loop
    vertex 2417.4628700683056 195.05194502193393 130.3601863983209
    vertex 2399.854870337323 195.0617035937501 76.05899782009776
    vertex 2400.1246014780854 195.06170359375045 76.71018639832096
  endloop
endfacet
facet normal 6.062638294716832e-05 -0.9999999857752673 -0.00015739729087545595
  outer loop
    vertex 2417.4628700683056 195.05194502193393 130.3601863983209
    vertex 2400.1246014780854 195.06170359375045 76.71018639832096
    vertex 2400.5536817590996 195.06170359375082 77.26937470752463
  endloop
endfacet
facet normal 6.062638294716832e-05 -0.9999999857752673 -0.00015739729087545595
  outer loop
    vertex 2417.4628700683056 195.05194502193393 130.3601863983209
    vertex 2400.5536817590996 195.06170359375082 77.26937470752463
    vertex 2401.1128700683034 195.06170359375105 77.69845498853894
  endloop
endfacet
facet normal 6.062638294716832e-05 -0.9999999857752673 -0.00015739729087545595
  outer loop
    vertex 2417.4628700683056 195.05194502193393 130.3601863983209
    vertex 2401.1128700683034 195.06170359375105 77.69845498853894
    vertex 2401.764058646527 195.06170359375125 77.96818612930146
  endloop
endfacet
facet normal 6.062638294716832e-05 -0.9999999857752673 -0.00015739729087545595
  outer loop
    vertex 2417.4628700683056 195.05194502193393 130.3601863983209
    vertex 2401.764058646527 195.06170359375125 77.96818612930146
    vertex 2402.4628700683033 195.0617035937514 78.06018639832097
  endloop
endfacet
facet normal 6.062638294716832e-05 -0.9999999857752673 -0.00015739729087545595
  outer loop
    vertex 2417.4628700683056 195.05194502193393 130.3601863983209
    vertex 2402.4628700683033 195.0617035937514 78.06018639832097
    vertex 2403.1616814900804 195.0617035937514 77.96818612930144
  endloop
endfacet
facet normal 6.062638294716832e-05 -0.9999999857752673 -0.00015739729087545595
  outer loop
    vertex 2417.4628700683056 195.05194502193393 130.3601863983209
    vertex 2403.1616814900804 195.0617035937514 77.96818612930144
    vertex 2403.8128700683037 195.06170359375136 77.69845498853894
  endloop
endfacet
facet normal 6.062638294716832e-05 -0.9999999857752673 -0.00015739729087545595
  outer loop
    vertex 2417.4628700683056 195.05194502193393 130.3601863983209
    vertex 2403.8128700683037 195.06170359375136 77.69845498853894
    vertex 2404.372058377507 195.06170359375122 77.26937470752463
  endloop
endfacet
facet normal 6.062638294716832e-05 -0.9999999857752673 -0.00015739729087545595
  outer loop
    vertex 2417.4628700683056 195.05194502193393 130.3601863983209
    vertex 2404.372058377507 195.06170359375122 77.26937470752463
    vertex 2404.8011386585213 195.06170359375093 76.71018639832096
  endloop
endfacet
facet normal 6.062638294716832e-05 -0.9999999857752673 -0.00015739729087545595
  outer loop
    vertex 2417.4628700683056 195.05194502193393 130.3601863983209
    vertex 2404.8011386585213 195.06170359375093 76.71018639832096
    vertex 2405.070869799284 195.06170359375065 76.05899782009776
  endloop
endfacet
facet normal 6.062638294716832e-05 -0.9999999857752673 -0.00015739729087545595
  outer loop
    vertex 2417.4628700683056 195.05194502193393 130.3601863983209
    vertex 2405.070869799284 195.06170359375065 76.05899782009776
    vertex 2405.162870068303 195.06170359375037 75.36018639832095
  endloop
endfacet
facet normal 6.062638294716832e-05 -0.9999999857752673 -0.00015739729087545595
  outer loop
    vertex 2417.4628700683056 195.05194502193393 130.3601863983209
    vertex 2405.162870068303 195.06170359375037 75.36018639832095
    vertex 2417.462870068305 195.07027102187803 20.360186398320895
  endloop
endfacet
facet normal 6.062638294716832e-05 -0.9999999857752673 -0.00015739729087545595
  outer loop
    vertex 2417.4628700683056 195.05194502193393 130.3601863983209
    vertex 2417.462870068305 195.07027102187803 20.360186398320895
    vertex 2417.8544486449655 195.0702710218781 20.38585181419947
  endloop
endfacet
facet normal 6.062638294716832e-05 -0.9999999857752673 -0.00015739729087545595
  outer loop
    vertex 2417.4628700683056 195.05194502193393 130.3601863983209
    vertex 2417.8544486449655 195.0702710218781 20.38585181419947
    vertex 2417.8544486449655 195.05194502193396 130.3345209824423
  endloop
endfacet
facet normal 6.062638294716832e-05 -0.9999999857752673 -0.00015739729087545595
  outer loop
    vertex 2417.8544486449655 195.05194502193396 130.3345209824423
    vertex 2417.8544486449655 195.0702710218781 20.38585181419947
    vertex 2418.2393272036124 195.07027102187814 20.462408919453697
  endloop
endfacet
facet normal 6.062638294716832e-05 -0.9999999857752673 -0.00015739729087545595
  outer loop
    vertex 2417.8544486449655 195.05194502193396 130.3345209824423
    vertex 2418.2393272036124 195.07027102187814 20.462408919453697
    vertex 2418.239327203613 195.05194502193396 130.2579638771881
  endloop
endfacet
facet normal 6.062638294716832e-05 -0.9999999857752673 -0.00015739729087545595
  outer loop
    vertex 2418.239327203613 195.05194502193396 130.2579638771881
    vertex 2418.2393272036124 195.07027102187814 20.462408919453697
    vertex 2418.6109203654005 195.07027102187826 20.58854780078703
  endloop
endfacet
facet normal 6.062638294716832e-05 -0.9999999857752673 -0.00015739729087545595
  outer loop
    vertex 2418.239327203613 195.05194502193396 130.2579638771881
    vertex 2418.6109203654005 195.07027102187826 20.58854780078703
    vertex 2418.610920365401 195.05194502193396 130.13182499585477
  endloop
endfacet
facet normal 6.062638294716832e-05 -0.9999999857752673 -0.00015739729087545595
  outer loop
    vertex 2418.610920365401 195.05194502193396 130.13182499585477
    vertex 2418.6109203654005 195.07027102187826 20.58854780078703
    vertex 2418.962870068305 195.07027102187837 20.76211018696758
  endloop
endfacet
facet normal 6.062638294716832e-05 -0.9999999857752673 -0.00015739729087545595
  outer loop
    vertex 2418.610920365401 195.05194502193396 130.13182499585477
    vertex 2418.962870068305 195.07027102187837 20.76211018696758
    vertex 2418.9628700683056 195.0519450219339 129.95826260967422
  endloop
endfacet
facet normal 6.062638294716832e-05 -0.9999999857752673 -0.00015739729087545595
  outer loop
    vertex 2418.9628700683056 195.0519450219339 129.95826260967422
    vertex 2418.962870068305 195.07027102187837 20.76211018696758
    vertex 2419.2891543553314 195.07027102187854 20.98012637744719
  endloop
endfacet
facet normal 6.062638294716832e-05 -0.9999999857752673 -0.00015739729087545595
  outer loop
    vertex 2418.9628700683056 195.0519450219339 129.95826260967422
    vertex 2419.2891543553314 195.07027102187854 20.98012637744719
    vertex 2419.289154355332 195.05194502193385 129.7402464191946
  endloop
endfacet
facet normal 6.062638294716832e-05 -0.9999999857752673 -0.00015739729087545595
  outer loop
    vertex 2419.289154355332 195.05194502193385 129.7402464191946
    vertex 2419.2891543553314 195.07027102187854 20.98012637744719
    vertex 2419.584190411865 195.07027102187868 21.238866054761253
  endloop
endfacet
facet normal 6.062638294716832e-05 -0.9999999857752673 -0.00015739729087545595
  outer loop
    vertex 2419.289154355332 195.05194502193385 129.7402464191946
    vertex 2419.584190411865 195.07027102187868 21.238866054761253
    vertex 2419.584190411865 195.05194502193373 129.48150674188057
  endloop
endfacet
facet normal 6.062638294716832e-05 -0.9999999857752673 -0.00015739729087545595
  outer loop
    vertex 2419.584190411865 195.05194502193373 129.48150674188057
    vertex 2419.584190411865 195.07027102187868 21.238866054761253
    vertex 2419.842930089179 195.0702710218789 21.533902111294736
  endloop
endfacet
facet normal 6.062638294716832e-05 -0.9999999857752673 -0.00015739729087545595
  outer loop
    vertex 2419.584190411865 195.05194502193373 129.48150674188057
    vertex 2419.842930089179 195.0702710218789 21.533902111294736
    vertex 2419.8429300891794 195.05194502193362 129.18647068534705
  endloop
endfacet
facet normal 6.062638294716832e-05 -0.9999999857752673 -0.00015739729087545595
  outer loop
    vertex 2419.8429300891794 195.05194502193362 129.18647068534705
    vertex 2419.842930089179 195.0702710218789 21.533902111294736
    vertex 2420.0609462796583 195.07027102187902 21.86018639832089
  endloop
endfacet
facet normal 6.062638294716832e-05 -0.9999999857752673 -0.00015739729087545595
  outer loop
    vertex 2419.8429300891794 195.05194502193362 129.18647068534705
    vertex 2420.0609462796583 195.07027102187902 21.86018639832089
    vertex 2420.0609462796588 195.05194502193348 128.86018639832093
  endloop
endfacet
facet normal 6.062638294716832e-05 -0.9999999857752673 -0.00015739729087545595
  outer loop
    vertex 2420.0609462796588 195.05194502193348 128.86018639832093
    vertex 2420.0609462796583 195.07027102187902 21.86018639832089
    vertex 2420.2345086658393 195.07027102187925 22.212136101225624
  endloop
endfacet
facet normal 6.062638294716832e-05 -0.9999999857752673 -0.00015739729087545595
  outer loop
    vertex 2420.0609462796588 195.05194502193348 128.86018639832093
    vertex 2420.2345086658393 195.07027102187925 22.212136101225624
    vertex 2420.2345086658393 195.0519450219333 128.50823669541617
  endloop
endfacet
facet normal 6.062638294716832e-05 -0.9999999857752673 -0.00015739729087545595
  outer loop
    vertex 2420.2345086658393 195.0519450219333 128.50823669541617
    vertex 2420.2345086658393 195.07027102187925 22.212136101225624
    vertex 2420.3606475471724 195.07027102187945 22.583729263013332
  endloop
endfacet
facet normal 6.062638294716832e-05 -0.9999999857752673 -0.00015739729087545595
  outer loop
    vertex 2420.2345086658393 195.0519450219333 128.50823669541617
    vertex 2420.3606475471724 195.07027102187945 22.583729263013332
    vertex 2420.360647547173 195.0519450219331 128.13664353362847
  endloop
endfacet
facet normal 6.062638294716832e-05 -0.9999999857752673 -0.00015739729087545595
  outer loop
    vertex 2420.360647547173 195.0519450219331 128.13664353362847
    vertex 2420.3606475471724 195.07027102187945 22.583729263013332
    vertex 2420.4372046524268 195.07027102187968 22.968607821660733
  endloop
endfacet
facet normal 6.062638294716832e-05 -0.9999999857752673 -0.00015739729087545595
  outer loop
    vertex 2420.360647547173 195.0519450219331 128.13664353362847
    vertex 2420.4372046524268 195.07027102187968 22.968607821660733
    vertex 2420.4372046524268 195.05194502193297 127.75176497498107
  endloop
endfacet
facet normal 6.062638294716832e-05 -0.9999999857752673 -0.00015739729087545595
  outer loop
    vertex 2420.4372046524268 195.05194502193297 127.75176497498107
    vertex 2420.4372046524268 195.07027102187968 22.968607821660733
    vertex 2420.462870068305 195.0702710218799 23.36018639832089
  endloop
endfacet
facet normal 6.062638294716832e-05 -0.9999999857752673 -0.00015739729087545595
  outer loop
    vertex 2420.4372046524268 195.05194502193297 127.75176497498107
    vertex 2420.462870068305 195.0702710218799 23.36018639832089
    vertex 2420.4628700683056 195.0519450219328 127.3601863983209
  endloop
endfacet
facet normal -0.9238795325113007 1.9424690854999986e-13 0.3826834323650563
  outer loop
    vertex 2408.9117588077506 88.05194502189576 61.447629719051314
    vertex 2408.7619081739936 91.05194502189555 61.08585828670357
    vertex 2408.7619081739936 88.05194502189556 61.08585828670509
  endloop
endfacet
facet normal -0.9238795325113007 1.9424690854999986e-13 0.3826834323650563
  outer loop
    vertex 2408.7619081739936 91.05194502189555 61.08585828670357
    vertex 2408.9117588077506 88.05194502189576 61.447629719051314
    vertex 2408.9117588077506 91.05194502189575 61.447629719049786
  endloop
endfacet
facet normal 0.1305261922200664 -5.032532334829886e-13 -0.9914448613738086
  outer loop
    vertex 2407.462870068317 88.05194502189671 63.33585828670512
    vertex 2407.074641500663 91.05194502189667 63.28474702613719
    vertex 2407.462870068317 91.0519450218967 63.3358582867036
  endloop
endfacet
facet normal 0.1305261922200664 -5.032532334829886e-13 -0.9914448613738086
  outer loop
    vertex 2407.074641500663 91.05194502189667 63.28474702613719
    vertex 2407.462870068317 88.05194502189671 63.33585828670512
    vertex 2407.074641500663 88.05194502189669 63.28474702613872
  endloop
endfacet
facet normal 0.9914448613738044 6.625449803106984e-14 0.13052619222009845
  outer loop
    vertex 2405.962870068317 91.05194502189595 61.835858286703576
    vertex 2406.013981328883 88.05194502189576 61.447629719051314
    vertex 2406.013981328883 91.05194502189575 61.447629719049786
  endloop
endfacet
facet normal 0.9914448613738044 6.625449803106984e-14 0.13052619222009845
  outer loop
    vertex 2406.013981328883 88.05194502189576 61.447629719051314
    vertex 2405.962870068317 91.05194502189595 61.835858286703576
    vertex 2405.962870068317 88.05194502189596 61.835858286705104
  endloop
endfacet
facet normal -0.38268343236509106 -4.689584619892811e-13 -0.9238795325112864
  outer loop
    vertex 2408.212870068317 88.05194502189661 63.134896392381776
    vertex 2407.8510986359706 91.05194502189667 63.28474702613719
    vertex 2408.212870068317 91.05194502189659 63.13489639238025
  endloop
endfacet
facet normal -0.38268343236509106 -4.689584619892811e-13 -0.9238795325112864
  outer loop
    vertex 2407.8510986359706 91.05194502189667 63.28474702613719
    vertex 2408.212870068317 88.05194502189661 63.134896392381776
    vertex 2407.8510986359706 88.05194502189669 63.28474702613872
  endloop
endfacet
facet normal 0.7933533402912067 3.0900217654751133e-13 0.6087614290087576
  outer loop
    vertex 2406.16383196264 91.05194502189555 61.08585828670357
    vertex 2406.402209896537 88.0519450218954 60.77519811492525
    vertex 2406.402209896537 91.05194502189539 60.77519811492373
  endloop
endfacet
facet normal 0.7933533402912067 3.0900217654751133e-13 0.6087614290087576
  outer loop
    vertex 2406.402209896537 88.0519450218954 60.77519811492525
    vertex 2406.16383196264 91.05194502189555 61.08585828670357
    vertex 2406.16383196264 88.05194502189556 61.08585828670509
  endloop
endfacet
facet normal -0.38268343236511554 4.689604814856326e-13 0.9238795325112761
  outer loop
    vertex 2397.8510986359706 91.05194502189501 60.386969547269956
    vertex 2398.2128700683165 88.05194502189529 60.536820181028425
    vertex 2398.2128700683165 91.05194502189526 60.536820181026904
  endloop
endfacet
facet normal -0.38268343236511554 4.689604814856326e-13 0.9238795325112761
  outer loop
    vertex 2398.2128700683165 88.05194502189529 60.536820181028425
    vertex 2397.8510986359706 91.05194502189501 60.386969547269956
    vertex 2397.8510986359706 88.05194502189502 60.38696954727148
  endloop
endfacet
facet normal 0.38268343236509106 -4.689551159781605e-13 -0.9238795325112864
  outer loop
    vertex 2407.074641500663 88.05194502189669 63.28474702613872
    vertex 2406.7128700683165 91.05194502189659 63.13489639238025
    vertex 2407.074641500663 91.05194502189667 63.28474702613719
  endloop
endfacet
facet normal 0.38268343236509106 -4.689551159781605e-13 -0.9238795325112864
  outer loop
    vertex 2406.7128700683165 91.05194502189659 63.13489639238025
    vertex 2407.074641500663 88.05194502189669 63.28474702613872
    vertex 2406.7128700683165 88.05194502189661 63.134896392381776
  endloop
endfacet
facet normal 0.7933533402911853 -3.0900217654752496e-13 -0.6087614290087855
  outer loop
    vertex 2406.402209896537 91.05194502189629 62.8965184584834
    vertex 2406.16383196264 88.05194502189615 62.58585828670511
    vertex 2406.16383196264 91.05194502189613 62.58585828670359
  endloop
endfacet
facet normal 0.7933533402911853 -3.0900217654752496e-13 -0.6087614290087855
  outer loop
    vertex 2406.16383196264 88.05194502189615 62.58585828670511
    vertex 2406.402209896537 91.05194502189629 62.8965184584834
    vertex 2406.402209896537 88.0519450218963 62.89651845848493
  endloop
endfacet
facet normal -0.7933533402912067 3.0900217654751133e-13 0.6087614290087576
  outer loop
    vertex 2398.761908173993 88.05194502189556 61.08585828670509
    vertex 2398.5235302400965 91.05194502189539 60.77519811492373
    vertex 2398.5235302400965 88.0519450218954 60.77519811492525
  endloop
endfacet
facet normal -0.7933533402912067 3.0900217654751133e-13 0.6087614290087576
  outer loop
    vertex 2398.5235302400965 91.05194502189539 60.77519811492373
    vertex 2398.761908173993 88.05194502189556 61.08585828670509
    vertex 2398.761908173993 91.05194502189555 61.08585828670357
  endloop
endfacet
facet normal 0.608761429008777 -4.0270531159013644e-13 -0.7933533402911918
  outer loop
    vertex 2406.7128700683165 88.05194502189661 63.134896392381776
    vertex 2406.402209896537 91.05194502189629 62.8965184584834
    vertex 2406.7128700683165 91.05194502189659 63.13489639238025
  endloop
endfacet
facet normal 0.608761429008777 -4.0270531159013644e-13 -0.7933533402911918
  outer loop
    vertex 2406.402209896537 91.05194502189629 62.8965184584834
    vertex 2406.7128700683165 88.05194502189661 63.134896392381776
    vertex 2406.402209896537 88.0519450218963 62.89651845848493
  endloop
endfacet
facet normal 0.9238795325113007 1.9424690854999986e-13 0.3826834323650563
  outer loop
    vertex 2406.013981328883 91.05194502189575 61.447629719049786
    vertex 2406.16383196264 88.05194502189556 61.08585828670509
    vertex 2406.16383196264 91.05194502189555 61.08585828670357
  endloop
endfacet
facet normal 0.9238795325113007 1.9424690854999986e-13 0.3826834323650563
  outer loop
    vertex 2406.16383196264 88.05194502189556 61.08585828670509
    vertex 2406.013981328883 91.05194502189575 61.447629719049786
    vertex 2406.013981328883 88.05194502189576 61.447629719051314
  endloop
endfacet
facet normal 0.6087614290087409 4.027035773198769e-13 0.7933533402912196
  outer loop
    vertex 2406.402209896537 91.05194502189539 60.77519811492373
    vertex 2406.7128700683165 88.05194502189529 60.536820181028425
    vertex 2406.7128700683165 91.05194502189528 60.536820181026904
  endloop
endfacet
facet normal 0.6087614290087409 4.027035773198769e-13 0.7933533402912196
  outer loop
    vertex 2406.7128700683165 88.05194502189529 60.536820181028425
    vertex 2406.402209896537 91.05194502189539 60.77519811492373
    vertex 2406.402209896537 88.0519450218954 60.77519811492525
  endloop
endfacet
facet normal 0.13052619222003808 5.032524687721838e-13 0.9914448613738123
  outer loop
    vertex 2407.074641500663 91.05194502189501 60.386969547269956
    vertex 2407.462870068317 88.0519450218952 60.33585828670508
    vertex 2407.462870068317 91.05194502189518 60.335858286703555
  endloop
endfacet
facet normal 0.13052619222003808 5.032524687721838e-13 0.9914448613738123
  outer loop
    vertex 2407.462870068317 88.0519450218952 60.33585828670508
    vertex 2407.074641500663 91.05194502189501 60.386969547269956
    vertex 2407.074641500663 88.05194502189502 60.38696954727148
  endloop
endfacet
facet normal -0.1305261922200664 -5.032509509588252e-13 -0.9914448613738086
  outer loop
    vertex 2407.8510986359706 91.05194502189667 63.28474702613719
    vertex 2407.462870068317 88.05194502189671 63.33585828670512
    vertex 2407.462870068317 91.0519450218967 63.3358582867036
  endloop
endfacet
facet normal -0.1305261922200664 -5.032509509588252e-13 -0.9914448613738086
  outer loop
    vertex 2407.462870068317 88.05194502189671 63.33585828670512
    vertex 2407.8510986359706 91.05194502189667 63.28474702613719
    vertex 2407.8510986359706 88.05194502189669 63.28474702613872
  endloop
endfacet
facet normal -0.6087614290087409 4.0270531159015e-13 0.7933533402912196
  outer loop
    vertex 2398.2128700683165 88.05194502189529 60.536820181028425
    vertex 2398.5235302400965 91.05194502189539 60.77519811492373
    vertex 2398.2128700683165 91.05194502189526 60.536820181026904
  endloop
endfacet
facet normal -0.6087614290087409 4.0270531159015e-13 0.7933533402912196
  outer loop
    vertex 2398.5235302400965 91.05194502189539 60.77519811492373
    vertex 2398.2128700683165 88.05194502189529 60.536820181028425
    vertex 2398.5235302400965 88.0519450218954 60.77519811492525
  endloop
endfacet
facet normal 0.9914448613738037 -6.625411567566875e-14 -0.13052619222010214
  outer loop
    vertex 2406.013981328883 91.05194502189613 62.22408685435736
    vertex 2405.962870068317 88.05194502189596 61.835858286705104
    vertex 2405.962870068317 91.05194502189595 61.835858286703576
  endloop
endfacet
facet normal 0.9914448613738037 -6.625411567566875e-14 -0.13052619222010214
  outer loop
    vertex 2405.962870068317 88.05194502189596 61.835858286705104
    vertex 2406.013981328883 91.05194502189613 62.22408685435736
    vertex 2406.013981328883 88.05194502189616 62.22408685435888
  endloop
endfacet
facet normal -0.9238795325113007 1.942484320595066e-13 0.38268343236505625
  outer loop
    vertex 2398.91175880775 88.05194502189576 61.447629719051314
    vertex 2398.761908173993 91.05194502189555 61.08585828670357
    vertex 2398.761908173993 88.05194502189556 61.08585828670509
  endloop
endfacet
facet normal -0.9238795325113007 1.942484320595066e-13 0.38268343236505625
  outer loop
    vertex 2398.761908173993 91.05194502189555 61.08585828670357
    vertex 2398.91175880775 88.05194502189576 61.447629719051314
    vertex 2398.91175880775 91.05194502189573 61.447629719049786
  endloop
endfacet
facet normal -0.6087614290087409 4.027035773198768e-13 0.7933533402912196
  outer loop
    vertex 2408.212870068317 88.05194502189529 60.536820181028425
    vertex 2408.5235302400965 91.05194502189539 60.77519811492373
    vertex 2408.212870068317 91.05194502189528 60.536820181026904
  endloop
endfacet
facet normal -0.6087614290087409 4.027035773198768e-13 0.7933533402912196
  outer loop
    vertex 2408.5235302400965 91.05194502189539 60.77519811492373
    vertex 2408.212870068317 88.05194502189529 60.536820181028425
    vertex 2408.5235302400965 88.0519450218954 60.77519811492525
  endloop
endfacet
facet normal -0.9914448613738044 6.625449803106985e-14 0.13052619222009848
  outer loop
    vertex 2408.962870068317 88.05194502189596 61.835858286705104
    vertex 2408.9117588077506 91.05194502189575 61.447629719049786
    vertex 2408.9117588077506 88.05194502189576 61.447629719051314
  endloop
endfacet
facet normal -0.9914448613738044 6.625449803106985e-14 0.13052619222009848
  outer loop
    vertex 2408.9117588077506 91.05194502189575 61.447629719049786
    vertex 2408.962870068317 88.05194502189596 61.835858286705104
    vertex 2408.962870068317 91.05194502189595 61.835858286703576
  endloop
endfacet
facet normal 0.3826834323651155 4.689620049951357e-13 0.9238795325112761
  outer loop
    vertex 2406.7128700683165 88.05194502189529 60.536820181028425
    vertex 2407.074641500663 91.05194502189501 60.386969547269956
    vertex 2406.7128700683165 91.05194502189528 60.536820181026904
  endloop
endfacet
facet normal 0.3826834323651155 4.689620049951357e-13 0.9238795325112761
  outer loop
    vertex 2407.074641500663 91.05194502189501 60.386969547269956
    vertex 2406.7128700683165 88.05194502189529 60.536820181028425
    vertex 2407.074641500663 88.05194502189502 60.38696954727148
  endloop
endfacet
facet normal -0.13052619222003808 5.032524687721838e-13 0.9914448613738123
  outer loop
    vertex 2407.462870068317 88.0519450218952 60.33585828670508
    vertex 2407.8510986359706 91.05194502189501 60.386969547269956
    vertex 2407.462870068317 91.05194502189518 60.335858286703555
  endloop
endfacet
facet normal -0.13052619222003808 5.032524687721838e-13 0.9914448613738123
  outer loop
    vertex 2407.8510986359706 91.05194502189501 60.386969547269956
    vertex 2407.462870068317 88.0519450218952 60.33585828670508
    vertex 2407.8510986359706 88.05194502189502 60.38696954727148
  endloop
endfacet
facet normal -0.7933533402911853 -3.0900217654752496e-13 -0.6087614290087855
  outer loop
    vertex 2408.5235302400965 88.0519450218963 62.89651845848493
    vertex 2408.7619081739936 91.05194502189613 62.58585828670359
    vertex 2408.7619081739936 88.05194502189615 62.58585828670511
  endloop
endfacet
facet normal -0.7933533402911853 -3.0900217654752496e-13 -0.6087614290087855
  outer loop
    vertex 2408.7619081739936 91.05194502189613 62.58585828670359
    vertex 2408.5235302400965 88.0519450218963 62.89651845848493
    vertex 2408.5235302400965 91.05194502189629 62.8965184584834
  endloop
endfacet
facet normal -0.7933533402912067 3.0900217654751133e-13 0.6087614290087576
  outer loop
    vertex 2408.7619081739936 88.05194502189556 61.08585828670509
    vertex 2408.5235302400965 91.05194502189539 60.77519811492373
    vertex 2408.5235302400965 88.0519450218954 60.77519811492525
  endloop
endfacet
facet normal -0.7933533402912067 3.0900217654751133e-13 0.6087614290087576
  outer loop
    vertex 2408.5235302400965 91.05194502189539 60.77519811492373
    vertex 2408.7619081739936 88.05194502189556 61.08585828670509
    vertex 2408.7619081739936 91.05194502189555 61.08585828670357
  endloop
endfacet
facet normal 0.923879532511305 -1.942484320595016e-13 -0.38268343236504604
  outer loop
    vertex 2406.16383196264 91.05194502189613 62.58585828670359
    vertex 2406.013981328883 88.05194502189616 62.22408685435888
    vertex 2406.013981328883 91.05194502189613 62.22408685435736
  endloop
endfacet
facet normal 0.923879532511305 -1.942484320595016e-13 -0.38268343236504604
  outer loop
    vertex 2406.013981328883 88.05194502189616 62.22408685435888
    vertex 2406.16383196264 91.05194502189613 62.58585828670359
    vertex 2406.16383196264 88.05194502189615 62.58585828670511
  endloop
endfacet
facet normal -0.923879532511305 -1.9424710554473788e-13 -0.38268343236504604
  outer loop
    vertex 2408.7619081739936 88.05194502189615 62.58585828670511
    vertex 2408.9117588077506 91.05194502189613 62.22408685435736
    vertex 2408.9117588077506 88.05194502189616 62.22408685435888
  endloop
endfacet
facet normal -0.923879532511305 -1.9424710554473788e-13 -0.38268343236504604
  outer loop
    vertex 2408.9117588077506 91.05194502189613 62.22408685435736
    vertex 2408.7619081739936 88.05194502189615 62.58585828670511
    vertex 2408.7619081739936 91.05194502189613 62.58585828670359
  endloop
endfacet
facet normal -0.9914448613738037 -6.625411567566875e-14 -0.13052619222010214
  outer loop
    vertex 2408.9117588077506 88.05194502189616 62.22408685435888
    vertex 2408.962870068317 91.05194502189595 61.835858286703576
    vertex 2408.962870068317 88.05194502189596 61.835858286705104
  endloop
endfacet
facet normal -0.9914448613738037 -6.625411567566875e-14 -0.13052619222010214
  outer loop
    vertex 2408.962870068317 91.05194502189595 61.835858286703576
    vertex 2408.9117588077506 88.05194502189616 62.22408685435888
    vertex 2408.9117588077506 91.05194502189613 62.22408685435736
  endloop
endfacet
facet normal -0.3826834323651155 4.689620049951357e-13 0.9238795325112761
  outer loop
    vertex 2407.8510986359706 91.05194502189501 60.386969547269956
    vertex 2408.212870068317 88.05194502189529 60.536820181028425
    vertex 2408.212870068317 91.05194502189528 60.536820181026904
  endloop
endfacet
facet normal -0.3826834323651155 4.689620049951357e-13 0.9238795325112761
  outer loop
    vertex 2408.212870068317 88.05194502189529 60.536820181028425
    vertex 2407.8510986359706 91.05194502189501 60.386969547269956
    vertex 2407.8510986359706 88.05194502189502 60.38696954727148
  endloop
endfacet
facet normal -0.6087614290087772 -4.0270531159013644e-13 -0.7933533402911918
  outer loop
    vertex 2408.5235302400965 91.05194502189629 62.8965184584834
    vertex 2408.212870068317 88.05194502189661 63.134896392381776
    vertex 2408.212870068317 91.05194502189659 63.13489639238025
  endloop
endfacet
facet normal -0.6087614290087772 -4.0270531159013644e-13 -0.7933533402911918
  outer loop
    vertex 2408.212870068317 88.05194502189661 63.134896392381776
    vertex 2408.5235302400965 91.05194502189629 62.8965184584834
    vertex 2408.5235302400965 88.0519450218963 62.89651845848493
  endloop
endfacet
facet normal -0.1305261922200664 -5.032517098655065e-13 -0.9914448613738086
  outer loop
    vertex 2397.8510986359706 88.05194502189669 63.28474702613872
    vertex 2397.4628700683165 91.05194502189669 63.3358582867036
    vertex 2397.8510986359706 91.05194502189667 63.28474702613719
  endloop
endfacet
facet normal -0.1305261922200664 -5.032517098655065e-13 -0.9914448613738086
  outer loop
    vertex 2397.4628700683165 91.05194502189669 63.3358582867036
    vertex 2397.8510986359706 88.05194502189669 63.28474702613872
    vertex 2397.4628700683165 88.05194502189671 63.33585828670512
  endloop
endfacet
facet normal 0.38268343236511554 4.689604814856326e-13 0.9238795325112761
  outer loop
    vertex 2396.7128700683165 88.05194502189529 60.536820181028425
    vertex 2397.074641500663 91.05194502189501 60.386969547269956
    vertex 2396.7128700683165 91.05194502189526 60.536820181026904
  endloop
endfacet
facet normal 0.38268343236511554 4.689604814856326e-13 0.9238795325112761
  outer loop
    vertex 2397.074641500663 91.05194502189501 60.386969547269956
    vertex 2396.7128700683165 88.05194502189529 60.536820181028425
    vertex 2397.074641500663 88.05194502189502 60.38696954727148
  endloop
endfacet
facet normal 0.9914448613738044 6.625525693774869e-14 0.13052619222009848
  outer loop
    vertex 2395.962870068317 91.05194502189595 61.835858286703576
    vertex 2396.0139813288833 88.05194502189576 61.447629719051314
    vertex 2396.0139813288833 91.05194502189573 61.447629719049786
  endloop
endfacet
facet normal 0.9914448613738044 6.625525693774869e-14 0.13052619222009848
  outer loop
    vertex 2396.0139813288833 88.05194502189576 61.447629719051314
    vertex 2395.962870068317 91.05194502189595 61.835858286703576
    vertex 2395.962870068317 88.05194502189596 61.835858286705104
  endloop
endfacet
facet normal -0.9914448613738044 6.625525693774869e-14 0.13052619222009848
  outer loop
    vertex 2398.962870068317 88.05194502189596 61.835858286705104
    vertex 2398.91175880775 91.05194502189573 61.447629719049786
    vertex 2398.91175880775 88.05194502189576 61.447629719051314
  endloop
endfacet
facet normal -0.9914448613738044 6.625525693774869e-14 0.13052619222009848
  outer loop
    vertex 2398.91175880775 91.05194502189573 61.447629719049786
    vertex 2398.962870068317 88.05194502189596 61.835858286705104
    vertex 2398.962870068317 91.05194502189595 61.835858286703576
  endloop
endfacet
facet normal -0.9914448613738037 -6.625411567566875e-14 -0.13052619222010214
  outer loop
    vertex 2398.91175880775 88.05194502189616 62.22408685435888
    vertex 2398.962870068317 91.05194502189595 61.835858286703576
    vertex 2398.962870068317 88.05194502189596 61.835858286705104
  endloop
endfacet
facet normal -0.9914448613738037 -6.625411567566875e-14 -0.13052619222010214
  outer loop
    vertex 2398.962870068317 91.05194502189595 61.835858286703576
    vertex 2398.91175880775 88.05194502189616 62.22408685435888
    vertex 2398.91175880775 91.05194502189613 62.22408685435736
  endloop
endfacet
facet normal 0.13052619222003806 5.032517098655083e-13 0.9914448613738123
  outer loop
    vertex 2397.074641500663 91.05194502189501 60.386969547269956
    vertex 2397.4628700683165 88.0519450218952 60.33585828670508
    vertex 2397.4628700683165 91.05194502189516 60.335858286703555
  endloop
endfacet
facet normal 0.13052619222003806 5.032517098655083e-13 0.9914448613738123
  outer loop
    vertex 2397.4628700683165 88.0519450218952 60.33585828670508
    vertex 2397.074641500663 91.05194502189501 60.386969547269956
    vertex 2397.074641500663 88.05194502189502 60.38696954727148
  endloop
endfacet
facet normal -0.7933533402911853 -3.0900217654752496e-13 -0.6087614290087855
  outer loop
    vertex 2398.5235302400965 88.0519450218963 62.89651845848493
    vertex 2398.761908173993 91.05194502189613 62.58585828670359
    vertex 2398.761908173993 88.05194502189615 62.58585828670511
  endloop
endfacet
facet normal -0.7933533402911853 -3.0900217654752496e-13 -0.6087614290087855
  outer loop
    vertex 2398.761908173993 91.05194502189613 62.58585828670359
    vertex 2398.5235302400965 88.0519450218963 62.89651845848493
    vertex 2398.5235302400965 91.05194502189629 62.8965184584834
  endloop
endfacet
facet normal 0.7933533402912067 3.0900217654751133e-13 0.6087614290087576
  outer loop
    vertex 2396.16383196264 91.05194502189555 61.08585828670357
    vertex 2396.4022098965365 88.0519450218954 60.77519811492525
    vertex 2396.4022098965365 91.05194502189539 60.77519811492373
  endloop
endfacet
facet normal 0.7933533402912067 3.0900217654751133e-13 0.6087614290087576
  outer loop
    vertex 2396.4022098965365 88.0519450218954 60.77519811492525
    vertex 2396.16383196264 91.05194502189555 61.08585828670357
    vertex 2396.16383196264 88.05194502189556 61.08585828670509
  endloop
endfacet
facet normal -0.13052619222003806 5.032517098655083e-13 0.9914448613738123
  outer loop
    vertex 2397.4628700683165 88.0519450218952 60.33585828670508
    vertex 2397.8510986359706 91.05194502189501 60.386969547269956
    vertex 2397.4628700683165 91.05194502189516 60.335858286703555
  endloop
endfacet
facet normal -0.13052619222003806 5.032517098655083e-13 0.9914448613738123
  outer loop
    vertex 2397.8510986359706 91.05194502189501 60.386969547269956
    vertex 2397.4628700683165 88.0519450218952 60.33585828670508
    vertex 2397.8510986359706 88.05194502189502 60.38696954727148
  endloop
endfacet
facet normal 0.7933533402911853 -3.0900217654752496e-13 -0.6087614290087855
  outer loop
    vertex 2396.4022098965365 91.05194502189629 62.8965184584834
    vertex 2396.16383196264 88.05194502189615 62.58585828670511
    vertex 2396.16383196264 91.05194502189613 62.58585828670359
  endloop
endfacet
facet normal 0.7933533402911853 -3.0900217654752496e-13 -0.6087614290087855
  outer loop
    vertex 2396.16383196264 88.05194502189615 62.58585828670511
    vertex 2396.4022098965365 91.05194502189629 62.8965184584834
    vertex 2396.4022098965365 88.0519450218963 62.89651845848493
  endloop
endfacet
facet normal 0.923879532511305 -1.942484320595016e-13 -0.38268343236504604
  outer loop
    vertex 2396.16383196264 91.05194502189613 62.58585828670359
    vertex 2396.0139813288833 88.05194502189616 62.22408685435888
    vertex 2396.0139813288833 91.05194502189613 62.22408685435736
  endloop
endfacet
facet normal 0.923879532511305 -1.942484320595016e-13 -0.38268343236504604
  outer loop
    vertex 2396.0139813288833 88.05194502189616 62.22408685435888
    vertex 2396.16383196264 91.05194502189613 62.58585828670359
    vertex 2396.16383196264 88.05194502189615 62.58585828670511
  endloop
endfacet
facet normal 0.9914448613738037 -6.625411567566875e-14 -0.13052619222010214
  outer loop
    vertex 2396.0139813288833 91.05194502189613 62.22408685435736
    vertex 2395.962870068317 88.05194502189596 61.835858286705104
    vertex 2395.962870068317 91.05194502189595 61.835858286703576
  endloop
endfacet
facet normal 0.9914448613738037 -6.625411567566875e-14 -0.13052619222010214
  outer loop
    vertex 2395.962870068317 88.05194502189596 61.835858286705104
    vertex 2396.0139813288833 91.05194502189613 62.22408685435736
    vertex 2396.0139813288833 88.05194502189616 62.22408685435888
  endloop
endfacet
facet normal 0.608761429008777 -4.0270531159013644e-13 -0.7933533402911918
  outer loop
    vertex 2396.7128700683165 88.05194502189661 63.134896392381776
    vertex 2396.4022098965365 91.05194502189629 62.8965184584834
    vertex 2396.7128700683165 91.05194502189659 63.13489639238025
  endloop
endfacet
facet normal 0.608761429008777 -4.0270531159013644e-13 -0.7933533402911918
  outer loop
    vertex 2396.4022098965365 91.05194502189629 62.8965184584834
    vertex 2396.7128700683165 88.05194502189661 63.134896392381776
    vertex 2396.4022098965365 88.0519450218963 62.89651845848493
  endloop
endfacet
facet normal 0.9238795325113007 1.9424843205950663e-13 0.3826834323650564
  outer loop
    vertex 2396.0139813288833 91.05194502189573 61.447629719049786
    vertex 2396.16383196264 88.05194502189556 61.08585828670509
    vertex 2396.16383196264 91.05194502189555 61.08585828670357
  endloop
endfacet
facet normal 0.9238795325113007 1.9424843205950663e-13 0.3826834323650564
  outer loop
    vertex 2396.16383196264 88.05194502189556 61.08585828670509
    vertex 2396.0139813288833 91.05194502189573 61.447629719049786
    vertex 2396.0139813288833 88.05194502189576 61.447629719051314
  endloop
endfacet
facet normal -0.38268343236509106 -4.689584619892811e-13 -0.9238795325112864
  outer loop
    vertex 2398.2128700683165 88.05194502189661 63.134896392381776
    vertex 2397.8510986359706 91.05194502189667 63.28474702613719
    vertex 2398.2128700683165 91.05194502189659 63.13489639238025
  endloop
endfacet
facet normal -0.38268343236509106 -4.689584619892811e-13 -0.9238795325112864
  outer loop
    vertex 2397.8510986359706 91.05194502189667 63.28474702613719
    vertex 2398.2128700683165 88.05194502189661 63.134896392381776
    vertex 2397.8510986359706 88.05194502189669 63.28474702613872
  endloop
endfacet
facet normal -0.6087614290087772 -4.0270531159013644e-13 -0.7933533402911918
  outer loop
    vertex 2398.5235302400965 91.05194502189629 62.8965184584834
    vertex 2398.2128700683165 88.05194502189661 63.134896392381776
    vertex 2398.2128700683165 91.05194502189659 63.13489639238025
  endloop
endfacet
facet normal -0.6087614290087772 -4.0270531159013644e-13 -0.7933533402911918
  outer loop
    vertex 2398.2128700683165 88.05194502189661 63.134896392381776
    vertex 2398.5235302400965 91.05194502189629 62.8965184584834
    vertex 2398.5235302400965 88.0519450218963 62.89651845848493
  endloop
endfacet
facet normal 0.38268343236509106 -4.689551159781605e-13 -0.9238795325112864
  outer loop
    vertex 2397.074641500663 88.05194502189669 63.28474702613872
    vertex 2396.7128700683165 91.05194502189659 63.13489639238025
    vertex 2397.074641500663 91.05194502189667 63.28474702613719
  endloop
endfacet
facet normal 0.38268343236509106 -4.689551159781605e-13 -0.9238795325112864
  outer loop
    vertex 2396.7128700683165 91.05194502189659 63.13489639238025
    vertex 2397.074641500663 88.05194502189669 63.28474702613872
    vertex 2396.7128700683165 88.05194502189661 63.134896392381776
  endloop
endfacet
facet normal -0.923879532511305 -1.9424710554473788e-13 -0.38268343236504604
  outer loop
    vertex 2398.761908173993 88.05194502189615 62.58585828670511
    vertex 2398.91175880775 91.05194502189613 62.22408685435736
    vertex 2398.91175880775 88.05194502189616 62.22408685435888
  endloop
endfacet
facet normal -0.923879532511305 -1.9424710554473788e-13 -0.38268343236504604
  outer loop
    vertex 2398.91175880775 91.05194502189613 62.22408685435736
    vertex 2398.761908173993 88.05194502189615 62.58585828670511
    vertex 2398.761908173993 91.05194502189613 62.58585828670359
  endloop
endfacet
facet normal 0.1305261922200664 -5.032528511275883e-13 -0.9914448613738086
  outer loop
    vertex 2397.4628700683165 88.05194502189671 63.33585828670512
    vertex 2397.074641500663 91.05194502189667 63.28474702613719
    vertex 2397.4628700683165 91.05194502189669 63.3358582867036
  endloop
endfacet
facet normal 0.1305261922200664 -5.032528511275883e-13 -0.9914448613738086
  outer loop
    vertex 2397.074641500663 91.05194502189667 63.28474702613719
    vertex 2397.4628700683165 88.05194502189671 63.33585828670512
    vertex 2397.074641500663 88.05194502189669 63.28474702613872
  endloop
endfacet
facet normal 0.6087614290087409 4.027053115901502e-13 0.7933533402912198
  outer loop
    vertex 2396.4022098965365 88.0519450218954 60.77519811492525
    vertex 2396.7128700683165 91.05194502189526 60.536820181026904
    vertex 2396.4022098965365 91.05194502189539 60.77519811492373
  endloop
endfacet
facet normal 0.6087614290087409 4.027053115901502e-13 0.7933533402912198
  outer loop
    vertex 2396.7128700683165 91.05194502189526 60.536820181026904
    vertex 2396.4022098965365 88.0519450218954 60.77519811492525
    vertex 2396.7128700683165 88.05194502189529 60.536820181028425
  endloop
endfacet
facet normal 0.0 5.075731501769097e-13 1.0
  outer loop
    vertex 2392.462870068317 88.05194502189748 64.83585828670509
    vertex 2412.4628700683165 91.05194502189747 64.83585828670357
    vertex 2392.462870068317 91.05194502189747 64.83585828670357
  endloop
endfacet
facet normal 0.0 5.075731501769097e-13 1.0
  outer loop
    vertex 2412.4628700683165 91.05194502189747 64.83585828670357
    vertex 2392.462870068317 88.05194502189748 64.83585828670509
    vertex 2412.4628700683165 88.05194502189748 64.83585828670509
  endloop
endfacet
facet normal 0.0 -5.075731501769097e-13 -1.0
  outer loop
    vertex 2412.4628700683165 88.05194502191809 105.83585828670509
    vertex 2392.462870068317 91.05194502191807 105.83585828670363
    vertex 2412.4628700683165 91.05194502191807 105.83585828670363
  endloop
endfacet
facet normal 0.0 -5.075731501769097e-13 -1.0
  outer loop
    vertex 2392.462870068317 91.05194502191807 105.83585828670363
    vertex 2412.4628700683165 88.05194502191809 105.83585828670509
    vertex 2392.462870068317 88.05194502191809 105.83585828670509
  endloop
endfacet
facet normal 1.0 0.0 0.0
  outer loop
    vertex 2392.462870068317 91.05194502191807 105.83585828670363
    vertex 2392.462870068317 88.05194502189748 64.83585828670509
    vertex 2392.462870068317 91.05194502189747 64.83585828670357
  endloop
endfacet
facet normal 1.0 0.0 0.0
  outer loop
    vertex 2392.462870068317 88.05194502189748 64.83585828670509
    vertex 2392.462870068317 91.05194502191807 105.83585828670363
    vertex 2392.462870068317 88.05194502191809 105.83585828670509
  endloop
endfacet
facet normal -1.0 0.0 0.0
  outer loop
    vertex 2412.4628700683165 88.05194502191809 105.83585828670509
    vertex 2412.4628700683165 91.05194502189747 64.83585828670357
    vertex 2412.4628700683165 88.05194502189748 64.83585828670509
  endloop
endfacet
facet normal -1.0 0.0 0.0
  outer loop
    vertex 2412.4628700683165 91.05194502189747 64.83585828670357
    vertex 2412.4628700683165 88.05194502191809 105.83585828670509
    vertex 2412.4628700683165 91.05194502191807 105.83585828670363
  endloop
endfacet
facet normal -0.9914448613738043 -6.625159056575221e-14 -0.13052619222009842
  outer loop
    vertex 2398.91175880775 88.05194502192 109.22408685435889
    vertex 2398.962870068317 91.0519450219196 108.83585828670361
    vertex 2398.962870068317 88.05194502191962 108.83585828670508
  endloop
endfacet
facet normal -0.9914448613738043 -6.625159056575221e-14 -0.13052619222009842
  outer loop
    vertex 2398.962870068317 91.0519450219196 108.83585828670361
    vertex 2398.91175880775 88.05194502192 109.22408685435889
    vertex 2398.91175880775 91.05194502191998 109.22408685435737
  endloop
endfacet
facet normal -0.13052619222003808 -5.032307915142154e-13 -0.9914448613738123
  outer loop
    vertex 2397.8510986359706 88.05194502192055 110.28474702613873
    vertex 2397.4628700683165 91.05194502192055 110.33585828670364
    vertex 2397.8510986359706 91.05194502192052 110.28474702613723
  endloop
endfacet
facet normal -0.13052619222003808 -5.032307915142154e-13 -0.9914448613738123
  outer loop
    vertex 2397.4628700683165 91.05194502192055 110.33585828670364
    vertex 2397.8510986359706 88.05194502192055 110.28474702613873
    vertex 2397.4628700683165 88.05194502192057 110.3358582867051
  endloop
endfacet
facet normal 0.3826834323651156 -4.689364447007192e-13 -0.9238795325112762
  outer loop
    vertex 2397.074641500663 88.05194502192055 110.28474702613873
    vertex 2396.7128700683165 91.05194502192045 110.13489639238028
    vertex 2397.074641500663 91.05194502192052 110.28474702613723
  endloop
endfacet
facet normal 0.3826834323651156 -4.689364447007192e-13 -0.9238795325112762
  outer loop
    vertex 2396.7128700683165 91.05194502192045 110.13489639238028
    vertex 2397.074641500663 88.05194502192055 110.28474702613873
    vertex 2396.7128700683165 88.05194502192047 110.13489639238176
  endloop
endfacet
facet normal 0.9238795325113007 1.94239835286044e-13 0.38268343236505625
  outer loop
    vertex 2396.16383196264 91.05194502191941 108.08585828670361
    vertex 2396.0139813288833 88.05194502191962 108.44762971905132
    vertex 2396.16383196264 88.05194502191942 108.08585828670508
  endloop
endfacet
facet normal 0.9238795325113007 1.94239835286044e-13 0.38268343236505625
  outer loop
    vertex 2396.0139813288833 88.05194502191962 108.44762971905132
    vertex 2396.16383196264 91.05194502191941 108.08585828670361
    vertex 2396.0139813288833 91.0519450219196 108.44762971904981
  endloop
endfacet
facet normal 0.608761429008759 4.0268485413498115e-13 0.7933533402912057
  outer loop
    vertex 2396.4022098965365 88.05194502191927 107.77519811492529
    vertex 2396.7128700683165 91.05194502191912 107.53682018102694
    vertex 2396.4022098965365 91.05194502191925 107.77519811492377
  endloop
endfacet
facet normal 0.608761429008759 4.0268485413498115e-13 0.7933533402912057
  outer loop
    vertex 2396.7128700683165 91.05194502191912 107.53682018102694
    vertex 2396.4022098965365 88.05194502191927 107.77519811492529
    vertex 2396.7128700683165 88.05194502191915 107.5368201810284
  endloop
endfacet
facet normal 0.13052619222003808 5.032307915142154e-13 0.9914448613738123
  outer loop
    vertex 2397.074641500663 91.05194502191887 107.38696954726997
    vertex 2397.4628700683165 88.05194502191905 107.33585828670506
    vertex 2397.4628700683165 91.05194502191902 107.3358582867036
  endloop
endfacet
facet normal 0.13052619222003808 5.032307915142154e-13 0.9914448613738123
  outer loop
    vertex 2397.4628700683165 88.05194502191905 107.33585828670506
    vertex 2397.074641500663 91.05194502191887 107.38696954726997
    vertex 2397.074641500663 88.05194502191888 107.38696954727148
  endloop
endfacet
facet normal -0.3826834323651156 4.689364447007192e-13 0.9238795325112762
  outer loop
    vertex 2397.8510986359706 91.05194502191887 107.38696954726997
    vertex 2398.2128700683165 88.05194502191915 107.5368201810284
    vertex 2398.2128700683165 91.05194502191912 107.53682018102694
  endloop
endfacet
facet normal -0.3826834323651156 4.689364447007192e-13 0.9238795325112762
  outer loop
    vertex 2398.2128700683165 88.05194502191915 107.5368201810284
    vertex 2397.8510986359706 91.05194502191887 107.38696954726997
    vertex 2397.8510986359706 88.05194502191888 107.38696954727148
  endloop
endfacet
facet normal -0.9238795325113007 -1.94239835286044e-13 -0.38268343236505625
  outer loop
    vertex 2398.761908173993 88.05194502192 109.58585828670509
    vertex 2398.91175880775 91.05194502191998 109.22408685435737
    vertex 2398.91175880775 88.05194502192 109.22408685435889
  endloop
endfacet
facet normal -0.9238795325113007 -1.94239835286044e-13 -0.38268343236505625
  outer loop
    vertex 2398.91175880775 91.05194502191998 109.22408685435737
    vertex 2398.761908173993 88.05194502192 109.58585828670509
    vertex 2398.761908173993 91.05194502191998 109.58585828670363
  endloop
endfacet
facet normal -0.608761429008759 -4.0268485413498115e-13 -0.7933533402912057
  outer loop
    vertex 2398.5235302400965 91.05194502192013 109.89651845848341
    vertex 2398.2128700683165 88.05194502192047 110.13489639238176
    vertex 2398.2128700683165 91.05194502192045 110.13489639238028
  endloop
endfacet
facet normal -0.608761429008759 -4.0268485413498115e-13 -0.7933533402912057
  outer loop
    vertex 2398.2128700683165 88.05194502192047 110.13489639238176
    vertex 2398.5235302400965 91.05194502192013 109.89651845848341
    vertex 2398.5235302400965 88.05194502192016 109.89651845848493
  endloop
endfacet
facet normal -0.608761429008759 4.0268485413498115e-13 0.7933533402912057
  outer loop
    vertex 2398.2128700683165 88.05194502191915 107.5368201810284
    vertex 2398.5235302400965 91.05194502191925 107.77519811492377
    vertex 2398.2128700683165 91.05194502191912 107.53682018102694
  endloop
endfacet
facet normal -0.608761429008759 4.0268485413498115e-13 0.7933533402912057
  outer loop
    vertex 2398.5235302400965 91.05194502191925 107.77519811492377
    vertex 2398.2128700683165 88.05194502191915 107.5368201810284
    vertex 2398.5235302400965 88.05194502191927 107.77519811492529
  endloop
endfacet
facet normal -0.9238795325113007 1.94239835286044e-13 0.38268343236505625
  outer loop
    vertex 2398.91175880775 88.05194502191962 108.44762971905132
    vertex 2398.761908173993 91.05194502191941 108.08585828670361
    vertex 2398.761908173993 88.05194502191942 108.08585828670508
  endloop
endfacet
facet normal -0.9238795325113007 1.94239835286044e-13 0.38268343236505625
  outer loop
    vertex 2398.761908173993 91.05194502191941 108.08585828670361
    vertex 2398.91175880775 88.05194502191962 108.44762971905132
    vertex 2398.91175880775 91.0519450219196 108.44762971904981
  endloop
endfacet
facet normal 0.7933533402911961 -3.089909562281794e-13 -0.6087614290087716
  outer loop
    vertex 2396.16383196264 91.05194502191998 109.58585828670363
    vertex 2396.4022098965365 88.05194502192016 109.89651845848493
    vertex 2396.16383196264 88.05194502192 109.58585828670509
  endloop
endfacet
facet normal 0.7933533402911961 -3.089909562281794e-13 -0.6087614290087716
  outer loop
    vertex 2396.4022098965365 88.05194502192016 109.89651845848493
    vertex 2396.16383196264 91.05194502191998 109.58585828670363
    vertex 2396.4022098965365 91.05194502192013 109.89651845848341
  endloop
endfacet
facet normal -0.13052619222003808 5.032307915142154e-13 0.9914448613738123
  outer loop
    vertex 2397.4628700683165 88.05194502191905 107.33585828670506
    vertex 2397.8510986359706 91.05194502191887 107.38696954726997
    vertex 2397.4628700683165 91.05194502191902 107.3358582867036
  endloop
endfacet
facet normal -0.13052619222003808 5.032307915142154e-13 0.9914448613738123
  outer loop
    vertex 2397.8510986359706 91.05194502191887 107.38696954726997
    vertex 2397.4628700683165 88.05194502191905 107.33585828670506
    vertex 2397.8510986359706 88.05194502191888 107.38696954727148
  endloop
endfacet
facet normal -0.7933533402911961 -3.089909562281794e-13 -0.6087614290087716
  outer loop
    vertex 2398.5235302400965 88.05194502192016 109.89651845848493
    vertex 2398.761908173993 91.05194502191998 109.58585828670363
    vertex 2398.761908173993 88.05194502192 109.58585828670509
  endloop
endfacet
facet normal -0.7933533402911961 -3.089909562281794e-13 -0.6087614290087716
  outer loop
    vertex 2398.761908173993 91.05194502191998 109.58585828670363
    vertex 2398.5235302400965 88.05194502192016 109.89651845848493
    vertex 2398.5235302400965 91.05194502192013 109.89651845848341
  endloop
endfacet
facet normal -0.3826834323651156 -4.689364447007192e-13 -0.9238795325112762
  outer loop
    vertex 2398.2128700683165 88.05194502192047 110.13489639238176
    vertex 2397.8510986359706 91.05194502192052 110.28474702613723
    vertex 2398.2128700683165 91.05194502192045 110.13489639238028
  endloop
endfacet
facet normal -0.3826834323651156 -4.689364447007192e-13 -0.9238795325112762
  outer loop
    vertex 2397.8510986359706 91.05194502192052 110.28474702613723
    vertex 2398.2128700683165 88.05194502192047 110.13489639238176
    vertex 2397.8510986359706 88.05194502192055 110.28474702613873
  endloop
endfacet
facet normal -0.7933533402911961 3.089909562281794e-13 0.6087614290087716
  outer loop
    vertex 2398.761908173993 88.05194502191942 108.08585828670508
    vertex 2398.5235302400965 91.05194502191925 107.77519811492377
    vertex 2398.5235302400965 88.05194502191927 107.77519811492529
  endloop
endfacet
facet normal -0.7933533402911961 3.089909562281794e-13 0.6087614290087716
  outer loop
    vertex 2398.5235302400965 91.05194502191925 107.77519811492377
    vertex 2398.761908173993 88.05194502191942 108.08585828670508
    vertex 2398.761908173993 91.05194502191941 108.08585828670361
  endloop
endfacet
facet normal 0.13052619222003808 -5.032307915142154e-13 -0.9914448613738123
  outer loop
    vertex 2397.4628700683165 88.05194502192057 110.3358582867051
    vertex 2397.074641500663 91.05194502192052 110.28474702613723
    vertex 2397.4628700683165 91.05194502192055 110.33585828670364
  endloop
endfacet
facet normal 0.13052619222003808 -5.032307915142154e-13 -0.9914448613738123
  outer loop
    vertex 2397.074641500663 91.05194502192052 110.28474702613723
    vertex 2397.4628700683165 88.05194502192057 110.3358582867051
    vertex 2397.074641500663 88.05194502192055 110.28474702613873
  endloop
endfacet
facet normal 0.3826834323651156 4.689364447007192e-13 0.9238795325112762
  outer loop
    vertex 2396.7128700683165 88.05194502191915 107.5368201810284
    vertex 2397.074641500663 91.05194502191887 107.38696954726997
    vertex 2396.7128700683165 91.05194502191912 107.53682018102694
  endloop
endfacet
facet normal 0.3826834323651156 4.689364447007192e-13 0.9238795325112762
  outer loop
    vertex 2397.074641500663 91.05194502191887 107.38696954726997
    vertex 2396.7128700683165 88.05194502191915 107.5368201810284
    vertex 2397.074641500663 88.05194502191888 107.38696954727148
  endloop
endfacet
facet normal -0.9914448613738043 6.625159056575221e-14 0.13052619222009842
  outer loop
    vertex 2398.962870068317 88.05194502191962 108.83585828670508
    vertex 2398.91175880775 91.0519450219196 108.44762971904981
    vertex 2398.91175880775 88.05194502191962 108.44762971905132
  endloop
endfacet
facet normal -0.9914448613738043 6.625159056575221e-14 0.13052619222009842
  outer loop
    vertex 2398.91175880775 91.0519450219196 108.44762971904981
    vertex 2398.962870068317 88.05194502191962 108.83585828670508
    vertex 2398.962870068317 91.0519450219196 108.83585828670361
  endloop
endfacet
facet normal 0.608761429008759 -4.0268485413498115e-13 -0.7933533402912057
  outer loop
    vertex 2396.7128700683165 88.05194502192047 110.13489639238176
    vertex 2396.4022098965365 91.05194502192013 109.89651845848341
    vertex 2396.7128700683165 91.05194502192045 110.13489639238028
  endloop
endfacet
facet normal 0.608761429008759 -4.0268485413498115e-13 -0.7933533402912057
  outer loop
    vertex 2396.4022098965365 91.05194502192013 109.89651845848341
    vertex 2396.7128700683165 88.05194502192047 110.13489639238176
    vertex 2396.4022098965365 88.05194502192016 109.89651845848493
  endloop
endfacet
facet normal 0.9238795325113007 -1.94239835286044e-13 -0.38268343236505625
  outer loop
    vertex 2396.0139813288833 91.05194502191998 109.22408685435737
    vertex 2396.16383196264 88.05194502192 109.58585828670509
    vertex 2396.0139813288833 88.05194502192 109.22408685435889
  endloop
endfacet
facet normal 0.9238795325113007 -1.94239835286044e-13 -0.38268343236505625
  outer loop
    vertex 2396.16383196264 88.05194502192 109.58585828670509
    vertex 2396.0139813288833 91.05194502191998 109.22408685435737
    vertex 2396.16383196264 91.05194502191998 109.58585828670363
  endloop
endfacet
facet normal 0.9914448613738043 -6.625159056575221e-14 -0.13052619222009842
  outer loop
    vertex 2395.962870068317 91.0519450219196 108.83585828670361
    vertex 2396.0139813288833 88.05194502192 109.22408685435889
    vertex 2395.962870068317 88.05194502191962 108.83585828670508
  endloop
endfacet
facet normal 0.9914448613738043 -6.625159056575221e-14 -0.13052619222009842
  outer loop
    vertex 2396.0139813288833 88.05194502192 109.22408685435889
    vertex 2395.962870068317 91.0519450219196 108.83585828670361
    vertex 2396.0139813288833 91.05194502191998 109.22408685435737
  endloop
endfacet
facet normal 0.9914448613738043 6.625159056575221e-14 0.13052619222009842
  outer loop
    vertex 2396.0139813288833 91.0519450219196 108.44762971904981
    vertex 2395.962870068317 88.05194502191962 108.83585828670508
    vertex 2396.0139813288833 88.05194502191962 108.44762971905132
  endloop
endfacet
facet normal 0.9914448613738043 6.625159056575221e-14 0.13052619222009842
  outer loop
    vertex 2395.962870068317 88.05194502191962 108.83585828670508
    vertex 2396.0139813288833 91.0519450219196 108.44762971904981
    vertex 2395.962870068317 91.0519450219196 108.83585828670361
  endloop
endfacet
facet normal 0.7933533402911961 3.089909562281794e-13 0.6087614290087716
  outer loop
    vertex 2396.4022098965365 91.05194502191925 107.77519811492377
    vertex 2396.16383196264 88.05194502191942 108.08585828670508
    vertex 2396.4022098965365 88.05194502191927 107.77519811492529
  endloop
endfacet
facet normal 0.7933533402911961 3.089909562281794e-13 0.6087614290087716
  outer loop
    vertex 2396.16383196264 88.05194502191942 108.08585828670508
    vertex 2396.4022098965365 91.05194502191925 107.77519811492377
    vertex 2396.16383196264 91.05194502191941 108.08585828670361
  endloop
endfacet
facet normal -0.9238795325113007 1.94239835286044e-13 0.38268343236505625
  outer loop
    vertex 2408.9117588077506 88.05194502191962 108.44762971905132
    vertex 2408.7619081739936 91.05194502191942 108.08585828670361
    vertex 2408.7619081739936 88.05194502191942 108.08585828670508
  endloop
endfacet
facet normal -0.9238795325113007 1.94239835286044e-13 0.38268343236505625
  outer loop
    vertex 2408.7619081739936 91.05194502191942 108.08585828670361
    vertex 2408.9117588077506 88.05194502191962 108.44762971905132
    vertex 2408.9117588077506 91.05194502191961 108.44762971904981
  endloop
endfacet
facet normal -0.9914448613738043 -6.625159056575221e-14 -0.13052619222009842
  outer loop
    vertex 2408.9117588077506 88.05194502192 109.22408685435889
    vertex 2408.962870068317 91.05194502191961 108.83585828670361
    vertex 2408.962870068317 88.05194502191962 108.83585828670508
  endloop
endfacet
facet normal -0.9914448613738043 -6.625159056575221e-14 -0.13052619222009842
  outer loop
    vertex 2408.962870068317 91.05194502191961 108.83585828670361
    vertex 2408.9117588077506 88.05194502192 109.22408685435889
    vertex 2408.9117588077506 91.05194502192 109.22408685435737
  endloop
endfacet
facet normal -0.7933533402911961 -3.089909562281794e-13 -0.6087614290087716
  outer loop
    vertex 2408.5235302400965 88.05194502192016 109.89651845848493
    vertex 2408.7619081739936 91.05194502191999 109.58585828670363
    vertex 2408.7619081739936 88.05194502192 109.58585828670509
  endloop
endfacet
facet normal -0.7933533402911961 -3.089909562281794e-13 -0.6087614290087716
  outer loop
    vertex 2408.7619081739936 91.05194502191999 109.58585828670363
    vertex 2408.5235302400965 88.05194502192016 109.89651845848493
    vertex 2408.5235302400965 91.05194502192015 109.89651845848341
  endloop
endfacet
facet normal -0.3826834323651156 4.689364447007192e-13 0.9238795325112762
  outer loop
    vertex 2407.8510986359706 91.05194502191888 107.38696954726997
    vertex 2408.212870068317 88.05194502191915 107.5368201810284
    vertex 2408.212870068317 91.05194502191915 107.53682018102694
  endloop
endfacet
facet normal -0.3826834323651156 4.689364447007192e-13 0.9238795325112762
  outer loop
    vertex 2408.212870068317 88.05194502191915 107.5368201810284
    vertex 2407.8510986359706 91.05194502191888 107.38696954726997
    vertex 2407.8510986359706 88.05194502191888 107.38696954727148
  endloop
endfacet
facet normal -0.3826834323651156 -4.689364447007192e-13 -0.9238795325112762
  outer loop
    vertex 2408.212870068317 88.05194502192047 110.13489639238176
    vertex 2407.8510986359706 91.05194502192055 110.28474702613723
    vertex 2408.212870068317 91.05194502192047 110.13489639238028
  endloop
endfacet
facet normal -0.3826834323651156 -4.689364447007192e-13 -0.9238795325112762
  outer loop
    vertex 2407.8510986359706 91.05194502192055 110.28474702613723
    vertex 2408.212870068317 88.05194502192047 110.13489639238176
    vertex 2407.8510986359706 88.05194502192055 110.28474702613873
  endloop
endfacet
facet normal 0.3826834323651156 -4.689364447007192e-13 -0.9238795325112762
  outer loop
    vertex 2407.074641500663 88.05194502192055 110.28474702613873
    vertex 2406.7128700683165 91.05194502192047 110.13489639238028
    vertex 2407.074641500663 91.05194502192055 110.28474702613723
  endloop
endfacet
facet normal 0.3826834323651156 -4.689364447007192e-13 -0.9238795325112762
  outer loop
    vertex 2406.7128700683165 91.05194502192047 110.13489639238028
    vertex 2407.074641500663 88.05194502192055 110.28474702613873
    vertex 2406.7128700683165 88.05194502192047 110.13489639238176
  endloop
endfacet
facet normal 0.608761429008759 -4.0268485413498115e-13 -0.7933533402912057
  outer loop
    vertex 2406.7128700683165 88.05194502192047 110.13489639238176
    vertex 2406.402209896537 91.05194502192015 109.89651845848341
    vertex 2406.7128700683165 91.05194502192047 110.13489639238028
  endloop
endfacet
facet normal 0.608761429008759 -4.0268485413498115e-13 -0.7933533402912057
  outer loop
    vertex 2406.402209896537 91.05194502192015 109.89651845848341
    vertex 2406.7128700683165 88.05194502192047 110.13489639238176
    vertex 2406.402209896537 88.05194502192016 109.89651845848493
  endloop
endfacet
facet normal 0.7933533402911961 -3.089909562281794e-13 -0.6087614290087716
  outer loop
    vertex 2406.16383196264 91.05194502191999 109.58585828670363
    vertex 2406.402209896537 88.05194502192016 109.89651845848493
    vertex 2406.16383196264 88.05194502192 109.58585828670509
  endloop
endfacet
facet normal 0.7933533402911961 -3.089909562281794e-13 -0.6087614290087716
  outer loop
    vertex 2406.402209896537 88.05194502192016 109.89651845848493
    vertex 2406.16383196264 91.05194502191999 109.58585828670363
    vertex 2406.402209896537 91.05194502192015 109.89651845848341
  endloop
endfacet
facet normal 0.9914448613738043 -6.625159056575221e-14 -0.13052619222009842
  outer loop
    vertex 2405.962870068317 91.05194502191961 108.83585828670361
    vertex 2406.013981328883 88.05194502192 109.22408685435889
    vertex 2405.962870068317 88.05194502191962 108.83585828670508
  endloop
endfacet
facet normal 0.9914448613738043 -6.625159056575221e-14 -0.13052619222009842
  outer loop
    vertex 2406.013981328883 88.05194502192 109.22408685435889
    vertex 2405.962870068317 91.05194502191961 108.83585828670361
    vertex 2406.013981328883 91.05194502192 109.22408685435737
  endloop
endfacet
facet normal 0.9238795325113007 1.94239835286044e-13 0.38268343236505625
  outer loop
    vertex 2406.16383196264 91.05194502191942 108.08585828670361
    vertex 2406.013981328883 88.05194502191962 108.44762971905132
    vertex 2406.16383196264 88.05194502191942 108.08585828670508
  endloop
endfacet
facet normal 0.9238795325113007 1.94239835286044e-13 0.38268343236505625
  outer loop
    vertex 2406.013981328883 88.05194502191962 108.44762971905132
    vertex 2406.16383196264 91.05194502191942 108.08585828670361
    vertex 2406.013981328883 91.05194502191961 108.44762971904981
  endloop
endfacet
facet normal 0.7933533402911961 3.089909562281794e-13 0.6087614290087716
  outer loop
    vertex 2406.402209896537 91.05194502191927 107.77519811492377
    vertex 2406.16383196264 88.05194502191942 108.08585828670508
    vertex 2406.402209896537 88.05194502191927 107.77519811492529
  endloop
endfacet
facet normal 0.7933533402911961 3.089909562281794e-13 0.6087614290087716
  outer loop
    vertex 2406.16383196264 88.05194502191942 108.08585828670508
    vertex 2406.402209896537 91.05194502191927 107.77519811492377
    vertex 2406.16383196264 91.05194502191942 108.08585828670361
  endloop
endfacet
facet normal -0.9914448613738043 6.625159056575221e-14 0.13052619222009842
  outer loop
    vertex 2408.962870068317 88.05194502191962 108.83585828670508
    vertex 2408.9117588077506 91.05194502191961 108.44762971904981
    vertex 2408.9117588077506 88.05194502191962 108.44762971905132
  endloop
endfacet
facet normal -0.9914448613738043 6.625159056575221e-14 0.13052619222009842
  outer loop
    vertex 2408.9117588077506 91.05194502191961 108.44762971904981
    vertex 2408.962870068317 88.05194502191962 108.83585828670508
    vertex 2408.962870068317 91.05194502191961 108.83585828670361
  endloop
endfacet
facet normal 0.13052619222003808 5.032307915142154e-13 0.9914448613738123
  outer loop
    vertex 2407.074641500663 91.05194502191888 107.38696954726997
    vertex 2407.462870068317 88.05194502191905 107.33585828670506
    vertex 2407.462870068317 91.05194502191905 107.3358582867036
  endloop
endfacet
facet normal 0.13052619222003808 5.032307915142154e-13 0.9914448613738123
  outer loop
    vertex 2407.462870068317 88.05194502191905 107.33585828670506
    vertex 2407.074641500663 91.05194502191888 107.38696954726997
    vertex 2407.074641500663 88.05194502191888 107.38696954727148
  endloop
endfacet
facet normal -0.13052619222003808 5.032307915142154e-13 0.9914448613738123
  outer loop
    vertex 2407.462870068317 88.05194502191905 107.33585828670506
    vertex 2407.8510986359706 91.05194502191888 107.38696954726997
    vertex 2407.462870068317 91.05194502191905 107.3358582867036
  endloop
endfacet
facet normal -0.13052619222003808 5.032307915142154e-13 0.9914448613738123
  outer loop
    vertex 2407.8510986359706 91.05194502191888 107.38696954726997
    vertex 2407.462870068317 88.05194502191905 107.33585828670506
    vertex 2407.8510986359706 88.05194502191888 107.38696954727148
  endloop
endfacet
facet normal 0.9238795325113007 -1.94239835286044e-13 -0.38268343236505625
  outer loop
    vertex 2406.013981328883 91.05194502192 109.22408685435737
    vertex 2406.16383196264 88.05194502192 109.58585828670509
    vertex 2406.013981328883 88.05194502192 109.22408685435889
  endloop
endfacet
facet normal 0.9238795325113007 -1.94239835286044e-13 -0.38268343236505625
  outer loop
    vertex 2406.16383196264 88.05194502192 109.58585828670509
    vertex 2406.013981328883 91.05194502192 109.22408685435737
    vertex 2406.16383196264 91.05194502191999 109.58585828670363
  endloop
endfacet
facet normal 0.608761429008759 4.0268485413498115e-13 0.7933533402912057
  outer loop
    vertex 2406.402209896537 88.05194502191927 107.77519811492529
    vertex 2406.7128700683165 91.05194502191915 107.53682018102694
    vertex 2406.402209896537 91.05194502191927 107.77519811492377
  endloop
endfacet
facet normal 0.608761429008759 4.0268485413498115e-13 0.7933533402912057
  outer loop
    vertex 2406.7128700683165 91.05194502191915 107.53682018102694
    vertex 2406.402209896537 88.05194502191927 107.77519811492529
    vertex 2406.7128700683165 88.05194502191915 107.5368201810284
  endloop
endfacet
facet normal -0.608761429008759 4.0268485413498115e-13 0.7933533402912057
  outer loop
    vertex 2408.212870068317 88.05194502191915 107.5368201810284
    vertex 2408.5235302400965 91.05194502191927 107.77519811492377
    vertex 2408.212870068317 91.05194502191915 107.53682018102694
  endloop
endfacet
facet normal -0.608761429008759 4.0268485413498115e-13 0.7933533402912057
  outer loop
    vertex 2408.5235302400965 91.05194502191927 107.77519811492377
    vertex 2408.212870068317 88.05194502191915 107.5368201810284
    vertex 2408.5235302400965 88.05194502191927 107.77519811492529
  endloop
endfacet
facet normal -0.7933533402911961 3.089909562281794e-13 0.6087614290087716
  outer loop
    vertex 2408.7619081739936 88.05194502191942 108.08585828670508
    vertex 2408.5235302400965 91.05194502191927 107.77519811492377
    vertex 2408.5235302400965 88.05194502191927 107.77519811492529
  endloop
endfacet
facet normal -0.7933533402911961 3.089909562281794e-13 0.6087614290087716
  outer loop
    vertex 2408.5235302400965 91.05194502191927 107.77519811492377
    vertex 2408.7619081739936 88.05194502191942 108.08585828670508
    vertex 2408.7619081739936 91.05194502191942 108.08585828670361
  endloop
endfacet
facet normal -0.608761429008759 -4.0268485413498115e-13 -0.7933533402912057
  outer loop
    vertex 2408.5235302400965 91.05194502192015 109.89651845848341
    vertex 2408.212870068317 88.05194502192047 110.13489639238176
    vertex 2408.212870068317 91.05194502192047 110.13489639238028
  endloop
endfacet
facet normal -0.608761429008759 -4.0268485413498115e-13 -0.7933533402912057
  outer loop
    vertex 2408.212870068317 88.05194502192047 110.13489639238176
    vertex 2408.5235302400965 91.05194502192015 109.89651845848341
    vertex 2408.5235302400965 88.05194502192016 109.89651845848493
  endloop
endfacet
facet normal -0.13052619222003808 -5.032307915142154e-13 -0.9914448613738123
  outer loop
    vertex 2407.8510986359706 88.05194502192055 110.28474702613873
    vertex 2407.462870068317 91.05194502192057 110.33585828670364
    vertex 2407.8510986359706 91.05194502192055 110.28474702613723
  endloop
endfacet
facet normal -0.13052619222003808 -5.032307915142154e-13 -0.9914448613738123
  outer loop
    vertex 2407.462870068317 91.05194502192057 110.33585828670364
    vertex 2407.8510986359706 88.05194502192055 110.28474702613873
    vertex 2407.462870068317 88.05194502192057 110.3358582867051
  endloop
endfacet
facet normal -0.9238795325113007 -1.94239835286044e-13 -0.38268343236505625
  outer loop
    vertex 2408.7619081739936 88.05194502192 109.58585828670509
    vertex 2408.9117588077506 91.05194502192 109.22408685435737
    vertex 2408.9117588077506 88.05194502192 109.22408685435889
  endloop
endfacet
facet normal -0.9238795325113007 -1.94239835286044e-13 -0.38268343236505625
  outer loop
    vertex 2408.9117588077506 91.05194502192 109.22408685435737
    vertex 2408.7619081739936 88.05194502192 109.58585828670509
    vertex 2408.7619081739936 91.05194502191999 109.58585828670363
  endloop
endfacet
facet normal 0.13052619222003808 -5.032307915142154e-13 -0.9914448613738123
  outer loop
    vertex 2407.462870068317 88.05194502192057 110.3358582867051
    vertex 2407.074641500663 91.05194502192055 110.28474702613723
    vertex 2407.462870068317 91.05194502192057 110.33585828670364
  endloop
endfacet
facet normal 0.13052619222003808 -5.032307915142154e-13 -0.9914448613738123
  outer loop
    vertex 2407.074641500663 91.05194502192055 110.28474702613723
    vertex 2407.462870068317 88.05194502192057 110.3358582867051
    vertex 2407.074641500663 88.05194502192055 110.28474702613873
  endloop
endfacet
facet normal 0.9914448613738043 6.625159056575221e-14 0.13052619222009842
  outer loop
    vertex 2406.013981328883 91.05194502191961 108.44762971904981
    vertex 2405.962870068317 88.05194502191962 108.83585828670508
    vertex 2406.013981328883 88.05194502191962 108.44762971905132
  endloop
endfacet
facet normal 0.9914448613738043 6.625159056575221e-14 0.13052619222009842
  outer loop
    vertex 2405.962870068317 88.05194502191962 108.83585828670508
    vertex 2406.013981328883 91.05194502191961 108.44762971904981
    vertex 2405.962870068317 91.05194502191961 108.83585828670361
  endloop
endfacet
facet normal 0.3826834323651156 4.689364447007192e-13 0.9238795325112762
  outer loop
    vertex 2406.7128700683165 88.05194502191915 107.5368201810284
    vertex 2407.074641500663 91.05194502191888 107.38696954726997
    vertex 2406.7128700683165 91.05194502191915 107.53682018102694
  endloop
endfacet
facet normal 0.3826834323651156 4.689364447007192e-13 0.9238795325112762
  outer loop
    vertex 2407.074641500663 91.05194502191888 107.38696954726997
    vertex 2406.7128700683165 88.05194502191915 107.5368201810284
    vertex 2407.074641500663 88.05194502191888 107.38696954727148
  endloop
endfacet
facet normal -1.0340599990448168e-13 1.0 -5.110548659914952e-13
  outer loop
    vertex 2396.957092858457 200.05194502190454 76.83545495540275
    vertex 2396.957092858457 200.05194502190298 73.88491784123397
    vertex 2396.7628700683053 200.05194502190375 75.36018639831835
  endloop
endfacet
facet normal -1.0340599990448168e-13 1.0 -5.110548659914952e-13
  outer loop
    vertex 2396.957092858457 200.05194502190298 73.88491784123397
    vertex 2396.957092858457 200.05194502190454 76.83545495540275
    vertex 2397.5265252667336 200.05194502190528 78.2101863983184
  endloop
endfacet
facet normal -1.0340599990448168e-13 1.0 -5.110548659914952e-13
  outer loop
    vertex 2396.957092858457 200.05194502190298 73.88491784123397
    vertex 2397.5265252667336 200.05194502190528 78.2101863983184
    vertex 2397.5265252667336 200.05194502190238 72.51018639831831
  endloop
endfacet
facet normal -1.0340599990448168e-13 1.0 -5.110548659914952e-13
  outer loop
    vertex 2397.5265252667336 200.05194502190238 72.51018639831831
    vertex 2397.5265252667336 200.05194502190528 78.2101863983184
    vertex 2398.432361415542 200.05194502190596 79.39069505108175
  endloop
endfacet
facet normal -1.0340599990448168e-13 1.0 -5.110548659914952e-13
  outer loop
    vertex 2397.5265252667336 200.05194502190238 72.51018639831831
    vertex 2398.432361415542 200.05194502190596 79.39069505108175
    vertex 2398.432361415542 200.05194502190184 71.32967774555499
  endloop
endfacet
facet normal -1.0340599990448168e-13 1.0 -5.110548659914952e-13
  outer loop
    vertex 2398.432361415542 200.05194502190184 71.32967774555499
    vertex 2398.432361415542 200.05194502190596 79.39069505108175
    vertex 2399.6128700683053 200.05194502190656 80.29653119988974
  endloop
endfacet
facet normal -1.0340599990448168e-13 1.0 -5.110548659914952e-13
  outer loop
    vertex 2398.432361415542 200.05194502190184 71.32967774555499
    vertex 2399.6128700683053 200.05194502190656 80.29653119988974
    vertex 2399.6128700683053 200.0519450219015 70.423841596747
  endloop
endfacet
facet normal -1.0340599990448168e-13 1.0 -5.110548659914952e-13
  outer loop
    vertex 2399.6128700683053 200.0519450219015 70.423841596747
    vertex 2399.6128700683053 200.05194502190656 80.29653119988974
    vertex 2399.7628700683053 200.05194502190406 75.36018639831838
  endloop
endfacet
facet normal -1.0340599990448168e-13 1.0 -5.110548659914952e-13
  outer loop
    vertex 2399.7628700683053 200.05194502190406 75.36018639831838
    vertex 2399.6128700683053 200.05194502190656 80.29653119988974
    vertex 2399.8548703373244 200.0519450219044 76.05899782009519
  endloop
endfacet
facet normal -1.0340599990448168e-13 1.0 -5.110548659914952e-13
  outer loop
    vertex 2399.8548703373244 200.0519450219044 76.05899782009519
    vertex 2399.6128700683053 200.05194502190656 80.29653119988974
    vertex 2400.987601511221 200.051945021907 80.86596360816614
  endloop
endfacet
facet normal -1.0340599990448168e-13 1.0 -5.110548659914952e-13
  outer loop
    vertex 2399.8548703373244 200.0519450219044 76.05899782009519
    vertex 2400.987601511221 200.051945021907 80.86596360816614
    vertex 2400.1246014780872 200.05194502190474 76.71018639831838
  endloop
endfacet
facet normal -1.0340599990448168e-13 1.0 -5.110548659914952e-13
  outer loop
    vertex 2400.1246014780872 200.05194502190474 76.71018639831838
    vertex 2400.987601511221 200.051945021907 80.86596360816614
    vertex 2400.5536817591014 200.05194502190514 77.26937470752206
  endloop
endfacet
facet normal -1.0340599990448168e-13 1.0 -5.110548659914952e-13
  outer loop
    vertex 2400.5536817591014 200.05194502190514 77.26937470752206
    vertex 2400.987601511221 200.051945021907 80.86596360816614
    vertex 2401.112870068305 200.05194502190537 77.69845498853637
  endloop
endfacet
facet normal -1.0340599990448168e-13 1.0 -5.110548659914952e-13
  outer loop
    vertex 2401.112870068305 200.05194502190537 77.69845498853637
    vertex 2400.987601511221 200.051945021907 80.86596360816614
    vertex 2402.462870068305 200.05194502190727 81.06018639831846
  endloop
endfacet
facet normal -1.0340599990448168e-13 1.0 -5.110548659914952e-13
  outer loop
    vertex 2401.112870068305 200.05194502190537 77.69845498853637
    vertex 2402.462870068305 200.05194502190727 81.06018639831846
    vertex 2401.764058646528 200.05194502190557 77.96818612929889
  endloop
endfacet
facet normal -1.0340599990448168e-13 1.0 -5.110548659914952e-13
  outer loop
    vertex 2401.764058646528 200.05194502190557 77.96818612929889
    vertex 2402.462870068305 200.05194502190727 81.06018639831846
    vertex 2402.462870068305 200.05194502190568 78.0601863983184
  endloop
endfacet
facet normal -1.0340599990448168e-13 1.0 -5.110548659914952e-13
  outer loop
    vertex 2402.462870068305 200.05194502190568 78.0601863983184
    vertex 2402.462870068305 200.05194502190727 81.06018639831846
    vertex 2403.9381386253895 200.0519450219073 80.86596360816615
  endloop
endfacet
facet normal -1.0340599990448168e-13 1.0 -5.110548659914952e-13
  outer loop
    vertex 2402.462870068305 200.05194502190568 78.0601863983184
    vertex 2403.9381386253895 200.0519450219073 80.86596360816615
    vertex 2403.1616814900817 200.05194502190574 77.96818612929887
  endloop
endfacet
facet normal -1.0340599990448168e-13 1.0 -5.110548659914952e-13
  outer loop
    vertex 2403.1616814900817 200.05194502190574 77.96818612929887
    vertex 2403.9381386253895 200.0519450219073 80.86596360816615
    vertex 2403.812870068305 200.05194502190565 77.69845498853637
  endloop
endfacet
facet normal -1.0340599990448168e-13 1.0 -5.110548659914952e-13
  outer loop
    vertex 2403.812870068305 200.05194502190565 77.69845498853637
    vertex 2403.9381386253895 200.0519450219073 80.86596360816615
    vertex 2404.372058377509 200.05194502190557 77.26937470752206
  endloop
endfacet
facet normal -1.0340599990448168e-13 1.0 -5.110548659914952e-13
  outer loop
    vertex 2404.372058377509 200.05194502190557 77.26937470752206
    vertex 2403.9381386253895 200.0519450219073 80.86596360816615
    vertex 2405.3128700683055 200.05194502190716 80.29653119988976
  endloop
endfacet
facet normal -1.0340599990448168e-13 1.0 -5.110548659914952e-13
  outer loop
    vertex 2404.372058377509 200.05194502190557 77.26937470752206
    vertex 2405.3128700683055 200.05194502190716 80.29653119988976
    vertex 2404.8011386585226 200.05194502190528 76.71018639831838
  endloop
endfacet
facet normal -1.0340599990448168e-13 1.0 -5.110548659914952e-13
  outer loop
    vertex 2404.8011386585226 200.05194502190528 76.71018639831838
    vertex 2405.3128700683055 200.05194502190716 80.29653119988976
    vertex 2405.0708697992854 200.05194502190494 76.05899782009519
  endloop
endfacet
facet normal -1.0340599990448168e-13 1.0 -5.110548659914952e-13
  outer loop
    vertex 2405.0708697992854 200.05194502190494 76.05899782009519
    vertex 2405.3128700683055 200.05194502190716 80.29653119988976
    vertex 2405.162870068305 200.05194502190466 75.36018639831838
  endloop
endfacet
facet normal -1.0340599990448168e-13 1.0 -5.110548659914952e-13
  outer loop
    vertex 2399.6128700683053 200.0519450219015 70.423841596747
    vertex 2399.8548703373244 200.05194502190372 74.66137497654157
    vertex 2400.987601511221 200.05194502190142 69.8544091884706
  endloop
endfacet
facet normal -1.0340599990448168e-13 1.0 -5.110548659914952e-13
  outer loop
    vertex 2399.8548703373244 200.05194502190372 74.66137497654157
    vertex 2399.6128700683053 200.0519450219015 70.423841596747
    vertex 2399.7628700683053 200.05194502190406 75.36018639831838
  endloop
endfacet
facet normal -1.0340599990448168e-13 1.0 -5.110548659914952e-13
  outer loop
    vertex 2400.987601511221 200.05194502190142 69.8544091884706
    vertex 2399.8548703373244 200.05194502190372 74.66137497654157
    vertex 2400.1246014780872 200.05194502190338 74.01018639831837
  endloop
endfacet
facet normal -1.0340599990448168e-13 1.0 -5.110548659914952e-13
  outer loop
    vertex 2400.987601511221 200.05194502190142 69.8544091884706
    vertex 2400.1246014780872 200.05194502190338 74.01018639831837
    vertex 2400.5536817591014 200.05194502190318 73.45099808911469
  endloop
endfacet
facet normal -1.0340599990448168e-13 1.0 -5.110548659914952e-13
  outer loop
    vertex 2400.987601511221 200.05194502190142 69.8544091884706
    vertex 2400.5536817591014 200.05194502190318 73.45099808911469
    vertex 2401.112870068305 200.051945021903 73.02191780810038
  endloop
endfacet
facet normal -1.0340599990448168e-13 1.0 -5.110548659914952e-13
  outer loop
    vertex 2400.987601511221 200.05194502190142 69.8544091884706
    vertex 2401.112870068305 200.051945021903 73.02191780810038
    vertex 2402.462870068305 200.05194502190142 69.6601863983183
  endloop
endfacet
facet normal -1.0340599990448168e-13 1.0 -5.110548659914952e-13
  outer loop
    vertex 2402.462870068305 200.05194502190142 69.6601863983183
    vertex 2401.112870068305 200.051945021903 73.02191780810038
    vertex 2401.764058646528 200.05194502190292 72.75218666733787
  endloop
endfacet
facet normal -1.0340599990448168e-13 1.0 -5.110548659914952e-13
  outer loop
    vertex 2402.462870068305 200.05194502190142 69.6601863983183
    vertex 2401.764058646528 200.05194502190292 72.75218666733787
    vertex 2402.462870068305 200.05194502190295 72.66018639831836
  endloop
endfacet
facet normal -1.0340599990448168e-13 1.0 -5.110548659914952e-13
  outer loop
    vertex 2402.462870068305 200.05194502190142 69.6601863983183
    vertex 2402.462870068305 200.05194502190295 72.66018639831836
    vertex 2403.1616814900817 200.0519450219031 72.75218666733787
  endloop
endfacet
facet normal -1.0340599990448168e-13 1.0 -5.110548659914952e-13
  outer loop
    vertex 2402.462870068305 200.05194502190142 69.6601863983183
    vertex 2403.1616814900817 200.0519450219031 72.75218666733787
    vertex 2403.9381386253895 200.05194502190167 69.8544091884706
  endloop
endfacet
facet normal -1.0340599990448168e-13 1.0 -5.110548659914952e-13
  outer loop
    vertex 2403.9381386253895 200.05194502190167 69.8544091884706
    vertex 2403.1616814900817 200.0519450219031 72.75218666733787
    vertex 2403.812870068305 200.0519450219033 73.02191780810038
  endloop
endfacet
facet normal -1.0340599990448168e-13 1.0 -5.110548659914952e-13
  outer loop
    vertex 2403.9381386253895 200.05194502190167 69.8544091884706
    vertex 2403.812870068305 200.0519450219033 73.02191780810038
    vertex 2404.372058377509 200.0519450219036 73.45099808911469
  endloop
endfacet
facet normal -1.0340599990448168e-13 1.0 -5.110548659914952e-13
  outer loop
    vertex 2403.9381386253895 200.05194502190167 69.8544091884706
    vertex 2404.372058377509 200.0519450219036 73.45099808911469
    vertex 2405.3128700683055 200.05194502190207 70.423841596747
  endloop
endfacet
facet normal -1.0340599990448168e-13 1.0 -5.110548659914952e-13
  outer loop
    vertex 2405.3128700683055 200.05194502190207 70.423841596747
    vertex 2404.372058377509 200.0519450219036 73.45099808911469
    vertex 2404.8011386585226 200.05194502190392 74.01018639831837
  endloop
endfacet
facet normal -1.0340599990448168e-13 1.0 -5.110548659914952e-13
  outer loop
    vertex 2405.3128700683055 200.05194502190207 70.423841596747
    vertex 2404.8011386585226 200.05194502190392 74.01018639831837
    vertex 2405.0708697992854 200.05194502190426 74.66137497654157
  endloop
endfacet
facet normal -1.0340599990448168e-13 1.0 -5.110548659914952e-13
  outer loop
    vertex 2405.3128700683055 200.05194502190207 70.423841596747
    vertex 2405.0708697992854 200.05194502190426 74.66137497654157
    vertex 2405.162870068305 200.05194502190466 75.36018639831838
  endloop
endfacet
facet normal -1.0340599990448168e-13 1.0 -5.110548659914952e-13
  outer loop
    vertex 2405.3128700683055 200.05194502190207 70.423841596747
    vertex 2405.162870068305 200.05194502190466 75.36018639831838
    vertex 2405.3128700683055 200.05194502190716 80.29653119988976
  endloop
endfacet
facet normal -1.0340599990448168e-13 1.0 -5.110548659914952e-13
  outer loop
    vertex 2405.3128700683055 200.05194502190207 70.423841596747
    vertex 2405.3128700683055 200.05194502190716 80.29653119988976
    vertex 2406.4933787210684 200.05194502190682 79.39069505108176
  endloop
endfacet
facet normal -1.0340599990448168e-13 1.0 -5.110548659914952e-13
  outer loop
    vertex 2405.3128700683055 200.05194502190207 70.423841596747
    vertex 2406.4933787210684 200.05194502190682 79.39069505108176
    vertex 2406.4933787210684 200.0519450219027 71.32967774555499
  endloop
endfacet
facet normal -1.0340599990448168e-13 1.0 -5.110548659914952e-13
  outer loop
    vertex 2406.4933787210684 200.0519450219027 71.32967774555499
    vertex 2406.4933787210684 200.05194502190682 79.39069505108176
    vertex 2407.3992148698762 200.05194502190633 78.21018639831843
  endloop
endfacet
facet normal -1.0340599990448168e-13 1.0 -5.110548659914952e-13
  outer loop
    vertex 2406.4933787210684 200.0519450219027 71.32967774555499
    vertex 2407.3992148698762 200.05194502190633 78.21018639831843
    vertex 2407.3992148698762 200.05194502190338 72.51018639831834
  endloop
endfacet
facet normal -1.0340599990448168e-13 1.0 -5.110548659914952e-13
  outer loop
    vertex 2407.3992148698762 200.05194502190338 72.51018639831834
    vertex 2407.3992148698762 200.05194502190633 78.21018639831843
    vertex 2407.9686472781527 200.05194502190568 76.83545495540278
  endloop
endfacet
facet normal -1.0340599990448168e-13 1.0 -5.110548659914952e-13
  outer loop
    vertex 2407.3992148698762 200.05194502190338 72.51018639831834
    vertex 2407.9686472781527 200.05194502190568 76.83545495540278
    vertex 2407.9686472781527 200.05194502190415 73.884917841234
  endloop
endfacet
facet normal -1.0340599990448168e-13 1.0 -5.110548659914952e-13
  outer loop
    vertex 2407.9686472781527 200.05194502190415 73.884917841234
    vertex 2407.9686472781527 200.05194502190568 76.83545495540278
    vertex 2408.1628700683054 200.0519450219049 75.3601863983184
  endloop
endfacet
facet normal 0.7933533402912384 3.9314798595321673e-13 0.6087614290087168
  outer loop
    vertex 2406.4933787210684 200.05194502190682 79.39069505108176
    vertex 2407.3992148698767 198.05194502190633 78.21018639831945
    vertex 2407.3992148698762 200.05194502190633 78.21018639831843
  endloop
endfacet
facet normal 0.7933533402912384 3.9314798595321673e-13 0.6087614290087168
  outer loop
    vertex 2407.3992148698767 198.05194502190633 78.21018639831945
    vertex 2406.4933787210684 200.05194502190682 79.39069505108176
    vertex 2406.4933787210684 198.05194502190682 79.39069505108279
  endloop
endfacet
facet normal 0.9238795325112925 2.9110691709511456e-13 0.38268343236507585
  outer loop
    vertex 2407.3992148698762 200.05194502190633 78.21018639831843
    vertex 2407.9686472781527 198.05194502190568 76.83545495540382
    vertex 2407.9686472781527 200.05194502190568 76.83545495540278
  endloop
endfacet
facet normal 0.9238795325112925 2.9110691709511456e-13 0.38268343236507585
  outer loop
    vertex 2407.9686472781527 198.05194502190568 76.83545495540382
    vertex 2407.3992148698762 200.05194502190633 78.21018639831843
    vertex 2407.3992148698767 198.05194502190633 78.21018639831945
  endloop
endfacet
facet normal 0.9914448613738058 1.6922739291393566e-13 0.1305261922200877
  outer loop
    vertex 2407.9686472781527 200.05194502190568 76.83545495540278
    vertex 2408.1628700683054 198.05194502190494 75.36018639831943
    vertex 2408.1628700683054 200.0519450219049 75.3601863983184
  endloop
endfacet
facet normal 0.9914448613738058 1.6922739291393566e-13 0.1305261922200877
  outer loop
    vertex 2408.1628700683054 198.05194502190494 75.36018639831943
    vertex 2407.9686472781527 200.05194502190568 76.83545495540278
    vertex 2407.9686472781527 198.05194502190568 76.83545495540382
  endloop
endfacet
facet normal 0.9914448613738059 3.581530156710205e-14 -0.13052619222008674
  outer loop
    vertex 2408.1628700683054 200.0519450219049 75.3601863983184
    vertex 2407.9686472781527 198.05194502190417 73.88491784123502
    vertex 2407.9686472781527 200.05194502190415 73.884917841234
  endloop
endfacet
facet normal 0.9914448613738059 3.581530156710205e-14 -0.13052619222008674
  outer loop
    vertex 2407.9686472781527 198.05194502190417 73.88491784123502
    vertex 2408.1628700683054 200.0519450219049 75.3601863983184
    vertex 2408.1628700683054 198.05194502190494 75.36018639831943
  endloop
endfacet
facet normal 0.9238795325112948 -1.0003754339388105e-13 -0.3826834323650706
  outer loop
    vertex 2407.9686472781527 200.05194502190415 73.884917841234
    vertex 2407.3992148698767 198.05194502190338 72.51018639831936
    vertex 2407.3992148698762 200.05194502190338 72.51018639831834
  endloop
endfacet
facet normal 0.9238795325112948 -1.0003754339388105e-13 -0.3826834323650706
  outer loop
    vertex 2407.3992148698767 198.05194502190338 72.51018639831936
    vertex 2407.9686472781527 200.05194502190415 73.884917841234
    vertex 2407.9686472781527 198.05194502190417 73.88491784123502
  endloop
endfacet
facet normal 0.7933533402912384 -2.290729950924649e-13 -0.6087614290087168
  outer loop
    vertex 2407.3992148698762 200.05194502190338 72.51018639831834
    vertex 2406.4933787210684 198.0519450219027 71.32967774555603
    vertex 2406.4933787210684 200.0519450219027 71.32967774555499
  endloop
endfacet
facet normal 0.7933533402912384 -2.290729950924649e-13 -0.6087614290087168
  outer loop
    vertex 2406.4933787210684 198.0519450219027 71.32967774555603
    vertex 2407.3992148698762 200.05194502190338 72.51018639831834
    vertex 2407.3992148698767 198.05194502190338 72.51018639831936
  endloop
endfacet
facet normal 0.6087614290087179 -3.424975007365158e-13 -0.7933533402912374
  outer loop
    vertex 2406.4933787210684 198.0519450219027 71.32967774555603
    vertex 2405.3128700683055 200.05194502190207 70.423841596747
    vertex 2406.4933787210684 200.0519450219027 71.32967774555499
  endloop
endfacet
facet normal 0.6087614290087179 -3.424975007365158e-13 -0.7933533402912374
  outer loop
    vertex 2405.3128700683055 200.05194502190207 70.423841596747
    vertex 2406.4933787210684 198.0519450219027 71.32967774555603
    vertex 2405.3128700683055 198.0519450219021 70.42384159674802
  endloop
endfacet
facet normal 0.38268343236507657 -4.325813677092539e-13 -0.9238795325112924
  outer loop
    vertex 2405.3128700683055 198.0519450219021 70.42384159674802
    vertex 2403.9381386253895 200.05194502190167 69.8544091884706
    vertex 2405.3128700683055 200.05194502190207 70.423841596747
  endloop
endfacet
facet normal 0.38268343236507657 -4.325813677092539e-13 -0.9238795325112924
  outer loop
    vertex 2403.9381386253895 200.05194502190167 69.8544091884706
    vertex 2405.3128700683055 198.0519450219021 70.42384159674802
    vertex 2403.9381386253895 198.05194502190167 69.85440918847162
  endloop
endfacet
facet normal 0.1305261922200459 -4.931855293471112e-13 -0.9914448613738112
  outer loop
    vertex 2403.9381386253895 198.05194502190167 69.85440918847162
    vertex 2402.462870068305 200.05194502190142 69.6601863983183
    vertex 2403.9381386253895 200.05194502190167 69.8544091884706
  endloop
endfacet
facet normal 0.1305261922200459 -4.931855293471112e-13 -0.9914448613738112
  outer loop
    vertex 2402.462870068305 200.05194502190142 69.6601863983183
    vertex 2403.9381386253895 198.05194502190167 69.85440918847162
    vertex 2402.462870068305 198.05194502190145 69.66018639831933
  endloop
endfacet
facet normal -0.1305261922200459 -5.20179912187588e-13 -0.9914448613738112
  outer loop
    vertex 2402.462870068305 198.05194502190145 69.66018639831933
    vertex 2400.987601511221 200.05194502190142 69.8544091884706
    vertex 2402.462870068305 200.05194502190142 69.6601863983183
  endloop
endfacet
facet normal -0.1305261922200459 -5.20179912187588e-13 -0.9914448613738112
  outer loop
    vertex 2400.987601511221 200.05194502190142 69.8544091884706
    vertex 2402.462870068305 198.05194502190145 69.66018639831933
    vertex 2400.987601511221 198.05194502190142 69.85440918847162
  endloop
endfacet
facet normal -0.38268343236507657 -5.117248936504335e-13 -0.9238795325112924
  outer loop
    vertex 2400.987601511221 198.05194502190142 69.85440918847162
    vertex 2399.6128700683053 200.0519450219015 70.423841596747
    vertex 2400.987601511221 200.05194502190142 69.8544091884706
  endloop
endfacet
facet normal -0.38268343236507657 -5.117248936504335e-13 -0.9238795325112924
  outer loop
    vertex 2399.6128700683053 200.0519450219015 70.423841596747
    vertex 2400.987601511221 198.05194502190142 69.85440918847162
    vertex 2399.6128700683053 198.0519450219015 70.42384159674802
  endloop
endfacet
facet normal -0.6087614290087717 -4.683966692763556e-13 -0.7933533402911962
  outer loop
    vertex 2399.6128700683053 198.0519450219015 70.42384159674802
    vertex 2398.432361415542 200.05194502190184 71.32967774555499
    vertex 2399.6128700683053 200.0519450219015 70.423841596747
  endloop
endfacet
facet normal -0.6087614290087717 -4.683966692763556e-13 -0.7933533402911962
  outer loop
    vertex 2398.432361415542 200.05194502190184 71.32967774555499
    vertex 2399.6128700683053 198.0519450219015 70.42384159674802
    vertex 2398.432361415542 198.05194502190184 71.32967774555601
  endloop
endfacet
facet normal -0.7933533402911768 -3.9314798595325136e-13 -0.6087614290087967
  outer loop
    vertex 2398.432361415542 198.05194502190184 71.32967774555601
    vertex 2397.5265252667336 200.05194502190238 72.51018639831831
    vertex 2398.432361415542 200.05194502190184 71.32967774555499
  endloop
endfacet
facet normal -0.7933533402911768 -3.9314798595325136e-13 -0.6087614290087967
  outer loop
    vertex 2397.5265252667336 200.05194502190238 72.51018639831831
    vertex 2398.432361415542 198.05194502190184 71.32967774555601
    vertex 2397.526525266734 198.05194502190238 72.51018639831933
  endloop
endfacet
facet normal -0.9238795325112936 -2.911069170951133e-13 -0.3826834323650732
  outer loop
    vertex 2397.526525266734 198.05194502190238 72.51018639831933
    vertex 2396.957092858457 200.05194502190298 73.88491784123397
    vertex 2397.5265252667336 200.05194502190238 72.51018639831831
  endloop
endfacet
facet normal -0.9238795325112936 -2.911069170951133e-13 -0.3826834323650732
  outer loop
    vertex 2396.957092858457 200.05194502190298 73.88491784123397
    vertex 2397.526525266734 198.05194502190238 72.51018639831933
    vertex 2396.9570928584576 198.05194502190298 73.884917841235
  endloop
endfacet
facet normal -0.9914448613738058 -1.6922739291393566e-13 -0.1305261922200877
  outer loop
    vertex 2396.9570928584576 198.05194502190298 73.884917841235
    vertex 2396.7628700683053 200.05194502190375 75.36018639831835
    vertex 2396.957092858457 200.05194502190298 73.88491784123397
  endloop
endfacet
facet normal -0.9914448613738058 -1.6922739291393566e-13 -0.1305261922200877
  outer loop
    vertex 2396.7628700683053 200.05194502190375 75.36018639831835
    vertex 2396.9570928584576 198.05194502190298 73.884917841235
    vertex 2396.7628700683053 198.05194502190375 75.36018639831939
  endloop
endfacet
facet normal -0.9914448613738059 -3.581530156710205e-14 0.13052619222008674
  outer loop
    vertex 2396.7628700683053 198.05194502190375 75.36018639831939
    vertex 2396.957092858457 200.05194502190454 76.83545495540275
    vertex 2396.7628700683053 200.05194502190375 75.36018639831835
  endloop
endfacet
facet normal -0.9914448613738059 -3.581530156710205e-14 0.13052619222008674
  outer loop
    vertex 2396.957092858457 200.05194502190454 76.83545495540275
    vertex 2396.7628700683053 198.05194502190375 75.36018639831939
    vertex 2396.9570928584576 198.05194502190454 76.83545495540378
  endloop
endfacet
facet normal -0.9238795325112936 1.0003754339388249e-13 0.3826834323650732
  outer loop
    vertex 2396.9570928584576 198.05194502190454 76.83545495540378
    vertex 2397.5265252667336 200.05194502190528 78.2101863983184
    vertex 2396.957092858457 200.05194502190454 76.83545495540275
  endloop
endfacet
facet normal -0.9238795325112936 1.0003754339388249e-13 0.3826834323650732
  outer loop
    vertex 2397.5265252667336 200.05194502190528 78.2101863983184
    vertex 2396.9570928584576 198.05194502190454 76.83545495540378
    vertex 2397.526525266734 198.05194502190528 78.21018639831944
  endloop
endfacet
facet normal -0.7933533402912384 2.290729950924649e-13 0.6087614290087168
  outer loop
    vertex 2397.526525266734 198.05194502190528 78.21018639831944
    vertex 2398.432361415542 200.05194502190596 79.39069505108175
    vertex 2397.5265252667336 200.05194502190528 78.2101863983184
  endloop
endfacet
facet normal -0.7933533402912384 2.290729950924649e-13 0.6087614290087168
  outer loop
    vertex 2398.432361415542 200.05194502190596 79.39069505108175
    vertex 2397.526525266734 198.05194502190528 78.21018639831944
    vertex 2398.432361415542 198.05194502190596 79.39069505108277
  endloop
endfacet
facet normal -0.6087614290087179 3.424975007365158e-13 0.7933533402912374
  outer loop
    vertex 2398.432361415542 200.05194502190596 79.39069505108175
    vertex 2399.6128700683053 198.0519450219066 80.29653119989077
    vertex 2399.6128700683053 200.05194502190656 80.29653119988974
  endloop
endfacet
facet normal -0.6087614290087179 3.424975007365158e-13 0.7933533402912374
  outer loop
    vertex 2399.6128700683053 198.0519450219066 80.29653119989077
    vertex 2398.432361415542 200.05194502190596 79.39069505108175
    vertex 2398.432361415542 198.05194502190596 79.39069505108277
  endloop
endfacet
facet normal -0.38268343236507657 4.325813677092539e-13 0.9238795325112924
  outer loop
    vertex 2399.6128700683053 200.05194502190656 80.29653119988974
    vertex 2400.987601511221 198.051945021907 80.86596360816716
    vertex 2400.987601511221 200.051945021907 80.86596360816614
  endloop
endfacet
facet normal -0.38268343236507657 4.325813677092539e-13 0.9238795325112924
  outer loop
    vertex 2400.987601511221 198.051945021907 80.86596360816716
    vertex 2399.6128700683053 200.05194502190656 80.29653119988974
    vertex 2399.6128700683053 198.0519450219066 80.29653119989077
  endloop
endfacet
facet normal -0.13052619222006084 4.931855293471087e-13 0.9914448613738093
  outer loop
    vertex 2400.987601511221 200.051945021907 80.86596360816614
    vertex 2402.462870068305 198.05194502190727 81.06018639831949
    vertex 2402.462870068305 200.05194502190727 81.06018639831846
  endloop
endfacet
facet normal -0.13052619222006084 4.931855293471087e-13 0.9914448613738093
  outer loop
    vertex 2402.462870068305 198.05194502190727 81.06018639831949
    vertex 2400.987601511221 200.051945021907 80.86596360816614
    vertex 2400.987601511221 198.051945021907 80.86596360816716
  endloop
endfacet
facet normal 0.13052619222005338 5.201799121875883e-13 0.9914448613738103
  outer loop
    vertex 2402.462870068305 200.05194502190727 81.06018639831846
    vertex 2403.9381386253895 198.0519450219073 80.86596360816718
    vertex 2403.9381386253895 200.0519450219073 80.86596360816615
  endloop
endfacet
facet normal 0.13052619222005338 5.201799121875883e-13 0.9914448613738103
  outer loop
    vertex 2403.9381386253895 198.0519450219073 80.86596360816718
    vertex 2402.462870068305 200.05194502190727 81.06018639831846
    vertex 2402.462870068305 198.05194502190727 81.06018639831949
  endloop
endfacet
facet normal 0.38268343236507657 5.117248936504335e-13 0.9238795325112924
  outer loop
    vertex 2403.9381386253895 200.0519450219073 80.86596360816615
    vertex 2405.3128700683055 198.05194502190716 80.29653119989078
    vertex 2405.3128700683055 200.05194502190716 80.29653119988976
  endloop
endfacet
facet normal 0.38268343236507657 5.117248936504335e-13 0.9238795325112924
  outer loop
    vertex 2405.3128700683055 198.05194502190716 80.29653119989078
    vertex 2403.9381386253895 200.0519450219073 80.86596360816615
    vertex 2403.9381386253895 198.0519450219073 80.86596360816718
  endloop
endfacet
facet normal 0.6087614290087131 4.683966692763724e-13 0.7933533402912412
  outer loop
    vertex 2405.3128700683055 200.05194502190716 80.29653119988976
    vertex 2406.4933787210684 198.05194502190682 79.39069505108279
    vertex 2406.4933787210684 200.05194502190682 79.39069505108176
  endloop
endfacet
facet normal 0.6087614290087131 4.683966692763724e-13 0.7933533402912412
  outer loop
    vertex 2406.4933787210684 198.05194502190682 79.39069505108279
    vertex 2405.3128700683055 200.05194502190716 80.29653119988976
    vertex 2405.3128700683055 198.05194502190716 80.29653119989078
  endloop
endfacet
facet normal -1.7827271522135917e-14 0.1305261922195347 -0.9914448613738787
  outer loop
    vertex 2385.4628700683093 142.353133600142 106.81818612932835
    vertex 2382.462870068311 143.0519450219183 106.91018639834753
    vertex 2385.4628700683093 143.05194502191884 106.91018639834753
  endloop
endfacet
facet normal -1.7827271522135917e-14 0.1305261922195347 -0.9914448613738787
  outer loop
    vertex 2382.462870068311 143.0519450219183 106.91018639834753
    vertex 2385.4628700683093 142.353133600142 106.81818612932835
    vertex 2382.462870068311 142.35313360014146 106.81818612932835
  endloop
endfacet
facet normal 1.782727152213759e-14 -0.13052619222055803 -0.9914448613737438
  outer loop
    vertex 2385.4628700683093 143.05194502191884 106.91018639834753
    vertex 2382.462870068311 143.75075644369505 106.81818612932761
    vertex 2385.462870068309 143.7507564436956 106.81818612932761
  endloop
endfacet
facet normal 1.782727152213759e-14 -0.13052619222055803 -0.9914448613737438
  outer loop
    vertex 2382.462870068311 143.75075644369505 106.81818612932761
    vertex 2385.4628700683093 143.05194502191884 106.91018639834753
    vertex 2382.462870068311 143.0519450219183 106.91018639834753
  endloop
endfacet
facet normal 5.22669154731369e-14 -0.3826834323655537 -0.9238795325110946
  outer loop
    vertex 2385.462870068309 143.7507564436956 106.81818612932761
    vertex 2382.462870068311 144.40194502191812 106.54845498856479
    vertex 2385.462870068309 144.40194502191864 106.54845498856479
  endloop
endfacet
facet normal 5.22669154731369e-14 -0.3826834323655537 -0.9238795325110946
  outer loop
    vertex 2382.462870068311 144.40194502191812 106.54845498856479
    vertex 2385.462870068309 143.7507564436956 106.81818612932761
    vertex 2382.462870068311 143.75075644369505 106.81818612932761
  endloop
endfacet
facet normal 8.31446555098057e-14 -0.6087614290091249 -0.793353340290925
  outer loop
    vertex 2385.462870068309 144.40194502191864 106.54845498856479
    vertex 2382.462870068311 144.96113333112157 106.11937470755016
    vertex 2385.462870068309 144.96113333112208 106.11937470755016
  endloop
endfacet
facet normal 8.31446555098057e-14 -0.6087614290091249 -0.793353340290925
  outer loop
    vertex 2382.462870068311 144.96113333112157 106.11937470755016
    vertex 2385.462870068309 144.40194502191864 106.54845498856479
    vertex 2382.462870068311 144.40194502191812 106.54845498856479
  endloop
endfacet
facet normal 1.0835622467651948e-13 -0.7933533402915404 -0.6087614290083229
  outer loop
    vertex 2385.462870068309 145.3902136121361 105.56018639834633
    vertex 2382.462870068311 144.96113333112157 106.11937470755016
    vertex 2382.462870068311 145.39021361213557 105.56018639834633
  endloop
endfacet
facet normal 1.0835622467651948e-13 -0.7933533402915404 -0.6087614290083229
  outer loop
    vertex 2382.462870068311 144.96113333112157 106.11937470755016
    vertex 2385.462870068309 145.3902136121361 105.56018639834633
    vertex 2385.462870068309 144.96113333112208 106.11937470755016
  endloop
endfacet
facet normal 1.2618349619865792e-13 -0.9238795325114838 -0.3826834323646144
  outer loop
    vertex 2385.462870068309 145.6599447528983 104.90899782012298
    vertex 2382.462870068311 145.39021361213557 105.56018639834633
    vertex 2382.462870068311 145.6599447528978 104.90899782012298
  endloop
endfacet
facet normal 1.2618349619865792e-13 -0.9238795325114838 -0.3826834323646144
  outer loop
    vertex 2382.462870068311 145.39021361213557 105.56018639834633
    vertex 2385.462870068309 145.6599447528983 104.90899782012298
    vertex 2385.462870068309 145.3902136121361 105.56018639834633
  endloop
endfacet
facet normal 1.3541157098294382e-13 -0.9914448613738787 -0.1305261922195347
  outer loop
    vertex 2385.462870068309 145.7519450219174 104.21018639834614
    vertex 2382.462870068311 145.6599447528978 104.90899782012298
    vertex 2382.462870068311 145.75194502191692 104.21018639834614
  endloop
endfacet
facet normal 1.3541157098294382e-13 -0.9914448613738787 -0.1305261922195347
  outer loop
    vertex 2382.462870068311 145.6599447528978 104.90899782012298
    vertex 2385.462870068309 145.7519450219174 104.21018639834614
    vertex 2385.462870068309 145.6599447528983 104.90899782012298
  endloop
endfacet
facet normal 1.354115709829436e-13 -0.9914448613737438 0.13052619222055803
  outer loop
    vertex 2385.462870068309 145.65994475289753 103.51137497656934
    vertex 2382.462870068311 145.75194502191692 104.21018639834614
    vertex 2382.462870068311 145.65994475289705 103.51137497656934
  endloop
endfacet
facet normal 1.354115709829436e-13 -0.9914448613737438 0.13052619222055803
  outer loop
    vertex 2382.462870068311 145.75194502191692 104.21018639834614
    vertex 2385.462870068309 145.65994475289753 103.51137497656934
    vertex 2385.462870068309 145.7519450219174 104.21018639834614
  endloop
endfacet
facet normal 1.261834961986584e-13 -0.9238795325110971 0.38268343236554814
  outer loop
    vertex 2385.462870068309 145.39021361213474 102.86018639834631
    vertex 2382.462870068311 145.65994475289705 103.51137497656934
    vertex 2382.462870068311 145.39021361213423 102.86018639834631
  endloop
endfacet
facet normal 1.261834961986584e-13 -0.9238795325110971 0.38268343236554814
  outer loop
    vertex 2382.462870068311 145.65994475289705 103.51137497656934
    vertex 2385.462870068309 145.39021361213474 102.86018639834631
    vertex 2385.462870068309 145.65994475289753 103.51137497656934
  endloop
endfacet
facet normal 1.0835622467651862e-13 -0.7933533402909132 0.6087614290091404
  outer loop
    vertex 2385.462870068309 144.96113333112012 102.30099808914284
    vertex 2382.462870068311 145.39021361213423 102.86018639834631
    vertex 2382.462870068311 144.96113333111958 102.30099808914284
  endloop
endfacet
facet normal 1.0835622467651862e-13 -0.7933533402909132 0.6087614290091404
  outer loop
    vertex 2382.462870068311 145.39021361213423 102.86018639834631
    vertex 2385.462870068309 144.96113333112012 102.30099808914284
    vertex 2385.462870068309 145.39021361213474 102.86018639834631
  endloop
endfacet
facet normal 8.314465550980665e-14 -0.6087614290083229 0.7933533402915404
  outer loop
    vertex 2382.462870068311 144.96113333111958 102.30099808914284
    vertex 2385.462870068309 144.40194502191625 101.87191780812886
    vertex 2385.462870068309 144.96113333112012 102.30099808914284
  endloop
endfacet
facet normal 8.314465550980665e-14 -0.6087614290083229 0.7933533402915404
  outer loop
    vertex 2385.462870068309 144.40194502191625 101.87191780812886
    vertex 2382.462870068311 144.96113333111958 102.30099808914284
    vertex 2382.462870068311 144.4019450219157 101.87191780812886
  endloop
endfacet
facet normal 5.2266915473137296e-14 -0.3826834323646144 0.9238795325114838
  outer loop
    vertex 2382.462870068311 144.4019450219157 101.87191780812886
    vertex 2385.462870068309 143.7507564436929 101.60218666736667
    vertex 2385.462870068309 144.40194502191625 101.87191780812886
  endloop
endfacet
facet normal 5.2266915473137296e-14 -0.3826834323646144 0.9238795325114838
  outer loop
    vertex 2385.462870068309 143.7507564436929 101.60218666736667
    vertex 2382.462870068311 144.4019450219157 101.87191780812886
    vertex 2382.462870068311 143.75075644369235 101.60218666736667
  endloop
endfacet
facet normal 1.7827271522138066e-14 -0.13052619221955042 0.9914448613738764
  outer loop
    vertex 2382.462870068311 143.75075644369235 101.60218666736667
    vertex 2385.4628700683093 143.05194502191605 101.5101863983475
    vertex 2385.462870068309 143.7507564436929 101.60218666736667
  endloop
endfacet
facet normal 1.7827271522138066e-14 -0.13052619221955042 0.9914448613738764
  outer loop
    vertex 2385.4628700683093 143.05194502191605 101.5101863983475
    vertex 2382.462870068311 143.75075644369235 101.60218666736667
    vertex 2382.462870068311 143.05194502191551 101.5101863983475
  endloop
endfacet
facet normal -1.782727152213759e-14 0.13052619222055803 0.9914448613737438
  outer loop
    vertex 2382.462870068311 143.05194502191551 101.5101863983475
    vertex 2385.4628700683093 142.3531336001393 101.60218666736739
    vertex 2385.4628700683093 143.05194502191605 101.5101863983475
  endloop
endfacet
facet normal -1.782727152213759e-14 0.13052619222055803 0.9914448613737438
  outer loop
    vertex 2385.4628700683093 142.3531336001393 101.60218666736739
    vertex 2382.462870068311 143.05194502191551 101.5101863983475
    vertex 2382.462870068311 142.35313360013876 101.60218666736739
  endloop
endfacet
facet normal -5.226691547313877e-14 0.38268343236556734 0.923879532511089
  outer loop
    vertex 2382.462870068311 142.35313360013876 101.60218666736739
    vertex 2385.4628700683093 141.70194502191623 101.87191780813019
    vertex 2385.4628700683093 142.3531336001393 101.60218666736739
  endloop
endfacet
facet normal -5.226691547313877e-14 0.38268343236556734 0.923879532511089
  outer loop
    vertex 2385.4628700683093 141.70194502191623 101.87191780813019
    vertex 2382.462870068311 142.35313360013876 101.60218666736739
    vertex 2382.462870068311 141.70194502191575 101.87191780813019
  endloop
endfacet
facet normal -8.314465550980295e-14 0.6087614290091048 0.7933533402909405
  outer loop
    vertex 2382.462870068311 141.70194502191575 101.87191780813019
    vertex 2385.4628700683093 141.14275671271275 102.3009980891448
    vertex 2385.4628700683093 141.70194502191623 101.87191780813019
  endloop
endfacet
facet normal -8.314465550980295e-14 0.6087614290091048 0.7933533402909405
  outer loop
    vertex 2385.4628700683093 141.14275671271275 102.3009980891448
    vertex 2382.462870068311 141.70194502191575 101.87191780813019
    vertex 2382.462870068311 141.14275671271227 102.3009980891448
  endloop
endfacet
facet normal -1.0835622467652111e-13 0.7933533402915522 0.6087614290083074
  outer loop
    vertex 2382.4628700683115 140.71367643169825 102.86018639834873
    vertex 2385.4628700683093 141.14275671271275 102.3009980891448
    vertex 2382.462870068311 141.14275671271227 102.3009980891448
  endloop
endfacet
facet normal -1.0835622467652111e-13 0.7933533402915522 0.6087614290083074
  outer loop
    vertex 2385.4628700683093 141.14275671271275 102.3009980891448
    vertex 2382.4628700683115 140.71367643169825 102.86018639834873
    vertex 2385.4628700683097 140.71367643169876 102.86018639834873
  endloop
endfacet
facet normal -1.261834961986576e-13 0.9238795325114814 0.38268343236462
  outer loop
    vertex 2385.4628700683097 140.44394529093657 103.51137497657204
    vertex 2382.4628700683115 140.71367643169825 102.86018639834873
    vertex 2382.4628700683115 140.44394529093609 103.51137497657204
  endloop
endfacet
facet normal -1.261834961986576e-13 0.9238795325114814 0.38268343236462
  outer loop
    vertex 2382.4628700683115 140.71367643169825 102.86018639834873
    vertex 2385.4628700683097 140.44394529093657 103.51137497657204
    vertex 2385.4628700683097 140.71367643169876 102.86018639834873
  endloop
endfacet
facet normal -1.3541157098294382e-13 0.9914448613738787 0.1305261922195347
  outer loop
    vertex 2385.4628700683097 140.35194502191743 104.21018639834891
    vertex 2382.4628700683115 140.44394529093609 103.51137497657204
    vertex 2382.4628700683115 140.35194502191692 104.21018639834891
  endloop
endfacet
facet normal -1.3541157098294382e-13 0.9914448613738787 0.1305261922195347
  outer loop
    vertex 2382.4628700683115 140.44394529093609 103.51137497657204
    vertex 2385.4628700683097 140.35194502191743 104.21018639834891
    vertex 2385.4628700683097 140.44394529093657 103.51137497657204
  endloop
endfacet
facet normal -1.354115709829436e-13 0.9914448613737438 -0.13052619222055803
  outer loop
    vertex 2385.4628700683097 140.4439452909373 104.90899782012565
    vertex 2382.4628700683115 140.35194502191692 104.21018639834891
    vertex 2382.4628700683115 140.4439452909368 104.90899782012565
  endloop
endfacet
facet normal -1.354115709829436e-13 0.9914448613737438 -0.13052619222055803
  outer loop
    vertex 2382.4628700683115 140.35194502191692 104.21018639834891
    vertex 2385.4628700683097 140.4439452909373 104.90899782012565
    vertex 2385.4628700683097 140.35194502191743 104.21018639834891
  endloop
endfacet
facet normal -1.2618349619865807e-13 0.9238795325110946 -0.3826834323655537
  outer loop
    vertex 2385.4628700683097 140.71367643170012 105.56018639834868
    vertex 2382.4628700683115 140.4439452909368 104.90899782012565
    vertex 2382.4628700683115 140.7136764316996 105.56018639834868
  endloop
endfacet
facet normal -1.2618349619865807e-13 0.9238795325110946 -0.3826834323655537
  outer loop
    vertex 2382.4628700683115 140.4439452909368 104.90899782012565
    vertex 2385.4628700683097 140.71367643170012 105.56018639834868
    vertex 2385.4628700683097 140.4439452909373 104.90899782012565
  endloop
endfacet
facet normal -1.0835622467652022e-13 0.793353340290925 -0.6087614290091249
  outer loop
    vertex 2385.4628700683093 141.14275671271474 106.1193747075522
    vertex 2382.4628700683115 140.7136764316996 105.56018639834868
    vertex 2382.462870068311 141.1427567127142 106.1193747075522
  endloop
endfacet
facet normal -1.0835622467652022e-13 0.793353340290925 -0.6087614290091249
  outer loop
    vertex 2382.4628700683115 140.7136764316996 105.56018639834868
    vertex 2385.4628700683093 141.14275671271474 106.1193747075522
    vertex 2385.4628700683097 140.71367643170012 105.56018639834868
  endloop
endfacet
facet normal -8.314465550980665e-14 0.6087614290083229 -0.7933533402915404
  outer loop
    vertex 2385.4628700683093 141.14275671271474 106.1193747075522
    vertex 2382.462870068311 141.7019450219181 106.54845498856619
    vertex 2385.4628700683093 141.70194502191865 106.54845498856619
  endloop
endfacet
facet normal -8.314465550980665e-14 0.6087614290083229 -0.7933533402915404
  outer loop
    vertex 2382.462870068311 141.7019450219181 106.54845498856619
    vertex 2385.4628700683093 141.14275671271474 106.1193747075522
    vertex 2382.462870068311 141.1427567127142 106.1193747075522
  endloop
endfacet
facet normal -5.2266915473137296e-14 0.3826834323646144 -0.9238795325114838
  outer loop
    vertex 2385.4628700683093 141.70194502191865 106.54845498856619
    vertex 2382.462870068311 142.35313360014146 106.81818612932835
    vertex 2385.4628700683093 142.353133600142 106.81818612932835
  endloop
endfacet
facet normal -5.2266915473137296e-14 0.3826834323646144 -0.9238795325114838
  outer loop
    vertex 2382.462870068311 142.35313360014146 106.81818612932835
    vertex 2385.4628700683093 141.70194502191865 106.54845498856619
    vertex 2382.462870068311 141.7019450219181 106.54845498856619
  endloop
endfacet
facet normal -1.913101884062276e-14 0.13052619221955042 -0.9914448613738764
  outer loop
    vertex 2385.462870068309 142.3531336001269 77.96818612932847
    vertex 2382.462870068311 143.0519450219035 78.06018639834751
    vertex 2385.462870068309 143.05194502190378 78.0601863983476
  endloop
endfacet
facet normal -1.913101884062276e-14 0.13052619221955042 -0.9914448613738764
  outer loop
    vertex 2382.462870068311 143.0519450219035 78.06018639834751
    vertex 2385.462870068309 142.3531336001269 77.96818612932847
    vertex 2382.462870068311 142.35313360012663 77.96818612932837
  endloop
endfacet
facet normal 6.040900132209968e-29 -0.13052619222055803 -0.9914448613737438
  outer loop
    vertex 2385.462870068309 143.05194502190378 78.0601863983476
    vertex 2382.462870068311 143.75075644368022 77.96818612932768
    vertex 2385.462870068309 143.7507564436805 77.96818612932778
  endloop
endfacet
facet normal 6.040900132209968e-29 -0.13052619222055803 -0.9914448613737438
  outer loop
    vertex 2382.462870068311 143.75075644368022 77.96818612932768
    vertex 2385.462870068309 143.05194502190378 78.0601863983476
    vertex 2382.462870068311 143.0519450219035 78.06018639834751
  endloop
endfacet
facet normal 1.9131018840622934e-14 -0.38268343236556734 -0.923879532511089
  outer loop
    vertex 2385.462870068309 143.7507564436805 77.96818612932778
    vertex 2382.462870068311 144.40194502190332 77.6984549885648
    vertex 2385.462870068309 144.40194502190351 77.69845498856489
  endloop
endfacet
facet normal 1.9131018840622934e-14 -0.38268343236556734 -0.923879532511089
  outer loop
    vertex 2382.462870068311 144.40194502190332 77.6984549885648
    vertex 2385.462870068309 143.7507564436805 77.96818612932778
    vertex 2382.462870068311 143.75075644368022 77.96818612932768
  endloop
endfacet
facet normal 3.695829036275908e-14 -0.6087614290091148 -0.7933533402909326
  outer loop
    vertex 2385.462870068309 144.40194502190351 77.69845498856489
    vertex 2382.462870068311 144.96113333110677 77.2693747075502
    vertex 2385.4628700683083 144.96113333110705 77.2693747075503
  endloop
endfacet
facet normal 3.695829036275908e-14 -0.6087614290091148 -0.7933533402909326
  outer loop
    vertex 2382.462870068311 144.96113333110677 77.2693747075502
    vertex 2385.462870068309 144.40194502190351 77.69845498856489
    vertex 2382.462870068311 144.40194502190332 77.6984549885648
  endloop
endfacet
facet normal 5.2266915473138e-14 -0.7933533402915464 -0.6087614290083152
  outer loop
    vertex 2385.4628700683083 145.39021361212104 76.71018639834641
    vertex 2382.462870068311 144.96113333110677 77.2693747075502
    vertex 2382.462870068311 145.39021361212076 76.71018639834631
  endloop
endfacet
facet normal 5.2266915473138e-14 -0.7933533402915464 -0.6087614290083152
  outer loop
    vertex 2382.462870068311 144.96113333110677 77.2693747075502
    vertex 2385.4628700683083 145.39021361212104 76.71018639834641
    vertex 2385.4628700683083 144.96113333110705 77.2693747075503
  endloop
endfacet
facet normal 6.40136366691831e-14 -0.923879532511479 -0.38268343236462565
  outer loop
    vertex 2385.4628700683083 145.6599447528832 76.05899782012308
    vertex 2382.462870068311 145.39021361212076 76.71018639834631
    vertex 2382.462870068311 145.65994475288298 76.05899782012298
  endloop
endfacet
facet normal 6.40136366691831e-14 -0.923879532511479 -0.38268343236462565
  outer loop
    vertex 2382.462870068311 145.39021361212076 76.71018639834631
    vertex 2385.4628700683083 145.6599447528832 76.05899782012308
    vertex 2385.4628700683083 145.39021361212104 76.71018639834641
  endloop
endfacet
facet normal 8.593907377092622e-14 -0.9914448613738789 -0.13052619221953263
  outer loop
    vertex 2385.4628700683083 145.75194502190234 75.36018639834624
    vertex 2382.462870068311 145.65994475288298 76.05899782012298
    vertex 2382.462870068311 145.75194502190212 75.36018639834616
  endloop
endfacet
facet normal 8.593907377092622e-14 -0.9914448613738789 -0.13052619221953263
  outer loop
    vertex 2382.462870068311 145.65994475288298 76.05899782012298
    vertex 2385.4628700683083 145.75194502190234 75.36018639834624
    vertex 2385.4628700683083 145.6599447528832 76.05899782012308
  endloop
endfacet
facet normal 7.435765215420508e-14 -0.991444861373742 0.13052619222057174
  outer loop
    vertex 2385.4628700683083 145.65994475288247 74.66137497656946
    vertex 2382.462870068311 145.75194502190212 75.36018639834616
    vertex 2382.462870068311 145.65994475288224 74.66137497656938
  endloop
endfacet
facet normal 7.435765215420508e-14 -0.991444861373742 0.13052619222057174
  outer loop
    vertex 2382.462870068311 145.75194502190212 75.36018639834616
    vertex 2385.4628700683083 145.65994475288247 74.66137497656946
    vertex 2385.4628700683083 145.75194502190234 75.36018639834624
  endloop
endfacet
facet normal 7.139793431376054e-14 -0.9238795325110946 0.3826834323655537
  outer loop
    vertex 2385.4628700683083 145.39021361211965 74.0101863983464
    vertex 2382.462870068311 145.65994475288224 74.66137497656938
    vertex 2382.462870068311 145.39021361211942 74.01018639834632
  endloop
endfacet
facet normal 7.139793431376054e-14 -0.9238795325110946 0.3826834323655537
  outer loop
    vertex 2382.462870068311 145.65994475288224 74.66137497656938
    vertex 2385.4628700683083 145.39021361211965 74.0101863983464
    vertex 2385.4628700683083 145.65994475288247 74.66137497656946
  endloop
endfacet
facet normal 6.401363666918268e-14 -0.7933533402909132 0.6087614290091404
  outer loop
    vertex 2385.4628700683083 144.96113333110506 73.45099808914296
    vertex 2382.462870068311 145.39021361211942 74.01018639834632
    vertex 2382.462870068311 144.9611333311048 73.45099808914287
  endloop
endfacet
facet normal 6.401363666918268e-14 -0.7933533402909132 0.6087614290091404
  outer loop
    vertex 2382.462870068311 145.39021361211942 74.01018639834632
    vertex 2385.4628700683083 144.96113333110506 73.45099808914296
    vertex 2385.4628700683083 145.39021361211965 74.0101863983464
  endloop
endfacet
facet normal 5.226691547313839e-14 -0.6087614290083229 0.7933533402915404
  outer loop
    vertex 2382.462870068311 144.9611333311048 73.45099808914287
    vertex 2385.4628700683083 144.40194502190118 73.02191780812893
    vertex 2385.4628700683083 144.96113333110506 73.45099808914296
  endloop
endfacet
facet normal 5.226691547313839e-14 -0.6087614290083229 0.7933533402915404
  outer loop
    vertex 2385.4628700683083 144.40194502190118 73.02191780812893
    vertex 2382.462870068311 144.9611333311048 73.45099808914287
    vertex 2382.462870068311 144.4019450219009 73.02191780812885
  endloop
endfacet
facet normal 3.6958290362759624e-14 -0.3826834323646144 0.9238795325114838
  outer loop
    vertex 2382.462870068311 144.4019450219009 73.02191780812885
    vertex 2385.462870068309 143.75075644367783 72.75218666736681
    vertex 2385.4628700683083 144.40194502190118 73.02191780812893
  endloop
endfacet
facet normal 3.6958290362759624e-14 -0.3826834323646144 0.9238795325114838
  outer loop
    vertex 2385.462870068309 143.75075644367783 72.75218666736681
    vertex 2382.462870068311 144.4019450219009 73.02191780812885
    vertex 2382.462870068311 143.75075644367757 72.75218666736673
  endloop
endfacet
facet normal 1.913101884062276e-14 -0.13052619221955042 0.9914448613738764
  outer loop
    vertex 2382.462870068311 143.75075644367757 72.75218666736673
    vertex 2385.462870068309 143.051945021901 72.6601863983476
    vertex 2385.462870068309 143.75075644367783 72.75218666736681
  endloop
endfacet
facet normal 1.913101884062276e-14 -0.13052619221955042 0.9914448613738764
  outer loop
    vertex 2385.462870068309 143.051945021901 72.6601863983476
    vertex 2382.462870068311 143.75075644367757 72.75218666736673
    vertex 2382.462870068311 143.05194502190076 72.66018639834752
  endloop
endfacet
facet normal -6.040900132209968e-29 0.13052619222055803 0.9914448613737438
  outer loop
    vertex 2382.462870068311 143.05194502190076 72.66018639834752
    vertex 2385.462870068309 142.35313360012424 72.7521866673675
    vertex 2385.462870068309 143.051945021901 72.6601863983476
  endloop
endfacet
facet normal -6.040900132209968e-29 0.13052619222055803 0.9914448613737438
  outer loop
    vertex 2385.462870068309 142.35313360012424 72.7521866673675
    vertex 2382.462870068311 143.05194502190076 72.66018639834752
    vertex 2382.462870068311 142.35313360012398 72.75218666736741
  endloop
endfacet
facet normal -1.9131018840622934e-14 0.38268343236556734 0.923879532511089
  outer loop
    vertex 2382.462870068311 142.35313360012398 72.75218666736741
    vertex 2385.462870068309 141.70194502190117 73.02191780813031
    vertex 2385.462870068309 142.35313360012424 72.7521866673675
  endloop
endfacet
facet normal -1.9131018840622934e-14 0.38268343236556734 0.923879532511089
  outer loop
    vertex 2385.462870068309 141.70194502190117 73.02191780813031
    vertex 2382.462870068311 142.35313360012398 72.75218666736741
    vertex 2382.462870068311 141.70194502190094 73.02191780813023
  endloop
endfacet
facet normal -3.6958290362758274e-14 0.6087614290091048 0.7933533402909405
  outer loop
    vertex 2382.462870068311 141.70194502190094 73.02191780813023
    vertex 2385.462870068309 141.1427567126977 73.45099808914489
    vertex 2385.462870068309 141.70194502190117 73.02191780813031
  endloop
endfacet
facet normal -3.6958290362758274e-14 0.6087614290091048 0.7933533402909405
  outer loop
    vertex 2385.462870068309 141.1427567126977 73.45099808914489
    vertex 2382.462870068311 141.70194502190094 73.02191780813023
    vertex 2382.462870068311 141.14275671269746 73.4509980891448
  endloop
endfacet
facet normal -5.226691547313851e-14 0.7933533402915522 0.6087614290083074
  outer loop
    vertex 2385.462870068309 140.7136764316837 74.0101863983488
    vertex 2382.462870068311 141.14275671269746 73.4509980891448
    vertex 2382.462870068311 140.71367643168344 74.01018639834871
  endloop
endfacet
facet normal -5.226691547313851e-14 0.7933533402915522 0.6087614290083074
  outer loop
    vertex 2382.462870068311 141.14275671269746 73.4509980891448
    vertex 2385.462870068309 140.7136764316837 74.0101863983488
    vertex 2385.462870068309 141.1427567126977 73.45099808914489
  endloop
endfacet
facet normal -6.40136366691831e-14 0.923879532511479 0.38268343236462565
  outer loop
    vertex 2385.462870068309 140.44394529092145 74.66137497657216
    vertex 2382.462870068311 140.71367643168344 74.01018639834871
    vertex 2382.462870068311 140.44394529092122 74.66137497657206
  endloop
endfacet
facet normal -6.40136366691831e-14 0.923879532511479 0.38268343236462565
  outer loop
    vertex 2382.462870068311 140.71367643168344 74.01018639834871
    vertex 2385.462870068309 140.44394529092145 74.66137497657216
    vertex 2385.462870068309 140.7136764316837 74.0101863983488
  endloop
endfacet
facet normal -9.158891145189933e-14 0.991444861373892 0.1305261922194321
  outer loop
    vertex 2384.462870068311 140.3519450219023 75.36018639834892
    vertex 2382.462870068311 140.44394529092122 74.66137497657206
    vertex 2382.462870068311 140.35194502190214 75.36018639834892
  endloop
endfacet
facet normal -9.158891145189933e-14 0.991444861373892 0.1305261922194321
  outer loop
    vertex 2382.462870068311 140.44394529092122 74.66137497657206
    vertex 2384.462870068311 140.3519450219023 75.36018639834892
    vertex 2385.462870068309 140.44394529092145 74.66137497657216
  endloop
endfacet
facet normal -9.158891145189933e-14 0.991444861373892 0.1305261922194321
  outer loop
    vertex 2385.462870068309 140.44394529092145 74.66137497657216
    vertex 2384.462870068311 140.3519450219023 75.36018639834892
    vertex 2385.462870068309 140.35194502190234 75.360186398349
  endloop
endfacet
facet normal -8.675268362414773e-14 0.9914448613737461 -0.1305261922205413
  outer loop
    vertex 2385.462870068309 140.44394529092224 76.05899782012577
    vertex 2382.462870068311 140.35194502190214 75.36018639834892
    vertex 2382.462870068311 140.443945290922 76.05899782012568
  endloop
endfacet
facet normal -8.675268362414773e-14 0.9914448613737461 -0.1305261922205413
  outer loop
    vertex 2382.462870068311 140.35194502190214 75.36018639834892
    vertex 2385.462870068309 140.44394529092224 76.05899782012577
    vertex 2384.462870068311 140.3519450219023 75.36018639834892
  endloop
endfacet
facet normal -8.675268362414773e-14 0.9914448613737461 -0.1305261922205413
  outer loop
    vertex 2384.462870068311 140.3519450219023 75.36018639834892
    vertex 2385.462870068309 140.44394529092224 76.05899782012577
    vertex 2385.462870068309 140.35194502190234 75.360186398349
  endloop
endfacet
facet normal -7.139793431376054e-14 0.9238795325110946 -0.3826834323655537
  outer loop
    vertex 2385.462870068309 140.71367643168506 76.7101863983488
    vertex 2382.462870068311 140.443945290922 76.05899782012568
    vertex 2382.462870068311 140.71367643168483 76.71018639834871
  endloop
endfacet
facet normal -7.139793431376054e-14 0.9238795325110946 -0.3826834323655537
  outer loop
    vertex 2382.462870068311 140.443945290922 76.05899782012568
    vertex 2385.462870068309 140.71367643168506 76.7101863983488
    vertex 2385.462870068309 140.44394529092224 76.05899782012577
  endloop
endfacet
facet normal -6.401363666918268e-14 0.7933533402909132 -0.6087614290091404
  outer loop
    vertex 2385.462870068309 141.14275671269968 77.26937470755225
    vertex 2382.462870068311 140.71367643168483 76.71018639834871
    vertex 2382.462870068311 141.14275671269945 77.26937470755216
  endloop
endfacet
facet normal -6.401363666918268e-14 0.7933533402909132 -0.6087614290091404
  outer loop
    vertex 2382.462870068311 140.71367643168483 76.71018639834871
    vertex 2385.462870068309 141.14275671269968 77.26937470755225
    vertex 2385.462870068309 140.71367643168506 76.7101863983488
  endloop
endfacet
facet normal -5.2266915473139057e-14 0.608761429008333 -0.7933533402915328
  outer loop
    vertex 2385.462870068309 141.14275671269968 77.26937470755225
    vertex 2382.462870068311 141.7019450219033 77.69845498856618
    vertex 2385.462870068309 141.70194502190355 77.69845498856627
  endloop
endfacet
facet normal -5.2266915473139057e-14 0.608761429008333 -0.7933533402915328
  outer loop
    vertex 2382.462870068311 141.7019450219033 77.69845498856618
    vertex 2385.462870068309 141.14275671269968 77.26937470755225
    vertex 2382.462870068311 141.14275671269945 77.26937470755216
  endloop
endfacet
facet normal -3.695829036275868e-14 0.3826834323646007 -0.9238795325114894
  outer loop
    vertex 2385.462870068309 141.70194502190355 77.69845498856627
    vertex 2382.462870068311 142.35313360012663 77.96818612932837
    vertex 2385.462870068309 142.3531336001269 77.96818612932847
  endloop
endfacet
facet normal -3.695829036275868e-14 0.3826834323646007 -0.9238795325114894
  outer loop
    vertex 2382.462870068311 142.35313360012663 77.96818612932837
    vertex 2385.462870068309 141.70194502190355 77.69845498856627
    vertex 2382.462870068311 141.7019450219033 77.69845498856618
  endloop
endfacet
facet normal -1.9131018840622294e-14 0.13052619221954628 -0.991444861373877
  outer loop
    vertex 2385.462870068308 142.35313360011202 49.118186129328414
    vertex 2382.462870068311 143.05194502188868 49.21018639834752
    vertex 2385.462870068308 143.05194502188886 49.210186398347574
  endloop
endfacet
facet normal -1.9131018840622294e-14 0.13052619221954628 -0.991444861373877
  outer loop
    vertex 2382.462870068311 143.05194502188868 49.21018639834752
    vertex 2385.462870068308 142.35313360011202 49.118186129328414
    vertex 2382.462870068311 142.35313360011185 49.11818612932836
  endloop
endfacet
facet normal 2.3097559329038113e-28 -0.13052619222055803 -0.9914448613737438
  outer loop
    vertex 2385.462870068308 143.05194502188886 49.210186398347574
    vertex 2382.462870068311 143.75075644366544 49.11818612932765
    vertex 2385.462870068308 143.7507564436656 49.118186129327704
  endloop
endfacet
facet normal 2.3097559329038113e-28 -0.13052619222055803 -0.9914448613737438
  outer loop
    vertex 2382.462870068311 143.75075644366544 49.11818612932765
    vertex 2385.462870068308 143.05194502188886 49.210186398347574
    vertex 2382.462870068311 143.05194502188868 49.21018639834752
  endloop
endfacet
facet normal 1.9131018840622568e-14 -0.38268343236556057 -0.9238795325110919
  outer loop
    vertex 2385.462870068308 143.7507564436656 49.118186129327704
    vertex 2382.462870068311 144.4019450218885 48.84845498856484
    vertex 2385.462870068308 144.40194502188868 48.848454988564896
  endloop
endfacet
facet normal 1.9131018840622568e-14 -0.38268343236556057 -0.9238795325110919
  outer loop
    vertex 2382.462870068311 144.4019450218885 48.84845498856484
    vertex 2385.462870068308 143.7507564436656 49.118186129327704
    vertex 2382.462870068311 143.75075644366544 49.11818612932765
  endloop
endfacet
facet normal 3.6958290362760066e-14 -0.6087614290091252 -0.7933533402909247
  outer loop
    vertex 2385.462870068308 144.40194502188868 48.848454988564896
    vertex 2382.462870068311 144.961133331092 48.41937470755023
    vertex 2385.462870068308 144.96113333109216 48.41937470755029
  endloop
endfacet
facet normal 3.6958290362760066e-14 -0.6087614290091252 -0.7933533402909247
  outer loop
    vertex 2382.462870068311 144.961133331092 48.41937470755023
    vertex 2385.462870068308 144.40194502188868 48.848454988564896
    vertex 2382.462870068311 144.4019450218885 48.84845498856484
  endloop
endfacet
facet normal 5.2266915473137044e-14 -0.7933533402915339 -0.6087614290083314
  outer loop
    vertex 2385.462870068308 145.3902136121062 47.860186398346414
    vertex 2382.462870068311 144.961133331092 48.41937470755023
    vertex 2382.462870068311 145.390213612106 47.86018639834636
  endloop
endfacet
facet normal 5.2266915473137044e-14 -0.7933533402915339 -0.6087614290083314
  outer loop
    vertex 2382.462870068311 144.961133331092 48.41937470755023
    vertex 2385.462870068308 145.3902136121062 47.860186398346414
    vertex 2385.462870068308 144.96113333109216 48.41937470755029
  endloop
endfacet
facet normal 6.401363666918318e-14 -0.923879532511479 -0.38268343236462565
  outer loop
    vertex 2385.462870068308 145.65994475286834 47.208997820123066
    vertex 2382.462870068311 145.390213612106 47.86018639834636
    vertex 2382.462870068311 145.65994475286817 47.20899782012301
  endloop
endfacet
facet normal 6.401363666918318e-14 -0.923879532511479 -0.38268343236462565
  outer loop
    vertex 2382.462870068311 145.390213612106 47.86018639834636
    vertex 2385.462870068308 145.65994475286834 47.208997820123066
    vertex 2385.462870068308 145.3902136121062 47.860186398346414
  endloop
endfacet
facet normal 7.139793431376066e-14 -0.9914448613738788 -0.13052619221953263
  outer loop
    vertex 2385.462870068308 145.7519450218875 46.51018639834621
    vertex 2382.462870068311 145.65994475286817 47.20899782012301
    vertex 2382.462870068311 145.7519450218873 46.51018639834616
  endloop
endfacet
facet normal 7.139793431376066e-14 -0.9914448613738788 -0.13052619221953263
  outer loop
    vertex 2382.462870068311 145.65994475286817 47.20899782012301
    vertex 2385.462870068308 145.7519450218875 46.51018639834621
    vertex 2385.462870068308 145.65994475286834 47.208997820123066
  endloop
endfacet
facet normal 7.391658072551983e-14 -0.9914448613737439 0.130526192220557
  outer loop
    vertex 2385.462870068308 145.6599447528676 45.81137497656946
    vertex 2382.462870068311 145.7519450218873 46.51018639834616
    vertex 2382.462870068311 145.65994475286743 45.811374976569404
  endloop
endfacet
facet normal 7.391658072551983e-14 -0.9914448613737439 0.130526192220557
  outer loop
    vertex 2382.462870068311 145.7519450218873 46.51018639834616
    vertex 2385.462870068308 145.6599447528676 45.81137497656946
    vertex 2385.462870068308 145.7519450218875 46.51018639834621
  endloop
endfacet
facet normal 7.139793431376054e-14 -0.9238795325110959 0.38268343236555097
  outer loop
    vertex 2385.462870068308 145.3902136121048 45.16018639834642
    vertex 2382.462870068311 145.65994475286743 45.811374976569404
    vertex 2382.462870068311 145.39021361210462 45.16018639834636
  endloop
endfacet
facet normal 7.139793431376054e-14 -0.9238795325110959 0.38268343236555097
  outer loop
    vertex 2382.462870068311 145.65994475286743 45.811374976569404
    vertex 2385.462870068308 145.3902136121048 45.16018639834642
    vertex 2385.462870068308 145.6599447528676 45.81137497656946
  endloop
endfacet
facet normal 6.401363666918277e-14 -0.793353340290916 0.6087614290091364
  outer loop
    vertex 2385.462870068308 144.96113333109022 44.60099808914294
    vertex 2382.462870068311 145.39021361210462 45.16018639834636
    vertex 2382.462870068311 144.96113333109005 44.600998089142884
  endloop
endfacet
facet normal 6.401363666918277e-14 -0.793353340290916 0.6087614290091364
  outer loop
    vertex 2382.462870068311 145.39021361210462 45.16018639834636
    vertex 2385.462870068308 144.96113333109022 44.60099808914294
    vertex 2385.462870068308 145.3902136121048 45.16018639834642
  endloop
endfacet
facet normal 5.2266915473138255e-14 -0.6087614290083229 0.7933533402915404
  outer loop
    vertex 2382.462870068311 144.96113333109005 44.600998089142884
    vertex 2385.462870068308 144.4019450218863 44.17191780812894
    vertex 2385.462870068308 144.96113333109022 44.60099808914294
  endloop
endfacet
facet normal 5.2266915473138255e-14 -0.6087614290083229 0.7933533402915404
  outer loop
    vertex 2385.462870068308 144.4019450218863 44.17191780812894
    vertex 2382.462870068311 144.96113333109005 44.600998089142884
    vertex 2382.462870068311 144.40194502188612 44.17191780812888
  endloop
endfacet
facet normal 3.6958290362760255e-14 -0.38268343236462565 0.923879532511479
  outer loop
    vertex 2382.462870068311 144.40194502188612 44.17191780812888
    vertex 2385.462870068308 143.750756443663 43.90218666736675
    vertex 2385.462870068308 144.4019450218863 44.17191780812894
  endloop
endfacet
facet normal 3.6958290362760255e-14 -0.38268343236462565 0.923879532511479
  outer loop
    vertex 2385.462870068308 143.750756443663 43.90218666736675
    vertex 2382.462870068311 144.40194502188612 44.17191780812888
    vertex 2382.462870068311 143.75075644366282 43.90218666736669
  endloop
endfacet
facet normal 1.9131018840622294e-14 -0.13052619221954628 0.991444861373877
  outer loop
    vertex 2382.462870068311 143.75075644366282 43.90218666736669
    vertex 2385.462870068308 143.05194502188613 43.81018639834758
    vertex 2385.462870068308 143.750756443663 43.90218666736675
  endloop
endfacet
facet normal 1.9131018840622294e-14 -0.13052619221954628 0.991444861373877
  outer loop
    vertex 2385.462870068308 143.05194502188613 43.81018639834758
    vertex 2382.462870068311 143.75075644366282 43.90218666736669
    vertex 2382.462870068311 143.05194502188596 43.81018639834753
  endloop
endfacet
facet normal -2.3097559329038113e-28 0.13052619222055803 0.9914448613737438
  outer loop
    vertex 2382.462870068311 143.05194502188596 43.81018639834753
    vertex 2385.462870068308 142.3531336001094 43.90218666736746
    vertex 2385.462870068308 143.05194502188613 43.81018639834758
  endloop
endfacet
facet normal -2.3097559329038113e-28 0.13052619222055803 0.9914448613737438
  outer loop
    vertex 2385.462870068308 142.3531336001094 43.90218666736746
    vertex 2382.462870068311 143.05194502188596 43.81018639834753
    vertex 2382.462870068311 142.3531336001092 43.9021866673674
  endloop
endfacet
facet normal -1.9131018840622568e-14 0.38268343236556057 0.9238795325110919
  outer loop
    vertex 2382.462870068311 142.3531336001092 43.9021866673674
    vertex 2385.462870068308 141.70194502188633 44.17191780813031
    vertex 2385.462870068308 142.3531336001094 43.90218666736746
  endloop
endfacet
facet normal -1.9131018840622568e-14 0.38268343236556057 0.9238795325110919
  outer loop
    vertex 2385.462870068308 141.70194502188633 44.17191780813031
    vertex 2382.462870068311 142.3531336001092 43.9021866673674
    vertex 2382.462870068311 141.70194502188613 44.17191780813025
  endloop
endfacet
facet normal -3.6958290362760066e-14 0.6087614290091252 0.7933533402909247
  outer loop
    vertex 2382.462870068311 141.70194502188613 44.17191780813025
    vertex 2385.4628700683083 141.14275671268288 44.60099808914487
    vertex 2385.462870068308 141.70194502188633 44.17191780813031
  endloop
endfacet
facet normal -3.6958290362760066e-14 0.6087614290091252 0.7933533402909247
  outer loop
    vertex 2385.4628700683083 141.14275671268288 44.60099808914487
    vertex 2382.462870068311 141.70194502188613 44.17191780813025
    vertex 2382.462870068311 141.1427567126827 44.60099808914482
  endloop
endfacet
facet normal -5.2266915473136785e-14 0.7933533402915309 0.6087614290083353
  outer loop
    vertex 2385.4628700683083 140.7136764316688 45.16018639834879
    vertex 2382.462870068311 141.1427567126827 44.60099808914482
    vertex 2382.462870068311 140.71367643166863 45.160186398348735
  endloop
endfacet
facet normal -5.2266915473136785e-14 0.7933533402915309 0.6087614290083353
  outer loop
    vertex 2382.462870068311 141.1427567126827 44.60099808914482
    vertex 2385.4628700683083 140.7136764316688 45.16018639834879
    vertex 2385.4628700683083 141.14275671268288 44.60099808914487
  endloop
endfacet
facet normal -6.40136366691833e-14 0.9238795325114804 0.3826834323646229
  outer loop
    vertex 2385.4628700683083 140.44394529090667 45.8113749765721
    vertex 2382.462870068311 140.71367643166863 45.160186398348735
    vertex 2382.462870068311 140.44394529090647 45.81137497657204
  endloop
endfacet
facet normal -6.40136366691833e-14 0.9238795325114804 0.3826834323646229
  outer loop
    vertex 2382.462870068311 140.71367643166863 45.160186398348735
    vertex 2385.4628700683083 140.44394529090667 45.8113749765721
    vertex 2385.4628700683083 140.7136764316688 45.16018639834879
  endloop
endfacet
facet normal -7.139793431376066e-14 0.9914448613738788 0.13052619221953263
  outer loop
    vertex 2385.4628700683083 140.3519450218875 46.51018639834895
    vertex 2382.462870068311 140.44394529090647 45.81137497657204
    vertex 2382.462870068311 140.35194502188733 46.51018639834889
  endloop
endfacet
facet normal -7.139793431376066e-14 0.9914448613738788 0.13052619221953263
  outer loop
    vertex 2382.462870068311 140.44394529090647 45.81137497657204
    vertex 2385.4628700683083 140.3519450218875 46.51018639834895
    vertex 2385.4628700683083 140.44394529090667 45.8113749765721
  endloop
endfacet
facet normal -7.391658072551985e-14 0.9914448613737441 -0.13052619222055598
  outer loop
    vertex 2385.4628700683083 140.44394529090738 47.20899782012572
    vertex 2382.462870068311 140.35194502188733 46.51018639834889
    vertex 2382.462870068311 140.4439452909072 47.20899782012566
  endloop
endfacet
facet normal -7.391658072551985e-14 0.9914448613737441 -0.13052619222055598
  outer loop
    vertex 2382.462870068311 140.35194502188733 46.51018639834889
    vertex 2385.4628700683083 140.44394529090738 47.20899782012572
    vertex 2385.4628700683083 140.3519450218875 46.51018639834895
  endloop
endfacet
facet normal -7.139793431376047e-14 0.9238795325110946 -0.3826834323655537
  outer loop
    vertex 2385.4628700683083 140.7136764316702 47.86018639834879
    vertex 2382.462870068311 140.4439452909072 47.20899782012566
    vertex 2382.462870068311 140.71367643167002 47.86018639834874
  endloop
endfacet
facet normal -7.139793431376047e-14 0.9238795325110946 -0.3826834323655537
  outer loop
    vertex 2382.462870068311 140.4439452909072 47.20899782012566
    vertex 2385.4628700683083 140.7136764316702 47.86018639834879
    vertex 2385.4628700683083 140.44394529090738 47.20899782012572
  endloop
endfacet
facet normal -6.401363666918277e-14 0.793353340290916 -0.6087614290091364
  outer loop
    vertex 2385.4628700683083 141.14275671268484 48.41937470755223
    vertex 2382.462870068311 140.71367643167002 47.86018639834874
    vertex 2382.462870068311 141.14275671268464 48.41937470755217
  endloop
endfacet
facet normal -6.401363666918277e-14 0.793353340290916 -0.6087614290091364
  outer loop
    vertex 2382.462870068311 140.71367643167002 47.86018639834874
    vertex 2385.4628700683083 141.14275671268484 48.41937470755223
    vertex 2385.4628700683083 140.7136764316702 47.86018639834879
  endloop
endfacet
facet normal -5.22669154731386e-14 0.608761429008328 -0.7933533402915367
  outer loop
    vertex 2385.4628700683083 141.14275671268484 48.41937470755223
    vertex 2382.462870068311 141.7019450218885 48.84845498856622
    vertex 2385.4628700683083 141.70194502188866 48.848454988566274
  endloop
endfacet
facet normal -5.22669154731386e-14 0.608761429008328 -0.7933533402915367
  outer loop
    vertex 2382.462870068311 141.7019450218885 48.84845498856622
    vertex 2385.4628700683083 141.14275671268484 48.41937470755223
    vertex 2382.462870068311 141.14275671268464 48.41937470755217
  endloop
endfacet
facet normal -3.695829036275979e-14 0.3826834323646189 -0.9238795325114819
  outer loop
    vertex 2385.4628700683083 141.70194502188866 48.848454988566274
    vertex 2382.462870068311 142.35313360011185 49.11818612932836
    vertex 2385.462870068308 142.35313360011202 49.118186129328414
  endloop
endfacet
facet normal -3.695829036275979e-14 0.3826834323646189 -0.9238795325114819
  outer loop
    vertex 2382.462870068311 142.35313360011185 49.11818612932836
    vertex 2385.4628700683083 141.70194502188866 48.848454988566274
    vertex 2382.462870068311 141.7019450218885 48.84845498856622
  endloop
endfacet
facet normal -1.105630847256258e-13 0.9914448613738788 0.13052619221953263
  outer loop
    vertex 2385.4628700683124 111.50194502190233 75.36018639836362
    vertex 2382.4628700683147 111.5939452909212 74.6613749765868
    vertex 2382.4628700683147 111.5019450219021 75.36018639836362
  endloop
endfacet
facet normal -1.105630847256258e-13 0.9914448613738788 0.13052619221953263
  outer loop
    vertex 2382.4628700683147 111.5939452909212 74.6613749765868
    vertex 2385.4628700683124 111.50194502190233 75.36018639836362
    vertex 2385.4628700683124 111.59394529092143 74.6613749765868
  endloop
endfacet
facet normal -1.1056308472562564e-13 0.9914448613737441 -0.13052619222055598
  outer loop
    vertex 2385.4628700683124 111.59394529092219 76.05899782014042
    vertex 2382.4628700683147 111.5019450219021 75.36018639836362
    vertex 2382.4628700683147 111.59394529092197 76.05899782014042
  endloop
endfacet
facet normal -1.1056308472562564e-13 0.9914448613737441 -0.13052619222055598
  outer loop
    vertex 2382.4628700683147 111.5019450219021 75.36018639836362
    vertex 2385.4628700683124 111.59394529092219 76.05899782014042
    vertex 2385.4628700683124 111.50194502190233 75.36018639836362
  endloop
endfacet
facet normal -1.0302839321571108e-13 0.9238795325110946 -0.3826834323655537
  outer loop
    vertex 2385.4628700683124 111.86367643168498 76.71018639836348
    vertex 2382.4628700683147 111.59394529092197 76.05899782014042
    vertex 2382.4628700683147 111.86367643168475 76.71018639836348
  endloop
endfacet
facet normal -1.0302839321571108e-13 0.9238795325110946 -0.3826834323655537
  outer loop
    vertex 2382.4628700683147 111.59394529092197 76.05899782014042
    vertex 2385.4628700683124 111.86367643168498 76.71018639836348
    vertex 2385.4628700683124 111.59394529092219 76.05899782014042
  endloop
endfacet
facet normal -8.847248697061401e-14 0.7933533402909132 -0.6087614290091404
  outer loop
    vertex 2385.4628700683124 112.29275671269964 77.26937470756688
    vertex 2382.4628700683147 111.86367643168475 76.71018639836348
    vertex 2382.4628700683147 112.29275671269943 77.26937470756688
  endloop
endfacet
facet normal -8.847248697061401e-14 0.7933533402909132 -0.6087614290091404
  outer loop
    vertex 2382.4628700683147 111.86367643168475 76.71018639836348
    vertex 2385.4628700683124 112.29275671269964 77.26937470756688
    vertex 2385.4628700683124 111.86367643168498 76.71018639836348
  endloop
endfacet
facet normal -6.78873269461708e-14 0.6087614290083229 -0.7933533402915404
  outer loop
    vertex 2385.4628700683124 112.29275671269964 77.26937470756688
    vertex 2382.4628700683147 112.85194502190328 77.6984549885809
    vertex 2385.4628700683124 112.8519450219035 77.6984549885809
  endloop
endfacet
facet normal -6.78873269461708e-14 0.6087614290083229 -0.7933533402915404
  outer loop
    vertex 2382.4628700683147 112.85194502190328 77.6984549885809
    vertex 2385.4628700683124 112.29275671269964 77.26937470756688
    vertex 2382.4628700683147 112.29275671269943 77.26937470756688
  endloop
endfacet
facet normal -4.26757577794551e-14 0.3826834323646144 -0.9238795325114838
  outer loop
    vertex 2385.4628700683124 112.8519450219035 77.6984549885809
    vertex 2382.4628700683143 113.50313360012663 77.96818612934308
    vertex 2385.462870068312 113.50313360012686 77.96818612934308
  endloop
endfacet
facet normal -4.26757577794551e-14 0.3826834323646144 -0.9238795325114838
  outer loop
    vertex 2382.4628700683143 113.50313360012663 77.96818612934308
    vertex 2385.4628700683124 112.8519450219035 77.6984549885809
    vertex 2382.4628700683147 112.85194502190328 77.6984549885809
  endloop
endfacet
facet normal -1.455590624509597e-14 0.13052619221955042 -0.9914448613738764
  outer loop
    vertex 2385.462870068312 113.50313360012686 77.96818612934308
    vertex 2382.4628700683143 114.20194502190347 78.06018639836223
    vertex 2385.462870068312 114.2019450219037 78.06018639836223
  endloop
endfacet
facet normal -1.455590624509597e-14 0.13052619221955042 -0.9914448613738764
  outer loop
    vertex 2382.4628700683143 114.20194502190347 78.06018639836223
    vertex 2385.462870068312 113.50313360012686 77.96818612934308
    vertex 2382.4628700683143 113.50313360012663 77.96818612934308
  endloop
endfacet
facet normal 1.4555906245095554e-14 -0.13052619222055803 -0.9914448613737438
  outer loop
    vertex 2385.462870068312 114.2019450219037 78.06018639836223
    vertex 2382.4628700683143 114.90075644368022 77.96818612934237
    vertex 2385.462870068312 114.90075644368045 77.96818612934237
  endloop
endfacet
facet normal 1.4555906245095554e-14 -0.13052619222055803 -0.9914448613737438
  outer loop
    vertex 2382.4628700683143 114.90075644368022 77.96818612934237
    vertex 2385.462870068312 114.2019450219037 78.06018639836223
    vertex 2382.4628700683143 114.20194502190347 78.06018639836223
  endloop
endfacet
facet normal 4.267575777945628e-14 -0.38268343236556734 -0.923879532511089
  outer loop
    vertex 2385.462870068312 114.90075644368045 77.96818612934237
    vertex 2382.462870068314 115.55194502190328 77.69845498857957
    vertex 2385.4628700683115 115.5519450219035 77.69845498857957
  endloop
endfacet
facet normal 4.267575777945628e-14 -0.38268343236556734 -0.923879532511089
  outer loop
    vertex 2382.462870068314 115.55194502190328 77.69845498857957
    vertex 2385.462870068312 114.90075644368045 77.96818612934237
    vertex 2382.4628700683143 114.90075644368022 77.96818612934237
  endloop
endfacet
facet normal 6.788732694616775e-14 -0.6087614290091048 -0.7933533402909405
  outer loop
    vertex 2385.4628700683115 115.5519450219035 77.69845498857957
    vertex 2382.462870068314 116.11113333110676 77.26937470756498
    vertex 2385.4628700683115 116.11113333110698 77.26937470756498
  endloop
endfacet
facet normal 6.788732694616775e-14 -0.6087614290091048 -0.7933533402909405
  outer loop
    vertex 2382.462870068314 116.11113333110676 77.26937470756498
    vertex 2385.4628700683115 115.5519450219035 77.69845498857957
    vertex 2382.462870068314 115.55194502190328 77.69845498857957
  endloop
endfacet
facet normal 8.8472486970616e-14 -0.7933533402915522 -0.6087614290083074
  outer loop
    vertex 2385.4628700683115 116.54021361212098 76.71018639836105
    vertex 2382.462870068314 116.11113333110676 77.26937470756498
    vertex 2382.462870068314 116.54021361212075 76.71018639836105
  endloop
endfacet
facet normal 8.8472486970616e-14 -0.7933533402915522 -0.6087614290083074
  outer loop
    vertex 2382.462870068314 116.11113333110676 77.26937470756498
    vertex 2385.4628700683115 116.54021361212098 76.71018639836105
    vertex 2385.4628700683115 116.11113333110698 77.26937470756498
  endloop
endfacet
facet normal 1.0302839321571044e-13 -0.923879532511479 -0.38268343236462565
  outer loop
    vertex 2385.4628700683115 116.80994475288317 76.05899782013772
    vertex 2382.462870068314 116.54021361212075 76.71018639836105
    vertex 2382.462870068314 116.80994475288294 76.05899782013772
  endloop
endfacet
facet normal 1.0302839321571044e-13 -0.923879532511479 -0.38268343236462565
  outer loop
    vertex 2382.462870068314 116.54021361212075 76.71018639836105
    vertex 2385.4628700683115 116.80994475288317 76.05899782013772
    vertex 2385.4628700683115 116.54021361212098 76.71018639836105
  endloop
endfacet
facet normal 1.105630847256258e-13 -0.9914448613738788 -0.13052619221953263
  outer loop
    vertex 2385.4628700683115 116.90194502190232 75.36018639836087
    vertex 2382.462870068314 116.80994475288294 76.05899782013772
    vertex 2382.462870068314 116.9019450219021 75.36018639836087
  endloop
endfacet
facet normal 1.105630847256258e-13 -0.9914448613738788 -0.13052619221953263
  outer loop
    vertex 2382.462870068314 116.80994475288294 76.05899782013772
    vertex 2385.4628700683115 116.90194502190232 75.36018639836087
    vertex 2385.4628700683115 116.80994475288317 76.05899782013772
  endloop
endfacet
facet normal 1.1056308472562564e-13 -0.9914448613737441 0.13052619222055598
  outer loop
    vertex 2385.4628700683115 116.8099447528824 74.6613749765841
    vertex 2382.462870068314 116.9019450219021 75.36018639836087
    vertex 2382.462870068314 116.80994475288217 74.6613749765841
  endloop
endfacet
facet normal 1.1056308472562564e-13 -0.9914448613737441 0.13052619222055598
  outer loop
    vertex 2382.462870068314 116.9019450219021 75.36018639836087
    vertex 2385.4628700683115 116.8099447528824 74.6613749765841
    vertex 2385.4628700683115 116.90194502190232 75.36018639836087
  endloop
endfacet
facet normal 1.0302839321571108e-13 -0.9238795325110946 0.3826834323655537
  outer loop
    vertex 2385.4628700683115 116.54021361211962 74.01018639836104
    vertex 2382.462870068314 116.80994475288217 74.6613749765841
    vertex 2382.462870068314 116.54021361211939 74.01018639836104
  endloop
endfacet
facet normal 1.0302839321571108e-13 -0.9238795325110946 0.3826834323655537
  outer loop
    vertex 2382.462870068314 116.80994475288217 74.6613749765841
    vertex 2385.4628700683115 116.54021361211962 74.01018639836104
    vertex 2385.4628700683115 116.8099447528824 74.6613749765841
  endloop
endfacet
facet normal 8.847248697061401e-14 -0.7933533402909132 0.6087614290091404
  outer loop
    vertex 2385.4628700683115 116.111133331105 73.45099808915764
    vertex 2382.462870068314 116.54021361211939 74.01018639836104
    vertex 2382.462870068314 116.11113333110477 73.45099808915764
  endloop
endfacet
facet normal 8.847248697061401e-14 -0.7933533402909132 0.6087614290091404
  outer loop
    vertex 2382.462870068314 116.54021361211939 74.01018639836104
    vertex 2385.4628700683115 116.111133331105 73.45099808915764
    vertex 2385.4628700683115 116.54021361211962 74.01018639836104
  endloop
endfacet
facet normal 6.788732694617194e-14 -0.608761429008333 0.7933533402915328
  outer loop
    vertex 2382.462870068314 116.11113333110477 73.45099808915764
    vertex 2385.4628700683115 115.5519450219011 73.02191780814358
    vertex 2385.4628700683115 116.111133331105 73.45099808915764
  endloop
endfacet
facet normal 6.788732694617194e-14 -0.608761429008333 0.7933533402915328
  outer loop
    vertex 2385.4628700683115 115.5519450219011 73.02191780814358
    vertex 2382.462870068314 116.11113333110477 73.45099808915764
    vertex 2382.462870068314 115.55194502190089 73.02191780814358
  endloop
endfacet
facet normal 4.2675757779453576e-14 -0.3826834323646007 0.9238795325114894
  outer loop
    vertex 2382.462870068314 115.55194502190089 73.02191780814358
    vertex 2385.462870068312 114.90075644367774 72.75218666738141
    vertex 2385.4628700683115 115.5519450219011 73.02191780814358
  endloop
endfacet
facet normal 4.2675757779453576e-14 -0.3826834323646007 0.9238795325114894
  outer loop
    vertex 2385.462870068312 114.90075644367774 72.75218666738141
    vertex 2382.462870068314 115.55194502190089 73.02191780814358
    vertex 2382.4628700683143 114.90075644367752 72.75218666738141
  endloop
endfacet
facet normal 1.455590624509597e-14 -0.13052619221955042 0.9914448613738764
  outer loop
    vertex 2382.4628700683143 114.90075644367752 72.75218666738141
    vertex 2385.462870068312 114.20194502190094 72.66018639836224
    vertex 2385.462870068312 114.90075644367774 72.75218666738141
  endloop
endfacet
facet normal 1.455590624509597e-14 -0.13052619221955042 0.9914448613738764
  outer loop
    vertex 2385.462870068312 114.20194502190094 72.66018639836224
    vertex 2382.4628700683143 114.90075644367752 72.75218666738141
    vertex 2382.4628700683143 114.20194502190071 72.66018639836224
  endloop
endfacet
facet normal -1.4555906245095554e-14 0.13052619222055803 0.9914448613737438
  outer loop
    vertex 2382.4628700683143 114.20194502190071 72.66018639836224
    vertex 2385.462870068312 113.50313360012414 72.75218666738212
    vertex 2385.462870068312 114.20194502190094 72.66018639836224
  endloop
endfacet
facet normal -1.4555906245095554e-14 0.13052619222055803 0.9914448613737438
  outer loop
    vertex 2385.462870068312 113.50313360012414 72.75218666738212
    vertex 2382.4628700683143 114.20194502190071 72.66018639836224
    vertex 2382.4628700683143 113.50313360012392 72.75218666738212
  endloop
endfacet
facet normal -4.267575777945628e-14 0.38268343236556734 0.923879532511089
  outer loop
    vertex 2382.4628700683143 113.50313360012392 72.75218666738212
    vertex 2385.4628700683124 112.85194502190114 73.02191780814495
    vertex 2385.462870068312 113.50313360012414 72.75218666738212
  endloop
endfacet
facet normal -4.267575777945628e-14 0.38268343236556734 0.923879532511089
  outer loop
    vertex 2385.4628700683124 112.85194502190114 73.02191780814495
    vertex 2382.4628700683143 113.50313360012392 72.75218666738212
    vertex 2382.4628700683147 112.85194502190092 73.02191780814495
  endloop
endfacet
facet normal -6.788732694616775e-14 0.6087614290091048 0.7933533402909405
  outer loop
    vertex 2382.4628700683147 112.85194502190092 73.02191780814495
    vertex 2385.4628700683124 112.29275671269767 73.45099808915954
    vertex 2385.4628700683124 112.85194502190114 73.02191780814495
  endloop
endfacet
facet normal -6.788732694616775e-14 0.6087614290091048 0.7933533402909405
  outer loop
    vertex 2385.4628700683124 112.29275671269767 73.45099808915954
    vertex 2382.4628700683147 112.85194502190092 73.02191780814495
    vertex 2382.4628700683147 112.29275671269744 73.45099808915954
  endloop
endfacet
facet normal -8.8472486970616e-14 0.7933533402915522 0.6087614290083074
  outer loop
    vertex 2385.4628700683124 111.86367643168364 74.01018639836347
    vertex 2382.4628700683147 112.29275671269744 73.45099808915954
    vertex 2382.4628700683147 111.86367643168342 74.01018639836347
  endloop
endfacet
facet normal -8.8472486970616e-14 0.7933533402915522 0.6087614290083074
  outer loop
    vertex 2382.4628700683147 112.29275671269744 73.45099808915954
    vertex 2385.4628700683124 111.86367643168364 74.01018639836347
    vertex 2385.4628700683124 112.29275671269767 73.45099808915954
  endloop
endfacet
facet normal -1.0302839321571044e-13 0.923879532511479 0.38268343236462565
  outer loop
    vertex 2385.4628700683124 111.59394529092143 74.6613749765868
    vertex 2382.4628700683147 111.86367643168342 74.01018639836347
    vertex 2382.4628700683147 111.5939452909212 74.6613749765868
  endloop
endfacet
facet normal -1.0302839321571044e-13 0.923879532511479 0.38268343236462565
  outer loop
    vertex 2382.4628700683147 111.86367643168342 74.01018639836347
    vertex 2385.4628700683124 111.59394529092143 74.6613749765868
    vertex 2385.4628700683124 111.86367643168364 74.01018639836347
  endloop
endfacet
facet normal -1.105630847256258e-13 0.9914448613738788 0.13052619221953263
  outer loop
    vertex 2385.462870068306 169.2019450219025 75.36018639833418
    vertex 2382.4628700683083 169.2939452909213 74.6613749765573
    vertex 2382.4628700683083 169.20194502190216 75.36018639833418
  endloop
endfacet
facet normal -1.105630847256258e-13 0.9914448613738788 0.13052619221953263
  outer loop
    vertex 2382.4628700683083 169.2939452909213 74.6613749765573
    vertex 2385.462870068306 169.2019450219025 75.36018639833418
    vertex 2385.462870068306 169.29394529092167 74.6613749765573
  endloop
endfacet
facet normal -1.1056308472562564e-13 0.9914448613737441 -0.13052619222055598
  outer loop
    vertex 2385.462870068306 169.2939452909224 76.05899782011092
    vertex 2382.4628700683083 169.20194502190216 75.36018639833418
    vertex 2382.4628700683083 169.29394529092204 76.05899782011092
  endloop
endfacet
facet normal -1.1056308472562564e-13 0.9914448613737441 -0.13052619222055598
  outer loop
    vertex 2382.4628700683083 169.20194502190216 75.36018639833418
    vertex 2385.462870068306 169.2939452909224 76.05899782011092
    vertex 2385.462870068306 169.2019450219025 75.36018639833418
  endloop
endfacet
facet normal -1.0302839321571108e-13 0.9238795325110946 -0.3826834323655537
  outer loop
    vertex 2385.462870068306 169.56367643168522 76.71018639833397
    vertex 2382.4628700683083 169.29394529092204 76.05899782011092
    vertex 2382.462870068308 169.56367643168485 76.71018639833397
  endloop
endfacet
facet normal -1.0302839321571108e-13 0.9238795325110946 -0.3826834323655537
  outer loop
    vertex 2382.4628700683083 169.29394529092204 76.05899782011092
    vertex 2385.462870068306 169.56367643168522 76.71018639833397
    vertex 2385.462870068306 169.2939452909224 76.05899782011092
  endloop
endfacet
facet normal -8.847248697061401e-14 0.7933533402909132 -0.6087614290091404
  outer loop
    vertex 2385.462870068306 169.99275671269984 77.26937470753742
    vertex 2382.462870068308 169.56367643168485 76.71018639833397
    vertex 2382.462870068308 169.99275671269947 77.26937470753742
  endloop
endfacet
facet normal -8.847248697061401e-14 0.7933533402909132 -0.6087614290091404
  outer loop
    vertex 2382.462870068308 169.56367643168485 76.71018639833397
    vertex 2385.462870068306 169.99275671269984 77.26937470753742
    vertex 2385.462870068306 169.56367643168522 76.71018639833397
  endloop
endfacet
facet normal -6.788732694617079e-14 0.6087614290083229 -0.7933533402915404
  outer loop
    vertex 2385.462870068306 169.99275671269984 77.26937470753742
    vertex 2382.462870068308 170.55194502190332 77.69845498855148
    vertex 2385.462870068306 170.55194502190366 77.69845498855148
  endloop
endfacet
facet normal -6.788732694617079e-14 0.6087614290083229 -0.7933533402915404
  outer loop
    vertex 2382.462870068308 170.55194502190332 77.69845498855148
    vertex 2385.462870068306 169.99275671269984 77.26937470753742
    vertex 2382.462870068308 169.99275671269947 77.26937470753742
  endloop
endfacet
facet normal -4.267575777945509e-14 0.3826834323646144 -0.9238795325114838
  outer loop
    vertex 2385.462870068306 170.55194502190366 77.69845498855148
    vertex 2382.462870068308 171.20313360012665 77.96818612931361
    vertex 2385.4628700683056 171.20313360012702 77.96818612931361
  endloop
endfacet
facet normal -4.267575777945509e-14 0.3826834323646144 -0.9238795325114838
  outer loop
    vertex 2382.462870068308 171.20313360012665 77.96818612931361
    vertex 2385.462870068306 170.55194502190366 77.69845498855148
    vertex 2382.462870068308 170.55194502190332 77.69845498855148
  endloop
endfacet
facet normal -1.4555906245095967e-14 0.13052619221955042 -0.9914448613738764
  outer loop
    vertex 2385.4628700683056 171.20313360012702 77.96818612931361
    vertex 2382.462870068308 171.90194502190351 78.06018639833277
    vertex 2385.4628700683056 171.90194502190388 78.06018639833277
  endloop
endfacet
facet normal -1.4555906245095967e-14 0.13052619221955042 -0.9914448613738764
  outer loop
    vertex 2382.462870068308 171.90194502190351 78.06018639833277
    vertex 2385.4628700683056 171.20313360012702 77.96818612931361
    vertex 2382.462870068308 171.20313360012665 77.96818612931361
  endloop
endfacet
facet normal 1.4555906245095557e-14 -0.13052619222055803 -0.9914448613737438
  outer loop
    vertex 2385.4628700683056 171.90194502190388 78.06018639833277
    vertex 2382.462870068308 172.60075644368024 77.96818612931293
    vertex 2385.4628700683056 172.6007564436806 77.96818612931293
  endloop
endfacet
facet normal 1.4555906245095557e-14 -0.13052619222055803 -0.9914448613737438
  outer loop
    vertex 2382.462870068308 172.60075644368024 77.96818612931293
    vertex 2385.4628700683056 171.90194502190388 78.06018639833277
    vertex 2382.462870068308 171.90194502190351 78.06018639833277
  endloop
endfacet
facet normal 4.2675757779456283e-14 -0.38268343236556734 -0.923879532511089
  outer loop
    vertex 2385.4628700683056 172.6007564436806 77.96818612931293
    vertex 2382.462870068308 173.25194502190334 77.69845498855007
    vertex 2385.462870068305 173.25194502190368 77.69845498855007
  endloop
endfacet
facet normal 4.2675757779456283e-14 -0.38268343236556734 -0.923879532511089
  outer loop
    vertex 2382.462870068308 173.25194502190334 77.69845498855007
    vertex 2385.4628700683056 172.6007564436806 77.96818612931293
    vertex 2382.462870068308 172.60075644368024 77.96818612931293
  endloop
endfacet
facet normal 6.788732694616776e-14 -0.6087614290091048 -0.7933533402909405
  outer loop
    vertex 2385.462870068305 173.25194502190368 77.69845498855007
    vertex 2382.462870068308 173.81113333110682 77.26937470753549
    vertex 2385.462870068305 173.81113333110716 77.26937470753549
  endloop
endfacet
facet normal 6.788732694616776e-14 -0.6087614290091048 -0.7933533402909405
  outer loop
    vertex 2382.462870068308 173.81113333110682 77.26937470753549
    vertex 2385.462870068305 173.25194502190368 77.69845498855007
    vertex 2382.462870068308 173.25194502190334 77.69845498855007
  endloop
endfacet
facet normal 8.8472486970616e-14 -0.7933533402915522 -0.6087614290083074
  outer loop
    vertex 2385.462870068305 174.24021361212115 76.71018639833159
    vertex 2382.462870068308 173.81113333110682 77.26937470753549
    vertex 2382.462870068308 174.2402136121208 76.71018639833159
  endloop
endfacet
facet normal 8.8472486970616e-14 -0.7933533402915522 -0.6087614290083074
  outer loop
    vertex 2382.462870068308 173.81113333110682 77.26937470753549
    vertex 2385.462870068305 174.24021361212115 76.71018639833159
    vertex 2385.462870068305 173.81113333110716 77.26937470753549
  endloop
endfacet
facet normal 1.0302839321571044e-13 -0.923879532511479 -0.38268343236462565
  outer loop
    vertex 2385.462870068305 174.50994475288337 76.05899782010829
    vertex 2382.462870068308 174.2402136121208 76.71018639833159
    vertex 2382.462870068308 174.509944752883 76.05899782010829
  endloop
endfacet
facet normal 1.0302839321571044e-13 -0.923879532511479 -0.38268343236462565
  outer loop
    vertex 2382.462870068308 174.2402136121208 76.71018639833159
    vertex 2385.462870068305 174.50994475288337 76.05899782010829
    vertex 2385.462870068305 174.24021361212115 76.71018639833159
  endloop
endfacet
facet normal 1.105630847256258e-13 -0.9914448613738788 -0.13052619221953263
  outer loop
    vertex 2385.462870068305 174.6019450219025 75.36018639833142
    vertex 2382.462870068308 174.509944752883 76.05899782010829
    vertex 2382.462870068308 174.60194502190214 75.36018639833142
  endloop
endfacet
facet normal 1.105630847256258e-13 -0.9914448613738788 -0.13052619221953263
  outer loop
    vertex 2382.462870068308 174.509944752883 76.05899782010829
    vertex 2385.462870068305 174.6019450219025 75.36018639833142
    vertex 2385.462870068305 174.50994475288337 76.05899782010829
  endloop
endfacet
facet normal 1.1056308472562564e-13 -0.9914448613737441 0.13052619222055598
  outer loop
    vertex 2385.462870068305 174.50994475288263 74.66137497655467
    vertex 2382.462870068308 174.60194502190214 75.36018639833142
    vertex 2382.462870068308 174.50994475288226 74.66137497655467
  endloop
endfacet
facet normal 1.1056308472562564e-13 -0.9914448613737441 0.13052619222055598
  outer loop
    vertex 2382.462870068308 174.60194502190214 75.36018639833142
    vertex 2385.462870068305 174.50994475288263 74.66137497655467
    vertex 2385.462870068305 174.6019450219025 75.36018639833142
  endloop
endfacet
facet normal 1.0302839321571108e-13 -0.9238795325110946 0.3826834323655537
  outer loop
    vertex 2382.462870068308 174.24021361211945 74.01018639833158
    vertex 2385.462870068305 174.50994475288263 74.66137497655467
    vertex 2382.462870068308 174.50994475288226 74.66137497655467
  endloop
endfacet
facet normal 1.0302839321571108e-13 -0.9238795325110946 0.3826834323655537
  outer loop
    vertex 2385.462870068305 174.50994475288263 74.66137497655467
    vertex 2382.462870068308 174.24021361211945 74.01018639833158
    vertex 2385.462870068305 174.24021361211982 74.01018639833158
  endloop
endfacet
facet normal 8.847248697061401e-14 -0.7933533402909132 0.6087614290091404
  outer loop
    vertex 2385.462870068305 173.81113333110517 73.45099808912813
    vertex 2382.462870068308 174.24021361211945 74.01018639833158
    vertex 2382.462870068308 173.81113333110483 73.45099808912813
  endloop
endfacet
facet normal 8.847248697061401e-14 -0.7933533402909132 0.6087614290091404
  outer loop
    vertex 2382.462870068308 174.24021361211945 74.01018639833158
    vertex 2385.462870068305 173.81113333110517 73.45099808912813
    vertex 2385.462870068305 174.24021361211982 74.01018639833158
  endloop
endfacet
facet normal 6.788732694617193e-14 -0.608761429008333 0.7933533402915328
  outer loop
    vertex 2382.462870068308 173.81113333110483 73.45099808912813
    vertex 2385.462870068305 173.2519450219013 73.02191780811411
    vertex 2385.462870068305 173.81113333110517 73.45099808912813
  endloop
endfacet
facet normal 6.788732694617193e-14 -0.608761429008333 0.7933533402915328
  outer loop
    vertex 2385.462870068305 173.2519450219013 73.02191780811411
    vertex 2382.462870068308 173.81113333110483 73.45099808912813
    vertex 2382.462870068308 173.25194502190095 73.02191780811411
  endloop
endfacet
facet normal 4.2675757779453563e-14 -0.3826834323646007 0.9238795325114894
  outer loop
    vertex 2382.462870068308 173.25194502190095 73.02191780811411
    vertex 2385.4628700683056 172.60075644367794 72.75218666735198
    vertex 2385.462870068305 173.2519450219013 73.02191780811411
  endloop
endfacet
facet normal 4.2675757779453563e-14 -0.3826834323646007 0.9238795325114894
  outer loop
    vertex 2385.4628700683056 172.60075644367794 72.75218666735198
    vertex 2382.462870068308 173.25194502190095 73.02191780811411
    vertex 2382.462870068308 172.6007564436776 72.75218666735198
  endloop
endfacet
facet normal 1.4555906245095967e-14 -0.13052619221955042 0.9914448613738764
  outer loop
    vertex 2382.462870068308 172.6007564436776 72.75218666735198
    vertex 2385.4628700683056 171.90194502190116 72.66018639833278
    vertex 2385.4628700683056 172.60075644367794 72.75218666735198
  endloop
endfacet
facet normal 1.4555906245095967e-14 -0.13052619221955042 0.9914448613738764
  outer loop
    vertex 2385.4628700683056 171.90194502190116 72.66018639833278
    vertex 2382.462870068308 172.6007564436776 72.75218666735198
    vertex 2382.462870068308 171.9019450219008 72.66018639833278
  endloop
endfacet
facet normal -1.4555906245095557e-14 0.13052619222055803 0.9914448613737438
  outer loop
    vertex 2382.462870068308 171.9019450219008 72.66018639833278
    vertex 2385.4628700683056 171.20313360012435 72.75218666735266
    vertex 2385.4628700683056 171.90194502190116 72.66018639833278
  endloop
endfacet
facet normal -1.4555906245095557e-14 0.13052619222055803 0.9914448613737438
  outer loop
    vertex 2385.4628700683056 171.20313360012435 72.75218666735266
    vertex 2382.462870068308 171.9019450219008 72.66018639833278
    vertex 2382.462870068308 171.203133600124 72.75218666735266
  endloop
endfacet
facet normal -4.2675757779456283e-14 0.38268343236556734 0.923879532511089
  outer loop
    vertex 2382.462870068308 171.203133600124 72.75218666735266
    vertex 2385.462870068306 170.55194502190133 73.02191780811553
    vertex 2385.4628700683056 171.20313360012435 72.75218666735266
  endloop
endfacet
facet normal -4.2675757779456283e-14 0.38268343236556734 0.923879532511089
  outer loop
    vertex 2385.462870068306 170.55194502190133 73.02191780811553
    vertex 2382.462870068308 171.203133600124 72.75218666735266
    vertex 2382.462870068308 170.55194502190096 73.02191780811553
  endloop
endfacet
facet normal -6.788732694616776e-14 0.6087614290091048 0.7933533402909405
  outer loop
    vertex 2382.462870068308 170.55194502190096 73.02191780811553
    vertex 2385.462870068306 169.99275671269785 73.45099808913007
    vertex 2385.462870068306 170.55194502190133 73.02191780811553
  endloop
endfacet
facet normal -6.788732694616776e-14 0.6087614290091048 0.7933533402909405
  outer loop
    vertex 2385.462870068306 169.99275671269785 73.45099808913007
    vertex 2382.462870068308 170.55194502190096 73.02191780811553
    vertex 2382.462870068308 169.99275671269748 73.45099808913007
  endloop
endfacet
facet normal -8.8472486970616e-14 0.7933533402915522 0.6087614290083074
  outer loop
    vertex 2385.462870068306 169.5636764316838 74.01018639833397
    vertex 2382.462870068308 169.99275671269748 73.45099808913007
    vertex 2382.462870068308 169.56367643168346 74.01018639833397
  endloop
endfacet
facet normal -8.8472486970616e-14 0.7933533402915522 0.6087614290083074
  outer loop
    vertex 2382.462870068308 169.99275671269748 73.45099808913007
    vertex 2385.462870068306 169.5636764316838 74.01018639833397
    vertex 2385.462870068306 169.99275671269785 73.45099808913007
  endloop
endfacet
facet normal -1.0302839321571044e-13 0.923879532511479 0.38268343236462565
  outer loop
    vertex 2382.4628700683083 169.2939452909213 74.6613749765573
    vertex 2385.462870068306 169.5636764316838 74.01018639833397
    vertex 2382.462870068308 169.56367643168346 74.01018639833397
  endloop
endfacet
facet normal -1.0302839321571044e-13 0.923879532511479 0.38268343236462565
  outer loop
    vertex 2385.462870068306 169.5636764316838 74.01018639833397
    vertex 2382.4628700683083 169.2939452909213 74.6613749765573
    vertex 2385.462870068306 169.29394529092167 74.6613749765573
  endloop
endfacet
facet normal -1.0 -1.0583680968444204e-13 6.827223422546331e-17
  outer loop
    vertex 2382.462870068311 143.05194502190076 72.66018639834752
    vertex 2382.462870068308 171.203133600124 72.75218666735266
    vertex 2382.462870068308 171.9019450219008 72.66018639833278
  endloop
endfacet
facet normal -1.0 -1.0583680968444204e-13 6.827223422546331e-17
  outer loop
    vertex 2382.462870068308 171.203133600124 72.75218666735266
    vertex 2382.462870068311 143.05194502190076 72.66018639834752
    vertex 2382.462870068311 143.75075644367757 72.75218666736673
  endloop
endfacet
facet normal -1.0 -1.0583680968444204e-13 6.827223422546331e-17
  outer loop
    vertex 2382.462870068308 171.203133600124 72.75218666735266
    vertex 2382.462870068311 143.75075644367757 72.75218666736673
    vertex 2382.462870068308 170.55194502190096 73.02191780811553
  endloop
endfacet
facet normal -1.0 -1.0583680968444204e-13 6.827223422546331e-17
  outer loop
    vertex 2382.462870068308 170.55194502190096 73.02191780811553
    vertex 2382.462870068311 143.75075644367757 72.75218666736673
    vertex 2382.462870068311 144.4019450219009 73.02191780812885
  endloop
endfacet
facet normal -1.0 -1.0583680968444204e-13 6.827223422546331e-17
  outer loop
    vertex 2382.462870068308 170.55194502190096 73.02191780811553
    vertex 2382.462870068311 144.4019450219009 73.02191780812885
    vertex 2382.462870068308 169.99275671269748 73.45099808913007
  endloop
endfacet
facet normal -1.0 -1.0583680968444204e-13 6.827223422546331e-17
  outer loop
    vertex 2382.462870068308 169.99275671269748 73.45099808913007
    vertex 2382.462870068311 144.4019450219009 73.02191780812885
    vertex 2382.462870068311 144.9611333311048 73.45099808914287
  endloop
endfacet
facet normal -1.0 -1.0583680968444204e-13 6.827223422546331e-17
  outer loop
    vertex 2382.462870068308 169.99275671269748 73.45099808913007
    vertex 2382.462870068311 144.9611333311048 73.45099808914287
    vertex 2382.462870068308 169.56367643168346 74.01018639833397
  endloop
endfacet
facet normal -1.0 -1.0583680968444204e-13 6.827223422546331e-17
  outer loop
    vertex 2382.462870068308 169.56367643168346 74.01018639833397
    vertex 2382.462870068311 144.9611333311048 73.45099808914287
    vertex 2382.462870068311 145.39021361211942 74.01018639834632
  endloop
endfacet
facet normal -1.0 -1.0583680968444204e-13 6.827223422546331e-17
  outer loop
    vertex 2382.462870068308 169.56367643168346 74.01018639833397
    vertex 2382.462870068311 145.39021361211942 74.01018639834632
    vertex 2382.4628700683083 169.2939452909213 74.6613749765573
  endloop
endfacet
facet normal -1.0 -1.0583680968444204e-13 6.827223422546331e-17
  outer loop
    vertex 2382.4628700683083 169.2939452909213 74.6613749765573
    vertex 2382.462870068311 145.39021361211942 74.01018639834632
    vertex 2382.462870068311 145.65994475288224 74.66137497656938
  endloop
endfacet
facet normal -1.0 -1.0583680968444204e-13 6.827223422546331e-17
  outer loop
    vertex 2382.4628700683083 169.2939452909213 74.6613749765573
    vertex 2382.462870068311 145.65994475288224 74.66137497656938
    vertex 2382.4628700683083 169.20194502190216 75.36018639833418
  endloop
endfacet
facet normal -1.0 -1.0583680968444204e-13 6.827223422546331e-17
  outer loop
    vertex 2382.4628700683083 169.20194502190216 75.36018639833418
    vertex 2382.462870068311 145.65994475288224 74.66137497656938
    vertex 2382.462870068311 145.75194502190212 75.36018639834616
  endloop
endfacet
facet normal -1.0 -1.0583680968444204e-13 6.827223422546331e-17
  outer loop
    vertex 2382.4628700683083 169.20194502190216 75.36018639833418
    vertex 2382.462870068311 145.75194502190212 75.36018639834616
    vertex 2382.4628700683083 169.29394529092204 76.05899782011092
  endloop
endfacet
facet normal -1.0 -1.0583680968444204e-13 6.827223422546331e-17
  outer loop
    vertex 2382.4628700683083 169.29394529092204 76.05899782011092
    vertex 2382.462870068311 145.75194502190212 75.36018639834616
    vertex 2382.462870068311 145.65994475288298 76.05899782012298
  endloop
endfacet
facet normal -1.0 -1.0583680968444204e-13 6.827223422546331e-17
  outer loop
    vertex 2382.4628700683083 169.29394529092204 76.05899782011092
    vertex 2382.462870068311 145.65994475288298 76.05899782012298
    vertex 2382.462870068308 169.56367643168485 76.71018639833397
  endloop
endfacet
facet normal -1.0 -1.0583680968444204e-13 6.827223422546331e-17
  outer loop
    vertex 2382.462870068308 169.56367643168485 76.71018639833397
    vertex 2382.462870068311 145.65994475288298 76.05899782012298
    vertex 2382.462870068311 145.39021361212076 76.71018639834631
  endloop
endfacet
facet normal -1.0 -1.0583680968444204e-13 6.827223422546331e-17
  outer loop
    vertex 2382.462870068308 169.56367643168485 76.71018639833397
    vertex 2382.462870068311 145.39021361212076 76.71018639834631
    vertex 2382.462870068308 169.99275671269947 77.26937470753742
  endloop
endfacet
facet normal -1.0 -1.0583680968444204e-13 6.827223422546331e-17
  outer loop
    vertex 2382.462870068308 169.99275671269947 77.26937470753742
    vertex 2382.462870068311 145.39021361212076 76.71018639834631
    vertex 2382.462870068311 144.96113333110677 77.2693747075502
  endloop
endfacet
facet normal -1.0 -1.0583680968444204e-13 6.827223422546331e-17
  outer loop
    vertex 2382.462870068308 169.99275671269947 77.26937470753742
    vertex 2382.462870068311 144.96113333110677 77.2693747075502
    vertex 2382.462870068308 170.55194502190332 77.69845498855148
  endloop
endfacet
facet normal -1.0 -1.0583680968444204e-13 6.827223422546331e-17
  outer loop
    vertex 2382.462870068308 170.55194502190332 77.69845498855148
    vertex 2382.462870068311 144.96113333110677 77.2693747075502
    vertex 2382.462870068311 144.40194502190332 77.6984549885648
  endloop
endfacet
facet normal -1.0 -1.0583680968444204e-13 6.827223422546331e-17
  outer loop
    vertex 2382.462870068308 170.55194502190332 77.69845498855148
    vertex 2382.462870068311 144.40194502190332 77.6984549885648
    vertex 2382.462870068308 171.20313360012665 77.96818612931361
  endloop
endfacet
facet normal -1.0 -1.0583680968444204e-13 6.827223422546331e-17
  outer loop
    vertex 2382.462870068308 171.20313360012665 77.96818612931361
    vertex 2382.462870068311 144.40194502190332 77.6984549885648
    vertex 2382.462870068311 143.75075644368022 77.96818612932768
  endloop
endfacet
facet normal -1.0 -1.0583680968444204e-13 6.827223422546331e-17
  outer loop
    vertex 2382.462870068308 171.20313360012665 77.96818612931361
    vertex 2382.462870068311 143.75075644368022 77.96818612932768
    vertex 2382.462870068308 171.90194502190351 78.06018639833277
  endloop
endfacet
facet normal -1.0 -1.0583680968444204e-13 6.827223422546331e-17
  outer loop
    vertex 2382.462870068308 171.90194502190351 78.06018639833277
    vertex 2382.462870068311 143.75075644368022 77.96818612932768
    vertex 2382.462870068311 143.0519450219035 78.06018639834751
  endloop
endfacet
facet normal -1.0 -1.0583680968444204e-13 6.827223422546331e-17
  outer loop
    vertex 2382.4628700683143 114.20194502190071 72.66018639836224
    vertex 2382.462870068311 142.35313360012398 72.75218666736741
    vertex 2382.462870068311 143.05194502190076 72.66018639834752
  endloop
endfacet
facet normal -1.0 -1.0583680968444204e-13 6.827223422546331e-17
  outer loop
    vertex 2382.462870068311 142.35313360012398 72.75218666736741
    vertex 2382.4628700683143 114.20194502190071 72.66018639836224
    vertex 2382.4628700683143 114.90075644367752 72.75218666738141
  endloop
endfacet
facet normal -1.0 -1.0583680968444204e-13 6.827223422546331e-17
  outer loop
    vertex 2382.462870068311 142.35313360012398 72.75218666736741
    vertex 2382.4628700683143 114.90075644367752 72.75218666738141
    vertex 2382.462870068311 141.70194502190094 73.02191780813023
  endloop
endfacet
facet normal -1.0 -1.0583680968444204e-13 6.827223422546331e-17
  outer loop
    vertex 2382.462870068311 141.70194502190094 73.02191780813023
    vertex 2382.4628700683143 114.90075644367752 72.75218666738141
    vertex 2382.462870068314 115.55194502190089 73.02191780814358
  endloop
endfacet
facet normal -1.0 -1.0583680968444204e-13 6.827223422546331e-17
  outer loop
    vertex 2382.462870068311 141.70194502190094 73.02191780813023
    vertex 2382.462870068314 115.55194502190089 73.02191780814358
    vertex 2382.462870068311 141.14275671269746 73.4509980891448
  endloop
endfacet
facet normal -1.0 -1.0583680968444204e-13 6.827223422546331e-17
  outer loop
    vertex 2382.462870068311 141.14275671269746 73.4509980891448
    vertex 2382.462870068314 115.55194502190089 73.02191780814358
    vertex 2382.462870068314 116.11113333110477 73.45099808915764
  endloop
endfacet
facet normal -1.0 -1.0583680968444204e-13 6.827223422546331e-17
  outer loop
    vertex 2382.462870068311 141.14275671269746 73.4509980891448
    vertex 2382.462870068314 116.11113333110477 73.45099808915764
    vertex 2382.462870068311 140.71367643168344 74.01018639834871
  endloop
endfacet
facet normal -1.0 -1.0583680968444204e-13 6.827223422546331e-17
  outer loop
    vertex 2382.462870068311 140.71367643168344 74.01018639834871
    vertex 2382.462870068314 116.11113333110477 73.45099808915764
    vertex 2382.462870068314 116.54021361211939 74.01018639836104
  endloop
endfacet
facet normal -1.0 -1.0583680968444204e-13 6.827223422546331e-17
  outer loop
    vertex 2382.462870068311 140.71367643168344 74.01018639834871
    vertex 2382.462870068314 116.54021361211939 74.01018639836104
    vertex 2382.462870068311 140.44394529092122 74.66137497657206
  endloop
endfacet
facet normal -1.0 -1.0583680968444204e-13 6.827223422546331e-17
  outer loop
    vertex 2382.462870068311 140.44394529092122 74.66137497657206
    vertex 2382.462870068314 116.54021361211939 74.01018639836104
    vertex 2382.462870068314 116.80994475288217 74.6613749765841
  endloop
endfacet
facet normal -1.0 -1.0583680968444204e-13 6.827223422546331e-17
  outer loop
    vertex 2382.462870068311 140.44394529092122 74.66137497657206
    vertex 2382.462870068314 116.80994475288217 74.6613749765841
    vertex 2382.462870068311 140.35194502190214 75.36018639834892
  endloop
endfacet
facet normal -1.0 -1.0583680968444204e-13 6.827223422546331e-17
  outer loop
    vertex 2382.462870068311 140.35194502190214 75.36018639834892
    vertex 2382.462870068314 116.80994475288217 74.6613749765841
    vertex 2382.462870068314 116.9019450219021 75.36018639836087
  endloop
endfacet
facet normal -1.0 -1.0583680968444204e-13 6.827223422546331e-17
  outer loop
    vertex 2382.462870068311 140.35194502190214 75.36018639834892
    vertex 2382.462870068314 116.9019450219021 75.36018639836087
    vertex 2382.462870068311 140.443945290922 76.05899782012568
  endloop
endfacet
facet normal -1.0 -1.0583680968444204e-13 6.827223422546331e-17
  outer loop
    vertex 2382.462870068311 140.443945290922 76.05899782012568
    vertex 2382.462870068314 116.9019450219021 75.36018639836087
    vertex 2382.462870068314 116.80994475288294 76.05899782013772
  endloop
endfacet
facet normal -1.0 -1.0583680968444204e-13 6.827223422546331e-17
  outer loop
    vertex 2382.462870068311 140.443945290922 76.05899782012568
    vertex 2382.462870068314 116.80994475288294 76.05899782013772
    vertex 2382.462870068311 140.71367643168483 76.71018639834871
  endloop
endfacet
facet normal -1.0 -1.0583680968444204e-13 6.827223422546331e-17
  outer loop
    vertex 2382.462870068311 140.71367643168483 76.71018639834871
    vertex 2382.462870068314 116.80994475288294 76.05899782013772
    vertex 2382.462870068314 116.54021361212075 76.71018639836105
  endloop
endfacet
facet normal -1.0 -1.0583680968444204e-13 6.827223422546331e-17
  outer loop
    vertex 2382.462870068311 140.71367643168483 76.71018639834871
    vertex 2382.462870068314 116.54021361212075 76.71018639836105
    vertex 2382.462870068311 141.14275671269945 77.26937470755216
  endloop
endfacet
facet normal -1.0 -1.0583680968444204e-13 6.827223422546331e-17
  outer loop
    vertex 2382.462870068311 141.14275671269945 77.26937470755216
    vertex 2382.462870068314 116.54021361212075 76.71018639836105
    vertex 2382.462870068314 116.11113333110676 77.26937470756498
  endloop
endfacet
facet normal -1.0 -1.0583680968444204e-13 6.827223422546331e-17
  outer loop
    vertex 2382.462870068311 141.14275671269945 77.26937470755216
    vertex 2382.462870068314 116.11113333110676 77.26937470756498
    vertex 2382.462870068311 141.7019450219033 77.69845498856618
  endloop
endfacet
facet normal -1.0 -1.0583680968444204e-13 6.827223422546331e-17
  outer loop
    vertex 2382.462870068311 141.7019450219033 77.69845498856618
    vertex 2382.462870068314 116.11113333110676 77.26937470756498
    vertex 2382.462870068314 115.55194502190328 77.69845498857957
  endloop
endfacet
facet normal -1.0 -1.0583680968444204e-13 6.827223422546331e-17
  outer loop
    vertex 2382.462870068311 141.7019450219033 77.69845498856618
    vertex 2382.462870068314 115.55194502190328 77.69845498857957
    vertex 2382.462870068311 142.35313360012663 77.96818612932837
  endloop
endfacet
facet normal -1.0 -1.0583680968444204e-13 6.827223422546331e-17
  outer loop
    vertex 2382.462870068311 142.35313360012663 77.96818612932837
    vertex 2382.462870068314 115.55194502190328 77.69845498857957
    vertex 2382.4628700683143 114.90075644368022 77.96818612934237
  endloop
endfacet
facet normal -1.0 -1.0583680968444204e-13 6.827223422546331e-17
  outer loop
    vertex 2382.462870068311 142.35313360012663 77.96818612932837
    vertex 2382.4628700683143 114.90075644368022 77.96818612934237
    vertex 2382.462870068311 143.0519450219035 78.06018639834751
  endloop
endfacet
facet normal -1.0 -1.0583680968444204e-13 6.827223422546331e-17
  outer loop
    vertex 2382.462870068311 143.0519450219035 78.06018639834751
    vertex 2382.4628700683143 114.90075644368022 77.96818612934237
    vertex 2382.4628700683143 114.20194502190347 78.06018639836223
  endloop
endfacet
facet normal -1.0 -1.0583680968444204e-13 6.827223422546331e-17
  outer loop
    vertex 2382.4628700683165 88.05194502187378 20.360186398375607
    vertex 2382.462870068311 142.3531336001092 43.9021866673674
    vertex 2382.462870068311 143.05194502188596 43.81018639834753
  endloop
endfacet
facet normal -1.0 -1.0583680968444204e-13 6.827223422546331e-17
  outer loop
    vertex 2382.462870068311 142.3531336001092 43.9021866673674
    vertex 2382.4628700683165 88.05194502187378 20.360186398375607
    vertex 2382.462870068311 141.70194502188613 44.17191780813025
  endloop
endfacet
facet normal -1.0 -1.0583680968444204e-13 6.827223422546331e-17
  outer loop
    vertex 2382.462870068311 141.70194502188613 44.17191780813025
    vertex 2382.4628700683165 88.05194502187378 20.360186398375607
    vertex 2382.462870068311 141.1427567126827 44.60099808914482
  endloop
endfacet
facet normal -1.0 -1.0583680968444204e-13 6.827223422546331e-17
  outer loop
    vertex 2382.462870068311 141.1427567126827 44.60099808914482
    vertex 2382.4628700683165 88.05194502187378 20.360186398375607
    vertex 2382.4628700683147 112.29275671269744 73.45099808915954
  endloop
endfacet
facet normal -1.0 -1.0583680968444204e-13 6.827223422546331e-17
  outer loop
    vertex 2382.4628700683147 112.29275671269744 73.45099808915954
    vertex 2382.4628700683165 88.05194502187378 20.360186398375607
    vertex 2382.4628700683147 111.86367643168342 74.01018639836347
  endloop
endfacet
facet normal -1.0 -1.0583680968444204e-13 6.827223422546331e-17
  outer loop
    vertex 2382.4628700683147 111.86367643168342 74.01018639836347
    vertex 2382.4628700683165 88.05194502187378 20.360186398375607
    vertex 2382.4628700683165 88.05194502193036 130.36018639837556
  endloop
endfacet
facet normal -1.0 -1.0583680968444204e-13 6.827223422546331e-17
  outer loop
    vertex 2382.462870068311 141.1427567126827 44.60099808914482
    vertex 2382.4628700683147 112.29275671269744 73.45099808915954
    vertex 2382.462870068311 140.71367643166863 45.160186398348735
  endloop
endfacet
facet normal -1.0 -1.0583680968444204e-13 6.827223422546331e-17
  outer loop
    vertex 2382.462870068311 140.71367643166863 45.160186398348735
    vertex 2382.4628700683147 112.29275671269744 73.45099808915954
    vertex 2382.462870068311 140.44394529090647 45.81137497657204
  endloop
endfacet
facet normal -1.0 -1.0583680968444204e-13 6.827223422546331e-17
  outer loop
    vertex 2382.462870068311 140.44394529090647 45.81137497657204
    vertex 2382.4628700683147 112.29275671269744 73.45099808915954
    vertex 2382.462870068311 140.35194502188733 46.51018639834889
  endloop
endfacet
facet normal -1.0 -1.0583680968444204e-13 6.827223422546331e-17
  outer loop
    vertex 2382.462870068311 140.35194502188733 46.51018639834889
    vertex 2382.4628700683147 112.29275671269744 73.45099808915954
    vertex 2382.462870068311 140.4439452909072 47.20899782012566
  endloop
endfacet
facet normal -1.0 -1.0583680968444204e-13 6.827223422546331e-17
  outer loop
    vertex 2382.462870068311 140.4439452909072 47.20899782012566
    vertex 2382.4628700683147 112.29275671269744 73.45099808915954
    vertex 2382.462870068311 140.71367643167002 47.86018639834874
  endloop
endfacet
facet normal -1.0 -1.0583680968444204e-13 6.827223422546331e-17
  outer loop
    vertex 2382.462870068311 140.71367643167002 47.86018639834874
    vertex 2382.4628700683147 112.29275671269744 73.45099808915954
    vertex 2382.462870068311 141.14275671268464 48.41937470755217
  endloop
endfacet
facet normal -1.0 -1.0583680968444204e-13 6.827223422546331e-17
  outer loop
    vertex 2382.462870068311 141.14275671268464 48.41937470755217
    vertex 2382.4628700683147 112.29275671269744 73.45099808915954
    vertex 2382.462870068311 141.7019450218885 48.84845498856622
  endloop
endfacet
facet normal -1.0 -1.0583680968444204e-13 6.827223422546331e-17
  outer loop
    vertex 2382.462870068311 141.7019450218885 48.84845498856622
    vertex 2382.4628700683147 112.29275671269744 73.45099808915954
    vertex 2382.462870068311 142.35313360011185 49.11818612932836
  endloop
endfacet
facet normal -1.0 -1.0583680968444204e-13 6.827223422546331e-17
  outer loop
    vertex 2382.462870068311 142.35313360011185 49.11818612932836
    vertex 2382.4628700683147 112.29275671269744 73.45099808915954
    vertex 2382.462870068311 143.05194502188868 49.21018639834752
  endloop
endfacet
facet normal -1.0 -1.0583680968444204e-13 6.827223422546331e-17
  outer loop
    vertex 2382.462870068311 143.05194502188868 49.21018639834752
    vertex 2382.4628700683147 112.29275671269744 73.45099808915954
    vertex 2382.4628700683147 112.85194502190092 73.02191780814495
  endloop
endfacet
facet normal -1.0 -1.0583680968444204e-13 6.827223422546331e-17
  outer loop
    vertex 2382.462870068311 143.05194502188868 49.21018639834752
    vertex 2382.4628700683147 112.85194502190092 73.02191780814495
    vertex 2382.4628700683143 113.50313360012392 72.75218666738212
  endloop
endfacet
facet normal -1.0 -1.0583680968444204e-13 6.827223422546331e-17
  outer loop
    vertex 2382.462870068311 143.05194502188868 49.21018639834752
    vertex 2382.4628700683143 113.50313360012392 72.75218666738212
    vertex 2382.4628700683143 114.20194502190071 72.66018639836224
  endloop
endfacet
facet normal -1.0 -1.0583680968444204e-13 6.827223422546331e-17
  outer loop
    vertex 2382.462870068311 143.05194502188868 49.21018639834752
    vertex 2382.4628700683143 114.20194502190071 72.66018639836224
    vertex 2382.462870068308 171.9019450219008 72.66018639833278
  endloop
endfacet
facet normal -1.0 -1.0583680968444204e-13 6.827223422546331e-17
  outer loop
    vertex 2382.462870068308 171.9019450219008 72.66018639833278
    vertex 2382.4628700683143 114.20194502190071 72.66018639836224
    vertex 2382.462870068311 143.05194502190076 72.66018639834752
  endloop
endfacet
facet normal -1.0 -1.0583680968444204e-13 6.827223422546331e-17
  outer loop
    vertex 2382.4628700683147 111.86367643168342 74.01018639836347
    vertex 2382.4628700683165 88.05194502193036 130.36018639837556
    vertex 2382.4628700683147 111.5939452909212 74.6613749765868
  endloop
endfacet
facet normal -1.0 -1.0583680968444204e-13 6.827223422546331e-17
  outer loop
    vertex 2382.4628700683147 111.5939452909212 74.6613749765868
    vertex 2382.4628700683165 88.05194502193036 130.36018639837556
    vertex 2382.4628700683147 111.5019450219021 75.36018639836362
  endloop
endfacet
facet normal -1.0 -1.0583680968444204e-13 6.827223422546331e-17
  outer loop
    vertex 2382.4628700683147 111.5019450219021 75.36018639836362
    vertex 2382.4628700683165 88.05194502193036 130.36018639837556
    vertex 2382.4628700683147 111.59394529092197 76.05899782014042
  endloop
endfacet
facet normal -1.0 -1.0583680968444204e-13 6.827223422546331e-17
  outer loop
    vertex 2382.4628700683147 111.59394529092197 76.05899782014042
    vertex 2382.4628700683165 88.05194502193036 130.36018639837556
    vertex 2382.4628700683147 111.86367643168475 76.71018639836348
  endloop
endfacet
facet normal -1.0 -1.0583680968444204e-13 6.827223422546331e-17
  outer loop
    vertex 2382.4628700683147 111.86367643168475 76.71018639836348
    vertex 2382.4628700683165 88.05194502193036 130.36018639837556
    vertex 2382.4628700683147 112.29275671269943 77.26937470756688
  endloop
endfacet
facet normal -1.0 -1.0583680968444204e-13 6.827223422546331e-17
  outer loop
    vertex 2382.4628700683147 112.29275671269943 77.26937470756688
    vertex 2382.4628700683165 88.05194502193036 130.36018639837556
    vertex 2382.4628700683147 112.85194502190328 77.6984549885809
  endloop
endfacet
facet normal -1.0 -1.0583680968444204e-13 6.827223422546331e-17
  outer loop
    vertex 2382.4628700683147 112.85194502190328 77.6984549885809
    vertex 2382.4628700683165 88.05194502193036 130.36018639837556
    vertex 2382.4628700683143 113.50313360012663 77.96818612934308
  endloop
endfacet
facet normal -1.0 -1.0583680968444204e-13 6.827223422546331e-17
  outer loop
    vertex 2382.4628700683143 113.50313360012663 77.96818612934308
    vertex 2382.4628700683165 88.05194502193036 130.36018639837556
    vertex 2382.4628700683143 114.20194502190347 78.06018639836223
  endloop
endfacet
facet normal -1.0 -1.0583680968444204e-13 6.827223422546331e-17
  outer loop
    vertex 2382.4628700683143 114.20194502190347 78.06018639836223
    vertex 2382.4628700683165 88.05194502193036 130.36018639837556
    vertex 2382.462870068311 141.70194502191575 101.87191780813019
  endloop
endfacet
facet normal -1.0 -1.0583680968444204e-13 6.827223422546331e-17
  outer loop
    vertex 2382.4628700683143 114.20194502190347 78.06018639836223
    vertex 2382.462870068311 141.70194502191575 101.87191780813019
    vertex 2382.462870068311 142.35313360013876 101.60218666736739
  endloop
endfacet
facet normal -1.0 -1.0583680968444204e-13 6.827223422546331e-17
  outer loop
    vertex 2382.4628700683143 114.20194502190347 78.06018639836223
    vertex 2382.462870068311 142.35313360013876 101.60218666736739
    vertex 2382.462870068311 143.05194502191551 101.5101863983475
  endloop
endfacet
facet normal -1.0 -1.0583680968444204e-13 6.827223422546331e-17
  outer loop
    vertex 2382.462870068311 141.70194502191575 101.87191780813019
    vertex 2382.4628700683165 88.05194502193036 130.36018639837556
    vertex 2382.462870068311 141.14275671271227 102.3009980891448
  endloop
endfacet
facet normal -1.0 -1.0583680968444204e-13 6.827223422546331e-17
  outer loop
    vertex 2382.462870068311 141.14275671271227 102.3009980891448
    vertex 2382.4628700683165 88.05194502193036 130.36018639837556
    vertex 2382.4628700683115 140.71367643169825 102.86018639834873
  endloop
endfacet
facet normal -1.0 -1.0583680968444204e-13 6.827223422546331e-17
  outer loop
    vertex 2382.4628700683115 140.71367643169825 102.86018639834873
    vertex 2382.4628700683165 88.05194502193036 130.36018639837556
    vertex 2382.4628700683115 140.44394529093609 103.51137497657204
  endloop
endfacet
facet normal -1.0 -1.0583680968444204e-13 6.827223422546331e-17
  outer loop
    vertex 2382.4628700683115 140.44394529093609 103.51137497657204
    vertex 2382.4628700683165 88.05194502193036 130.36018639837556
    vertex 2382.4628700683115 140.35194502191692 104.21018639834891
  endloop
endfacet
facet normal -1.0 -1.0583680968444204e-13 6.827223422546331e-17
  outer loop
    vertex 2382.4628700683115 140.35194502191692 104.21018639834891
    vertex 2382.4628700683165 88.05194502193036 130.36018639837556
    vertex 2382.4628700683115 140.4439452909368 104.90899782012565
  endloop
endfacet
facet normal -1.0 -1.0583680968444204e-13 6.827223422546331e-17
  outer loop
    vertex 2382.4628700683115 140.4439452909368 104.90899782012565
    vertex 2382.4628700683165 88.05194502193036 130.36018639837556
    vertex 2382.4628700683115 140.7136764316996 105.56018639834868
  endloop
endfacet
facet normal -1.0 -1.0583680968444204e-13 6.827223422546331e-17
  outer loop
    vertex 2382.4628700683115 140.7136764316996 105.56018639834868
    vertex 2382.4628700683165 88.05194502193036 130.36018639837556
    vertex 2382.462870068311 141.1427567127142 106.1193747075522
  endloop
endfacet
facet normal -1.0 -1.0583680968444204e-13 6.827223422546331e-17
  outer loop
    vertex 2382.462870068311 141.1427567127142 106.1193747075522
    vertex 2382.4628700683165 88.05194502193036 130.36018639837556
    vertex 2382.462870068311 141.7019450219181 106.54845498856619
  endloop
endfacet
facet normal -1.0 -1.0583680968444204e-13 6.827223422546331e-17
  outer loop
    vertex 2382.462870068311 141.7019450219181 106.54845498856619
    vertex 2382.4628700683165 88.05194502193036 130.36018639837556
    vertex 2382.462870068311 142.35313360014146 106.81818612932835
  endloop
endfacet
facet normal -1.0 -1.0583680968444204e-13 6.827223422546331e-17
  outer loop
    vertex 2382.462870068311 142.35313360014146 106.81818612932835
    vertex 2382.4628700683165 88.05194502193036 130.36018639837556
    vertex 2382.462870068311 143.0519450219183 106.91018639834753
  endloop
endfacet
facet normal -1.0 -1.0583680968444204e-13 6.827223422546331e-17
  outer loop
    vertex 2382.462870068311 143.0519450219183 106.91018639834753
    vertex 2382.4628700683165 88.05194502193036 130.36018639837556
    vertex 2382.462870068305 198.05194502193038 130.3601863983194
  endloop
endfacet
facet normal -1.0 -1.0583680968444204e-13 6.827223422546331e-17
  outer loop
    vertex 2382.462870068305 198.0519450218739 20.360186398319456
    vertex 2382.462870068308 174.24021361211945 74.01018639833158
    vertex 2382.462870068305 198.05194502193038 130.3601863983194
  endloop
endfacet
facet normal -1.0 -1.0583680968444204e-13 6.827223422546331e-17
  outer loop
    vertex 2382.462870068308 174.24021361211945 74.01018639833158
    vertex 2382.462870068305 198.0519450218739 20.360186398319456
    vertex 2382.462870068308 173.81113333110483 73.45099808912813
  endloop
endfacet
facet normal -1.0 -1.0583680968444204e-13 6.827223422546331e-17
  outer loop
    vertex 2382.462870068308 173.81113333110483 73.45099808912813
    vertex 2382.462870068305 198.0519450218739 20.360186398319456
    vertex 2382.462870068311 144.96113333109005 44.600998089142884
  endloop
endfacet
facet normal -1.0 -1.0583680968444204e-13 6.827223422546331e-17
  outer loop
    vertex 2382.462870068311 144.96113333109005 44.600998089142884
    vertex 2382.462870068305 198.0519450218739 20.360186398319456
    vertex 2382.462870068311 144.40194502188612 44.17191780812888
  endloop
endfacet
facet normal -1.0 -1.0583680968444204e-13 6.827223422546331e-17
  outer loop
    vertex 2382.462870068311 144.40194502188612 44.17191780812888
    vertex 2382.462870068305 198.0519450218739 20.360186398319456
    vertex 2382.4628700683165 88.05194502187378 20.360186398375607
  endloop
endfacet
facet normal -1.0 -1.0583680968444204e-13 6.827223422546331e-17
  outer loop
    vertex 2382.462870068311 144.40194502188612 44.17191780812888
    vertex 2382.4628700683165 88.05194502187378 20.360186398375607
    vertex 2382.462870068311 143.75075644366282 43.90218666736669
  endloop
endfacet
facet normal -1.0 -1.0583680968444204e-13 6.827223422546331e-17
  outer loop
    vertex 2382.462870068311 143.75075644366282 43.90218666736669
    vertex 2382.4628700683165 88.05194502187378 20.360186398375607
    vertex 2382.462870068311 143.05194502188596 43.81018639834753
  endloop
endfacet
facet normal -1.0 -1.0583680968444204e-13 6.827223422546331e-17
  outer loop
    vertex 2382.462870068308 173.81113333110483 73.45099808912813
    vertex 2382.462870068311 144.96113333109005 44.600998089142884
    vertex 2382.462870068311 145.39021361210462 45.16018639834636
  endloop
endfacet
facet normal -1.0 -1.0583680968444204e-13 6.827223422546331e-17
  outer loop
    vertex 2382.462870068308 173.81113333110483 73.45099808912813
    vertex 2382.462870068311 145.39021361210462 45.16018639834636
    vertex 2382.462870068311 145.65994475286743 45.811374976569404
  endloop
endfacet
facet normal -1.0 -1.0583680968444204e-13 6.827223422546331e-17
  outer loop
    vertex 2382.462870068308 173.81113333110483 73.45099808912813
    vertex 2382.462870068311 145.65994475286743 45.811374976569404
    vertex 2382.462870068311 145.7519450218873 46.51018639834616
  endloop
endfacet
facet normal -1.0 -1.0583680968444204e-13 6.827223422546331e-17
  outer loop
    vertex 2382.462870068308 173.81113333110483 73.45099808912813
    vertex 2382.462870068311 145.7519450218873 46.51018639834616
    vertex 2382.462870068311 145.65994475286817 47.20899782012301
  endloop
endfacet
facet normal -1.0 -1.0583680968444204e-13 6.827223422546331e-17
  outer loop
    vertex 2382.462870068308 173.81113333110483 73.45099808912813
    vertex 2382.462870068311 145.65994475286817 47.20899782012301
    vertex 2382.462870068311 145.390213612106 47.86018639834636
  endloop
endfacet
facet normal -1.0 -1.0583680968444204e-13 6.827223422546331e-17
  outer loop
    vertex 2382.462870068308 173.81113333110483 73.45099808912813
    vertex 2382.462870068311 145.390213612106 47.86018639834636
    vertex 2382.462870068311 144.961133331092 48.41937470755023
  endloop
endfacet
facet normal -1.0 -1.0583680968444204e-13 6.827223422546331e-17
  outer loop
    vertex 2382.462870068308 173.81113333110483 73.45099808912813
    vertex 2382.462870068311 144.961133331092 48.41937470755023
    vertex 2382.462870068311 144.4019450218885 48.84845498856484
  endloop
endfacet
facet normal -1.0 -1.0583680968444204e-13 6.827223422546331e-17
  outer loop
    vertex 2382.462870068308 173.81113333110483 73.45099808912813
    vertex 2382.462870068311 144.4019450218885 48.84845498856484
    vertex 2382.462870068311 143.75075644366544 49.11818612932765
  endloop
endfacet
facet normal -1.0 -1.0583680968444204e-13 6.827223422546331e-17
  outer loop
    vertex 2382.462870068308 173.81113333110483 73.45099808912813
    vertex 2382.462870068311 143.75075644366544 49.11818612932765
    vertex 2382.462870068311 143.05194502188868 49.21018639834752
  endloop
endfacet
facet normal -1.0 -1.0583680968444204e-13 6.827223422546331e-17
  outer loop
    vertex 2382.462870068308 173.81113333110483 73.45099808912813
    vertex 2382.462870068311 143.05194502188868 49.21018639834752
    vertex 2382.462870068308 173.25194502190095 73.02191780811411
  endloop
endfacet
facet normal -1.0 -1.0583680968444204e-13 6.827223422546331e-17
  outer loop
    vertex 2382.462870068308 173.25194502190095 73.02191780811411
    vertex 2382.462870068311 143.05194502188868 49.21018639834752
    vertex 2382.462870068308 172.6007564436776 72.75218666735198
  endloop
endfacet
facet normal -1.0 -1.0583680968444204e-13 6.827223422546331e-17
  outer loop
    vertex 2382.462870068308 172.6007564436776 72.75218666735198
    vertex 2382.462870068311 143.05194502188868 49.21018639834752
    vertex 2382.462870068308 171.9019450219008 72.66018639833278
  endloop
endfacet
facet normal -1.0 -1.0583680968444204e-13 6.827223422546331e-17
  outer loop
    vertex 2382.462870068305 198.05194502193038 130.3601863983194
    vertex 2382.462870068308 174.24021361211945 74.01018639833158
    vertex 2382.462870068308 174.50994475288226 74.66137497655467
  endloop
endfacet
facet normal -1.0 -1.0583680968444204e-13 6.827223422546331e-17
  outer loop
    vertex 2382.462870068305 198.05194502193038 130.3601863983194
    vertex 2382.462870068308 174.50994475288226 74.66137497655467
    vertex 2382.462870068308 174.60194502190214 75.36018639833142
  endloop
endfacet
facet normal -1.0 -1.0583680968444204e-13 6.827223422546331e-17
  outer loop
    vertex 2382.462870068305 198.05194502193038 130.3601863983194
    vertex 2382.462870068308 174.60194502190214 75.36018639833142
    vertex 2382.462870068308 174.509944752883 76.05899782010829
  endloop
endfacet
facet normal -1.0 -1.0583680968444204e-13 6.827223422546331e-17
  outer loop
    vertex 2382.462870068305 198.05194502193038 130.3601863983194
    vertex 2382.462870068308 174.509944752883 76.05899782010829
    vertex 2382.462870068308 174.2402136121208 76.71018639833159
  endloop
endfacet
facet normal -1.0 -1.0583680968444204e-13 6.827223422546331e-17
  outer loop
    vertex 2382.462870068305 198.05194502193038 130.3601863983194
    vertex 2382.462870068308 174.2402136121208 76.71018639833159
    vertex 2382.462870068308 173.81113333110682 77.26937470753549
  endloop
endfacet
facet normal -1.0 -1.0583680968444204e-13 6.827223422546331e-17
  outer loop
    vertex 2382.462870068305 198.05194502193038 130.3601863983194
    vertex 2382.462870068308 173.81113333110682 77.26937470753549
    vertex 2382.462870068308 173.25194502190334 77.69845498855007
  endloop
endfacet
facet normal -1.0 -1.0583680968444204e-13 6.827223422546331e-17
  outer loop
    vertex 2382.462870068305 198.05194502193038 130.3601863983194
    vertex 2382.462870068308 173.25194502190334 77.69845498855007
    vertex 2382.462870068308 172.60075644368024 77.96818612931293
  endloop
endfacet
facet normal -1.0 -1.0583680968444204e-13 6.827223422546331e-17
  outer loop
    vertex 2382.462870068305 198.05194502193038 130.3601863983194
    vertex 2382.462870068308 172.60075644368024 77.96818612931293
    vertex 2382.462870068308 171.90194502190351 78.06018639833277
  endloop
endfacet
facet normal -1.0 -1.0583680968444204e-13 6.827223422546331e-17
  outer loop
    vertex 2382.462870068305 198.05194502193038 130.3601863983194
    vertex 2382.462870068308 171.90194502190351 78.06018639833277
    vertex 2382.462870068311 143.0519450219035 78.06018639834751
  endloop
endfacet
facet normal -1.0 -1.0583680968444204e-13 6.827223422546331e-17
  outer loop
    vertex 2382.462870068305 198.05194502193038 130.3601863983194
    vertex 2382.462870068311 143.0519450219035 78.06018639834751
    vertex 2382.4628700683143 114.20194502190347 78.06018639836223
  endloop
endfacet
facet normal -1.0 -1.0583680968444204e-13 6.827223422546331e-17
  outer loop
    vertex 2382.462870068305 198.05194502193038 130.3601863983194
    vertex 2382.4628700683143 114.20194502190347 78.06018639836223
    vertex 2382.462870068311 144.4019450219157 101.87191780812886
  endloop
endfacet
facet normal -1.0 -1.0583680968444204e-13 6.827223422546331e-17
  outer loop
    vertex 2382.462870068311 144.4019450219157 101.87191780812886
    vertex 2382.4628700683143 114.20194502190347 78.06018639836223
    vertex 2382.462870068311 143.75075644369235 101.60218666736667
  endloop
endfacet
facet normal -1.0 -1.0583680968444204e-13 6.827223422546331e-17
  outer loop
    vertex 2382.462870068311 143.75075644369235 101.60218666736667
    vertex 2382.4628700683143 114.20194502190347 78.06018639836223
    vertex 2382.462870068311 143.05194502191551 101.5101863983475
  endloop
endfacet
facet normal -1.0 -1.0583680968444204e-13 6.827223422546331e-17
  outer loop
    vertex 2382.462870068305 198.05194502193038 130.3601863983194
    vertex 2382.462870068311 144.4019450219157 101.87191780812886
    vertex 2382.462870068311 144.96113333111958 102.30099808914284
  endloop
endfacet
facet normal -1.0 -1.0583680968444204e-13 6.827223422546331e-17
  outer loop
    vertex 2382.462870068305 198.05194502193038 130.3601863983194
    vertex 2382.462870068311 144.96113333111958 102.30099808914284
    vertex 2382.462870068311 145.39021361213423 102.86018639834631
  endloop
endfacet
facet normal -1.0 -1.0583680968444204e-13 6.827223422546331e-17
  outer loop
    vertex 2382.462870068305 198.05194502193038 130.3601863983194
    vertex 2382.462870068311 145.39021361213423 102.86018639834631
    vertex 2382.462870068311 145.65994475289705 103.51137497656934
  endloop
endfacet
facet normal -1.0 -1.0583680968444204e-13 6.827223422546331e-17
  outer loop
    vertex 2382.462870068305 198.05194502193038 130.3601863983194
    vertex 2382.462870068311 145.65994475289705 103.51137497656934
    vertex 2382.462870068311 145.75194502191692 104.21018639834614
  endloop
endfacet
facet normal -1.0 -1.0583680968444204e-13 6.827223422546331e-17
  outer loop
    vertex 2382.462870068305 198.05194502193038 130.3601863983194
    vertex 2382.462870068311 145.75194502191692 104.21018639834614
    vertex 2382.462870068311 145.6599447528978 104.90899782012298
  endloop
endfacet
facet normal -1.0 -1.0583680968444204e-13 6.827223422546331e-17
  outer loop
    vertex 2382.462870068305 198.05194502193038 130.3601863983194
    vertex 2382.462870068311 145.6599447528978 104.90899782012298
    vertex 2382.462870068311 145.39021361213557 105.56018639834633
  endloop
endfacet
facet normal -1.0 -1.0583680968444204e-13 6.827223422546331e-17
  outer loop
    vertex 2382.462870068305 198.05194502193038 130.3601863983194
    vertex 2382.462870068311 145.39021361213557 105.56018639834633
    vertex 2382.462870068311 144.96113333112157 106.11937470755016
  endloop
endfacet
facet normal -1.0 -1.0583680968444204e-13 6.827223422546331e-17
  outer loop
    vertex 2382.462870068305 198.05194502193038 130.3601863983194
    vertex 2382.462870068311 144.96113333112157 106.11937470755016
    vertex 2382.462870068311 144.40194502191812 106.54845498856479
  endloop
endfacet
facet normal -1.0 -1.0583680968444204e-13 6.827223422546331e-17
  outer loop
    vertex 2382.462870068305 198.05194502193038 130.3601863983194
    vertex 2382.462870068311 144.40194502191812 106.54845498856479
    vertex 2382.462870068311 143.75075644369505 106.81818612932761
  endloop
endfacet
facet normal -1.0 -1.0583680968444204e-13 6.827223422546331e-17
  outer loop
    vertex 2382.462870068305 198.05194502193038 130.3601863983194
    vertex 2382.462870068311 143.75075644369505 106.81818612932761
    vertex 2382.462870068311 143.0519450219183 106.91018639834753
  endloop
endfacet
endsolid antenna_tracker
