solid antenna_tracker
facet normal 0.0 0.0 -1.0
  outer loop
    vertex 4043.6249282547324 164.90032086447198 -68.89031799528128
    vertex 4043.6794469326683 114.00623021019732 -68.89031799535074
    vertex 4043.624928254731 113.5921197380333 -68.89031799535263
  endloop
endfacet
facet normal 0.0 0.0 -1.0
  outer loop
    vertex 4043.6794469326683 114.00623021019732 -68.89031799535074
    vertex 4043.6249282547324 164.90032086447198 -68.89031799528128
    vertex 4043.679446932669 164.48621039230795 -68.89031799528317
  endloop
endfacet
facet normal 0.0 0.0 -1.0
  outer loop
    vertex 4043.6794469326683 114.00623021019732 -68.89031799535074
    vertex 4043.679446932669 164.48621039230795 -68.89031799528317
    vertex 4043.839287608676 114.3921197380333 -68.89031799534895
  endloop
endfacet
facet normal 0.0 0.0 -1.0
  outer loop
    vertex 4043.839287608676 114.3921197380333 -68.89031799534895
    vertex 4043.679446932669 164.48621039230795 -68.89031799528317
    vertex 4043.8392876086764 164.10032086447194 -68.89031799528482
  endloop
endfacet
facet normal 0.0 0.0 -1.0
  outer loop
    vertex 4043.839287608676 114.3921197380333 -68.89031799534895
    vertex 4043.8392876086764 164.10032086447194 -68.89031799528482
    vertex 4044.0935574048326 114.72349058793172 -68.89031799534737
  endloop
endfacet
facet normal 0.0 0.0 -1.0
  outer loop
    vertex 4044.0935574048326 114.72349058793172 -68.89031799534737
    vertex 4043.8392876086764 164.10032086447194 -68.89031799528482
    vertex 4044.093557404833 163.76895001457342 -68.8903179952862
  endloop
endfacet
facet normal 0.0 0.0 -1.0
  outer loop
    vertex 4044.0935574048326 114.72349058793172 -68.89031799534737
    vertex 4044.093557404833 163.76895001457342 -68.8903179952862
    vertex 4044.424928254731 114.97776038408834 -68.8903179953461
  endloop
endfacet
facet normal 0.0 0.0 -1.0
  outer loop
    vertex 4044.424928254731 114.97776038408834 -68.8903179953461
    vertex 4044.093557404833 163.76895001457342 -68.8903179952862
    vertex 4044.2249282547323 163.6681456160121 -68.89031799528644
  endloop
endfacet
facet normal 0.0 0.0 -1.0
  outer loop
    vertex 4044.424928254731 114.97776038408834 -68.8903179953461
    vertex 4044.2249282547323 163.6681456160121 -68.89031799528644
    vertex 4044.424928254731 163.51468021841674 -68.89031799528716
  endloop
endfacet
facet normal 0.0 0.0 -1.0
  outer loop
    vertex 4044.424928254731 114.97776038408834 -68.8903179953461
    vertex 4044.424928254731 163.51468021841674 -68.89031799528716
    vertex 4044.810817782568 163.35483954240925 -68.89031799528766
  endloop
endfacet
facet normal 0.0 0.0 -1.0
  outer loop
    vertex 4044.424928254731 114.97776038408834 -68.8903179953461
    vertex 4044.810817782568 163.35483954240925 -68.89031799528766
    vertex 4044.810817782567 115.13760106009569 -68.89031799534523
  endloop
endfacet
facet normal 0.0 0.0 -1.0
  outer loop
    vertex 4044.810817782567 115.13760106009569 -68.89031799534523
    vertex 4044.810817782568 163.35483954240925 -68.89031799528766
    vertex 4045.2249282547314 115.19211973803311 -68.89031799534484
  endloop
endfacet
facet normal 0.0 0.0 -1.0
  outer loop
    vertex 4045.2249282547314 115.19211973803311 -68.89031799534484
    vertex 4044.810817782568 163.35483954240925 -68.89031799528766
    vertex 4045.224928254732 163.30032086447167 -68.89031799528769
  endloop
endfacet
facet normal 0.0 0.0 -1.0
  outer loop
    vertex 4045.2249282547314 115.19211973803311 -68.89031799534484
    vertex 4045.224928254732 163.30032086447167 -68.89031799528769
    vertex 4045.6390387268953 115.13760106009555 -68.89031799534496
  endloop
endfacet
facet normal 0.0 0.0 -1.0
  outer loop
    vertex 4045.6390387268953 115.13760106009555 -68.89031799534496
    vertex 4045.224928254732 163.30032086447167 -68.89031799528769
    vertex 4045.639038726896 163.35483954240908 -68.8903179952872
  endloop
endfacet
facet normal 0.0 0.0 -1.0
  outer loop
    vertex 4045.6390387268953 115.13760106009555 -68.89031799534496
    vertex 4045.639038726896 163.35483954240908 -68.8903179952872
    vertex 4046.0249282547315 114.97776038408807 -68.8903179953455
  endloop
endfacet
facet normal 0.0 0.0 -1.0
  outer loop
    vertex 4046.0249282547315 114.97776038408807 -68.8903179953455
    vertex 4045.639038726896 163.35483954240908 -68.8903179952872
    vertex 4046.0249282547315 163.5146802184164 -68.89031799528628
  endloop
endfacet
facet normal 0.0 0.0 -1.0
  outer loop
    vertex 4046.0249282547315 114.97776038408807 -68.8903179953455
    vertex 4046.0249282547315 163.5146802184164 -68.89031799528628
    vertex 4046.3562991046297 163.76895001457297 -68.89031799528495
  endloop
endfacet
facet normal 0.0 0.0 -1.0
  outer loop
    vertex 4046.0249282547315 114.97776038408807 -68.8903179953455
    vertex 4046.3562991046297 163.76895001457297 -68.89031799528495
    vertex 4046.3562991046297 114.72349058793141 -68.89031799534659
  endloop
endfacet
facet normal 0.0 0.0 -1.0
  outer loop
    vertex 4046.3562991046297 114.72349058793141 -68.89031799534659
    vertex 4046.3562991046297 163.76895001457297 -68.89031799528495
    vertex 4046.6105689007863 164.10032086447137 -68.89031799528328
  endloop
endfacet
facet normal 0.0 0.0 -1.0
  outer loop
    vertex 4046.3562991046297 114.72349058793141 -68.89031799534659
    vertex 4046.6105689007863 164.10032086447137 -68.89031799528328
    vertex 4046.6105689007863 114.39211973803285 -68.89031799534796
  endloop
endfacet
facet normal 0.0 0.0 -1.0
  outer loop
    vertex 4046.6105689007863 114.39211973803285 -68.89031799534796
    vertex 4046.6105689007863 164.10032086447137 -68.89031799528328
    vertex 4046.7704095767945 164.4862103923073 -68.89031799528144
  endloop
endfacet
facet normal 0.0 0.0 -1.0
  outer loop
    vertex 4046.6105689007863 114.39211973803285 -68.89031799534796
    vertex 4046.7704095767945 164.4862103923073 -68.89031799528144
    vertex 4046.770409576794 114.00623021019686 -68.89031799534968
  endloop
endfacet
facet normal 0.0 0.0 -1.0
  outer loop
    vertex 4046.770409576794 114.00623021019686 -68.89031799534968
    vertex 4046.7704095767945 164.4862103923073 -68.89031799528144
    vertex 4046.8249282547317 113.5921197380328 -68.89031799535151
  endloop
endfacet
facet normal 0.0 0.0 -1.0
  outer loop
    vertex 4046.8249282547317 113.5921197380328 -68.89031799535151
    vertex 4046.7704095767945 164.4862103923073 -68.89031799528144
    vertex 4046.8249282547317 164.9003208644713 -68.89031799527952
  endloop
endfacet
facet normal 0.0 0.0 -1.0
  outer loop
    vertex 4095.5688282547617 164.90032086446914 -68.89031799537152
    vertex 4095.6233469326985 114.00623021019744 -68.89031799537477
    vertex 4095.5688282547612 113.59211973803343 -68.89031799537665
  endloop
endfacet
facet normal 0.0 0.0 -1.0
  outer loop
    vertex 4095.6233469326985 114.00623021019744 -68.89031799537477
    vertex 4095.5688282547617 164.90032086446914 -68.89031799537152
    vertex 4095.6233469326994 164.48621039230505 -68.89031799537337
  endloop
endfacet
facet normal 0.0 0.0 -1.0
  outer loop
    vertex 4095.6233469326985 114.00623021019744 -68.89031799537477
    vertex 4095.6233469326994 164.48621039230505 -68.89031799537337
    vertex 4095.783187608706 114.39211973803343 -68.890317995373
  endloop
endfacet
facet normal 0.0 0.0 -1.0
  outer loop
    vertex 4095.783187608706 114.39211973803343 -68.890317995373
    vertex 4095.6233469326994 164.48621039230505 -68.89031799537337
    vertex 4095.783187608707 164.10032086446907 -68.89031799537506
  endloop
endfacet
facet normal 0.0 0.0 -1.0
  outer loop
    vertex 4095.783187608706 114.39211973803343 -68.890317995373
    vertex 4095.783187608707 164.10032086446907 -68.89031799537506
    vertex 4096.037457404863 114.7234905879319 -68.89031799537139
  endloop
endfacet
facet normal 0.0 0.0 -1.0
  outer loop
    vertex 4096.037457404863 114.7234905879319 -68.89031799537139
    vertex 4095.783187608707 164.10032086446907 -68.89031799537506
    vertex 4096.037457404864 163.76895001457055 -68.89031799537645
  endloop
endfacet
facet normal 0.0 0.0 -1.0
  outer loop
    vertex 4096.037457404863 114.7234905879319 -68.89031799537139
    vertex 4096.037457404864 163.76895001457055 -68.89031799537645
    vertex 4096.368828254762 114.97776038408853 -68.89031799537013
  endloop
endfacet
facet normal 0.0 0.0 -1.0
  outer loop
    vertex 4096.368828254762 114.97776038408853 -68.89031799537013
    vertex 4096.037457404864 163.76895001457055 -68.89031799537645
    vertex 4096.368828254762 163.51468021841384 -68.89031799537749
  endloop
endfacet
facet normal 0.0 0.0 -1.0
  outer loop
    vertex 4096.368828254762 114.97776038408853 -68.89031799537013
    vertex 4096.368828254762 163.51468021841384 -68.89031799537749
    vertex 4096.754717782598 163.35483954240638 -68.89031799537806
  endloop
endfacet
facet normal 0.0 0.0 -1.0
  outer loop
    vertex 4096.368828254762 114.97776038408853 -68.89031799537013
    vertex 4096.754717782598 163.35483954240638 -68.89031799537806
    vertex 4096.754717782597 115.13760106009592 -68.89031799536927
  endloop
endfacet
facet normal 0.0 0.0 -1.0
  outer loop
    vertex 4096.754717782597 115.13760106009592 -68.89031799536927
    vertex 4096.754717782598 163.35483954240638 -68.89031799537806
    vertex 4097.168828254761 115.19211973803343 -68.89031799536889
  endloop
endfacet
facet normal 0.0 0.0 -1.0
  outer loop
    vertex 4097.168828254761 115.19211973803343 -68.89031799536889
    vertex 4096.754717782598 163.35483954240638 -68.89031799537806
    vertex 4097.168828254762 163.30032086446883 -68.89031799537814
  endloop
endfacet
facet normal 0.0 0.0 -1.0
  outer loop
    vertex 4097.168828254761 115.19211973803343 -68.89031799536889
    vertex 4097.168828254762 163.30032086446883 -68.89031799537814
    vertex 4097.582938726926 115.13760106009592 -68.890317995369
  endloop
endfacet
facet normal 0.0 0.0 -1.0
  outer loop
    vertex 4097.582938726926 115.13760106009592 -68.890317995369
    vertex 4097.168828254762 163.30032086446883 -68.89031799537814
    vertex 4097.582938726926 163.35483954240627 -68.89031799537776
  endloop
endfacet
facet normal 0.0 0.0 -1.0
  outer loop
    vertex 4097.582938726926 115.13760106009592 -68.890317995369
    vertex 4097.582938726926 163.35483954240627 -68.89031799537776
    vertex 4097.968828254761 114.97776038408853 -68.89031799536956
  endloop
endfacet
facet normal 0.0 0.0 -1.0
  outer loop
    vertex 4097.968828254761 114.97776038408853 -68.89031799536956
    vertex 4097.582938726926 163.35483954240627 -68.89031799537776
    vertex 4097.968828254762 163.51468021841362 -68.8903179953769
  endloop
endfacet
facet normal 0.0 0.0 -1.0
  outer loop
    vertex 4097.968828254761 114.97776038408853 -68.89031799536956
    vertex 4097.968828254762 163.51468021841362 -68.8903179953769
    vertex 4098.30019910466 114.7234905879319 -68.89031799537062
  endloop
endfacet
facet normal 0.0 0.0 -1.0
  outer loop
    vertex 4098.30019910466 114.7234905879319 -68.89031799537062
    vertex 4097.968828254762 163.51468021841362 -68.8903179953769
    vertex 4098.300199104661 163.7689500145702 -68.89031799537567
  endloop
endfacet
facet normal 0.0 0.0 -1.0
  outer loop
    vertex 4098.30019910466 114.7234905879319 -68.89031799537062
    vertex 4098.300199104661 163.7689500145702 -68.89031799537567
    vertex 4098.554468900817 114.39211973803343 -68.890317995372
  endloop
endfacet
facet normal 0.0 0.0 -1.0
  outer loop
    vertex 4098.554468900817 114.39211973803343 -68.890317995372
    vertex 4098.300199104661 163.7689500145702 -68.89031799537567
    vertex 4098.5544689008175 164.10032086446864 -68.89031799537406
  endloop
endfacet
facet normal 0.0 0.0 -1.0
  outer loop
    vertex 4098.554468900817 114.39211973803343 -68.890317995372
    vertex 4098.5544689008175 164.10032086446864 -68.89031799537406
    vertex 4098.714309576824 114.00623021019744 -68.89031799537369
  endloop
endfacet
facet normal 0.0 0.0 -1.0
  outer loop
    vertex 4098.714309576824 114.00623021019744 -68.89031799537369
    vertex 4098.5544689008175 164.10032086446864 -68.89031799537406
    vertex 4098.714309576825 164.48621039230463 -68.89031799537226
  endloop
endfacet
facet normal 0.0 0.0 -1.0
  outer loop
    vertex 4098.714309576824 114.00623021019744 -68.89031799537369
    vertex 4098.714309576825 164.48621039230463 -68.89031799537226
    vertex 4098.7688282547615 113.59211973803343 -68.89031799537554
  endloop
endfacet
facet normal 0.0 0.0 -1.0
  outer loop
    vertex 4098.7688282547615 113.59211973803343 -68.89031799537554
    vertex 4098.714309576825 164.48621039230463 -68.89031799537226
    vertex 4098.768828254762 164.90032086446865 -68.89031799537038
  endloop
endfacet
facet normal 0.0 0.0 -1.0
  outer loop
    vertex 4100.067128254798 192.30856305220104 -68.89031799531408
    vertex 4100.121646932377 86.72606960805712 -68.89031799531412
    vertex 4100.067128254438 86.3119591358932 -68.89031799531412
  endloop
endfacet
facet normal 0.0 0.0 -1.0
  outer loop
    vertex 4100.121646932377 86.72606960805712 -68.89031799531412
    vertex 4100.067128254798 192.30856305220104 -68.89031799531408
    vertex 4100.121646932734 191.8944525800368 -68.89031799531408
  endloop
endfacet
facet normal 0.0 0.0 -1.0
  outer loop
    vertex 4100.121646932377 86.72606960805712 -68.89031799531412
    vertex 4100.121646932734 191.8944525800368 -68.89031799531408
    vertex 4100.281487608387 87.11195913589233 -68.89031799531412
  endloop
endfacet
facet normal 0.0 0.0 -1.0
  outer loop
    vertex 4100.281487608387 87.11195913589233 -68.89031799531412
    vertex 4100.121646932734 191.8944525800368 -68.89031799531408
    vertex 4100.28148760874 191.50856305220015 -68.89031799531408
  endloop
endfacet
facet normal 0.0 0.0 -1.0
  outer loop
    vertex 4100.281487608387 87.11195913589233 -68.89031799531412
    vertex 4100.28148760874 191.50856305220015 -68.89031799531408
    vertex 4100.535757404544 87.44332998578996 -68.89031799531412
  endloop
endfacet
facet normal 0.0 0.0 -1.0
  outer loop
    vertex 4100.535757404544 87.44332998578996 -68.89031799531412
    vertex 4100.28148760874 191.50856305220015 -68.89031799531408
    vertex 4100.535757404895 191.17719220230114 -68.89031799531408
  endloop
endfacet
facet normal 0.0 0.0 -1.0
  outer loop
    vertex 4100.535757404544 87.44332998578996 -68.89031799531412
    vertex 4100.535757404895 191.17719220230114 -68.89031799531408
    vertex 4100.867128254443 87.69759978194548 -68.89031799531412
  endloop
endfacet
facet normal 0.0 0.0 -1.0
  outer loop
    vertex 4100.867128254443 87.69759978194548 -68.89031799531412
    vertex 4100.535757404895 191.17719220230114 -68.89031799531408
    vertex 4100.867128254793 190.92292240614339 -68.89031799531408
  endloop
endfacet
facet normal 0.0 0.0 -1.0
  outer loop
    vertex 4100.867128254443 87.69759978194548 -68.89031799531412
    vertex 4100.867128254793 190.92292240614339 -68.89031799531408
    vertex 4101.25301778228 87.85744045795161 -68.89031799531412
  endloop
endfacet
facet normal 0.0 0.0 -1.0
  outer loop
    vertex 4101.25301778228 87.85744045795161 -68.89031799531412
    vertex 4100.867128254793 190.92292240614339 -68.89031799531408
    vertex 4101.253017782628 190.76308173013464 -68.89031799531408
  endloop
endfacet
facet normal 0.0 0.0 -1.0
  outer loop
    vertex 4101.25301778228 87.85744045795161 -68.89031799531412
    vertex 4101.253017782628 190.76308173013464 -68.89031799531408
    vertex 4101.667128254444 87.91195913588783 -68.89031799531412
  endloop
endfacet
facet normal 0.0 0.0 -1.0
  outer loop
    vertex 4101.667128254444 87.91195913588783 -68.89031799531412
    vertex 4101.253017782628 190.76308173013464 -68.89031799531408
    vertex 4101.667128254792 190.70856305219564 -68.89031799531408
  endloop
endfacet
facet normal 0.0 0.0 -1.0
  outer loop
    vertex 4101.667128254444 87.91195913588783 -68.89031799531412
    vertex 4101.667128254792 190.70856305219564 -68.89031799531408
    vertex 4102.081238726608 87.85744045794877 -68.89031799531412
  endloop
endfacet
facet normal 0.0 0.0 -1.0
  outer loop
    vertex 4102.081238726608 87.85744045794877 -68.89031799531412
    vertex 4101.667128254792 190.70856305219564 -68.89031799531408
    vertex 4102.081238726956 190.76308173013186 -68.89031799531408
  endloop
endfacet
facet normal 0.0 0.0 -1.0
  outer loop
    vertex 4102.081238726608 87.85744045794877 -68.89031799531412
    vertex 4102.081238726956 190.76308173013186 -68.89031799531408
    vertex 4102.467128254443 87.69759978194003 -68.89031799531412
  endloop
endfacet
facet normal 0.0 0.0 -1.0
  outer loop
    vertex 4102.467128254443 87.69759978194003 -68.89031799531412
    vertex 4102.081238726956 190.76308173013186 -68.89031799531408
    vertex 4102.467128254793 190.92292240613799 -68.89031799531408
  endloop
endfacet
facet normal 0.0 0.0 -1.0
  outer loop
    vertex 4102.467128254443 87.69759978194003 -68.89031799531412
    vertex 4102.467128254793 190.92292240613799 -68.89031799531408
    vertex 4102.798499104341 87.44332998578233 -68.89031799531412
  endloop
endfacet
facet normal 0.0 0.0 -1.0
  outer loop
    vertex 4102.798499104341 87.44332998578233 -68.89031799531412
    vertex 4102.467128254793 190.92292240613799 -68.89031799531408
    vertex 4102.798499104692 191.17719220229347 -68.89031799531408
  endloop
endfacet
facet normal 0.0 0.0 -1.0
  outer loop
    vertex 4102.798499104341 87.44332998578233 -68.89031799531412
    vertex 4102.798499104692 191.17719220229347 -68.89031799531408
    vertex 4103.052768900496 87.11195913588327 -68.89031799531412
  endloop
endfacet
facet normal 0.0 0.0 -1.0
  outer loop
    vertex 4103.052768900496 87.11195913588327 -68.89031799531412
    vertex 4102.798499104692 191.17719220229347 -68.89031799531408
    vertex 4103.0527689008495 191.50856305219114 -68.89031799531408
  endloop
endfacet
facet normal 0.0 0.0 -1.0
  outer loop
    vertex 4103.052768900496 87.11195913588327 -68.89031799531412
    vertex 4103.0527689008495 191.50856305219114 -68.89031799531408
    vertex 4103.2126095765025 86.7260696080466 -68.89031799531412
  endloop
endfacet
facet normal 0.0 0.0 -1.0
  outer loop
    vertex 4103.2126095765025 86.7260696080466 -68.89031799531412
    vertex 4103.0527689008495 191.50856305219114 -68.89031799531408
    vertex 4103.212609576859 191.89445258002635 -68.89031799531408
  endloop
endfacet
facet normal 0.0 0.0 -1.0
  outer loop
    vertex 4103.2126095765025 86.7260696080466 -68.89031799531412
    vertex 4103.212609576859 191.89445258002635 -68.89031799531408
    vertex 4103.267128254438 86.3119591358824 -68.89031799531412
  endloop
endfacet
facet normal 0.0 0.0 -1.0
  outer loop
    vertex 4103.267128254438 86.3119591358824 -68.89031799531412
    vertex 4103.212609576859 191.89445258002635 -68.89031799531408
    vertex 4103.267128254798 192.30856305219012 -68.89031799531408
  endloop
endfacet
facet normal 0.0 0.0 -1.0
  outer loop
    vertex 4036.2249282548128 196.81026305241724 -68.8903179953141
    vertex 4039.126628254797 192.30856305240755 -68.8903179953141
    vertex 4039.1266282544384 86.3119591360997 -68.89031799531412
  endloop
endfacet
facet normal 0.0 0.0 -1.0
  outer loop
    vertex 4039.126628254797 192.30856305240755 -68.8903179953141
    vertex 4036.2249282548128 196.81026305241724 -68.8903179953141
    vertex 4039.1811469327363 192.7226735245714 -68.8903179953141
  endloop
endfacet
facet normal 0.0 0.0 -1.0
  outer loop
    vertex 4039.1811469327363 192.7226735245714 -68.8903179953141
    vertex 4036.2249282548128 196.81026305241724 -68.8903179953141
    vertex 4039.3409876087453 193.10856305240662 -68.8903179953141
  endloop
endfacet
facet normal 0.0 0.0 -1.0
  outer loop
    vertex 4039.3409876087453 193.10856305240662 -68.8903179953141
    vertex 4036.2249282548128 196.81026305241724 -68.8903179953141
    vertex 4039.5952574049024 193.4399339023043 -68.8903179953141
  endloop
endfacet
facet normal 0.0 0.0 -1.0
  outer loop
    vertex 4039.5952574049024 193.4399339023043 -68.8903179953141
    vertex 4036.2249282548128 196.81026305241724 -68.8903179953141
    vertex 4039.9266282548024 193.69420369845977 -68.8903179953141
  endloop
endfacet
facet normal 0.0 0.0 -1.0
  outer loop
    vertex 4039.9266282548024 193.69420369845977 -68.8903179953141
    vertex 4036.2249282548128 196.81026305241724 -68.8903179953141
    vertex 4040.3125177826387 193.8540443744659 -68.8903179953141
  endloop
endfacet
facet normal 0.0 0.0 -1.0
  outer loop
    vertex 4040.3125177826387 193.8540443744659 -68.8903179953141
    vertex 4036.2249282548128 196.81026305241724 -68.8903179953141
    vertex 4040.7266282548026 193.90856305240212 -68.8903179953141
  endloop
endfacet
facet normal 0.0 0.0 -1.0
  outer loop
    vertex 4040.7266282548026 193.90856305240212 -68.8903179953141
    vertex 4036.2249282548128 196.81026305241724 -68.8903179953141
    vertex 4106.168828254813 196.81026305218026 -68.8903179953141
  endloop
endfacet
facet normal 0.0 0.0 -1.0
  outer loop
    vertex 4040.7266282548026 193.90856305240212 -68.8903179953141
    vertex 4106.168828254813 196.81026305218026 -68.8903179953141
    vertex 4041.140738726967 193.85404437446311 -68.8903179953141
  endloop
endfacet
facet normal 0.0 0.0 -1.0
  outer loop
    vertex 4041.140738726967 193.85404437446311 -68.8903179953141
    vertex 4106.168828254813 196.81026305218026 -68.8903179953141
    vertex 4041.5266282548027 193.69420369845437 -68.8903179953141
  endloop
endfacet
facet normal 0.0 0.0 -1.0
  outer loop
    vertex 4041.5266282548027 193.69420369845437 -68.8903179953141
    vertex 4106.168828254813 196.81026305218026 -68.8903179953141
    vertex 4041.8579991047 193.43993390229662 -68.8903179953141
  endloop
endfacet
facet normal 0.0 0.0 -1.0
  outer loop
    vertex 4041.8579991047 193.43993390229662 -68.8903179953141
    vertex 4106.168828254813 196.81026305218026 -68.8903179953141
    vertex 4042.1122689008553 193.1085630523976 -68.8903179953141
  endloop
endfacet
facet normal 0.0 0.0 -1.0
  outer loop
    vertex 4042.1122689008553 193.1085630523976 -68.8903179953141
    vertex 4106.168828254813 196.81026305218026 -68.8903179953141
    vertex 4042.272109576861 192.72267352456095 -68.8903179953141
  endloop
endfacet
facet normal 0.0 0.0 -1.0
  outer loop
    vertex 4042.272109576861 192.72267352456095 -68.8903179953141
    vertex 4106.168828254813 196.81026305218026 -68.8903179953141
    vertex 4042.3266282547975 192.30856305239672 -68.8903179953141
  endloop
endfacet
facet normal 0.0 0.0 -1.0
  outer loop
    vertex 4042.3266282547975 192.30856305239672 -68.8903179953141
    vertex 4106.168828254813 196.81026305218026 -68.8903179953141
    vertex 4044.424928254732 166.2859615105269 -68.89031799527453
  endloop
endfacet
facet normal 0.0 0.0 -1.0
  outer loop
    vertex 4042.3266282547975 192.30856305239672 -68.8903179953141
    vertex 4044.424928254732 166.2859615105269 -68.89031799527453
    vertex 4044.093557404834 166.03169171437034 -68.89031799527588
  endloop
endfacet
facet normal 0.0 0.0 -1.0
  outer loop
    vertex 4042.3266282547975 192.30856305239672 -68.8903179953141
    vertex 4044.093557404834 166.03169171437034 -68.89031799527588
    vertex 4043.8392876086773 165.7003208644719 -68.89031799527753
  endloop
endfacet
facet normal 0.0 0.0 -1.0
  outer loop
    vertex 4042.3266282547975 192.30856305239672 -68.8903179953141
    vertex 4043.8392876086773 165.7003208644719 -68.89031799527753
    vertex 4043.679446932669 165.314431336636 -68.89031799527936
  endloop
endfacet
facet normal 0.0 0.0 -1.0
  outer loop
    vertex 4042.3266282547975 192.30856305239672 -68.8903179953141
    vertex 4043.679446932669 165.314431336636 -68.89031799527936
    vertex 4043.6249282547324 164.90032086447198 -68.89031799528128
  endloop
endfacet
facet normal 0.0 0.0 -1.0
  outer loop
    vertex 4042.3266282547975 192.30856305239672 -68.8903179953141
    vertex 4043.6249282547324 164.90032086447198 -68.89031799528128
    vertex 4043.624928254731 113.5921197380333 -68.89031799535263
  endloop
endfacet
facet normal 0.0 0.0 -1.0
  outer loop
    vertex 4044.424928254732 166.2859615105269 -68.89031799527453
    vertex 4106.168828254813 196.81026305218026 -68.8903179953141
    vertex 4044.810817782568 166.44580218653422 -68.8903179952736
  endloop
endfacet
facet normal 0.0 0.0 -1.0
  outer loop
    vertex 4044.810817782568 166.44580218653422 -68.8903179952736
    vertex 4106.168828254813 196.81026305218026 -68.8903179953141
    vertex 4045.224928254732 166.50032086447163 -68.89031799527311
  endloop
endfacet
facet normal 0.0 0.0 -1.0
  outer loop
    vertex 4045.224928254732 166.50032086447163 -68.89031799527311
    vertex 4106.168828254813 196.81026305218026 -68.8903179953141
    vertex 4045.639038726896 166.44580218653402 -68.89031799527314
  endloop
endfacet
facet normal 0.0 0.0 -1.0
  outer loop
    vertex 4045.639038726896 166.44580218653402 -68.89031799527314
    vertex 4106.168828254813 196.81026305218026 -68.8903179953141
    vertex 4046.0249282547325 166.28596151052656 -68.89031799527365
  endloop
endfacet
facet normal 0.0 0.0 -1.0
  outer loop
    vertex 4046.0249282547325 166.28596151052656 -68.89031799527365
    vertex 4106.168828254813 196.81026305218026 -68.8903179953141
    vertex 4046.3562991046306 166.03169171436986 -68.89031799527461
  endloop
endfacet
facet normal 0.0 0.0 -1.0
  outer loop
    vertex 4046.3562991046306 166.03169171436986 -68.89031799527461
    vertex 4106.168828254813 196.81026305218026 -68.8903179953141
    vertex 4046.457103503192 165.90032086447158 -68.8903179952755
  endloop
endfacet
facet normal 0.0 0.0 -1.0
  outer loop
    vertex 4046.457103503192 165.90032086447158 -68.8903179952755
    vertex 4106.168828254813 196.81026305218026 -68.8903179953141
    vertex 4046.6105689007873 165.70032086447137 -68.89031799527598
  endloop
endfacet
facet normal 0.0 0.0 -1.0
  outer loop
    vertex 4046.6105689007873 165.70032086447137 -68.89031799527598
    vertex 4106.168828254813 196.81026305218026 -68.8903179953141
    vertex 4046.7704095767945 165.31443133663535 -68.89031799527768
  endloop
endfacet
facet normal 0.0 0.0 -1.0
  outer loop
    vertex 4046.7704095767945 165.31443133663535 -68.89031799527768
    vertex 4106.168828254813 196.81026305218026 -68.8903179953141
    vertex 4046.8249282547317 164.9003208644713 -68.89031799527952
  endloop
endfacet
facet normal 0.0 0.0 -1.0
  outer loop
    vertex 4046.8249282547317 164.9003208644713 -68.89031799527952
    vertex 4106.168828254813 196.81026305218026 -68.8903179953141
    vertex 4100.867128254803 193.6942036982533 -68.89031799531408
  endloop
endfacet
facet normal 0.0 0.0 -1.0
  outer loop
    vertex 4046.8249282547317 164.9003208644713 -68.89031799527952
    vertex 4100.867128254803 193.6942036982533 -68.89031799531408
    vertex 4100.535757404903 193.4399339020978 -68.89031799531408
  endloop
endfacet
facet normal 0.0 0.0 -1.0
  outer loop
    vertex 4046.8249282547317 164.9003208644713 -68.89031799527952
    vertex 4100.535757404903 193.4399339020978 -68.89031799531408
    vertex 4100.281487608745 193.10856305220014 -68.89031799531408
  endloop
endfacet
facet normal 0.0 0.0 -1.0
  outer loop
    vertex 4046.8249282547317 164.9003208644713 -68.89031799527952
    vertex 4100.281487608745 193.10856305220014 -68.89031799531408
    vertex 4046.8249282547317 113.5921197380328 -68.89031799535151
  endloop
endfacet
facet normal 0.0 0.0 -1.0
  outer loop
    vertex 4046.8249282547317 113.5921197380328 -68.89031799535151
    vertex 4100.281487608745 193.10856305220014 -68.89031799531408
    vertex 4100.121646932736 192.72267352436492 -68.89031799531408
  endloop
endfacet
facet normal 0.0 0.0 -1.0
  outer loop
    vertex 4046.8249282547317 113.5921197380328 -68.89031799535151
    vertex 4100.121646932736 192.72267352436492 -68.89031799531408
    vertex 4095.6233469326994 165.31443133663316 -68.89031799536961
  endloop
endfacet
facet normal 0.0 0.0 -1.0
  outer loop
    vertex 4046.8249282547317 113.5921197380328 -68.89031799535151
    vertex 4095.6233469326994 165.31443133663316 -68.89031799536961
    vertex 4095.5688282547617 164.90032086446914 -68.89031799537152
  endloop
endfacet
facet normal 0.0 0.0 -1.0
  outer loop
    vertex 4046.8249282547317 113.5921197380328 -68.89031799535151
    vertex 4095.5688282547617 164.90032086446914 -68.89031799537152
    vertex 4095.5688282547612 113.59211973803343 -68.89031799537665
  endloop
endfacet
facet normal 0.0 0.0 -1.0
  outer loop
    vertex 4095.6233469326994 165.31443133663316 -68.89031799536961
    vertex 4100.121646932736 192.72267352436492 -68.89031799531408
    vertex 4095.783187608707 165.70032086446915 -68.89031799536784
  endloop
endfacet
facet normal 0.0 0.0 -1.0
  outer loop
    vertex 4095.783187608707 165.70032086446915 -68.89031799536784
    vertex 4100.121646932736 192.72267352436492 -68.89031799531408
    vertex 4096.037457404864 166.03169171436758 -68.89031799536626
  endloop
endfacet
facet normal 0.0 0.0 -1.0
  outer loop
    vertex 4096.037457404864 166.03169171436758 -68.89031799536626
    vertex 4100.121646932736 192.72267352436492 -68.89031799531408
    vertex 4096.368828254763 166.28596151052417 -68.890317995365
  endloop
endfacet
facet normal 0.0 0.0 -1.0
  outer loop
    vertex 4096.368828254763 166.28596151052417 -68.890317995365
    vertex 4100.121646932736 192.72267352436492 -68.89031799531408
    vertex 4100.067128254798 192.30856305220104 -68.89031799531408
  endloop
endfacet
facet normal 0.0 0.0 -1.0
  outer loop
    vertex 4096.368828254763 166.28596151052417 -68.890317995365
    vertex 4100.067128254798 192.30856305220104 -68.89031799531408
    vertex 4096.754717782598 166.44580218653152 -68.89031799536414
  endloop
endfacet
facet normal 0.0 0.0 -1.0
  outer loop
    vertex 4096.754717782598 166.44580218653152 -68.89031799536414
    vertex 4100.067128254798 192.30856305220104 -68.89031799531408
    vertex 4097.168828254762 166.50032086446896 -68.89031799536373
  endloop
endfacet
facet normal 0.0 0.0 -1.0
  outer loop
    vertex 4097.168828254762 166.50032086446896 -68.89031799536373
    vertex 4100.067128254798 192.30856305220104 -68.89031799531408
    vertex 4097.582938726926 166.4458021865314 -68.89031799536382
  endloop
endfacet
facet normal 0.0 0.0 -1.0
  outer loop
    vertex 4097.582938726926 166.4458021865314 -68.89031799536382
    vertex 4100.067128254798 192.30856305220104 -68.89031799531408
    vertex 4097.968828254763 166.28596151052395 -68.89031799536441
  endloop
endfacet
facet normal 0.0 0.0 -1.0
  outer loop
    vertex 4097.968828254763 166.28596151052395 -68.89031799536441
    vertex 4100.067128254798 192.30856305220104 -68.89031799531408
    vertex 4098.300199104661 166.03169171436724 -68.89031799536545
  endloop
endfacet
facet normal 0.0 0.0 -1.0
  outer loop
    vertex 4098.300199104661 166.03169171436724 -68.89031799536545
    vertex 4100.067128254798 192.30856305220104 -68.89031799531408
    vertex 4098.5544689008175 165.70032086446872 -68.89031799536684
  endloop
endfacet
facet normal 0.0 0.0 -1.0
  outer loop
    vertex 4098.5544689008175 165.70032086446872 -68.89031799536684
    vertex 4100.067128254798 192.30856305220104 -68.89031799531408
    vertex 4098.714309576825 165.31443133663274 -68.89031799536856
  endloop
endfacet
facet normal 0.0 0.0 -1.0
  outer loop
    vertex 4098.714309576825 165.31443133663274 -68.89031799536856
    vertex 4100.067128254798 192.30856305220104 -68.89031799531408
    vertex 4098.768828254762 164.90032086446865 -68.89031799537038
  endloop
endfacet
facet normal 0.0 0.0 -1.0
  outer loop
    vertex 4098.768828254762 164.90032086446865 -68.89031799537038
    vertex 4100.067128254798 192.30856305220104 -68.89031799531408
    vertex 4100.067128254438 86.3119591358932 -68.89031799531412
  endloop
endfacet
facet normal 0.0 0.0 -1.0
  outer loop
    vertex 4100.867128254803 193.6942036982533 -68.89031799531408
    vertex 4106.168828254813 196.81026305218026 -68.8903179953141
    vertex 4101.253017782639 193.85404437425942 -68.89031799531408
  endloop
endfacet
facet normal 0.0 0.0 -1.0
  outer loop
    vertex 4101.253017782639 193.85404437425942 -68.89031799531408
    vertex 4106.168828254813 196.81026305218026 -68.8903179953141
    vertex 4101.667128254803 193.90856305219563 -68.89031799531408
  endloop
endfacet
facet normal 0.0 0.0 -1.0
  outer loop
    vertex 4101.667128254803 193.90856305219563 -68.89031799531408
    vertex 4106.168828254813 196.81026305218026 -68.8903179953141
    vertex 4102.081238726967 193.85404437425663 -68.89031799531408
  endloop
endfacet
facet normal 0.0 0.0 -1.0
  outer loop
    vertex 4102.081238726967 193.85404437425663 -68.89031799531408
    vertex 4106.168828254813 196.81026305218026 -68.8903179953141
    vertex 4102.467128254802 193.6942036982479 -68.89031799531408
  endloop
endfacet
facet normal 0.0 0.0 -1.0
  outer loop
    vertex 4102.467128254802 193.6942036982479 -68.89031799531408
    vertex 4106.168828254813 196.81026305218026 -68.8903179953141
    vertex 4102.7984991047 193.43993390209013 -68.89031799531408
  endloop
endfacet
facet normal 0.0 0.0 -1.0
  outer loop
    vertex 4102.7984991047 193.43993390209013 -68.89031799531408
    vertex 4106.168828254813 196.81026305218026 -68.8903179953141
    vertex 4103.052768900856 193.10856305219113 -68.89031799531408
  endloop
endfacet
facet normal 0.0 0.0 -1.0
  outer loop
    vertex 4103.052768900856 193.10856305219113 -68.89031799531408
    vertex 4106.168828254813 196.81026305218026 -68.8903179953141
    vertex 4103.212609576862 192.72267352435446 -68.89031799531408
  endloop
endfacet
facet normal 0.0 0.0 -1.0
  outer loop
    vertex 4103.212609576862 192.72267352435446 -68.89031799531408
    vertex 4106.168828254813 196.81026305218026 -68.8903179953141
    vertex 4103.267128254798 192.30856305219012 -68.89031799531408
  endloop
endfacet
facet normal 0.0 0.0 -1.0
  outer loop
    vertex 4103.267128254798 192.30856305219012 -68.89031799531408
    vertex 4106.168828254813 196.81026305218026 -68.8903179953141
    vertex 4106.168828254423 81.81025913587266 -68.8903179953141
  endloop
endfacet
facet normal 0.0 0.0 -1.0
  outer loop
    vertex 4036.2249282544235 81.81025913610966 -68.8903179953141
    vertex 4040.7266282544333 84.71195913609432 -68.89031799531412
    vertex 4106.168828254423 81.81025913587266 -68.8903179953141
  endloop
endfacet
facet normal 0.0 0.0 -1.0
  outer loop
    vertex 4040.7266282544333 84.71195913609432 -68.89031799531412
    vertex 4036.2249282544235 81.81025913610966 -68.8903179953141
    vertex 4040.312517782269 84.7664778140333 -68.89031799531412
  endloop
endfacet
facet normal 0.0 0.0 -1.0
  outer loop
    vertex 4040.312517782269 84.7664778140333 -68.89031799531412
    vertex 4036.2249282544235 81.81025913610966 -68.8903179953141
    vertex 4039.926628254434 84.92631849004205 -68.89031799531412
  endloop
endfacet
facet normal 0.0 0.0 -1.0
  outer loop
    vertex 4039.926628254434 84.92631849004205 -68.89031799531412
    vertex 4036.2249282544235 81.81025913610966 -68.8903179953141
    vertex 4039.595257404536 85.18058828619982 -68.89031799531412
  endloop
endfacet
facet normal 0.0 0.0 -1.0
  outer loop
    vertex 4039.595257404536 85.18058828619982 -68.89031799531412
    vertex 4036.2249282544235 81.81025913610966 -68.8903179953141
    vertex 4039.3409876083806 85.51195913609881 -68.89031799531412
  endloop
endfacet
facet normal 0.0 0.0 -1.0
  outer loop
    vertex 4039.3409876083806 85.51195913609881 -68.89031799531412
    vertex 4036.2249282544235 81.81025913610966 -68.8903179953141
    vertex 4039.1811469323748 85.89784866393548 -68.89031799531412
  endloop
endfacet
facet normal 0.0 0.0 -1.0
  outer loop
    vertex 4039.1811469323748 85.89784866393548 -68.89031799531412
    vertex 4036.2249282544235 81.81025913610966 -68.8903179953141
    vertex 4039.1266282544384 86.3119591360997 -68.89031799531412
  endloop
endfacet
facet normal 0.0 0.0 -1.0
  outer loop
    vertex 4039.1266282544384 86.3119591360997 -68.89031799531412
    vertex 4036.2249282544235 81.81025913610966 -68.8903179953141
    vertex 4036.2249282548128 196.81026305241724 -68.8903179953141
  endloop
endfacet
facet normal 0.0 0.0 -1.0
  outer loop
    vertex 4106.168828254423 81.81025913587266 -68.8903179953141
    vertex 4040.7266282544333 84.71195913609432 -68.89031799531412
    vertex 4041.140738726597 84.76647781403048 -68.89031799531412
  endloop
endfacet
facet normal 0.0 0.0 -1.0
  outer loop
    vertex 4106.168828254423 81.81025913587266 -68.8903179953141
    vertex 4041.140738726597 84.76647781403048 -68.89031799531412
    vertex 4041.5266282544335 84.92631849003666 -68.89031799531412
  endloop
endfacet
facet normal 0.0 0.0 -1.0
  outer loop
    vertex 4106.168828254423 81.81025913587266 -68.8903179953141
    vertex 4041.5266282544335 84.92631849003666 -68.89031799531412
    vertex 4041.8579991043334 85.18058828619215 -68.89031799531412
  endloop
endfacet
facet normal 0.0 0.0 -1.0
  outer loop
    vertex 4106.168828254423 81.81025913587266 -68.8903179953141
    vertex 4041.8579991043334 85.18058828619215 -68.89031799531412
    vertex 4042.1122689004906 85.51195913608981 -68.89031799531412
  endloop
endfacet
facet normal 0.0 0.0 -1.0
  outer loop
    vertex 4106.168828254423 81.81025913587266 -68.8903179953141
    vertex 4042.1122689004906 85.51195913608981 -68.89031799531412
    vertex 4042.2721095764996 85.89784866392503 -68.89031799531412
  endloop
endfacet
facet normal 0.0 0.0 -1.0
  outer loop
    vertex 4106.168828254423 81.81025913587266 -68.8903179953141
    vertex 4042.2721095764996 85.89784866392503 -68.89031799531412
    vertex 4042.3266282544387 86.31195913608886 -68.89031799531412
  endloop
endfacet
facet normal 0.0 0.0 -1.0
  outer loop
    vertex 4106.168828254423 81.81025913587266 -68.8903179953141
    vertex 4042.3266282544387 86.31195913608886 -68.89031799531412
    vertex 4044.4249282547307 112.206479091978 -68.89031799535861
  endloop
endfacet
facet normal 0.0 0.0 -1.0
  outer loop
    vertex 4044.4249282547307 112.206479091978 -68.89031799535861
    vertex 4042.3266282544387 86.31195913608886 -68.89031799531412
    vertex 4044.0935574048326 112.4607488881347 -68.89031799535755
  endloop
endfacet
facet normal 0.0 0.0 -1.0
  outer loop
    vertex 4044.0935574048326 112.4607488881347 -68.89031799535755
    vertex 4042.3266282544387 86.31195913608886 -68.89031799531412
    vertex 4043.839287608676 112.79211973803321 -68.89031799535617
  endloop
endfacet
facet normal 0.0 0.0 -1.0
  outer loop
    vertex 4043.839287608676 112.79211973803321 -68.89031799535617
    vertex 4042.3266282544387 86.31195913608886 -68.89031799531412
    vertex 4043.6794469326683 113.1780092658692 -68.89031799535448
  endloop
endfacet
facet normal 0.0 0.0 -1.0
  outer loop
    vertex 4043.6794469326683 113.1780092658692 -68.89031799535448
    vertex 4042.3266282544387 86.31195913608886 -68.89031799531412
    vertex 4043.624928254731 113.5921197380333 -68.89031799535263
  endloop
endfacet
facet normal 0.0 0.0 -1.0
  outer loop
    vertex 4043.624928254731 113.5921197380333 -68.89031799535263
    vertex 4042.3266282544387 86.31195913608886 -68.89031799531412
    vertex 4042.3266282547975 192.30856305239672 -68.8903179953141
  endloop
endfacet
facet normal 0.0 0.0 -1.0
  outer loop
    vertex 4106.168828254423 81.81025913587266 -68.8903179953141
    vertex 4044.4249282547307 112.206479091978 -68.89031799535861
    vertex 4044.810817782567 112.0466384159705 -68.89031799535917
  endloop
endfacet
facet normal 0.0 0.0 -1.0
  outer loop
    vertex 4106.168828254423 81.81025913587266 -68.8903179953141
    vertex 4044.810817782567 112.0466384159705 -68.89031799535917
    vertex 4045.2249282547314 111.99211973803298 -68.89031799535928
  endloop
endfacet
facet normal 0.0 0.0 -1.0
  outer loop
    vertex 4106.168828254423 81.81025913587266 -68.8903179953141
    vertex 4045.2249282547314 111.99211973803298 -68.89031799535928
    vertex 4045.6390387268953 112.04663841597042 -68.89031799535888
  endloop
endfacet
facet normal 0.0 0.0 -1.0
  outer loop
    vertex 4106.168828254423 81.81025913587266 -68.8903179953141
    vertex 4045.6390387268953 112.04663841597042 -68.89031799535888
    vertex 4046.024928254731 112.20647909197777 -68.89031799535802
  endloop
endfacet
facet normal 0.0 0.0 -1.0
  outer loop
    vertex 4106.168828254423 81.81025913587266 -68.8903179953141
    vertex 4046.024928254731 112.20647909197777 -68.89031799535802
    vertex 4046.3562991046297 112.46074888813433 -68.89031799535678
  endloop
endfacet
facet normal 0.0 0.0 -1.0
  outer loop
    vertex 4106.168828254423 81.81025913587266 -68.8903179953141
    vertex 4046.3562991046297 112.46074888813433 -68.89031799535678
    vertex 4046.6105689007863 112.79211973803281 -68.89031799535518
  endloop
endfacet
facet normal 0.0 0.0 -1.0
  outer loop
    vertex 4106.168828254423 81.81025913587266 -68.8903179953141
    vertex 4046.6105689007863 112.79211973803281 -68.89031799535518
    vertex 4046.770409576794 113.17800926586875 -68.8903179953534
  endloop
endfacet
facet normal 0.0 0.0 -1.0
  outer loop
    vertex 4106.168828254423 81.81025913587266 -68.8903179953141
    vertex 4046.770409576794 113.17800926586875 -68.8903179953534
    vertex 4046.8249282547317 113.5921197380328 -68.89031799535151
  endloop
endfacet
facet normal 0.0 0.0 -1.0
  outer loop
    vertex 4106.168828254423 81.81025913587266 -68.8903179953141
    vertex 4046.8249282547317 113.5921197380328 -68.89031799535151
    vertex 4100.867128254434 84.92631848983558 -68.89031799531412
  endloop
endfacet
facet normal 0.0 0.0 -1.0
  outer loop
    vertex 4100.867128254434 84.92631848983558 -68.89031799531412
    vertex 4046.8249282547317 113.5921197380328 -68.89031799535151
    vertex 4100.5357574045365 85.18058828599328 -68.89031799531412
  endloop
endfacet
facet normal 0.0 0.0 -1.0
  outer loop
    vertex 4100.5357574045365 85.18058828599328 -68.89031799531412
    vertex 4046.8249282547317 113.5921197380328 -68.89031799535151
    vertex 4100.28148760838 85.51195913589234 -68.89031799531412
  endloop
endfacet
facet normal 0.0 0.0 -1.0
  outer loop
    vertex 4100.28148760838 85.51195913589234 -68.89031799531412
    vertex 4046.8249282547317 113.5921197380328 -68.89031799535151
    vertex 4100.1216469323745 85.89784866372901 -68.89031799531412
  endloop
endfacet
facet normal 0.0 0.0 -1.0
  outer loop
    vertex 4100.1216469323745 85.89784866372901 -68.89031799531412
    vertex 4046.8249282547317 113.5921197380328 -68.89031799535151
    vertex 4095.6233469326985 113.17800926586938 -68.89031799537852
  endloop
endfacet
facet normal 0.0 0.0 -1.0
  outer loop
    vertex 4095.6233469326985 113.17800926586938 -68.89031799537852
    vertex 4046.8249282547317 113.5921197380328 -68.89031799535151
    vertex 4095.5688282547612 113.59211973803343 -68.89031799537665
  endloop
endfacet
facet normal 0.0 0.0 -1.0
  outer loop
    vertex 4100.1216469323745 85.89784866372901 -68.89031799531412
    vertex 4095.6233469326985 113.17800926586938 -68.89031799537852
    vertex 4095.783187608706 112.79211973803343 -68.89031799538019
  endloop
endfacet
facet normal 0.0 0.0 -1.0
  outer loop
    vertex 4100.1216469323745 85.89784866372901 -68.89031799531412
    vertex 4095.783187608706 112.79211973803343 -68.89031799538019
    vertex 4096.037457404863 112.46074888813497 -68.8903179953816
  endloop
endfacet
facet normal 0.0 0.0 -1.0
  outer loop
    vertex 4100.1216469323745 85.89784866372901 -68.89031799531412
    vertex 4096.037457404863 112.46074888813497 -68.8903179953816
    vertex 4096.368828254762 112.20647909197831 -68.89031799538263
  endloop
endfacet
facet normal 0.0 0.0 -1.0
  outer loop
    vertex 4100.1216469323745 85.89784866372901 -68.89031799531412
    vertex 4096.368828254762 112.20647909197831 -68.89031799538263
    vertex 4100.067128254438 86.3119591358932 -68.89031799531412
  endloop
endfacet
facet normal 0.0 0.0 -1.0
  outer loop
    vertex 4100.067128254438 86.3119591358932 -68.89031799531412
    vertex 4096.368828254762 112.20647909197831 -68.89031799538263
    vertex 4096.754717782597 112.04663841597092 -68.89031799538321
  endloop
endfacet
facet normal 0.0 0.0 -1.0
  outer loop
    vertex 4100.067128254438 86.3119591358932 -68.89031799531412
    vertex 4096.754717782597 112.04663841597092 -68.89031799538321
    vertex 4097.168828254761 111.99211973803344 -68.89031799538333
  endloop
endfacet
facet normal 0.0 0.0 -1.0
  outer loop
    vertex 4100.067128254438 86.3119591358932 -68.89031799531412
    vertex 4097.168828254761 111.99211973803344 -68.89031799538333
    vertex 4097.582938726926 112.04663841597092 -68.89031799538292
  endloop
endfacet
facet normal 0.0 0.0 -1.0
  outer loop
    vertex 4100.067128254438 86.3119591358932 -68.89031799531412
    vertex 4097.582938726926 112.04663841597092 -68.89031799538292
    vertex 4097.968828254761 112.20647909197831 -68.89031799538208
  endloop
endfacet
facet normal 0.0 0.0 -1.0
  outer loop
    vertex 4100.067128254438 86.3119591358932 -68.89031799531412
    vertex 4097.968828254761 112.20647909197831 -68.89031799538208
    vertex 4098.30019910466 112.46074888813497 -68.89031799538083
  endloop
endfacet
facet normal 0.0 0.0 -1.0
  outer loop
    vertex 4100.067128254438 86.3119591358932 -68.89031799531412
    vertex 4098.30019910466 112.46074888813497 -68.89031799538083
    vertex 4098.554468900817 112.79211973803343 -68.89031799537919
  endloop
endfacet
facet normal 0.0 0.0 -1.0
  outer loop
    vertex 4100.067128254438 86.3119591358932 -68.89031799531412
    vertex 4098.554468900817 112.79211973803343 -68.89031799537919
    vertex 4098.714309576824 113.17800926586938 -68.89031799537743
  endloop
endfacet
facet normal 0.0 0.0 -1.0
  outer loop
    vertex 4100.067128254438 86.3119591358932 -68.89031799531412
    vertex 4098.714309576824 113.17800926586938 -68.89031799537743
    vertex 4098.7688282547615 113.59211973803343 -68.89031799537554
  endloop
endfacet
facet normal 0.0 0.0 -1.0
  outer loop
    vertex 4100.067128254438 86.3119591358932 -68.89031799531412
    vertex 4098.7688282547615 113.59211973803343 -68.89031799537554
    vertex 4098.768828254762 164.90032086446865 -68.89031799537038
  endloop
endfacet
facet normal 0.0 0.0 -1.0
  outer loop
    vertex 4106.168828254423 81.81025913587266 -68.8903179953141
    vertex 4100.867128254434 84.92631848983558 -68.89031799531412
    vertex 4101.253017782269 84.76647781382684 -68.89031799531412
  endloop
endfacet
facet normal 0.0 0.0 -1.0
  outer loop
    vertex 4106.168828254423 81.81025913587266 -68.8903179953141
    vertex 4101.253017782269 84.76647781382684 -68.89031799531412
    vertex 4101.667128254433 84.71195913588784 -68.89031799531412
  endloop
endfacet
facet normal 0.0 0.0 -1.0
  outer loop
    vertex 4106.168828254423 81.81025913587266 -68.8903179953141
    vertex 4101.667128254433 84.71195913588784 -68.89031799531412
    vertex 4102.081238726598 84.766477813824 -68.89031799531412
  endloop
endfacet
facet normal 0.0 0.0 -1.0
  outer loop
    vertex 4106.168828254423 81.81025913587266 -68.8903179953141
    vertex 4102.081238726598 84.766477813824 -68.89031799531412
    vertex 4102.467128254434 84.92631848983012 -68.89031799531412
  endloop
endfacet
facet normal 0.0 0.0 -1.0
  outer loop
    vertex 4106.168828254423 81.81025913587266 -68.8903179953141
    vertex 4102.467128254434 84.92631848983012 -68.89031799531412
    vertex 4102.798499104333 85.18058828598566 -68.89031799531412
  endloop
endfacet
facet normal 0.0 0.0 -1.0
  outer loop
    vertex 4106.168828254423 81.81025913587266 -68.8903179953141
    vertex 4102.798499104333 85.18058828598566 -68.89031799531412
    vertex 4103.052768900491 85.51195913588327 -68.89031799531412
  endloop
endfacet
facet normal 0.0 0.0 -1.0
  outer loop
    vertex 4106.168828254423 81.81025913587266 -68.8903179953141
    vertex 4103.052768900491 85.51195913588327 -68.89031799531412
    vertex 4103.2126095765 85.89784866371849 -68.89031799531412
  endloop
endfacet
facet normal 0.0 0.0 -1.0
  outer loop
    vertex 4106.168828254423 81.81025913587266 -68.8903179953141
    vertex 4103.2126095765 85.89784866371849 -68.89031799531412
    vertex 4103.267128254438 86.3119591358824 -68.89031799531412
  endloop
endfacet
facet normal 0.0 0.0 -1.0
  outer loop
    vertex 4106.168828254423 81.81025913587266 -68.8903179953141
    vertex 4103.267128254438 86.3119591358824 -68.89031799531412
    vertex 4103.267128254798 192.30856305219012 -68.89031799531408
  endloop
endfacet
facet normal 0.0 0.0 -1.0
  outer loop
    vertex 4039.126628254797 192.30856305240755 -68.8903179953141
    vertex 4039.1811469323775 86.72606960826359 -68.89031799531412
    vertex 4039.1266282544384 86.3119591360997 -68.89031799531412
  endloop
endfacet
facet normal 0.0 0.0 -1.0
  outer loop
    vertex 4039.1811469323775 86.72606960826359 -68.89031799531412
    vertex 4039.126628254797 192.30856305240755 -68.8903179953141
    vertex 4039.1811469327336 191.8944525802433 -68.8903179953141
  endloop
endfacet
facet normal 0.0 0.0 -1.0
  outer loop
    vertex 4039.1811469323775 86.72606960826359 -68.89031799531412
    vertex 4039.1811469327336 191.8944525802433 -68.8903179953141
    vertex 4039.3409876083856 87.1119591360988 -68.89031799531412
  endloop
endfacet
facet normal 0.0 0.0 -1.0
  outer loop
    vertex 4039.3409876083856 87.1119591360988 -68.89031799531412
    vertex 4039.1811469327336 191.8944525802433 -68.8903179953141
    vertex 4039.3409876087394 191.50856305240663 -68.8903179953141
  endloop
endfacet
facet normal 0.0 0.0 -1.0
  outer loop
    vertex 4039.3409876083856 87.1119591360988 -68.89031799531412
    vertex 4039.3409876087394 191.50856305240663 -68.8903179953141
    vertex 4039.5952574045436 87.44332998599648 -68.89031799531412
  endloop
endfacet
facet normal 0.0 0.0 -1.0
  outer loop
    vertex 4039.5952574045436 87.44332998599648 -68.89031799531412
    vertex 4039.3409876087394 191.50856305240663 -68.8903179953141
    vertex 4039.5952574048956 191.17719220250763 -68.8903179953141
  endloop
endfacet
facet normal 0.0 0.0 -1.0
  outer loop
    vertex 4039.5952574045436 87.44332998599648 -68.89031799531412
    vertex 4039.5952574048956 191.17719220250763 -68.8903179953141
    vertex 4039.9266282544436 87.69759978215195 -68.89031799531412
  endloop
endfacet
facet normal 0.0 0.0 -1.0
  outer loop
    vertex 4039.9266282544436 87.69759978215195 -68.89031799531412
    vertex 4039.5952574048956 191.17719220250763 -68.8903179953141
    vertex 4039.926628254793 190.9229224063499 -68.8903179953141
  endloop
endfacet
facet normal 0.0 0.0 -1.0
  outer loop
    vertex 4039.9266282544436 87.69759978215195 -68.89031799531412
    vertex 4039.926628254793 190.9229224063499 -68.8903179953141
    vertex 4040.31251778228 87.85744045815807 -68.89031799531412
  endloop
endfacet
facet normal 0.0 0.0 -1.0
  outer loop
    vertex 4040.31251778228 87.85744045815807 -68.89031799531412
    vertex 4039.926628254793 190.9229224063499 -68.8903179953141
    vertex 4040.3125177826287 190.76308173034113 -68.8903179953141
  endloop
endfacet
facet normal 0.0 0.0 -1.0
  outer loop
    vertex 4040.31251778228 87.85744045815807 -68.89031799531412
    vertex 4040.3125177826287 190.76308173034113 -68.8903179953141
    vertex 4040.7266282544438 87.91195913609431 -68.89031799531412
  endloop
endfacet
facet normal 0.0 0.0 -1.0
  outer loop
    vertex 4040.7266282544438 87.91195913609431 -68.89031799531412
    vertex 4040.3125177826287 190.76308173034113 -68.8903179953141
    vertex 4040.726628254792 190.70856305240213 -68.8903179953141
  endloop
endfacet
facet normal 0.0 0.0 -1.0
  outer loop
    vertex 4040.7266282544438 87.91195913609431 -68.89031799531412
    vertex 4040.726628254792 190.70856305240213 -68.8903179953141
    vertex 4041.140738726608 87.85744045815527 -68.89031799531412
  endloop
endfacet
facet normal 0.0 0.0 -1.0
  outer loop
    vertex 4041.140738726608 87.85744045815527 -68.89031799531412
    vertex 4040.726628254792 190.70856305240213 -68.8903179953141
    vertex 4041.140738726957 190.76308173033834 -68.8903179953141
  endloop
endfacet
facet normal 0.0 0.0 -1.0
  outer loop
    vertex 4041.140738726608 87.85744045815527 -68.89031799531412
    vertex 4041.140738726957 190.76308173033834 -68.8903179953141
    vertex 4041.526628254443 87.69759978214655 -68.89031799531412
  endloop
endfacet
facet normal 0.0 0.0 -1.0
  outer loop
    vertex 4041.526628254443 87.69759978214655 -68.89031799531412
    vertex 4041.140738726957 190.76308173033834 -68.8903179953141
    vertex 4041.526628254793 190.92292240634447 -68.8903179953141
  endloop
endfacet
facet normal 0.0 0.0 -1.0
  outer loop
    vertex 4041.526628254443 87.69759978214655 -68.89031799531412
    vertex 4041.526628254793 190.92292240634447 -68.8903179953141
    vertex 4041.8579991043407 87.44332998598881 -68.89031799531412
  endloop
endfacet
facet normal 0.0 0.0 -1.0
  outer loop
    vertex 4041.8579991043407 87.44332998598881 -68.89031799531412
    vertex 4041.526628254793 190.92292240634447 -68.8903179953141
    vertex 4041.857999104692 191.17719220249995 -68.8903179953141
  endloop
endfacet
facet normal 0.0 0.0 -1.0
  outer loop
    vertex 4041.8579991043407 87.44332998598881 -68.89031799531412
    vertex 4041.857999104692 191.17719220249995 -68.8903179953141
    vertex 4042.1122689004965 87.11195913608981 -68.89031799531412
  endloop
endfacet
facet normal 0.0 0.0 -1.0
  outer loop
    vertex 4042.1122689004965 87.11195913608981 -68.89031799531412
    vertex 4041.857999104692 191.17719220249995 -68.8903179953141
    vertex 4042.1122689008503 191.50856305239762 -68.8903179953141
  endloop
endfacet
facet normal 0.0 0.0 -1.0
  outer loop
    vertex 4042.1122689004965 87.11195913608981 -68.89031799531412
    vertex 4042.1122689008503 191.50856305239762 -68.8903179953141
    vertex 4042.2721095765023 86.72606960825314 -68.89031799531412
  endloop
endfacet
facet normal 0.0 0.0 -1.0
  outer loop
    vertex 4042.2721095765023 86.72606960825314 -68.89031799531412
    vertex 4042.1122689008503 191.50856305239762 -68.8903179953141
    vertex 4042.272109576859 191.89445258023284 -68.8903179953141
  endloop
endfacet
facet normal 0.0 0.0 -1.0
  outer loop
    vertex 4042.2721095765023 86.72606960825314 -68.89031799531412
    vertex 4042.272109576859 191.89445258023284 -68.8903179953141
    vertex 4042.3266282544387 86.31195913608886 -68.89031799531412
  endloop
endfacet
facet normal 0.0 0.0 -1.0
  outer loop
    vertex 4042.3266282544387 86.31195913608886 -68.89031799531412
    vertex 4042.272109576859 191.89445258023284 -68.8903179953141
    vertex 4042.3266282547975 192.30856305239672 -68.8903179953141
  endloop
endfacet
facet normal 0.0 0.0 1.0
  outer loop
    vertex 4043.6794469326715 114.00623021017931 -64.89031799578014
    vertex 4043.6249282547346 164.90032086445382 -64.89031799554304
    vertex 4043.6249282547337 113.5921197380153 -64.89031799578201
  endloop
endfacet
facet normal 0.0 0.0 1.0
  outer loop
    vertex 4043.6249282547346 164.90032086445382 -64.89031799554304
    vertex 4043.6794469326715 114.00623021017931 -64.89031799578014
    vertex 4043.6794469326715 164.4862103922898 -64.89031799554493
  endloop
endfacet
facet normal 0.0 0.0 1.0
  outer loop
    vertex 4043.6794469326715 164.4862103922898 -64.89031799554493
    vertex 4043.6794469326715 114.00623021017931 -64.89031799578014
    vertex 4043.8392876086787 114.3921197380153 -64.89031799577835
  endloop
endfacet
facet normal 0.0 0.0 1.0
  outer loop
    vertex 4043.6794469326715 164.4862103922898 -64.89031799554493
    vertex 4043.8392876086787 114.3921197380153 -64.89031799577835
    vertex 4043.8392876086787 164.10032086445378 -64.89031799554657
  endloop
endfacet
facet normal 0.0 0.0 1.0
  outer loop
    vertex 4043.8392876086787 164.10032086445378 -64.89031799554657
    vertex 4043.8392876086787 114.3921197380153 -64.89031799577835
    vertex 4044.0935574048353 114.72349058791372 -64.89031799577675
  endloop
endfacet
facet normal 0.0 0.0 1.0
  outer loop
    vertex 4043.8392876086787 164.10032086445378 -64.89031799554657
    vertex 4044.0935574048353 114.72349058791372 -64.89031799577675
    vertex 4044.0935574048353 163.76895001455526 -64.89031799554795
  endloop
endfacet
facet normal 0.0 0.0 1.0
  outer loop
    vertex 4044.0935574048353 163.76895001455526 -64.89031799554795
    vertex 4044.0935574048353 114.72349058791372 -64.89031799577675
    vertex 4044.4249282547344 114.97776038407034 -64.89031799577548
  endloop
endfacet
facet normal 0.0 0.0 1.0
  outer loop
    vertex 4044.0935574048353 163.76895001455526 -64.89031799554795
    vertex 4044.4249282547344 114.97776038407034 -64.89031799577548
    vertex 4044.224928254734 163.66814561599395 -64.89031799554822
  endloop
endfacet
facet normal 0.0 0.0 1.0
  outer loop
    vertex 4044.224928254734 163.66814561599395 -64.89031799554822
    vertex 4044.4249282547344 114.97776038407034 -64.89031799577548
    vertex 4044.4249282547335 163.51468021839858 -64.89031799554893
  endloop
endfacet
facet normal 0.0 0.0 1.0
  outer loop
    vertex 4044.4249282547335 163.51468021839858 -64.89031799554893
    vertex 4044.4249282547344 114.97776038407034 -64.89031799577548
    vertex 4044.81081778257 163.3548395423911 -64.89031799554942
  endloop
endfacet
facet normal 0.0 0.0 1.0
  outer loop
    vertex 4044.81081778257 163.3548395423911 -64.89031799554942
    vertex 4044.4249282547344 114.97776038407034 -64.89031799577548
    vertex 4044.81081778257 115.13760106007769 -64.89031799577462
  endloop
endfacet
facet normal 0.0 0.0 1.0
  outer loop
    vertex 4044.81081778257 163.3548395423911 -64.89031799554942
    vertex 4044.81081778257 115.13760106007769 -64.89031799577462
    vertex 4045.224928254734 115.19211973801511 -64.89031799577424
  endloop
endfacet
facet normal 0.0 0.0 1.0
  outer loop
    vertex 4044.81081778257 163.3548395423911 -64.89031799554942
    vertex 4045.224928254734 115.19211973801511 -64.89031799577424
    vertex 4045.224928254734 163.3003208644535 -64.89031799554945
  endloop
endfacet
facet normal 0.0 0.0 1.0
  outer loop
    vertex 4045.224928254734 163.3003208644535 -64.89031799554945
    vertex 4045.224928254734 115.19211973801511 -64.89031799577424
    vertex 4045.639038726898 115.13760106007756 -64.89031799577435
  endloop
endfacet
facet normal 0.0 0.0 1.0
  outer loop
    vertex 4045.224928254734 163.3003208644535 -64.89031799554945
    vertex 4045.639038726898 115.13760106007756 -64.89031799577435
    vertex 4045.639038726898 163.35483954239092 -64.89031799554897
  endloop
endfacet
facet normal 0.0 0.0 1.0
  outer loop
    vertex 4045.639038726898 163.35483954239092 -64.89031799554897
    vertex 4045.639038726898 115.13760106007756 -64.89031799577435
    vertex 4046.0249282547347 114.97776038407007 -64.89031799577491
  endloop
endfacet
facet normal 0.0 0.0 1.0
  outer loop
    vertex 4045.639038726898 163.35483954239092 -64.89031799554897
    vertex 4046.0249282547347 114.97776038407007 -64.89031799577491
    vertex 4046.024928254734 163.51468021839824 -64.89031799554805
  endloop
endfacet
facet normal 0.0 0.0 1.0
  outer loop
    vertex 4046.024928254734 163.51468021839824 -64.89031799554805
    vertex 4046.0249282547347 114.97776038407007 -64.89031799577491
    vertex 4046.356299104632 163.7689500145548 -64.89031799554672
  endloop
endfacet
facet normal 0.0 0.0 1.0
  outer loop
    vertex 4046.356299104632 163.7689500145548 -64.89031799554672
    vertex 4046.0249282547347 114.97776038407007 -64.89031799577491
    vertex 4046.356299104633 114.7234905879134 -64.89031799577597
  endloop
endfacet
facet normal 0.0 0.0 1.0
  outer loop
    vertex 4046.356299104632 163.7689500145548 -64.89031799554672
    vertex 4046.356299104633 114.7234905879134 -64.89031799577597
    vertex 4046.6105689007886 164.1003208644532 -64.89031799554505
  endloop
endfacet
facet normal 0.0 0.0 1.0
  outer loop
    vertex 4046.6105689007886 164.1003208644532 -64.89031799554505
    vertex 4046.356299104633 114.7234905879134 -64.89031799577597
    vertex 4046.6105689007895 114.39211973801484 -64.89031799577735
  endloop
endfacet
facet normal 0.0 0.0 1.0
  outer loop
    vertex 4046.6105689007886 164.1003208644532 -64.89031799554505
    vertex 4046.6105689007895 114.39211973801484 -64.89031799577735
    vertex 4046.7704095767967 164.48621039228914 -64.89031799554319
  endloop
endfacet
facet normal 0.0 0.0 1.0
  outer loop
    vertex 4046.7704095767967 164.48621039228914 -64.89031799554319
    vertex 4046.6105689007895 114.39211973801484 -64.89031799577735
    vertex 4046.7704095767967 114.00623021017886 -64.89031799577906
  endloop
endfacet
facet normal 0.0 0.0 1.0
  outer loop
    vertex 4046.7704095767967 164.48621039228914 -64.89031799554319
    vertex 4046.7704095767967 114.00623021017886 -64.89031799577906
    vertex 4046.8249282547345 113.5921197380148 -64.8903179957809
  endloop
endfacet
facet normal 0.0 0.0 1.0
  outer loop
    vertex 4046.7704095767967 164.48621039228914 -64.89031799554319
    vertex 4046.8249282547345 113.5921197380148 -64.8903179957809
    vertex 4046.8249282547335 164.90032086445314 -64.89031799554127
  endloop
endfacet
facet normal 0.0 0.0 1.0
  outer loop
    vertex 4036.2249282544235 81.81025913610966 -64.8903179955229
    vertex 4039.1266282544384 86.3119591360997 -64.8903179955229
    vertex 4036.2249282548128 196.81026305241724 -64.8903179955229
  endloop
endfacet
facet normal 0.0 0.0 1.0
  outer loop
    vertex 4039.1266282544384 86.3119591360997 -64.8903179955229
    vertex 4036.2249282544235 81.81025913610966 -64.8903179955229
    vertex 4039.1811469323748 85.89784866393548 -64.8903179955229
  endloop
endfacet
facet normal 0.0 0.0 1.0
  outer loop
    vertex 4039.1811469323748 85.89784866393548 -64.8903179955229
    vertex 4036.2249282544235 81.81025913610966 -64.8903179955229
    vertex 4039.3409876083806 85.51195913609881 -64.8903179955229
  endloop
endfacet
facet normal 0.0 0.0 1.0
  outer loop
    vertex 4039.3409876083806 85.51195913609881 -64.8903179955229
    vertex 4036.2249282544235 81.81025913610966 -64.8903179955229
    vertex 4039.595257404536 85.18058828619982 -64.8903179955229
  endloop
endfacet
facet normal 0.0 0.0 1.0
  outer loop
    vertex 4039.595257404536 85.18058828619982 -64.8903179955229
    vertex 4036.2249282544235 81.81025913610966 -64.8903179955229
    vertex 4039.926628254434 84.92631849004205 -64.8903179955229
  endloop
endfacet
facet normal 0.0 0.0 1.0
  outer loop
    vertex 4039.926628254434 84.92631849004205 -64.8903179955229
    vertex 4036.2249282544235 81.81025913610966 -64.8903179955229
    vertex 4040.312517782269 84.7664778140333 -64.8903179955229
  endloop
endfacet
facet normal 0.0 0.0 1.0
  outer loop
    vertex 4040.312517782269 84.7664778140333 -64.8903179955229
    vertex 4036.2249282544235 81.81025913610966 -64.8903179955229
    vertex 4040.7266282544333 84.71195913609432 -64.8903179955229
  endloop
endfacet
facet normal 0.0 0.0 1.0
  outer loop
    vertex 4040.7266282544333 84.71195913609432 -64.8903179955229
    vertex 4036.2249282544235 81.81025913610966 -64.8903179955229
    vertex 4106.168828254423 81.81025913587266 -64.8903179955229
  endloop
endfacet
facet normal 0.0 0.0 1.0
  outer loop
    vertex 4040.7266282544333 84.71195913609432 -64.8903179955229
    vertex 4106.168828254423 81.81025913587266 -64.8903179955229
    vertex 4041.140738726597 84.76647781403048 -64.8903179955229
  endloop
endfacet
facet normal 0.0 0.0 1.0
  outer loop
    vertex 4041.140738726597 84.76647781403048 -64.8903179955229
    vertex 4106.168828254423 81.81025913587266 -64.8903179955229
    vertex 4041.5266282544335 84.92631849003666 -64.8903179955229
  endloop
endfacet
facet normal 0.0 0.0 1.0
  outer loop
    vertex 4041.5266282544335 84.92631849003666 -64.8903179955229
    vertex 4106.168828254423 81.81025913587266 -64.8903179955229
    vertex 4041.8579991043334 85.18058828619215 -64.8903179955229
  endloop
endfacet
facet normal 0.0 0.0 1.0
  outer loop
    vertex 4041.8579991043334 85.18058828619215 -64.8903179955229
    vertex 4106.168828254423 81.81025913587266 -64.8903179955229
    vertex 4042.1122689004906 85.51195913608981 -64.8903179955229
  endloop
endfacet
facet normal 0.0 0.0 1.0
  outer loop
    vertex 4042.1122689004906 85.51195913608981 -64.8903179955229
    vertex 4106.168828254423 81.81025913587266 -64.8903179955229
    vertex 4042.2721095764996 85.89784866392503 -64.8903179955229
  endloop
endfacet
facet normal 0.0 0.0 1.0
  outer loop
    vertex 4042.2721095764996 85.89784866392503 -64.8903179955229
    vertex 4106.168828254423 81.81025913587266 -64.8903179955229
    vertex 4042.3266282544387 86.31195913608886 -64.8903179955229
  endloop
endfacet
facet normal 0.0 0.0 1.0
  outer loop
    vertex 4042.3266282544387 86.31195913608886 -64.8903179955229
    vertex 4106.168828254423 81.81025913587266 -64.8903179955229
    vertex 4044.4249282547335 112.20647909195999 -64.890317995788
  endloop
endfacet
facet normal 0.0 0.0 1.0
  outer loop
    vertex 4042.3266282544387 86.31195913608886 -64.8903179955229
    vertex 4044.4249282547335 112.20647909195999 -64.890317995788
    vertex 4044.0935574048353 112.4607488881167 -64.89031799578694
  endloop
endfacet
facet normal 0.0 0.0 1.0
  outer loop
    vertex 4042.3266282544387 86.31195913608886 -64.8903179955229
    vertex 4044.0935574048353 112.4607488881167 -64.89031799578694
    vertex 4043.8392876086787 112.7921197380152 -64.89031799578557
  endloop
endfacet
facet normal 0.0 0.0 1.0
  outer loop
    vertex 4042.3266282544387 86.31195913608886 -64.8903179955229
    vertex 4043.8392876086787 112.7921197380152 -64.89031799578557
    vertex 4043.6794469326715 113.1780092658512 -64.89031799578387
  endloop
endfacet
facet normal 0.0 0.0 1.0
  outer loop
    vertex 4042.3266282544387 86.31195913608886 -64.8903179955229
    vertex 4043.6794469326715 113.1780092658512 -64.89031799578387
    vertex 4043.6249282547337 113.5921197380153 -64.89031799578201
  endloop
endfacet
facet normal 0.0 0.0 1.0
  outer loop
    vertex 4042.3266282544387 86.31195913608886 -64.8903179955229
    vertex 4043.6249282547337 113.5921197380153 -64.89031799578201
    vertex 4042.3266282547975 192.30856305239672 -64.8903179955229
  endloop
endfacet
facet normal 0.0 0.0 1.0
  outer loop
    vertex 4044.4249282547335 112.20647909195999 -64.890317995788
    vertex 4106.168828254423 81.81025913587266 -64.8903179955229
    vertex 4044.81081778257 112.0466384159525 -64.89031799578858
  endloop
endfacet
facet normal 0.0 0.0 1.0
  outer loop
    vertex 4044.81081778257 112.0466384159525 -64.89031799578858
    vertex 4106.168828254423 81.81025913587266 -64.8903179955229
    vertex 4045.224928254734 111.99211973801499 -64.89031799578868
  endloop
endfacet
facet normal 0.0 0.0 1.0
  outer loop
    vertex 4045.224928254734 111.99211973801499 -64.89031799578868
    vertex 4106.168828254423 81.81025913587266 -64.8903179955229
    vertex 4045.639038726898 112.04663841595242 -64.89031799578828
  endloop
endfacet
facet normal 0.0 0.0 1.0
  outer loop
    vertex 4045.639038726898 112.04663841595242 -64.89031799578828
    vertex 4106.168828254423 81.81025913587266 -64.8903179955229
    vertex 4046.024928254734 112.20647909195976 -64.89031799578743
  endloop
endfacet
facet normal 0.0 0.0 1.0
  outer loop
    vertex 4046.024928254734 112.20647909195976 -64.89031799578743
    vertex 4106.168828254423 81.81025913587266 -64.8903179955229
    vertex 4046.356299104633 112.46074888811633 -64.89031799578618
  endloop
endfacet
facet normal 0.0 0.0 1.0
  outer loop
    vertex 4046.356299104633 112.46074888811633 -64.89031799578618
    vertex 4106.168828254423 81.81025913587266 -64.8903179955229
    vertex 4046.6105689007895 112.7921197380148 -64.89031799578459
  endloop
endfacet
facet normal 0.0 0.0 1.0
  outer loop
    vertex 4046.6105689007895 112.7921197380148 -64.89031799578459
    vertex 4106.168828254423 81.81025913587266 -64.8903179955229
    vertex 4046.7704095767967 113.17800926585075 -64.89031799578278
  endloop
endfacet
facet normal 0.0 0.0 1.0
  outer loop
    vertex 4046.7704095767967 113.17800926585075 -64.89031799578278
    vertex 4106.168828254423 81.81025913587266 -64.8903179955229
    vertex 4046.8249282547345 113.5921197380148 -64.8903179957809
  endloop
endfacet
facet normal 0.0 0.0 1.0
  outer loop
    vertex 4046.8249282547345 113.5921197380148 -64.8903179957809
    vertex 4106.168828254423 81.81025913587266 -64.8903179955229
    vertex 4100.867128254434 84.92631848983558 -64.8903179955229
  endloop
endfacet
facet normal 0.0 0.0 1.0
  outer loop
    vertex 4046.8249282547345 113.5921197380148 -64.8903179957809
    vertex 4100.867128254434 84.92631848983558 -64.8903179955229
    vertex 4100.5357574045365 85.18058828599328 -64.8903179955229
  endloop
endfacet
facet normal 0.0 0.0 1.0
  outer loop
    vertex 4046.8249282547345 113.5921197380148 -64.8903179957809
    vertex 4100.5357574045365 85.18058828599328 -64.8903179955229
    vertex 4100.28148760838 85.51195913589234 -64.8903179955229
  endloop
endfacet
facet normal 0.0 0.0 1.0
  outer loop
    vertex 4046.8249282547345 113.5921197380148 -64.8903179957809
    vertex 4100.28148760838 85.51195913589234 -64.8903179955229
    vertex 4100.1216469323745 85.89784866372901 -64.8903179955229
  endloop
endfacet
facet normal 0.0 0.0 1.0
  outer loop
    vertex 4046.8249282547345 113.5921197380148 -64.8903179957809
    vertex 4100.1216469323745 85.89784866372901 -64.8903179955229
    vertex 4095.6233469327003 113.17800926585137 -64.89031799575802
  endloop
endfacet
facet normal 0.0 0.0 1.0
  outer loop
    vertex 4046.8249282547345 113.5921197380148 -64.8903179957809
    vertex 4095.6233469327003 113.17800926585137 -64.89031799575802
    vertex 4095.5688282547626 113.59211973801543 -64.89031799575616
  endloop
endfacet
facet normal 0.0 0.0 1.0
  outer loop
    vertex 4095.6233469327003 113.17800926585137 -64.89031799575802
    vertex 4100.1216469323745 85.89784866372901 -64.8903179955229
    vertex 4095.7831876087075 112.79211973801543 -64.8903179957597
  endloop
endfacet
facet normal 0.0 0.0 1.0
  outer loop
    vertex 4095.7831876087075 112.79211973801543 -64.8903179957597
    vertex 4100.1216469323745 85.89784866372901 -64.8903179955229
    vertex 4096.037457404865 112.46074888811697 -64.8903179957611
  endloop
endfacet
facet normal 0.0 0.0 1.0
  outer loop
    vertex 4096.037457404865 112.46074888811697 -64.8903179957611
    vertex 4100.1216469323745 85.89784866372901 -64.8903179955229
    vertex 4096.368828254763 112.2064790919603 -64.89031799576215
  endloop
endfacet
facet normal 0.0 0.0 1.0
  outer loop
    vertex 4096.368828254763 112.2064790919603 -64.89031799576215
    vertex 4100.1216469323745 85.89784866372901 -64.8903179955229
    vertex 4100.067128254438 86.3119591358932 -64.8903179955229
  endloop
endfacet
facet normal 0.0 0.0 1.0
  outer loop
    vertex 4096.368828254763 112.2064790919603 -64.89031799576215
    vertex 4100.067128254438 86.3119591358932 -64.8903179955229
    vertex 4096.754717782599 112.04663841595291 -64.89031799576271
  endloop
endfacet
facet normal 0.0 0.0 1.0
  outer loop
    vertex 4096.754717782599 112.04663841595291 -64.89031799576271
    vertex 4100.067128254438 86.3119591358932 -64.8903179955229
    vertex 4097.168828254763 111.99211973801543 -64.89031799576283
  endloop
endfacet
facet normal 0.0 0.0 1.0
  outer loop
    vertex 4097.168828254763 111.99211973801543 -64.89031799576283
    vertex 4100.067128254438 86.3119591358932 -64.8903179955229
    vertex 4097.582938726927 112.04663841595291 -64.89031799576243
  endloop
endfacet
facet normal 0.0 0.0 1.0
  outer loop
    vertex 4097.582938726927 112.04663841595291 -64.89031799576243
    vertex 4100.067128254438 86.3119591358932 -64.8903179955229
    vertex 4097.968828254763 112.2064790919603 -64.89031799576159
  endloop
endfacet
facet normal 0.0 0.0 1.0
  outer loop
    vertex 4097.968828254763 112.2064790919603 -64.89031799576159
    vertex 4100.067128254438 86.3119591358932 -64.8903179955229
    vertex 4098.300199104661 112.46074888811697 -64.89031799576033
  endloop
endfacet
facet normal 0.0 0.0 1.0
  outer loop
    vertex 4098.300199104661 112.46074888811697 -64.89031799576033
    vertex 4100.067128254438 86.3119591358932 -64.8903179955229
    vertex 4098.554468900818 112.79211973801543 -64.8903179957587
  endloop
endfacet
facet normal 0.0 0.0 1.0
  outer loop
    vertex 4098.554468900818 112.79211973801543 -64.8903179957587
    vertex 4100.067128254438 86.3119591358932 -64.8903179955229
    vertex 4098.714309576826 113.17800926585137 -64.89031799575694
  endloop
endfacet
facet normal 0.0 0.0 1.0
  outer loop
    vertex 4098.714309576826 113.17800926585137 -64.89031799575694
    vertex 4100.067128254438 86.3119591358932 -64.8903179955229
    vertex 4098.768828254763 113.59211973801543 -64.89031799575505
  endloop
endfacet
facet normal 0.0 0.0 1.0
  outer loop
    vertex 4098.768828254763 113.59211973801543 -64.89031799575505
    vertex 4100.067128254438 86.3119591358932 -64.8903179955229
    vertex 4098.768828254764 164.90032086445063 -64.89031799552546
  endloop
endfacet
facet normal 0.0 0.0 1.0
  outer loop
    vertex 4100.867128254434 84.92631848983558 -64.8903179955229
    vertex 4106.168828254423 81.81025913587266 -64.8903179955229
    vertex 4101.253017782269 84.76647781382684 -64.8903179955229
  endloop
endfacet
facet normal 0.0 0.0 1.0
  outer loop
    vertex 4101.253017782269 84.76647781382684 -64.8903179955229
    vertex 4106.168828254423 81.81025913587266 -64.8903179955229
    vertex 4101.667128254433 84.71195913588784 -64.8903179955229
  endloop
endfacet
facet normal 0.0 0.0 1.0
  outer loop
    vertex 4101.667128254433 84.71195913588784 -64.8903179955229
    vertex 4106.168828254423 81.81025913587266 -64.8903179955229
    vertex 4102.081238726598 84.766477813824 -64.8903179955229
  endloop
endfacet
facet normal 0.0 0.0 1.0
  outer loop
    vertex 4102.081238726598 84.766477813824 -64.8903179955229
    vertex 4106.168828254423 81.81025913587266 -64.8903179955229
    vertex 4102.467128254434 84.92631848983012 -64.8903179955229
  endloop
endfacet
facet normal 0.0 0.0 1.0
  outer loop
    vertex 4102.467128254434 84.92631848983012 -64.8903179955229
    vertex 4106.168828254423 81.81025913587266 -64.8903179955229
    vertex 4102.798499104333 85.18058828598566 -64.8903179955229
  endloop
endfacet
facet normal 0.0 0.0 1.0
  outer loop
    vertex 4102.798499104333 85.18058828598566 -64.8903179955229
    vertex 4106.168828254423 81.81025913587266 -64.8903179955229
    vertex 4103.052768900491 85.51195913588327 -64.8903179955229
  endloop
endfacet
facet normal 0.0 0.0 1.0
  outer loop
    vertex 4103.052768900491 85.51195913588327 -64.8903179955229
    vertex 4106.168828254423 81.81025913587266 -64.8903179955229
    vertex 4103.2126095765 85.89784866371849 -64.8903179955229
  endloop
endfacet
facet normal 0.0 0.0 1.0
  outer loop
    vertex 4103.2126095765 85.89784866371849 -64.8903179955229
    vertex 4106.168828254423 81.81025913587266 -64.8903179955229
    vertex 4103.267128254438 86.3119591358824 -64.8903179955229
  endloop
endfacet
facet normal 0.0 0.0 1.0
  outer loop
    vertex 4103.267128254438 86.3119591358824 -64.8903179955229
    vertex 4106.168828254423 81.81025913587266 -64.8903179955229
    vertex 4103.267128254798 192.30856305219012 -64.8903179955229
  endloop
endfacet
facet normal 0.0 0.0 1.0
  outer loop
    vertex 4036.2249282548128 196.81026305241724 -64.8903179955229
    vertex 4040.7266282548026 193.90856305240212 -64.8903179955229
    vertex 4106.168828254813 196.81026305218026 -64.8903179955229
  endloop
endfacet
facet normal 0.0 0.0 1.0
  outer loop
    vertex 4040.7266282548026 193.90856305240212 -64.8903179955229
    vertex 4036.2249282548128 196.81026305241724 -64.8903179955229
    vertex 4040.3125177826387 193.8540443744659 -64.8903179955229
  endloop
endfacet
facet normal 0.0 0.0 1.0
  outer loop
    vertex 4040.3125177826387 193.8540443744659 -64.8903179955229
    vertex 4036.2249282548128 196.81026305241724 -64.8903179955229
    vertex 4039.9266282548024 193.69420369845977 -64.8903179955229
  endloop
endfacet
facet normal 0.0 0.0 1.0
  outer loop
    vertex 4039.9266282548024 193.69420369845977 -64.8903179955229
    vertex 4036.2249282548128 196.81026305241724 -64.8903179955229
    vertex 4039.5952574049024 193.4399339023043 -64.8903179955229
  endloop
endfacet
facet normal 0.0 0.0 1.0
  outer loop
    vertex 4039.5952574049024 193.4399339023043 -64.8903179955229
    vertex 4036.2249282548128 196.81026305241724 -64.8903179955229
    vertex 4039.3409876087453 193.10856305240662 -64.8903179955229
  endloop
endfacet
facet normal 0.0 0.0 1.0
  outer loop
    vertex 4039.3409876087453 193.10856305240662 -64.8903179955229
    vertex 4036.2249282548128 196.81026305241724 -64.8903179955229
    vertex 4039.1811469327363 192.7226735245714 -64.8903179955229
  endloop
endfacet
facet normal 0.0 0.0 1.0
  outer loop
    vertex 4039.1811469327363 192.7226735245714 -64.8903179955229
    vertex 4036.2249282548128 196.81026305241724 -64.8903179955229
    vertex 4039.126628254797 192.30856305240755 -64.8903179955229
  endloop
endfacet
facet normal 0.0 0.0 1.0
  outer loop
    vertex 4039.126628254797 192.30856305240755 -64.8903179955229
    vertex 4036.2249282548128 196.81026305241724 -64.8903179955229
    vertex 4039.1266282544384 86.3119591360997 -64.8903179955229
  endloop
endfacet
facet normal 0.0 0.0 1.0
  outer loop
    vertex 4106.168828254813 196.81026305218026 -64.8903179955229
    vertex 4040.7266282548026 193.90856305240212 -64.8903179955229
    vertex 4041.140738726967 193.85404437446311 -64.8903179955229
  endloop
endfacet
facet normal 0.0 0.0 1.0
  outer loop
    vertex 4106.168828254813 196.81026305218026 -64.8903179955229
    vertex 4041.140738726967 193.85404437446311 -64.8903179955229
    vertex 4041.5266282548027 193.69420369845437 -64.8903179955229
  endloop
endfacet
facet normal 0.0 0.0 1.0
  outer loop
    vertex 4106.168828254813 196.81026305218026 -64.8903179955229
    vertex 4041.5266282548027 193.69420369845437 -64.8903179955229
    vertex 4041.8579991047 193.43993390229662 -64.8903179955229
  endloop
endfacet
facet normal 0.0 0.0 1.0
  outer loop
    vertex 4106.168828254813 196.81026305218026 -64.8903179955229
    vertex 4041.8579991047 193.43993390229662 -64.8903179955229
    vertex 4042.1122689008553 193.1085630523976 -64.8903179955229
  endloop
endfacet
facet normal 0.0 0.0 1.0
  outer loop
    vertex 4106.168828254813 196.81026305218026 -64.8903179955229
    vertex 4042.1122689008553 193.1085630523976 -64.8903179955229
    vertex 4042.272109576861 192.72267352456095 -64.8903179955229
  endloop
endfacet
facet normal 0.0 0.0 1.0
  outer loop
    vertex 4106.168828254813 196.81026305218026 -64.8903179955229
    vertex 4042.272109576861 192.72267352456095 -64.8903179955229
    vertex 4042.3266282547975 192.30856305239672 -64.8903179955229
  endloop
endfacet
facet normal 0.0 0.0 1.0
  outer loop
    vertex 4106.168828254813 196.81026305218026 -64.8903179955229
    vertex 4042.3266282547975 192.30856305239672 -64.8903179955229
    vertex 4044.4249282547344 166.28596151050874 -64.8903179955363
  endloop
endfacet
facet normal 0.0 0.0 1.0
  outer loop
    vertex 4044.4249282547344 166.28596151050874 -64.8903179955363
    vertex 4042.3266282547975 192.30856305239672 -64.8903179955229
    vertex 4044.0935574048362 166.03169171435218 -64.89031799553766
  endloop
endfacet
facet normal 0.0 0.0 1.0
  outer loop
    vertex 4044.0935574048362 166.03169171435218 -64.89031799553766
    vertex 4042.3266282547975 192.30856305239672 -64.8903179955229
    vertex 4043.8392876086796 165.70032086445374 -64.89031799553929
  endloop
endfacet
facet normal 0.0 0.0 1.0
  outer loop
    vertex 4043.8392876086796 165.70032086445374 -64.89031799553929
    vertex 4042.3266282547975 192.30856305239672 -64.8903179955229
    vertex 4043.6794469326715 165.31443133661784 -64.89031799554112
  endloop
endfacet
facet normal 0.0 0.0 1.0
  outer loop
    vertex 4043.6794469326715 165.31443133661784 -64.89031799554112
    vertex 4042.3266282547975 192.30856305239672 -64.8903179955229
    vertex 4043.6249282547346 164.90032086445382 -64.89031799554304
  endloop
endfacet
facet normal 0.0 0.0 1.0
  outer loop
    vertex 4043.6249282547346 164.90032086445382 -64.89031799554304
    vertex 4042.3266282547975 192.30856305239672 -64.8903179955229
    vertex 4043.6249282547337 113.5921197380153 -64.89031799578201
  endloop
endfacet
facet normal 0.0 0.0 1.0
  outer loop
    vertex 4106.168828254813 196.81026305218026 -64.8903179955229
    vertex 4044.4249282547344 166.28596151050874 -64.8903179955363
    vertex 4044.81081778257 166.44580218651606 -64.89031799553536
  endloop
endfacet
facet normal 0.0 0.0 1.0
  outer loop
    vertex 4106.168828254813 196.81026305218026 -64.8903179955229
    vertex 4044.81081778257 166.44580218651606 -64.89031799553536
    vertex 4045.224928254734 166.50032086445347 -64.89031799553487
  endloop
endfacet
facet normal 0.0 0.0 1.0
  outer loop
    vertex 4106.168828254813 196.81026305218026 -64.8903179955229
    vertex 4045.224928254734 166.50032086445347 -64.89031799553487
    vertex 4045.639038726898 166.44580218651586 -64.89031799553489
  endloop
endfacet
facet normal 0.0 0.0 1.0
  outer loop
    vertex 4106.168828254813 196.81026305218026 -64.8903179955229
    vertex 4045.639038726898 166.44580218651586 -64.89031799553489
    vertex 4046.0249282547347 166.2859615105084 -64.89031799553541
  endloop
endfacet
facet normal 0.0 0.0 1.0
  outer loop
    vertex 4106.168828254813 196.81026305218026 -64.8903179955229
    vertex 4046.0249282547347 166.2859615105084 -64.89031799553541
    vertex 4046.356299104633 166.0316917143517 -64.89031799553639
  endloop
endfacet
facet normal 0.0 0.0 1.0
  outer loop
    vertex 4106.168828254813 196.81026305218026 -64.8903179955229
    vertex 4046.356299104633 166.0316917143517 -64.89031799553639
    vertex 4046.4571035031936 165.90032086445342 -64.89031799553726
  endloop
endfacet
facet normal 0.0 0.0 1.0
  outer loop
    vertex 4106.168828254813 196.81026305218026 -64.8903179955229
    vertex 4046.4571035031936 165.90032086445342 -64.89031799553726
    vertex 4046.6105689007895 165.7003208644532 -64.89031799553774
  endloop
endfacet
facet normal 0.0 0.0 1.0
  outer loop
    vertex 4106.168828254813 196.81026305218026 -64.8903179955229
    vertex 4046.6105689007895 165.7003208644532 -64.89031799553774
    vertex 4046.7704095767967 165.3144313366172 -64.89031799553945
  endloop
endfacet
facet normal 0.0 0.0 1.0
  outer loop
    vertex 4106.168828254813 196.81026305218026 -64.8903179955229
    vertex 4046.7704095767967 165.3144313366172 -64.89031799553945
    vertex 4046.8249282547335 164.90032086445314 -64.89031799554127
  endloop
endfacet
facet normal 0.0 0.0 1.0
  outer loop
    vertex 4106.168828254813 196.81026305218026 -64.8903179955229
    vertex 4046.8249282547335 164.90032086445314 -64.89031799554127
    vertex 4100.867128254803 193.6942036982533 -64.8903179955229
  endloop
endfacet
facet normal 0.0 0.0 1.0
  outer loop
    vertex 4100.867128254803 193.6942036982533 -64.8903179955229
    vertex 4046.8249282547335 164.90032086445314 -64.89031799554127
    vertex 4100.535757404903 193.4399339020978 -64.8903179955229
  endloop
endfacet
facet normal 0.0 0.0 1.0
  outer loop
    vertex 4100.535757404903 193.4399339020978 -64.8903179955229
    vertex 4046.8249282547335 164.90032086445314 -64.89031799554127
    vertex 4100.281487608745 193.10856305220014 -64.8903179955229
  endloop
endfacet
facet normal 0.0 0.0 1.0
  outer loop
    vertex 4100.281487608745 193.10856305220014 -64.8903179955229
    vertex 4046.8249282547335 164.90032086445314 -64.89031799554127
    vertex 4046.8249282547345 113.5921197380148 -64.8903179957809
  endloop
endfacet
facet normal 0.0 0.0 1.0
  outer loop
    vertex 4100.281487608745 193.10856305220014 -64.8903179955229
    vertex 4046.8249282547345 113.5921197380148 -64.8903179957809
    vertex 4100.121646932736 192.72267352436492 -64.8903179955229
  endloop
endfacet
facet normal 0.0 0.0 1.0
  outer loop
    vertex 4100.121646932736 192.72267352436492 -64.8903179955229
    vertex 4046.8249282547345 113.5921197380148 -64.8903179957809
    vertex 4095.6233469327008 165.31443133661514 -64.8903179955247
  endloop
endfacet
facet normal 0.0 0.0 1.0
  outer loop
    vertex 4095.6233469327008 165.31443133661514 -64.8903179955247
    vertex 4046.8249282547345 113.5921197380148 -64.8903179957809
    vertex 4095.5688282547635 164.90032086445112 -64.89031799552659
  endloop
endfacet
facet normal 0.0 0.0 1.0
  outer loop
    vertex 4095.5688282547635 164.90032086445112 -64.89031799552659
    vertex 4046.8249282547345 113.5921197380148 -64.8903179957809
    vertex 4095.5688282547626 113.59211973801543 -64.89031799575616
  endloop
endfacet
facet normal 0.0 0.0 1.0
  outer loop
    vertex 4100.121646932736 192.72267352436492 -64.8903179955229
    vertex 4095.6233469327008 165.31443133661514 -64.8903179955247
    vertex 4095.7831876087084 165.70032086445113 -64.8903179955229
  endloop
endfacet
facet normal 0.0 0.0 1.0
  outer loop
    vertex 4100.121646932736 192.72267352436492 -64.8903179955229
    vertex 4095.7831876087084 165.70032086445113 -64.8903179955229
    vertex 4096.037457404865 166.03169171434956 -64.89031799552134
  endloop
endfacet
facet normal 0.0 0.0 1.0
  outer loop
    vertex 4100.121646932736 192.72267352436492 -64.8903179955229
    vertex 4096.037457404865 166.03169171434956 -64.89031799552134
    vertex 4096.368828254764 166.28596151050616 -64.89031799552006
  endloop
endfacet
facet normal 0.0 0.0 1.0
  outer loop
    vertex 4100.121646932736 192.72267352436492 -64.8903179955229
    vertex 4096.368828254764 166.28596151050616 -64.89031799552006
    vertex 4100.067128254798 192.30856305220104 -64.8903179955229
  endloop
endfacet
facet normal 0.0 0.0 1.0
  outer loop
    vertex 4100.067128254798 192.30856305220104 -64.8903179955229
    vertex 4096.368828254764 166.28596151050616 -64.89031799552006
    vertex 4096.7547177826 166.4458021865135 -64.89031799551921
  endloop
endfacet
facet normal 0.0 0.0 1.0
  outer loop
    vertex 4100.067128254798 192.30856305220104 -64.8903179955229
    vertex 4096.7547177826 166.4458021865135 -64.89031799551921
    vertex 4097.168828254764 166.50032086445094 -64.89031799551881
  endloop
endfacet
facet normal 0.0 0.0 1.0
  outer loop
    vertex 4100.067128254798 192.30856305220104 -64.8903179955229
    vertex 4097.168828254764 166.50032086445094 -64.89031799551881
    vertex 4097.582938726928 166.4458021865134 -64.8903179955189
  endloop
endfacet
facet normal 0.0 0.0 1.0
  outer loop
    vertex 4100.067128254798 192.30856305220104 -64.8903179955229
    vertex 4097.582938726928 166.4458021865134 -64.8903179955189
    vertex 4097.968828254764 166.2859615105059 -64.89031799551948
  endloop
endfacet
facet normal 0.0 0.0 1.0
  outer loop
    vertex 4100.067128254798 192.30856305220104 -64.8903179955229
    vertex 4097.968828254764 166.2859615105059 -64.89031799551948
    vertex 4098.300199104662 166.03169171434922 -64.89031799552053
  endloop
endfacet
facet normal 0.0 0.0 1.0
  outer loop
    vertex 4100.067128254798 192.30856305220104 -64.8903179955229
    vertex 4098.300199104662 166.03169171434922 -64.89031799552053
    vertex 4098.554468900819 165.70032086445067 -64.89031799552191
  endloop
endfacet
facet normal 0.0 0.0 1.0
  outer loop
    vertex 4100.067128254798 192.30856305220104 -64.8903179955229
    vertex 4098.554468900819 165.70032086445067 -64.89031799552191
    vertex 4098.714309576826 165.3144313366147 -64.89031799552363
  endloop
endfacet
facet normal 0.0 0.0 1.0
  outer loop
    vertex 4100.067128254798 192.30856305220104 -64.8903179955229
    vertex 4098.714309576826 165.3144313366147 -64.89031799552363
    vertex 4098.768828254764 164.90032086445063 -64.89031799552546
  endloop
endfacet
facet normal 0.0 0.0 1.0
  outer loop
    vertex 4100.067128254798 192.30856305220104 -64.8903179955229
    vertex 4098.768828254764 164.90032086445063 -64.89031799552546
    vertex 4100.067128254438 86.3119591358932 -64.8903179955229
  endloop
endfacet
facet normal 0.0 0.0 1.0
  outer loop
    vertex 4106.168828254813 196.81026305218026 -64.8903179955229
    vertex 4100.867128254803 193.6942036982533 -64.8903179955229
    vertex 4101.253017782639 193.85404437425942 -64.8903179955229
  endloop
endfacet
facet normal 0.0 0.0 1.0
  outer loop
    vertex 4106.168828254813 196.81026305218026 -64.8903179955229
    vertex 4101.253017782639 193.85404437425942 -64.8903179955229
    vertex 4101.667128254803 193.90856305219563 -64.8903179955229
  endloop
endfacet
facet normal 0.0 0.0 1.0
  outer loop
    vertex 4106.168828254813 196.81026305218026 -64.8903179955229
    vertex 4101.667128254803 193.90856305219563 -64.8903179955229
    vertex 4102.081238726967 193.85404437425663 -64.8903179955229
  endloop
endfacet
facet normal 0.0 0.0 1.0
  outer loop
    vertex 4106.168828254813 196.81026305218026 -64.8903179955229
    vertex 4102.081238726967 193.85404437425663 -64.8903179955229
    vertex 4102.467128254802 193.6942036982479 -64.8903179955229
  endloop
endfacet
facet normal 0.0 0.0 1.0
  outer loop
    vertex 4106.168828254813 196.81026305218026 -64.8903179955229
    vertex 4102.467128254802 193.6942036982479 -64.8903179955229
    vertex 4102.7984991047 193.43993390209013 -64.8903179955229
  endloop
endfacet
facet normal 0.0 0.0 1.0
  outer loop
    vertex 4106.168828254813 196.81026305218026 -64.8903179955229
    vertex 4102.7984991047 193.43993390209013 -64.8903179955229
    vertex 4103.052768900856 193.10856305219113 -64.8903179955229
  endloop
endfacet
facet normal 0.0 0.0 1.0
  outer loop
    vertex 4106.168828254813 196.81026305218026 -64.8903179955229
    vertex 4103.052768900856 193.10856305219113 -64.8903179955229
    vertex 4103.212609576862 192.72267352435446 -64.8903179955229
  endloop
endfacet
facet normal 0.0 0.0 1.0
  outer loop
    vertex 4106.168828254813 196.81026305218026 -64.8903179955229
    vertex 4103.212609576862 192.72267352435446 -64.8903179955229
    vertex 4103.267128254798 192.30856305219012 -64.8903179955229
  endloop
endfacet
facet normal 0.0 0.0 1.0
  outer loop
    vertex 4106.168828254813 196.81026305218026 -64.8903179955229
    vertex 4103.267128254798 192.30856305219012 -64.8903179955229
    vertex 4106.168828254423 81.81025913587266 -64.8903179955229
  endloop
endfacet
facet normal 0.0 0.0 1.0
  outer loop
    vertex 4100.121646932377 86.72606960805712 -64.8903179955229
    vertex 4100.067128254798 192.30856305220104 -64.8903179955229
    vertex 4100.067128254438 86.3119591358932 -64.8903179955229
  endloop
endfacet
facet normal 0.0 0.0 1.0
  outer loop
    vertex 4100.067128254798 192.30856305220104 -64.8903179955229
    vertex 4100.121646932377 86.72606960805712 -64.8903179955229
    vertex 4100.121646932734 191.8944525800368 -64.8903179955229
  endloop
endfacet
facet normal 0.0 0.0 1.0
  outer loop
    vertex 4100.121646932734 191.8944525800368 -64.8903179955229
    vertex 4100.121646932377 86.72606960805712 -64.8903179955229
    vertex 4100.281487608387 87.11195913589233 -64.8903179955229
  endloop
endfacet
facet normal 0.0 0.0 1.0
  outer loop
    vertex 4100.121646932734 191.8944525800368 -64.8903179955229
    vertex 4100.281487608387 87.11195913589233 -64.8903179955229
    vertex 4100.28148760874 191.50856305220015 -64.8903179955229
  endloop
endfacet
facet normal 0.0 0.0 1.0
  outer loop
    vertex 4100.28148760874 191.50856305220015 -64.8903179955229
    vertex 4100.281487608387 87.11195913589233 -64.8903179955229
    vertex 4100.535757404544 87.44332998578996 -64.8903179955229
  endloop
endfacet
facet normal 0.0 0.0 1.0
  outer loop
    vertex 4100.28148760874 191.50856305220015 -64.8903179955229
    vertex 4100.535757404544 87.44332998578996 -64.8903179955229
    vertex 4100.535757404895 191.17719220230114 -64.8903179955229
  endloop
endfacet
facet normal 0.0 0.0 1.0
  outer loop
    vertex 4100.535757404895 191.17719220230114 -64.8903179955229
    vertex 4100.535757404544 87.44332998578996 -64.8903179955229
    vertex 4100.867128254443 87.69759978194548 -64.8903179955229
  endloop
endfacet
facet normal 0.0 0.0 1.0
  outer loop
    vertex 4100.535757404895 191.17719220230114 -64.8903179955229
    vertex 4100.867128254443 87.69759978194548 -64.8903179955229
    vertex 4100.867128254793 190.92292240614339 -64.8903179955229
  endloop
endfacet
facet normal 0.0 0.0 1.0
  outer loop
    vertex 4100.867128254793 190.92292240614339 -64.8903179955229
    vertex 4100.867128254443 87.69759978194548 -64.8903179955229
    vertex 4101.25301778228 87.85744045795161 -64.8903179955229
  endloop
endfacet
facet normal 0.0 0.0 1.0
  outer loop
    vertex 4100.867128254793 190.92292240614339 -64.8903179955229
    vertex 4101.25301778228 87.85744045795161 -64.8903179955229
    vertex 4101.253017782628 190.76308173013464 -64.8903179955229
  endloop
endfacet
facet normal 0.0 0.0 1.0
  outer loop
    vertex 4101.253017782628 190.76308173013464 -64.8903179955229
    vertex 4101.25301778228 87.85744045795161 -64.8903179955229
    vertex 4101.667128254444 87.91195913588783 -64.8903179955229
  endloop
endfacet
facet normal 0.0 0.0 1.0
  outer loop
    vertex 4101.253017782628 190.76308173013464 -64.8903179955229
    vertex 4101.667128254444 87.91195913588783 -64.8903179955229
    vertex 4101.667128254792 190.70856305219564 -64.8903179955229
  endloop
endfacet
facet normal 0.0 0.0 1.0
  outer loop
    vertex 4101.667128254792 190.70856305219564 -64.8903179955229
    vertex 4101.667128254444 87.91195913588783 -64.8903179955229
    vertex 4102.081238726608 87.85744045794877 -64.8903179955229
  endloop
endfacet
facet normal 0.0 0.0 1.0
  outer loop
    vertex 4101.667128254792 190.70856305219564 -64.8903179955229
    vertex 4102.081238726608 87.85744045794877 -64.8903179955229
    vertex 4102.081238726956 190.76308173013186 -64.8903179955229
  endloop
endfacet
facet normal 0.0 0.0 1.0
  outer loop
    vertex 4102.081238726956 190.76308173013186 -64.8903179955229
    vertex 4102.081238726608 87.85744045794877 -64.8903179955229
    vertex 4102.467128254443 87.69759978194003 -64.8903179955229
  endloop
endfacet
facet normal 0.0 0.0 1.0
  outer loop
    vertex 4102.081238726956 190.76308173013186 -64.8903179955229
    vertex 4102.467128254443 87.69759978194003 -64.8903179955229
    vertex 4102.467128254793 190.92292240613799 -64.8903179955229
  endloop
endfacet
facet normal 0.0 0.0 1.0
  outer loop
    vertex 4102.467128254793 190.92292240613799 -64.8903179955229
    vertex 4102.467128254443 87.69759978194003 -64.8903179955229
    vertex 4102.798499104341 87.44332998578233 -64.8903179955229
  endloop
endfacet
facet normal 0.0 0.0 1.0
  outer loop
    vertex 4102.467128254793 190.92292240613799 -64.8903179955229
    vertex 4102.798499104341 87.44332998578233 -64.8903179955229
    vertex 4102.798499104692 191.17719220229347 -64.8903179955229
  endloop
endfacet
facet normal 0.0 0.0 1.0
  outer loop
    vertex 4102.798499104692 191.17719220229347 -64.8903179955229
    vertex 4102.798499104341 87.44332998578233 -64.8903179955229
    vertex 4103.052768900496 87.11195913588327 -64.8903179955229
  endloop
endfacet
facet normal 0.0 0.0 1.0
  outer loop
    vertex 4102.798499104692 191.17719220229347 -64.8903179955229
    vertex 4103.052768900496 87.11195913588327 -64.8903179955229
    vertex 4103.0527689008495 191.50856305219114 -64.8903179955229
  endloop
endfacet
facet normal 0.0 0.0 1.0
  outer loop
    vertex 4103.0527689008495 191.50856305219114 -64.8903179955229
    vertex 4103.052768900496 87.11195913588327 -64.8903179955229
    vertex 4103.2126095765025 86.7260696080466 -64.8903179955229
  endloop
endfacet
facet normal 0.0 0.0 1.0
  outer loop
    vertex 4103.0527689008495 191.50856305219114 -64.8903179955229
    vertex 4103.2126095765025 86.7260696080466 -64.8903179955229
    vertex 4103.212609576859 191.89445258002635 -64.8903179955229
  endloop
endfacet
facet normal 0.0 0.0 1.0
  outer loop
    vertex 4103.212609576859 191.89445258002635 -64.8903179955229
    vertex 4103.2126095765025 86.7260696080466 -64.8903179955229
    vertex 4103.267128254438 86.3119591358824 -64.8903179955229
  endloop
endfacet
facet normal 0.0 0.0 1.0
  outer loop
    vertex 4103.212609576859 191.89445258002635 -64.8903179955229
    vertex 4103.267128254438 86.3119591358824 -64.8903179955229
    vertex 4103.267128254798 192.30856305219012 -64.8903179955229
  endloop
endfacet
facet normal 0.0 0.0 1.0
  outer loop
    vertex 4095.6233469327003 114.00623021017944 -64.89031799575429
    vertex 4095.5688282547635 164.90032086445112 -64.89031799552659
    vertex 4095.5688282547626 113.59211973801543 -64.89031799575616
  endloop
endfacet
facet normal 0.0 0.0 1.0
  outer loop
    vertex 4095.5688282547635 164.90032086445112 -64.89031799552659
    vertex 4095.6233469327003 114.00623021017944 -64.89031799575429
    vertex 4095.6233469327008 164.48621039228703 -64.89031799552845
  endloop
endfacet
facet normal 0.0 0.0 1.0
  outer loop
    vertex 4095.6233469327008 164.48621039228703 -64.89031799552845
    vertex 4095.6233469327003 114.00623021017944 -64.89031799575429
    vertex 4095.7831876087075 114.39211973801544 -64.89031799575251
  endloop
endfacet
facet normal 0.0 0.0 1.0
  outer loop
    vertex 4095.6233469327008 164.48621039228703 -64.89031799552845
    vertex 4095.7831876087075 114.39211973801544 -64.89031799575251
    vertex 4095.7831876087084 164.10032086445105 -64.89031799553013
  endloop
endfacet
facet normal 0.0 0.0 1.0
  outer loop
    vertex 4095.7831876087084 164.10032086445105 -64.89031799553013
    vertex 4095.7831876087075 114.39211973801544 -64.89031799575251
    vertex 4096.037457404865 114.7234905879139 -64.8903179957509
  endloop
endfacet
facet normal 0.0 0.0 1.0
  outer loop
    vertex 4095.7831876087084 164.10032086445105 -64.89031799553013
    vertex 4096.037457404865 114.7234905879139 -64.8903179957509
    vertex 4096.037457404865 163.7689500145525 -64.89031799553153
  endloop
endfacet
facet normal 0.0 0.0 1.0
  outer loop
    vertex 4096.037457404865 163.7689500145525 -64.89031799553153
    vertex 4096.037457404865 114.7234905879139 -64.8903179957509
    vertex 4096.368828254763 114.97776038407052 -64.89031799574964
  endloop
endfacet
facet normal 0.0 0.0 1.0
  outer loop
    vertex 4096.037457404865 163.7689500145525 -64.89031799553153
    vertex 4096.368828254763 114.97776038407052 -64.89031799574964
    vertex 4096.368828254763 163.51468021839582 -64.89031799553257
  endloop
endfacet
facet normal 0.0 0.0 1.0
  outer loop
    vertex 4096.368828254763 163.51468021839582 -64.89031799553257
    vertex 4096.368828254763 114.97776038407052 -64.89031799574964
    vertex 4096.754717782599 115.13760106007791 -64.89031799574879
  endloop
endfacet
facet normal 0.0 0.0 1.0
  outer loop
    vertex 4096.368828254763 163.51468021839582 -64.89031799553257
    vertex 4096.754717782599 115.13760106007791 -64.89031799574879
    vertex 4096.7547177826 163.35483954238833 -64.89031799553312
  endloop
endfacet
facet normal 0.0 0.0 1.0
  outer loop
    vertex 4096.7547177826 163.35483954238833 -64.89031799553312
    vertex 4096.754717782599 115.13760106007791 -64.89031799574879
    vertex 4097.168828254763 115.19211973801544 -64.89031799574839
  endloop
endfacet
facet normal 0.0 0.0 1.0
  outer loop
    vertex 4096.7547177826 163.35483954238833 -64.89031799553312
    vertex 4097.168828254763 115.19211973801544 -64.89031799574839
    vertex 4097.168828254764 163.3003208644508 -64.89031799553322
  endloop
endfacet
facet normal 0.0 0.0 1.0
  outer loop
    vertex 4097.168828254764 163.3003208644508 -64.89031799553322
    vertex 4097.168828254763 115.19211973801544 -64.89031799574839
    vertex 4097.582938726927 115.13760106007791 -64.8903179957485
  endloop
endfacet
facet normal 0.0 0.0 1.0
  outer loop
    vertex 4097.168828254764 163.3003208644508 -64.89031799553322
    vertex 4097.582938726927 115.13760106007791 -64.8903179957485
    vertex 4097.582938726928 163.35483954238822 -64.89031799553284
  endloop
endfacet
facet normal 0.0 0.0 1.0
  outer loop
    vertex 4097.582938726928 163.35483954238822 -64.89031799553284
    vertex 4097.582938726927 115.13760106007791 -64.8903179957485
    vertex 4097.968828254763 114.97776038407052 -64.89031799574907
  endloop
endfacet
facet normal 0.0 0.0 1.0
  outer loop
    vertex 4097.582938726928 163.35483954238822 -64.89031799553284
    vertex 4097.968828254763 114.97776038407052 -64.89031799574907
    vertex 4097.968828254763 163.51468021839557 -64.89031799553199
  endloop
endfacet
facet normal 0.0 0.0 1.0
  outer loop
    vertex 4097.968828254763 163.51468021839557 -64.89031799553199
    vertex 4097.968828254763 114.97776038407052 -64.89031799574907
    vertex 4098.300199104661 114.7234905879139 -64.89031799575012
  endloop
endfacet
facet normal 0.0 0.0 1.0
  outer loop
    vertex 4097.968828254763 163.51468021839557 -64.89031799553199
    vertex 4098.300199104661 114.7234905879139 -64.89031799575012
    vertex 4098.300199104662 163.76895001455216 -64.89031799553075
  endloop
endfacet
facet normal 0.0 0.0 1.0
  outer loop
    vertex 4098.300199104662 163.76895001455216 -64.89031799553075
    vertex 4098.300199104661 114.7234905879139 -64.89031799575012
    vertex 4098.554468900818 114.39211973801544 -64.8903179957515
  endloop
endfacet
facet normal 0.0 0.0 1.0
  outer loop
    vertex 4098.300199104662 163.76895001455216 -64.89031799553075
    vertex 4098.554468900818 114.39211973801544 -64.8903179957515
    vertex 4098.554468900819 164.10032086445062 -64.89031799552914
  endloop
endfacet
facet normal 0.0 0.0 1.0
  outer loop
    vertex 4098.554468900819 164.10032086445062 -64.89031799552914
    vertex 4098.554468900818 114.39211973801544 -64.8903179957515
    vertex 4098.714309576826 114.00623021017944 -64.89031799575321
  endloop
endfacet
facet normal 0.0 0.0 1.0
  outer loop
    vertex 4098.554468900819 164.10032086445062 -64.89031799552914
    vertex 4098.714309576826 114.00623021017944 -64.89031799575321
    vertex 4098.714309576826 164.48621039228658 -64.89031799552734
  endloop
endfacet
facet normal 0.0 0.0 1.0
  outer loop
    vertex 4098.714309576826 164.48621039228658 -64.89031799552734
    vertex 4098.714309576826 114.00623021017944 -64.89031799575321
    vertex 4098.768828254763 113.59211973801543 -64.89031799575505
  endloop
endfacet
facet normal 0.0 0.0 1.0
  outer loop
    vertex 4098.714309576826 164.48621039228658 -64.89031799552734
    vertex 4098.768828254763 113.59211973801543 -64.89031799575505
    vertex 4098.768828254764 164.90032086445063 -64.89031799552546
  endloop
endfacet
facet normal 0.0 0.0 1.0
  outer loop
    vertex 4039.1811469323775 86.72606960826359 -64.8903179955229
    vertex 4039.126628254797 192.30856305240755 -64.8903179955229
    vertex 4039.1266282544384 86.3119591360997 -64.8903179955229
  endloop
endfacet
facet normal 0.0 0.0 1.0
  outer loop
    vertex 4039.126628254797 192.30856305240755 -64.8903179955229
    vertex 4039.1811469323775 86.72606960826359 -64.8903179955229
    vertex 4039.1811469327336 191.8944525802433 -64.8903179955229
  endloop
endfacet
facet normal 0.0 0.0 1.0
  outer loop
    vertex 4039.1811469327336 191.8944525802433 -64.8903179955229
    vertex 4039.1811469323775 86.72606960826359 -64.8903179955229
    vertex 4039.3409876083856 87.1119591360988 -64.8903179955229
  endloop
endfacet
facet normal 0.0 0.0 1.0
  outer loop
    vertex 4039.1811469327336 191.8944525802433 -64.8903179955229
    vertex 4039.3409876083856 87.1119591360988 -64.8903179955229
    vertex 4039.3409876087394 191.50856305240663 -64.8903179955229
  endloop
endfacet
facet normal 0.0 0.0 1.0
  outer loop
    vertex 4039.3409876087394 191.50856305240663 -64.8903179955229
    vertex 4039.3409876083856 87.1119591360988 -64.8903179955229
    vertex 4039.5952574045436 87.44332998599648 -64.8903179955229
  endloop
endfacet
facet normal 0.0 0.0 1.0
  outer loop
    vertex 4039.3409876087394 191.50856305240663 -64.8903179955229
    vertex 4039.5952574045436 87.44332998599648 -64.8903179955229
    vertex 4039.5952574048956 191.17719220250763 -64.8903179955229
  endloop
endfacet
facet normal 0.0 0.0 1.0
  outer loop
    vertex 4039.5952574048956 191.17719220250763 -64.8903179955229
    vertex 4039.5952574045436 87.44332998599648 -64.8903179955229
    vertex 4039.9266282544436 87.69759978215195 -64.8903179955229
  endloop
endfacet
facet normal 0.0 0.0 1.0
  outer loop
    vertex 4039.5952574048956 191.17719220250763 -64.8903179955229
    vertex 4039.9266282544436 87.69759978215195 -64.8903179955229
    vertex 4039.926628254793 190.9229224063499 -64.8903179955229
  endloop
endfacet
facet normal 0.0 0.0 1.0
  outer loop
    vertex 4039.926628254793 190.9229224063499 -64.8903179955229
    vertex 4039.9266282544436 87.69759978215195 -64.8903179955229
    vertex 4040.31251778228 87.85744045815807 -64.8903179955229
  endloop
endfacet
facet normal 0.0 0.0 1.0
  outer loop
    vertex 4039.926628254793 190.9229224063499 -64.8903179955229
    vertex 4040.31251778228 87.85744045815807 -64.8903179955229
    vertex 4040.3125177826287 190.76308173034113 -64.8903179955229
  endloop
endfacet
facet normal 0.0 0.0 1.0
  outer loop
    vertex 4040.3125177826287 190.76308173034113 -64.8903179955229
    vertex 4040.31251778228 87.85744045815807 -64.8903179955229
    vertex 4040.7266282544438 87.91195913609431 -64.8903179955229
  endloop
endfacet
facet normal 0.0 0.0 1.0
  outer loop
    vertex 4040.3125177826287 190.76308173034113 -64.8903179955229
    vertex 4040.7266282544438 87.91195913609431 -64.8903179955229
    vertex 4040.726628254792 190.70856305240213 -64.8903179955229
  endloop
endfacet
facet normal 0.0 0.0 1.0
  outer loop
    vertex 4040.726628254792 190.70856305240213 -64.8903179955229
    vertex 4040.7266282544438 87.91195913609431 -64.8903179955229
    vertex 4041.140738726608 87.85744045815527 -64.8903179955229
  endloop
endfacet
facet normal 0.0 0.0 1.0
  outer loop
    vertex 4040.726628254792 190.70856305240213 -64.8903179955229
    vertex 4041.140738726608 87.85744045815527 -64.8903179955229
    vertex 4041.140738726957 190.76308173033834 -64.8903179955229
  endloop
endfacet
facet normal 0.0 0.0 1.0
  outer loop
    vertex 4041.140738726957 190.76308173033834 -64.8903179955229
    vertex 4041.140738726608 87.85744045815527 -64.8903179955229
    vertex 4041.526628254443 87.69759978214655 -64.8903179955229
  endloop
endfacet
facet normal 0.0 0.0 1.0
  outer loop
    vertex 4041.140738726957 190.76308173033834 -64.8903179955229
    vertex 4041.526628254443 87.69759978214655 -64.8903179955229
    vertex 4041.526628254793 190.92292240634447 -64.8903179955229
  endloop
endfacet
facet normal 0.0 0.0 1.0
  outer loop
    vertex 4041.526628254793 190.92292240634447 -64.8903179955229
    vertex 4041.526628254443 87.69759978214655 -64.8903179955229
    vertex 4041.8579991043407 87.44332998598881 -64.8903179955229
  endloop
endfacet
facet normal 0.0 0.0 1.0
  outer loop
    vertex 4041.526628254793 190.92292240634447 -64.8903179955229
    vertex 4041.8579991043407 87.44332998598881 -64.8903179955229
    vertex 4041.857999104692 191.17719220249995 -64.8903179955229
  endloop
endfacet
facet normal 0.0 0.0 1.0
  outer loop
    vertex 4041.857999104692 191.17719220249995 -64.8903179955229
    vertex 4041.8579991043407 87.44332998598881 -64.8903179955229
    vertex 4042.1122689004965 87.11195913608981 -64.8903179955229
  endloop
endfacet
facet normal 0.0 0.0 1.0
  outer loop
    vertex 4041.857999104692 191.17719220249995 -64.8903179955229
    vertex 4042.1122689004965 87.11195913608981 -64.8903179955229
    vertex 4042.1122689008503 191.50856305239762 -64.8903179955229
  endloop
endfacet
facet normal 0.0 0.0 1.0
  outer loop
    vertex 4042.1122689008503 191.50856305239762 -64.8903179955229
    vertex 4042.1122689004965 87.11195913608981 -64.8903179955229
    vertex 4042.2721095765023 86.72606960825314 -64.8903179955229
  endloop
endfacet
facet normal 0.0 0.0 1.0
  outer loop
    vertex 4042.1122689008503 191.50856305239762 -64.8903179955229
    vertex 4042.2721095765023 86.72606960825314 -64.8903179955229
    vertex 4042.272109576859 191.89445258023284 -64.8903179955229
  endloop
endfacet
facet normal 0.0 0.0 1.0
  outer loop
    vertex 4042.272109576859 191.89445258023284 -64.8903179955229
    vertex 4042.2721095765023 86.72606960825314 -64.8903179955229
    vertex 4042.3266282544387 86.31195913608886 -64.8903179955229
  endloop
endfacet
facet normal 0.0 0.0 1.0
  outer loop
    vertex 4042.272109576859 191.89445258023284 -64.8903179955229
    vertex 4042.3266282544387 86.31195913608886 -64.8903179955229
    vertex 4042.3266282547975 192.30856305239672 -64.8903179955229
  endloop
endfacet
facet normal 0.13052619222368764 0.9914448613733319 0.0
  outer loop
    vertex 4040.312517782269 84.7664778140333 -64.8903179955229
    vertex 4040.7266282544333 84.71195913609432 -68.89031799531412
    vertex 4040.312517782269 84.7664778140333 -68.89031799531412
  endloop
endfacet
facet normal 0.13052619222368764 0.9914448613733319 0.0
  outer loop
    vertex 4040.7266282544333 84.71195913609432 -68.89031799531412
    vertex 4040.312517782269 84.7664778140333 -64.8903179955229
    vertex 4040.7266282544333 84.71195913609432 -64.8903179955229
  endloop
endfacet
facet normal 0.9238795325126401 0.3826834323618225 0.0
  outer loop
    vertex 4100.1216469323745 85.89784866372901 -68.89031799531412
    vertex 4100.28148760838 85.51195913589234 -64.8903179955229
    vertex 4100.28148760838 85.51195913589234 -68.89031799531412
  endloop
endfacet
facet normal 0.9238795325126401 0.3826834323618225 0.0
  outer loop
    vertex 4100.28148760838 85.51195913589234 -64.8903179955229
    vertex 4100.1216469323745 85.89784866372901 -68.89031799531412
    vertex 4100.1216469323745 85.89784866372901 -64.8903179955229
  endloop
endfacet
facet normal 0.3826834323682868 0.9238795325099626 0.0
  outer loop
    vertex 4039.926628254434 84.92631849004205 -64.8903179955229
    vertex 4040.312517782269 84.7664778140333 -68.89031799531412
    vertex 4039.926628254434 84.92631849004205 -68.89031799531412
  endloop
endfacet
facet normal 0.3826834323682868 0.9238795325099626 0.0
  outer loop
    vertex 4040.312517782269 84.7664778140333 -68.89031799531412
    vertex 4039.926628254434 84.92631849004205 -64.8903179955229
    vertex 4040.312517782269 84.7664778140333 -64.8903179955229
  endloop
endfacet
facet normal -0.1305261922236875 -0.9914448613733319 0.0
  outer loop
    vertex 4041.140738726608 87.85744045815527 -64.8903179955229
    vertex 4040.7266282544438 87.91195913609431 -68.89031799531412
    vertex 4041.140738726608 87.85744045815527 -68.89031799531412
  endloop
endfacet
facet normal -0.1305261922236875 -0.9914448613733319 0.0
  outer loop
    vertex 4040.7266282544438 87.91195913609431 -68.89031799531412
    vertex 4041.140738726608 87.85744045815527 -64.8903179955229
    vertex 4040.7266282544438 87.91195913609431 -64.8903179955229
  endloop
endfacet
facet normal -1.0 3.3884180183907375e-12 0.0
  outer loop
    vertex 4036.2249282548128 196.81026305241724 -64.8903179955229
    vertex 4036.2249282544235 81.81025913610966 -68.8903179953141
    vertex 4036.2249282544235 81.81025913610966 -64.8903179955229
  endloop
endfacet
facet normal -1.0 3.3884180183907375e-12 0.0
  outer loop
    vertex 4036.2249282544235 81.81025913610966 -68.8903179953141
    vertex 4036.2249282548128 196.81026305241724 -64.8903179955229
    vertex 4036.2249282548128 196.81026305241724 -68.8903179953141
  endloop
endfacet
facet normal -0.1305261922169685 0.9914448613742164 0.0
  outer loop
    vertex 4040.7266282544333 84.71195913609432 -64.8903179955229
    vertex 4041.140738726597 84.76647781403048 -68.89031799531412
    vertex 4040.7266282544333 84.71195913609432 -68.89031799531412
  endloop
endfacet
facet normal -0.1305261922169685 0.9914448613742164 0.0
  outer loop
    vertex 4041.140738726597 84.76647781403048 -68.89031799531412
    vertex 4040.7266282544333 84.71195913609432 -64.8903179955229
    vertex 4041.140738726597 84.76647781403048 -64.8903179955229
  endloop
endfacet
facet normal 0.9238795325099194 -0.38268343236839086 0.0
  outer loop
    vertex 4039.3409876083856 87.1119591360988 -68.89031799531412
    vertex 4039.1811469323775 86.72606960826359 -64.8903179955229
    vertex 4039.1811469323775 86.72606960826359 -68.89031799531412
  endloop
endfacet
facet normal 0.9238795325099194 -0.38268343236839086 0.0
  outer loop
    vertex 4039.1811469323775 86.72606960826359 -64.8903179955229
    vertex 4039.3409876083856 87.1119591360988 -68.89031799531412
    vertex 4039.3409876083856 87.1119591360988 -64.8903179955229
  endloop
endfacet
facet normal 0.7933533402892089 -0.6087614290113615 0.0
  outer loop
    vertex 4039.5952574049024 193.4399339023043 -68.8903179953141
    vertex 4039.3409876087453 193.10856305240662 -64.8903179955229
    vertex 4039.3409876087453 193.10856305240662 -68.8903179953141
  endloop
endfacet
facet normal 0.7933533402892089 -0.6087614290113615 0.0
  outer loop
    vertex 4039.3409876087453 193.10856305240662 -64.8903179955229
    vertex 4039.5952574049024 193.4399339023043 -68.8903179953141
    vertex 4039.5952574049024 193.4399339023043 -64.8903179955229
  endloop
endfacet
facet normal 1.0 -3.3886141899721323e-12 0.0
  outer loop
    vertex 4106.168828254813 196.81026305218026 -68.8903179953141
    vertex 4106.168828254423 81.81025913587266 -64.8903179955229
    vertex 4106.168828254423 81.81025913587266 -68.8903179953141
  endloop
endfacet
facet normal 1.0 -3.3886141899721323e-12 0.0
  outer loop
    vertex 4106.168828254423 81.81025913587266 -64.8903179955229
    vertex 4106.168828254813 196.81026305218026 -68.8903179953141
    vertex 4106.168828254813 196.81026305218026 -64.8903179955229
  endloop
endfacet
facet normal 0.13052619221696854 -0.9914448613742164 0.0
  outer loop
    vertex 4040.7266282548026 193.90856305240212 -64.8903179955229
    vertex 4040.3125177826387 193.8540443744659 -68.8903179953141
    vertex 4040.7266282548026 193.90856305240212 -68.8903179953141
  endloop
endfacet
facet normal 0.13052619221696854 -0.9914448613742164 0.0
  outer loop
    vertex 4040.3125177826387 193.8540443744659 -68.8903179953141
    vertex 4040.7266282548026 193.90856305240212 -64.8903179955229
    vertex 4040.3125177826387 193.8540443744659 -64.8903179955229
  endloop
endfacet
facet normal -3.3884180183907375e-12 -1.0 0.0
  outer loop
    vertex 4106.168828254423 81.81025913587266 -64.8903179955229
    vertex 4036.2249282544235 81.81025913610966 -68.8903179953141
    vertex 4106.168828254423 81.81025913587266 -68.8903179953141
  endloop
endfacet
facet normal -3.3884180183907375e-12 -1.0 0.0
  outer loop
    vertex 4036.2249282544235 81.81025913610966 -68.8903179953141
    vertex 4106.168828254423 81.81025913587266 -64.8903179955229
    vertex 4036.2249282544235 81.81025913610966 -64.8903179955229
  endloop
endfacet
facet normal 3.3884180183907375e-12 1.0 0.0
  outer loop
    vertex 4036.2249282548128 196.81026305241724 -64.8903179955229
    vertex 4106.168828254813 196.81026305218026 -68.8903179953141
    vertex 4036.2249282548128 196.81026305241724 -68.8903179953141
  endloop
endfacet
facet normal 3.3884180183907375e-12 1.0 0.0
  outer loop
    vertex 4106.168828254813 196.81026305218026 -68.8903179953141
    vertex 4036.2249282548128 196.81026305241724 -64.8903179955229
    vertex 4106.168828254813 196.81026305218026 -64.8903179955229
  endloop
endfacet
facet normal -0.382683432368287 -0.9238795325099626 0.0
  outer loop
    vertex 4041.526628254443 87.69759978214655 -64.8903179955229
    vertex 4041.140738726608 87.85744045815527 -68.89031799531412
    vertex 4041.526628254443 87.69759978214655 -68.89031799531412
  endloop
endfacet
facet normal -0.382683432368287 -0.9238795325099626 0.0
  outer loop
    vertex 4041.140738726608 87.85744045815527 -68.89031799531412
    vertex 4041.526628254443 87.69759978214655 -64.8903179955229
    vertex 4041.140738726608 87.85744045815527 -64.8903179955229
  endloop
endfacet
facet normal 0.38268343236202534 -0.9238795325125562 0.0
  outer loop
    vertex 4101.25301778228 87.85744045795161 -64.8903179955229
    vertex 4100.867128254443 87.69759978194548 -68.89031799531412
    vertex 4101.25301778228 87.85744045795161 -68.89031799531412
  endloop
endfacet
facet normal 0.38268343236202534 -0.9238795325125562 0.0
  outer loop
    vertex 4100.867128254443 87.69759978194548 -68.89031799531412
    vertex 4101.25301778228 87.85744045795161 -64.8903179955229
    vertex 4100.867128254443 87.69759978194548 -64.8903179955229
  endloop
endfacet
facet normal 0.9238795325126391 0.38268343236182506 0.0
  outer loop
    vertex 4039.1811469327336 191.8944525802433 -68.8903179953141
    vertex 4039.3409876087394 191.50856305240663 -64.8903179955229
    vertex 4039.3409876087394 191.50856305240663 -68.8903179953141
  endloop
endfacet
facet normal 0.9238795325126391 0.38268343236182506 0.0
  outer loop
    vertex 4039.3409876087394 191.50856305240663 -64.8903179955229
    vertex 4039.1811469327336 191.8944525802433 -68.8903179953141
    vertex 4039.1811469327336 191.8944525802433 -64.8903179955229
  endloop
endfacet
facet normal 0.923879532509919 -0.3826834323683916 0.0
  outer loop
    vertex 4039.3409876087453 193.10856305240662 -68.8903179953141
    vertex 4039.1811469327363 192.7226735245714 -64.8903179955229
    vertex 4039.1811469327363 192.7226735245714 -68.8903179953141
  endloop
endfacet
facet normal 0.923879532509919 -0.3826834323683916 0.0
  outer loop
    vertex 4039.1811469327363 192.7226735245714 -64.8903179955229
    vertex 4039.3409876087453 193.10856305240662 -68.8903179953141
    vertex 4039.3409876087453 193.10856305240662 -64.8903179955229
  endloop
endfacet
facet normal 0.7933533402930133 0.6087614290064036 0.0
  outer loop
    vertex 4100.28148760838 85.51195913589234 -68.89031799531412
    vertex 4100.5357574045365 85.18058828599328 -64.8903179955229
    vertex 4100.5357574045365 85.18058828599328 -68.89031799531412
  endloop
endfacet
facet normal 0.7933533402930133 0.6087614290064036 0.0
  outer loop
    vertex 4100.5357574045365 85.18058828599328 -64.8903179955229
    vertex 4100.28148760838 85.51195913589234 -68.89031799531412
    vertex 4100.28148760838 85.51195913589234 -64.8903179955229
  endloop
endfacet
facet normal 0.9914448613742536 0.130526192216686 0.0
  outer loop
    vertex 4039.1266282544384 86.3119591360997 -68.89031799531412
    vertex 4039.1811469323748 85.89784866393548 -64.8903179955229
    vertex 4039.1811469323748 85.89784866393548 -68.89031799531412
  endloop
endfacet
facet normal 0.9914448613742536 0.130526192216686 0.0
  outer loop
    vertex 4039.1811469323748 85.89784866393548 -64.8903179955229
    vertex 4039.1266282544384 86.3119591360997 -68.89031799531412
    vertex 4039.1266282544384 86.3119591360997 -64.8903179955229
  endloop
endfacet
facet normal 0.6087614290060172 -0.7933533402933097 0.0
  outer loop
    vertex 4039.9266282544436 87.69759978215195 -64.8903179955229
    vertex 4039.5952574045436 87.44332998599648 -68.89031799531412
    vertex 4039.9266282544436 87.69759978215195 -68.89031799531412
  endloop
endfacet
facet normal 0.6087614290060172 -0.7933533402933097 0.0
  outer loop
    vertex 4039.5952574045436 87.44332998599648 -68.89031799531412
    vertex 4039.9266282544436 87.69759978215195 -64.8903179955229
    vertex 4039.5952574045436 87.44332998599648 -64.8903179955229
  endloop
endfacet
facet normal 0.1305261922169682 -0.9914448613742164 0.0
  outer loop
    vertex 4040.7266282544438 87.91195913609431 -64.8903179955229
    vertex 4040.31251778228 87.85744045815807 -68.89031799531412
    vertex 4040.7266282544438 87.91195913609431 -68.89031799531412
  endloop
endfacet
facet normal 0.1305261922169682 -0.9914448613742164 0.0
  outer loop
    vertex 4040.31251778228 87.85744045815807 -68.89031799531412
    vertex 4040.7266282544438 87.91195913609431 -64.8903179955229
    vertex 4040.31251778228 87.85744045815807 -64.8903179955229
  endloop
endfacet
facet normal 0.6087614290060214 -0.7933533402933064 0.0
  outer loop
    vertex 4100.867128254443 87.69759978194548 -64.8903179955229
    vertex 4100.535757404544 87.44332998578996 -68.89031799531412
    vertex 4100.867128254443 87.69759978194548 -68.89031799531412
  endloop
endfacet
facet normal 0.6087614290060214 -0.7933533402933064 0.0
  outer loop
    vertex 4100.535757404544 87.44332998578996 -68.89031799531412
    vertex 4100.867128254443 87.69759978194548 -64.8903179955229
    vertex 4100.535757404544 87.44332998578996 -64.8903179955229
  endloop
endfacet
facet normal 0.382683432368287 0.9238795325099626 0.0
  outer loop
    vertex 4039.926628254793 190.9229224063499 -64.8903179955229
    vertex 4040.3125177826287 190.76308173034113 -68.8903179953141
    vertex 4039.926628254793 190.9229224063499 -68.8903179953141
  endloop
endfacet
facet normal 0.382683432368287 0.9238795325099626 0.0
  outer loop
    vertex 4040.3125177826287 190.76308173034113 -68.8903179953141
    vertex 4039.926628254793 190.9229224063499 -64.8903179955229
    vertex 4040.3125177826287 190.76308173034113 -64.8903179955229
  endloop
endfacet
facet normal 0.793353340289208 -0.6087614290113625 0.0
  outer loop
    vertex 4100.535757404544 87.44332998578996 -68.89031799531412
    vertex 4100.281487608387 87.11195913589233 -64.8903179955229
    vertex 4100.281487608387 87.11195913589233 -68.89031799531412
  endloop
endfacet
facet normal 0.793353340289208 -0.6087614290113625 0.0
  outer loop
    vertex 4100.281487608387 87.11195913589233 -64.8903179955229
    vertex 4100.535757404544 87.44332998578996 -68.89031799531412
    vertex 4100.535757404544 87.44332998578996 -64.8903179955229
  endloop
endfacet
facet normal -0.6087614290060172 0.7933533402933097 0.0
  outer loop
    vertex 4041.5266282544335 84.92631849003666 -64.8903179955229
    vertex 4041.8579991043334 85.18058828619215 -68.89031799531412
    vertex 4041.5266282544335 84.92631849003666 -68.89031799531412
  endloop
endfacet
facet normal -0.6087614290060172 0.7933533402933097 0.0
  outer loop
    vertex 4041.8579991043334 85.18058828619215 -68.89031799531412
    vertex 4041.5266282544335 84.92631849003666 -64.8903179955229
    vertex 4041.8579991043334 85.18058828619215 -64.8903179955229
  endloop
endfacet
facet normal 0.9914448613742536 0.13052619221668554 0.0
  outer loop
    vertex 4039.126628254797 192.30856305240755 -68.8903179953141
    vertex 4039.1811469327336 191.8944525802433 -64.8903179955229
    vertex 4039.1811469327336 191.8944525802433 -68.8903179953141
  endloop
endfacet
facet normal 0.9914448613742536 0.13052619221668554 0.0
  outer loop
    vertex 4039.1811469327336 191.8944525802433 -64.8903179955229
    vertex 4039.126628254797 192.30856305240755 -68.8903179953141
    vertex 4039.126628254797 192.30856305240755 -64.8903179955229
  endloop
endfacet
facet normal -0.793353340293014 -0.6087614290064025 0.0
  outer loop
    vertex 4041.8579991043407 87.44332998598881 -64.8903179955229
    vertex 4042.1122689004965 87.11195913608981 -68.89031799531412
    vertex 4042.1122689004965 87.11195913608981 -64.8903179955229
  endloop
endfacet
facet normal -0.793353340293014 -0.6087614290064025 0.0
  outer loop
    vertex 4042.1122689004965 87.11195913608981 -68.89031799531412
    vertex 4041.8579991043407 87.44332998598881 -64.8903179955229
    vertex 4041.8579991043407 87.44332998598881 -68.89031799531412
  endloop
endfacet
facet normal 0.6087614290113926 0.7933533402891849 0.0
  outer loop
    vertex 4039.5952574048956 191.17719220250763 -64.8903179955229
    vertex 4039.926628254793 190.9229224063499 -68.8903179953141
    vertex 4039.5952574048956 191.17719220250763 -68.8903179953141
  endloop
endfacet
facet normal 0.6087614290113926 0.7933533402891849 0.0
  outer loop
    vertex 4039.926628254793 190.9229224063499 -68.8903179953141
    vertex 4039.5952574048956 191.17719220250763 -64.8903179955229
    vertex 4039.926628254793 190.9229224063499 -64.8903179955229
  endloop
endfacet
facet normal 0.7933533402892085 -0.608761429011362 0.0
  outer loop
    vertex 4039.5952574045436 87.44332998599648 -68.89031799531412
    vertex 4039.3409876083856 87.1119591360988 -64.8903179955229
    vertex 4039.3409876083856 87.1119591360988 -68.89031799531412
  endloop
endfacet
facet normal 0.7933533402892085 -0.608761429011362 0.0
  outer loop
    vertex 4039.3409876083856 87.1119591360988 -64.8903179955229
    vertex 4039.5952574045436 87.44332998599648 -68.89031799531412
    vertex 4039.5952574045436 87.44332998599648 -64.8903179955229
  endloop
endfacet
facet normal 0.9238795325126391 0.38268343236182506 0.0
  outer loop
    vertex 4039.1811469323748 85.89784866393548 -68.89031799531412
    vertex 4039.3409876083806 85.51195913609881 -64.8903179955229
    vertex 4039.3409876083806 85.51195913609881 -68.89031799531412
  endloop
endfacet
facet normal 0.9238795325126391 0.38268343236182506 0.0
  outer loop
    vertex 4039.3409876083806 85.51195913609881 -64.8903179955229
    vertex 4039.1811469323748 85.89784866393548 -68.89031799531412
    vertex 4039.1811469323748 85.89784866393548 -64.8903179955229
  endloop
endfacet
facet normal 0.13052619222368766 0.9914448613733319 0.0
  outer loop
    vertex 4101.253017782269 84.76647781382684 -64.8903179955229
    vertex 4101.667128254433 84.71195913588784 -68.89031799531412
    vertex 4101.253017782269 84.76647781382684 -68.89031799531412
  endloop
endfacet
facet normal 0.13052619222368766 0.9914448613733319 0.0
  outer loop
    vertex 4101.667128254433 84.71195913588784 -68.89031799531412
    vertex 4101.253017782269 84.76647781382684 -64.8903179955229
    vertex 4101.667128254433 84.71195913588784 -64.8903179955229
  endloop
endfacet
facet normal -0.3826834323620258 0.923879532512556 0.0
  outer loop
    vertex 4041.140738726597 84.76647781403048 -64.8903179955229
    vertex 4041.5266282544335 84.92631849003666 -68.89031799531412
    vertex 4041.140738726597 84.76647781403048 -68.89031799531412
  endloop
endfacet
facet normal -0.3826834323620258 0.923879532512556 0.0
  outer loop
    vertex 4041.5266282544335 84.92631849003666 -68.89031799531412
    vertex 4041.140738726597 84.76647781403048 -64.8903179955229
    vertex 4041.5266282544335 84.92631849003666 -64.8903179955229
  endloop
endfacet
facet normal 0.7933533402930135 0.6087614290064031 0.0
  outer loop
    vertex 4039.3409876083806 85.51195913609881 -68.89031799531412
    vertex 4039.595257404536 85.18058828619982 -64.8903179955229
    vertex 4039.595257404536 85.18058828619982 -68.89031799531412
  endloop
endfacet
facet normal 0.7933533402930135 0.6087614290064031 0.0
  outer loop
    vertex 4039.595257404536 85.18058828619982 -64.8903179955229
    vertex 4039.3409876083806 85.51195913609881 -68.89031799531412
    vertex 4039.3409876083806 85.51195913609881 -64.8903179955229
  endloop
endfacet
facet normal 0.6087614290113977 0.793353340289181 0.0
  outer loop
    vertex 4100.5357574045365 85.18058828599328 -64.8903179955229
    vertex 4100.867128254434 84.92631848983558 -68.89031799531412
    vertex 4100.5357574045365 85.18058828599328 -68.89031799531412
  endloop
endfacet
facet normal 0.6087614290113977 0.793353340289181 0.0
  outer loop
    vertex 4100.867128254434 84.92631848983558 -68.89031799531412
    vertex 4100.5357574045365 85.18058828599328 -64.8903179955229
    vertex 4100.867128254434 84.92631848983558 -64.8903179955229
  endloop
endfacet
facet normal 0.9914448613733692 -0.130526192223404 0.0
  outer loop
    vertex 4039.1811469327363 192.7226735245714 -68.8903179953141
    vertex 4039.126628254797 192.30856305240755 -64.8903179955229
    vertex 4039.126628254797 192.30856305240755 -68.8903179953141
  endloop
endfacet
facet normal 0.9914448613733692 -0.130526192223404 0.0
  outer loop
    vertex 4039.126628254797 192.30856305240755 -64.8903179955229
    vertex 4039.1811469327363 192.7226735245714 -68.8903179953141
    vertex 4039.1811469327363 192.7226735245714 -64.8903179955229
  endloop
endfacet
facet normal -0.9914448613733692 0.1305261922234036 0.0
  outer loop
    vertex 4042.3266282544387 86.31195913608886 -64.8903179955229
    vertex 4042.2721095764996 85.89784866392503 -68.89031799531412
    vertex 4042.2721095764996 85.89784866392503 -64.8903179955229
  endloop
endfacet
facet normal -0.9914448613733692 0.1305261922234036 0.0
  outer loop
    vertex 4042.2721095764996 85.89784866392503 -68.89031799531412
    vertex 4042.3266282544387 86.31195913608886 -64.8903179955229
    vertex 4042.3266282544387 86.31195913608886 -68.89031799531412
  endloop
endfacet
facet normal 0.3826834323620258 -0.9238795325125561 0.0
  outer loop
    vertex 4040.3125177826387 193.8540443744659 -64.8903179955229
    vertex 4039.9266282548024 193.69420369845977 -68.8903179953141
    vertex 4040.3125177826387 193.8540443744659 -68.8903179953141
  endloop
endfacet
facet normal 0.3826834323620258 -0.9238795325125561 0.0
  outer loop
    vertex 4039.9266282548024 193.69420369845977 -68.8903179953141
    vertex 4040.3125177826387 193.8540443744659 -64.8903179955229
    vertex 4039.9266282548024 193.69420369845977 -64.8903179955229
  endloop
endfacet
facet normal 0.7933533402930142 0.6087614290064023 0.0
  outer loop
    vertex 4039.3409876087394 191.50856305240663 -68.8903179953141
    vertex 4039.5952574048956 191.17719220250763 -64.8903179955229
    vertex 4039.5952574048956 191.17719220250763 -68.8903179953141
  endloop
endfacet
facet normal 0.7933533402930142 0.6087614290064023 0.0
  outer loop
    vertex 4039.5952574048956 191.17719220250763 -64.8903179955229
    vertex 4039.3409876087394 191.50856305240663 -68.8903179953141
    vertex 4039.3409876087394 191.50856305240663 -64.8903179955229
  endloop
endfacet
facet normal -0.7933533402892089 0.6087614290113615 0.0
  outer loop
    vertex 4042.1122689004906 85.51195913608981 -64.8903179955229
    vertex 4041.8579991043334 85.18058828619215 -68.89031799531412
    vertex 4041.8579991043334 85.18058828619215 -64.8903179955229
  endloop
endfacet
facet normal -0.7933533402892089 0.6087614290113615 0.0
  outer loop
    vertex 4041.8579991043334 85.18058828619215 -68.89031799531412
    vertex 4042.1122689004906 85.51195913608981 -64.8903179955229
    vertex 4042.1122689004906 85.51195913608981 -68.89031799531412
  endloop
endfacet
facet normal 0.9914448613733677 -0.13052619222341522 0.0
  outer loop
    vertex 4100.121646932377 86.72606960805712 -68.89031799531412
    vertex 4100.067128254438 86.3119591358932 -64.8903179955229
    vertex 4100.067128254438 86.3119591358932 -68.89031799531412
  endloop
endfacet
facet normal 0.9914448613733677 -0.13052619222341522 0.0
  outer loop
    vertex 4100.067128254438 86.3119591358932 -64.8903179955229
    vertex 4100.121646932377 86.72606960805712 -68.89031799531412
    vertex 4100.121646932377 86.72606960805712 -64.8903179955229
  endloop
endfacet
facet normal 0.38268343236828634 0.9238795325099627 0.0
  outer loop
    vertex 4100.867128254434 84.92631848983558 -64.8903179955229
    vertex 4101.253017782269 84.76647781382684 -68.89031799531412
    vertex 4100.867128254434 84.92631848983558 -68.89031799531412
  endloop
endfacet
facet normal 0.38268343236828634 0.9238795325099627 0.0
  outer loop
    vertex 4101.253017782269 84.76647781382684 -68.89031799531412
    vertex 4100.867128254434 84.92631848983558 -64.8903179955229
    vertex 4101.253017782269 84.76647781382684 -64.8903179955229
  endloop
endfacet
facet normal 0.1305261922236875 0.9914448613733319 0.0
  outer loop
    vertex 4040.3125177826287 190.76308173034113 -64.8903179955229
    vertex 4040.726628254792 190.70856305240213 -68.8903179953141
    vertex 4040.3125177826287 190.76308173034113 -68.8903179953141
  endloop
endfacet
facet normal 0.1305261922236875 0.9914448613733319 0.0
  outer loop
    vertex 4040.726628254792 190.70856305240213 -68.8903179953141
    vertex 4040.3125177826287 190.76308173034113 -64.8903179955229
    vertex 4040.726628254792 190.70856305240213 -64.8903179955229
  endloop
endfacet
facet normal 0.6087614290060172 -0.7933533402933097 0.0
  outer loop
    vertex 4039.9266282548024 193.69420369845977 -64.8903179955229
    vertex 4039.5952574049024 193.4399339023043 -68.8903179953141
    vertex 4039.9266282548024 193.69420369845977 -68.8903179953141
  endloop
endfacet
facet normal 0.6087614290060172 -0.7933533402933097 0.0
  outer loop
    vertex 4039.5952574049024 193.4399339023043 -68.8903179953141
    vertex 4039.9266282548024 193.69420369845977 -64.8903179955229
    vertex 4039.5952574049024 193.4399339023043 -64.8903179955229
  endloop
endfacet
facet normal 0.9238795325099203 -0.38268343236838914 0.0
  outer loop
    vertex 4100.281487608387 87.11195913589233 -68.89031799531412
    vertex 4100.121646932377 86.72606960805712 -64.8903179955229
    vertex 4100.121646932377 86.72606960805712 -68.89031799531412
  endloop
endfacet
facet normal 0.9238795325099203 -0.38268343236838914 0.0
  outer loop
    vertex 4100.121646932377 86.72606960805712 -64.8903179955229
    vertex 4100.281487608387 87.11195913589233 -68.89031799531412
    vertex 4100.281487608387 87.11195913589233 -64.8903179955229
  endloop
endfacet
facet normal 0.9914448613742521 0.13052619221669634 0.0
  outer loop
    vertex 4100.067128254438 86.3119591358932 -68.89031799531412
    vertex 4100.1216469323745 85.89784866372901 -64.8903179955229
    vertex 4100.1216469323745 85.89784866372901 -68.89031799531412
  endloop
endfacet
facet normal 0.9914448613742521 0.13052619221669634 0.0
  outer loop
    vertex 4100.1216469323745 85.89784866372901 -64.8903179955229
    vertex 4100.067128254438 86.3119591358932 -68.89031799531412
    vertex 4100.067128254438 86.3119591358932 -64.8903179955229
  endloop
endfacet
facet normal 0.608761429011393 0.7933533402891846 0.0
  outer loop
    vertex 4039.595257404536 85.18058828619982 -64.8903179955229
    vertex 4039.926628254434 84.92631849004205 -68.89031799531412
    vertex 4039.595257404536 85.18058828619982 -68.89031799531412
  endloop
endfacet
facet normal 0.608761429011393 0.7933533402891846 0.0
  outer loop
    vertex 4039.926628254434 84.92631849004205 -68.89031799531412
    vertex 4039.595257404536 85.18058828619982 -64.8903179955229
    vertex 4039.926628254434 84.92631849004205 -64.8903179955229
  endloop
endfacet
facet normal 0.3826834323620263 -0.9238795325125557 0.0
  outer loop
    vertex 4040.31251778228 87.85744045815807 -64.8903179955229
    vertex 4039.9266282544436 87.69759978215195 -68.89031799531412
    vertex 4040.31251778228 87.85744045815807 -68.89031799531412
  endloop
endfacet
facet normal 0.3826834323620263 -0.9238795325125557 0.0
  outer loop
    vertex 4039.9266282544436 87.69759978215195 -68.89031799531412
    vertex 4040.31251778228 87.85744045815807 -64.8903179955229
    vertex 4039.9266282544436 87.69759978215195 -64.8903179955229
  endloop
endfacet
facet normal 0.9914448613733692 -0.1305261922234036 0.0
  outer loop
    vertex 4039.1811469323775 86.72606960826359 -68.89031799531412
    vertex 4039.1266282544384 86.3119591360997 -64.8903179955229
    vertex 4039.1266282544384 86.3119591360997 -68.89031799531412
  endloop
endfacet
facet normal 0.9914448613733692 -0.1305261922234036 0.0
  outer loop
    vertex 4039.1266282544384 86.3119591360997 -64.8903179955229
    vertex 4039.1811469323775 86.72606960826359 -68.89031799531412
    vertex 4039.1811469323775 86.72606960826359 -64.8903179955229
  endloop
endfacet
facet normal -0.9914448613742536 -0.13052619221668554 0.0
  outer loop
    vertex 4042.2721095765023 86.72606960825314 -64.8903179955229
    vertex 4042.3266282544387 86.31195913608886 -68.89031799531412
    vertex 4042.3266282544387 86.31195913608886 -64.8903179955229
  endloop
endfacet
facet normal -0.9914448613742536 -0.13052619221668554 0.0
  outer loop
    vertex 4042.3266282544387 86.31195913608886 -68.89031799531412
    vertex 4042.2721095765023 86.72606960825314 -64.8903179955229
    vertex 4042.2721095765023 86.72606960825314 -68.89031799531412
  endloop
endfacet
facet normal -0.9238795325126393 -0.3826834323618247 0.0
  outer loop
    vertex 4042.1122689004965 87.11195913608981 -64.8903179955229
    vertex 4042.2721095765023 86.72606960825314 -68.89031799531412
    vertex 4042.2721095765023 86.72606960825314 -64.8903179955229
  endloop
endfacet
facet normal -0.9238795325126393 -0.3826834323618247 0.0
  outer loop
    vertex 4042.2721095765023 86.72606960825314 -68.89031799531412
    vertex 4042.1122689004965 87.11195913608981 -64.8903179955229
    vertex 4042.1122689004965 87.11195913608981 -68.89031799531412
  endloop
endfacet
facet normal 0.38268343236202534 -0.9238795325125562 0.0
  outer loop
    vertex 4101.253017782639 193.85404437425942 -64.8903179955229
    vertex 4100.867128254803 193.6942036982533 -68.89031799531408
    vertex 4101.253017782639 193.85404437425942 -68.89031799531408
  endloop
endfacet
facet normal 0.38268343236202534 -0.9238795325125562 0.0
  outer loop
    vertex 4100.867128254803 193.6942036982533 -68.89031799531408
    vertex 4101.253017782639 193.85404437425942 -64.8903179955229
    vertex 4100.867128254803 193.6942036982533 -64.8903179955229
  endloop
endfacet
facet normal 0.1305261922169688 -0.9914448613742163 0.0
  outer loop
    vertex 4101.667128254444 87.91195913588783 -64.8903179955229
    vertex 4101.25301778228 87.85744045795161 -68.89031799531412
    vertex 4101.667128254444 87.91195913588783 -68.89031799531412
  endloop
endfacet
facet normal 0.1305261922169688 -0.9914448613742163 0.0
  outer loop
    vertex 4101.25301778228 87.85744045795161 -68.89031799531412
    vertex 4101.667128254444 87.91195913588783 -64.8903179955229
    vertex 4101.25301778228 87.85744045795161 -64.8903179955229
  endloop
endfacet
facet normal -0.9914448613733692 0.1305261922234036 0.0
  outer loop
    vertex 4042.3266282547975 192.30856305239672 -64.8903179955229
    vertex 4042.272109576859 191.89445258023284 -68.8903179953141
    vertex 4042.272109576859 191.89445258023284 -64.8903179955229
  endloop
endfacet
facet normal -0.9914448613733692 0.1305261922234036 0.0
  outer loop
    vertex 4042.272109576859 191.89445258023284 -68.8903179953141
    vertex 4042.3266282547975 192.30856305239672 -64.8903179955229
    vertex 4042.3266282547975 192.30856305239672 -68.8903179953141
  endloop
endfacet
facet normal -0.13052619221696823 0.9914448613742164 0.0
  outer loop
    vertex 4040.726628254792 190.70856305240213 -64.8903179955229
    vertex 4041.140738726957 190.76308173033834 -68.8903179953141
    vertex 4040.726628254792 190.70856305240213 -68.8903179953141
  endloop
endfacet
facet normal -0.13052619221696823 0.9914448613742164 0.0
  outer loop
    vertex 4041.140738726957 190.76308173033834 -68.8903179953141
    vertex 4040.726628254792 190.70856305240213 -64.8903179955229
    vertex 4041.140738726957 190.76308173033834 -64.8903179955229
  endloop
endfacet
facet normal 0.793353340289208 -0.6087614290113625 0.0
  outer loop
    vertex 4100.535757404903 193.4399339020978 -68.89031799531408
    vertex 4100.281487608745 193.10856305220014 -64.8903179955229
    vertex 4100.281487608745 193.10856305220014 -68.89031799531408
  endloop
endfacet
facet normal 0.793353340289208 -0.6087614290113625 0.0
  outer loop
    vertex 4100.281487608745 193.10856305220014 -64.8903179955229
    vertex 4100.535757404903 193.4399339020978 -68.89031799531408
    vertex 4100.535757404903 193.4399339020978 -64.8903179955229
  endloop
endfacet
facet normal -0.9238795325099203 0.38268343236838914 0.0
  outer loop
    vertex 4103.212609576859 191.89445258002635 -64.8903179955229
    vertex 4103.0527689008495 191.50856305219114 -68.89031799531408
    vertex 4103.0527689008495 191.50856305219114 -64.8903179955229
  endloop
endfacet
facet normal -0.9238795325099203 0.38268343236838914 0.0
  outer loop
    vertex 4103.0527689008495 191.50856305219114 -68.89031799531408
    vertex 4103.212609576859 191.89445258002635 -64.8903179955229
    vertex 4103.212609576859 191.89445258002635 -68.89031799531408
  endloop
endfacet
facet normal -0.38268343236828634 -0.9238795325099627 0.0
  outer loop
    vertex 4102.467128254802 193.6942036982479 -64.8903179955229
    vertex 4102.081238726967 193.85404437425663 -68.89031799531408
    vertex 4102.467128254802 193.6942036982479 -68.89031799531408
  endloop
endfacet
facet normal -0.38268343236828634 -0.9238795325099627 0.0
  outer loop
    vertex 4102.081238726967 193.85404437425663 -68.89031799531408
    vertex 4102.467128254802 193.6942036982479 -64.8903179955229
    vertex 4102.081238726967 193.85404437425663 -64.8903179955229
  endloop
endfacet
facet normal -0.6087614290113926 -0.7933533402891849 0.0
  outer loop
    vertex 4041.8579991043407 87.44332998598881 -64.8903179955229
    vertex 4041.526628254443 87.69759978214655 -68.89031799531412
    vertex 4041.8579991043407 87.44332998598881 -68.89031799531412
  endloop
endfacet
facet normal -0.6087614290113926 -0.7933533402891849 0.0
  outer loop
    vertex 4041.526628254443 87.69759978214655 -68.89031799531412
    vertex 4041.8579991043407 87.44332998598881 -64.8903179955229
    vertex 4041.526628254443 87.69759978214655 -64.8903179955229
  endloop
endfacet
facet normal -0.1305261922169688 0.9914448613742163 0.0
  outer loop
    vertex 4101.667128254792 190.70856305219564 -64.8903179955229
    vertex 4102.081238726956 190.76308173013186 -68.89031799531408
    vertex 4101.667128254792 190.70856305219564 -68.89031799531408
  endloop
endfacet
facet normal -0.1305261922169688 0.9914448613742163 0.0
  outer loop
    vertex 4102.081238726956 190.76308173013186 -68.89031799531408
    vertex 4101.667128254792 190.70856305219564 -64.8903179955229
    vertex 4102.081238726956 190.76308173013186 -64.8903179955229
  endloop
endfacet
facet normal 0.9914448613742521 0.13052619221669634 0.0
  outer loop
    vertex 4100.067128254798 192.30856305220104 -68.89031799531408
    vertex 4100.121646932734 191.8944525800368 -64.8903179955229
    vertex 4100.121646932734 191.8944525800368 -68.89031799531408
  endloop
endfacet
facet normal 0.9914448613742521 0.13052619221669634 0.0
  outer loop
    vertex 4100.121646932734 191.8944525800368 -64.8903179955229
    vertex 4100.067128254798 192.30856305220104 -68.89031799531408
    vertex 4100.067128254798 192.30856305220104 -64.8903179955229
  endloop
endfacet
facet normal -0.9238795325126401 -0.3826834323618225 0.0
  outer loop
    vertex 4103.052768900856 193.10856305219113 -64.8903179955229
    vertex 4103.212609576862 192.72267352435446 -68.89031799531408
    vertex 4103.212609576862 192.72267352435446 -64.8903179955229
  endloop
endfacet
facet normal -0.9238795325126401 -0.3826834323618225 0.0
  outer loop
    vertex 4103.212609576862 192.72267352435446 -68.89031799531408
    vertex 4103.052768900856 193.10856305219113 -64.8903179955229
    vertex 4103.052768900856 193.10856305219113 -68.89031799531408
  endloop
endfacet
facet normal -0.6087614290060173 0.7933533402933095 0.0
  outer loop
    vertex 4041.526628254793 190.92292240634447 -64.8903179955229
    vertex 4041.857999104692 191.17719220249995 -68.8903179953141
    vertex 4041.526628254793 190.92292240634447 -68.8903179953141
  endloop
endfacet
facet normal -0.6087614290060173 0.7933533402933095 0.0
  outer loop
    vertex 4041.857999104692 191.17719220249995 -68.8903179953141
    vertex 4041.526628254793 190.92292240634447 -64.8903179955229
    vertex 4041.857999104692 191.17719220249995 -64.8903179955229
  endloop
endfacet
facet normal -0.6087614290113977 -0.793353340289181 0.0
  outer loop
    vertex 4102.7984991047 193.43993390209013 -64.8903179955229
    vertex 4102.467128254802 193.6942036982479 -68.89031799531408
    vertex 4102.7984991047 193.43993390209013 -68.89031799531408
  endloop
endfacet
facet normal -0.6087614290113977 -0.793353340289181 0.0
  outer loop
    vertex 4102.467128254802 193.6942036982479 -68.89031799531408
    vertex 4102.7984991047 193.43993390209013 -64.8903179955229
    vertex 4102.467128254802 193.6942036982479 -64.8903179955229
  endloop
endfacet
facet normal -0.608761429011393 -0.7933533402891846 0.0
  outer loop
    vertex 4041.8579991047 193.43993390229662 -64.8903179955229
    vertex 4041.5266282548027 193.69420369845437 -68.8903179953141
    vertex 4041.8579991047 193.43993390229662 -68.8903179953141
  endloop
endfacet
facet normal -0.608761429011393 -0.7933533402891846 0.0
  outer loop
    vertex 4041.5266282548027 193.69420369845437 -68.8903179953141
    vertex 4041.8579991047 193.43993390229662 -64.8903179955229
    vertex 4041.5266282548027 193.69420369845437 -64.8903179955229
  endloop
endfacet
facet normal 0.6087614290113977 0.793353340289181 0.0
  outer loop
    vertex 4100.535757404895 191.17719220230114 -64.8903179955229
    vertex 4100.867128254793 190.92292240614339 -68.89031799531408
    vertex 4100.535757404895 191.17719220230114 -68.89031799531408
  endloop
endfacet
facet normal 0.6087614290113977 0.793353340289181 0.0
  outer loop
    vertex 4100.867128254793 190.92292240614339 -68.89031799531408
    vertex 4100.535757404895 191.17719220230114 -64.8903179955229
    vertex 4100.867128254793 190.92292240614339 -64.8903179955229
  endloop
endfacet
facet normal -0.9914448613742521 -0.13052619221669634 0.0
  outer loop
    vertex 4103.212609576862 192.72267352435446 -64.8903179955229
    vertex 4103.267128254798 192.30856305219012 -68.89031799531408
    vertex 4103.267128254798 192.30856305219012 -64.8903179955229
  endloop
endfacet
facet normal -0.9914448613742521 -0.13052619221669634 0.0
  outer loop
    vertex 4103.267128254798 192.30856305219012 -68.89031799531408
    vertex 4103.212609576862 192.72267352435446 -64.8903179955229
    vertex 4103.212609576862 192.72267352435446 -68.89031799531408
  endloop
endfacet
facet normal 0.9238795325099203 -0.38268343236838914 0.0
  outer loop
    vertex 4100.281487608745 193.10856305220014 -68.89031799531408
    vertex 4100.121646932736 192.72267352436492 -64.8903179955229
    vertex 4100.121646932736 192.72267352436492 -68.89031799531408
  endloop
endfacet
facet normal 0.9238795325099203 -0.38268343236838914 0.0
  outer loop
    vertex 4100.121646932736 192.72267352436492 -64.8903179955229
    vertex 4100.281487608745 193.10856305220014 -68.89031799531408
    vertex 4100.281487608745 193.10856305220014 -64.8903179955229
  endloop
endfacet
facet normal -0.9238795325126393 -0.3826834323618247 0.0
  outer loop
    vertex 4042.1122689008553 193.1085630523976 -64.8903179955229
    vertex 4042.272109576861 192.72267352456095 -68.8903179953141
    vertex 4042.272109576861 192.72267352456095 -64.8903179955229
  endloop
endfacet
facet normal -0.9238795325126393 -0.3826834323618247 0.0
  outer loop
    vertex 4042.272109576861 192.72267352456095 -68.8903179953141
    vertex 4042.1122689008553 193.1085630523976 -64.8903179955229
    vertex 4042.1122689008553 193.1085630523976 -68.8903179953141
  endloop
endfacet
facet normal -0.3826834323620263 0.9238795325125558 0.0
  outer loop
    vertex 4041.140738726957 190.76308173033834 -64.8903179955229
    vertex 4041.526628254793 190.92292240634447 -68.8903179953141
    vertex 4041.140738726957 190.76308173033834 -68.8903179953141
  endloop
endfacet
facet normal -0.3826834323620263 0.9238795325125558 0.0
  outer loop
    vertex 4041.526628254793 190.92292240634447 -68.8903179953141
    vertex 4041.140738726957 190.76308173033834 -64.8903179955229
    vertex 4041.526628254793 190.92292240634447 -64.8903179955229
  endloop
endfacet
facet normal -0.9238795325099196 0.3826834323683906 0.0
  outer loop
    vertex 4042.272109576859 191.89445258023284 -64.8903179955229
    vertex 4042.1122689008503 191.50856305239762 -68.8903179953141
    vertex 4042.1122689008503 191.50856305239762 -64.8903179955229
  endloop
endfacet
facet normal -0.9238795325099196 0.3826834323683906 0.0
  outer loop
    vertex 4042.1122689008503 191.50856305239762 -68.8903179953141
    vertex 4042.272109576859 191.89445258023284 -64.8903179955229
    vertex 4042.272109576859 191.89445258023284 -68.8903179953141
  endloop
endfacet
facet normal 0.1305261922169688 -0.9914448613742163 0.0
  outer loop
    vertex 4101.667128254803 193.90856305219563 -64.8903179955229
    vertex 4101.253017782639 193.85404437425942 -68.89031799531408
    vertex 4101.667128254803 193.90856305219563 -68.89031799531408
  endloop
endfacet
facet normal 0.1305261922169688 -0.9914448613742163 0.0
  outer loop
    vertex 4101.253017782639 193.85404437425942 -68.89031799531408
    vertex 4101.667128254803 193.90856305219563 -64.8903179955229
    vertex 4101.253017782639 193.85404437425942 -64.8903179955229
  endloop
endfacet
facet normal -0.7933533402930133 -0.6087614290064036 0.0
  outer loop
    vertex 4102.7984991047 193.43993390209013 -64.8903179955229
    vertex 4103.052768900856 193.10856305219113 -68.89031799531408
    vertex 4103.052768900856 193.10856305219113 -64.8903179955229
  endloop
endfacet
facet normal -0.7933533402930133 -0.6087614290064036 0.0
  outer loop
    vertex 4103.052768900856 193.10856305219113 -68.89031799531408
    vertex 4102.7984991047 193.43993390209013 -64.8903179955229
    vertex 4102.7984991047 193.43993390209013 -68.89031799531408
  endloop
endfacet
facet normal -0.38268343236202534 0.9238795325125562 0.0
  outer loop
    vertex 4102.081238726956 190.76308173013186 -64.8903179955229
    vertex 4102.467128254793 190.92292240613799 -68.89031799531408
    vertex 4102.081238726956 190.76308173013186 -68.89031799531408
  endloop
endfacet
facet normal -0.38268343236202534 0.9238795325125562 0.0
  outer loop
    vertex 4102.467128254793 190.92292240613799 -68.89031799531408
    vertex 4102.081238726956 190.76308173013186 -64.8903179955229
    vertex 4102.467128254793 190.92292240613799 -64.8903179955229
  endloop
endfacet
facet normal -0.6087614290060214 0.7933533402933064 0.0
  outer loop
    vertex 4102.467128254793 190.92292240613799 -64.8903179955229
    vertex 4102.798499104692 191.17719220229347 -68.89031799531408
    vertex 4102.467128254793 190.92292240613799 -68.89031799531408
  endloop
endfacet
facet normal -0.6087614290060214 0.7933533402933064 0.0
  outer loop
    vertex 4102.798499104692 191.17719220229347 -68.89031799531408
    vertex 4102.467128254793 190.92292240613799 -64.8903179955229
    vertex 4102.798499104692 191.17719220229347 -64.8903179955229
  endloop
endfacet
facet normal 0.9238795325126401 0.3826834323618225 0.0
  outer loop
    vertex 4100.121646932734 191.8944525800368 -68.89031799531408
    vertex 4100.28148760874 191.50856305220015 -64.8903179955229
    vertex 4100.28148760874 191.50856305220015 -68.89031799531408
  endloop
endfacet
facet normal 0.9238795325126401 0.3826834323618225 0.0
  outer loop
    vertex 4100.28148760874 191.50856305220015 -64.8903179955229
    vertex 4100.121646932734 191.8944525800368 -68.89031799531408
    vertex 4100.121646932734 191.8944525800368 -64.8903179955229
  endloop
endfacet
facet normal -0.923879532509919 0.38268343236839203 0.0
  outer loop
    vertex 4042.2721095764996 85.89784866392503 -64.8903179955229
    vertex 4042.1122689004906 85.51195913608981 -68.89031799531412
    vertex 4042.1122689004906 85.51195913608981 -64.8903179955229
  endloop
endfacet
facet normal -0.923879532509919 0.38268343236839203 0.0
  outer loop
    vertex 4042.1122689004906 85.51195913608981 -68.89031799531412
    vertex 4042.2721095764996 85.89784866392503 -64.8903179955229
    vertex 4042.2721095764996 85.89784866392503 -68.89031799531412
  endloop
endfacet
facet normal 0.6087614290060214 -0.7933533402933064 0.0
  outer loop
    vertex 4100.867128254803 193.6942036982533 -64.8903179955229
    vertex 4100.535757404903 193.4399339020978 -68.89031799531408
    vertex 4100.867128254803 193.6942036982533 -68.89031799531408
  endloop
endfacet
facet normal 0.6087614290060214 -0.7933533402933064 0.0
  outer loop
    vertex 4100.535757404903 193.4399339020978 -68.89031799531408
    vertex 4100.867128254803 193.6942036982533 -64.8903179955229
    vertex 4100.535757404903 193.4399339020978 -64.8903179955229
  endloop
endfacet
facet normal 0.13052619222368766 0.9914448613733319 0.0
  outer loop
    vertex 4101.253017782628 190.76308173013464 -64.8903179955229
    vertex 4101.667128254792 190.70856305219564 -68.89031799531408
    vertex 4101.253017782628 190.76308173013464 -68.89031799531408
  endloop
endfacet
facet normal 0.13052619222368766 0.9914448613733319 0.0
  outer loop
    vertex 4101.667128254792 190.70856305219564 -68.89031799531408
    vertex 4101.253017782628 190.76308173013464 -64.8903179955229
    vertex 4101.667128254792 190.70856305219564 -64.8903179955229
  endloop
endfacet
facet normal -0.7933533402930135 -0.6087614290064031 0.0
  outer loop
    vertex 4041.8579991047 193.43993390229662 -64.8903179955229
    vertex 4042.1122689008553 193.1085630523976 -68.8903179953141
    vertex 4042.1122689008553 193.1085630523976 -64.8903179955229
  endloop
endfacet
facet normal -0.7933533402930135 -0.6087614290064031 0.0
  outer loop
    vertex 4042.1122689008553 193.1085630523976 -68.8903179953141
    vertex 4041.8579991047 193.43993390229662 -64.8903179955229
    vertex 4041.8579991047 193.43993390229662 -68.8903179953141
  endloop
endfacet
facet normal 0.7933533402930133 0.6087614290064036 0.0
  outer loop
    vertex 4100.28148760874 191.50856305220015 -68.89031799531408
    vertex 4100.535757404895 191.17719220230114 -64.8903179955229
    vertex 4100.535757404895 191.17719220230114 -68.89031799531408
  endloop
endfacet
facet normal 0.7933533402930133 0.6087614290064036 0.0
  outer loop
    vertex 4100.535757404895 191.17719220230114 -64.8903179955229
    vertex 4100.28148760874 191.50856305220015 -68.89031799531408
    vertex 4100.28148760874 191.50856305220015 -64.8903179955229
  endloop
endfacet
facet normal -0.3826834323682868 -0.9238795325099625 0.0
  outer loop
    vertex 4041.5266282548027 193.69420369845437 -64.8903179955229
    vertex 4041.140738726967 193.85404437446311 -68.8903179953141
    vertex 4041.5266282548027 193.69420369845437 -68.8903179953141
  endloop
endfacet
facet normal -0.3826834323682868 -0.9238795325099625 0.0
  outer loop
    vertex 4041.140738726967 193.85404437446311 -68.8903179953141
    vertex 4041.5266282548027 193.69420369845437 -64.8903179955229
    vertex 4041.140738726967 193.85404437446311 -64.8903179955229
  endloop
endfacet
facet normal -0.1305261922169688 0.9914448613742163 0.0
  outer loop
    vertex 4101.667128254433 84.71195913588784 -64.8903179955229
    vertex 4102.081238726598 84.766477813824 -68.89031799531412
    vertex 4101.667128254433 84.71195913588784 -68.89031799531412
  endloop
endfacet
facet normal -0.1305261922169688 0.9914448613742163 0.0
  outer loop
    vertex 4102.081238726598 84.766477813824 -68.89031799531412
    vertex 4101.667128254433 84.71195913588784 -64.8903179955229
    vertex 4102.081238726598 84.766477813824 -64.8903179955229
  endloop
endfacet
facet normal -0.9914448613742536 -0.1305261922166864 0.0
  outer loop
    vertex 4042.272109576861 192.72267352456095 -64.8903179955229
    vertex 4042.3266282547975 192.30856305239672 -68.8903179953141
    vertex 4042.3266282547975 192.30856305239672 -64.8903179955229
  endloop
endfacet
facet normal -0.9914448613742536 -0.1305261922166864 0.0
  outer loop
    vertex 4042.3266282547975 192.30856305239672 -68.8903179953141
    vertex 4042.272109576861 192.72267352456095 -64.8903179955229
    vertex 4042.272109576861 192.72267352456095 -68.8903179953141
  endloop
endfacet
facet normal -0.793353340289208 0.6087614290113625 0.0
  outer loop
    vertex 4042.1122689008503 191.50856305239762 -64.8903179955229
    vertex 4041.857999104692 191.17719220249995 -68.8903179953141
    vertex 4041.857999104692 191.17719220249995 -64.8903179955229
  endloop
endfacet
facet normal -0.793353340289208 0.6087614290113625 0.0
  outer loop
    vertex 4041.857999104692 191.17719220249995 -68.8903179953141
    vertex 4042.1122689008503 191.50856305239762 -64.8903179955229
    vertex 4042.1122689008503 191.50856305239762 -68.8903179953141
  endloop
endfacet
facet normal -0.7933533402930133 -0.6087614290064036 0.0
  outer loop
    vertex 4102.798499104341 87.44332998578233 -64.8903179955229
    vertex 4103.052768900496 87.11195913588327 -68.89031799531412
    vertex 4103.052768900496 87.11195913588327 -64.8903179955229
  endloop
endfacet
facet normal -0.7933533402930133 -0.6087614290064036 0.0
  outer loop
    vertex 4103.052768900496 87.11195913588327 -68.89031799531412
    vertex 4102.798499104341 87.44332998578233 -64.8903179955229
    vertex 4102.798499104341 87.44332998578233 -68.89031799531412
  endloop
endfacet
facet normal -0.9914448613742521 -0.13052619221669634 0.0
  outer loop
    vertex 4103.2126095765025 86.7260696080466 -64.8903179955229
    vertex 4103.267128254438 86.3119591358824 -68.89031799531412
    vertex 4103.267128254438 86.3119591358824 -64.8903179955229
  endloop
endfacet
facet normal -0.9914448613742521 -0.13052619221669634 0.0
  outer loop
    vertex 4103.267128254438 86.3119591358824 -68.89031799531412
    vertex 4103.2126095765025 86.7260696080466 -64.8903179955229
    vertex 4103.2126095765025 86.7260696080466 -68.89031799531412
  endloop
endfacet
facet normal -0.6087614290113977 -0.793353340289181 0.0
  outer loop
    vertex 4102.798499104341 87.44332998578233 -64.8903179955229
    vertex 4102.467128254443 87.69759978194003 -68.89031799531412
    vertex 4102.798499104341 87.44332998578233 -68.89031799531412
  endloop
endfacet
facet normal -0.6087614290113977 -0.793353340289181 0.0
  outer loop
    vertex 4102.467128254443 87.69759978194003 -68.89031799531412
    vertex 4102.798499104341 87.44332998578233 -64.8903179955229
    vertex 4102.467128254443 87.69759978194003 -64.8903179955229
  endloop
endfacet
facet normal 0.9914448613733677 -0.13052619222341522 0.0
  outer loop
    vertex 4100.121646932736 192.72267352436492 -68.89031799531408
    vertex 4100.067128254798 192.30856305220104 -64.8903179955229
    vertex 4100.067128254798 192.30856305220104 -68.89031799531408
  endloop
endfacet
facet normal 0.9914448613733677 -0.13052619222341522 0.0
  outer loop
    vertex 4100.067128254798 192.30856305220104 -64.8903179955229
    vertex 4100.121646932736 192.72267352436492 -68.89031799531408
    vertex 4100.121646932736 192.72267352436492 -64.8903179955229
  endloop
endfacet
facet normal -0.793353340289208 0.6087614290113625 0.0
  outer loop
    vertex 4103.0527689008495 191.50856305219114 -64.8903179955229
    vertex 4102.798499104692 191.17719220229347 -68.89031799531408
    vertex 4102.798499104692 191.17719220229347 -64.8903179955229
  endloop
endfacet
facet normal -0.793353340289208 0.6087614290113625 0.0
  outer loop
    vertex 4102.798499104692 191.17719220229347 -68.89031799531408
    vertex 4103.0527689008495 191.50856305219114 -64.8903179955229
    vertex 4103.0527689008495 191.50856305219114 -68.89031799531408
  endloop
endfacet
facet normal -0.9914448613733677 0.13052619222341522 0.0
  outer loop
    vertex 4103.267128254438 86.3119591358824 -64.8903179955229
    vertex 4103.2126095765 85.89784866371849 -68.89031799531412
    vertex 4103.2126095765 85.89784866371849 -64.8903179955229
  endloop
endfacet
facet normal -0.9914448613733677 0.13052619222341522 0.0
  outer loop
    vertex 4103.2126095765 85.89784866371849 -68.89031799531412
    vertex 4103.267128254438 86.3119591358824 -64.8903179955229
    vertex 4103.267128254438 86.3119591358824 -68.89031799531412
  endloop
endfacet
facet normal -0.793353340289208 0.6087614290113625 0.0
  outer loop
    vertex 4103.052768900491 85.51195913588327 -64.8903179955229
    vertex 4102.798499104333 85.18058828598566 -68.89031799531412
    vertex 4102.798499104333 85.18058828598566 -64.8903179955229
  endloop
endfacet
facet normal -0.793353340289208 0.6087614290113625 0.0
  outer loop
    vertex 4102.798499104333 85.18058828598566 -68.89031799531412
    vertex 4103.052768900491 85.51195913588327 -64.8903179955229
    vertex 4103.052768900491 85.51195913588327 -68.89031799531412
  endloop
endfacet
facet normal -0.9238795325126401 -0.3826834323618225 0.0
  outer loop
    vertex 4103.052768900496 87.11195913588327 -64.8903179955229
    vertex 4103.2126095765025 86.7260696080466 -68.89031799531412
    vertex 4103.2126095765025 86.7260696080466 -64.8903179955229
  endloop
endfacet
facet normal -0.9238795325126401 -0.3826834323618225 0.0
  outer loop
    vertex 4103.2126095765025 86.7260696080466 -68.89031799531412
    vertex 4103.052768900496 87.11195913588327 -64.8903179955229
    vertex 4103.052768900496 87.11195913588327 -68.89031799531412
  endloop
endfacet
facet normal -0.1305261922236876 -0.9914448613733319 0.0
  outer loop
    vertex 4041.140738726967 193.85404437446311 -64.8903179955229
    vertex 4040.7266282548026 193.90856305240212 -68.8903179953141
    vertex 4041.140738726967 193.85404437446311 -68.8903179953141
  endloop
endfacet
facet normal -0.1305261922236876 -0.9914448613733319 0.0
  outer loop
    vertex 4040.7266282548026 193.90856305240212 -68.8903179953141
    vertex 4041.140738726967 193.85404437446311 -64.8903179955229
    vertex 4040.7266282548026 193.90856305240212 -64.8903179955229
  endloop
endfacet
facet normal -0.6087614290060214 0.7933533402933064 0.0
  outer loop
    vertex 4102.467128254434 84.92631848983012 -64.8903179955229
    vertex 4102.798499104333 85.18058828598566 -68.89031799531412
    vertex 4102.467128254434 84.92631848983012 -68.89031799531412
  endloop
endfacet
facet normal -0.6087614290060214 0.7933533402933064 0.0
  outer loop
    vertex 4102.798499104333 85.18058828598566 -68.89031799531412
    vertex 4102.467128254434 84.92631848983012 -64.8903179955229
    vertex 4102.798499104333 85.18058828598566 -64.8903179955229
  endloop
endfacet
facet normal -0.9238795325099203 0.38268343236838914 0.0
  outer loop
    vertex 4103.2126095765 85.89784866371849 -64.8903179955229
    vertex 4103.052768900491 85.51195913588327 -68.89031799531412
    vertex 4103.052768900491 85.51195913588327 -64.8903179955229
  endloop
endfacet
facet normal -0.9238795325099203 0.38268343236838914 0.0
  outer loop
    vertex 4103.052768900491 85.51195913588327 -68.89031799531412
    vertex 4103.2126095765 85.89784866371849 -64.8903179955229
    vertex 4103.2126095765 85.89784866371849 -68.89031799531412
  endloop
endfacet
facet normal -0.13052619222368766 -0.9914448613733319 0.0
  outer loop
    vertex 4102.081238726967 193.85404437425663 -64.8903179955229
    vertex 4101.667128254803 193.90856305219563 -68.89031799531408
    vertex 4102.081238726967 193.85404437425663 -68.89031799531408
  endloop
endfacet
facet normal -0.13052619222368766 -0.9914448613733319 0.0
  outer loop
    vertex 4101.667128254803 193.90856305219563 -68.89031799531408
    vertex 4102.081238726967 193.85404437425663 -64.8903179955229
    vertex 4101.667128254803 193.90856305219563 -64.8903179955229
  endloop
endfacet
facet normal 0.38268343236828634 0.9238795325099627 0.0
  outer loop
    vertex 4100.867128254793 190.92292240614339 -64.8903179955229
    vertex 4101.253017782628 190.76308173013464 -68.89031799531408
    vertex 4100.867128254793 190.92292240614339 -68.89031799531408
  endloop
endfacet
facet normal 0.38268343236828634 0.9238795325099627 0.0
  outer loop
    vertex 4101.253017782628 190.76308173013464 -68.89031799531408
    vertex 4100.867128254793 190.92292240614339 -64.8903179955229
    vertex 4101.253017782628 190.76308173013464 -64.8903179955229
  endloop
endfacet
facet normal -0.13052619222368766 -0.9914448613733319 0.0
  outer loop
    vertex 4102.081238726608 87.85744045794877 -64.8903179955229
    vertex 4101.667128254444 87.91195913588783 -68.89031799531412
    vertex 4102.081238726608 87.85744045794877 -68.89031799531412
  endloop
endfacet
facet normal -0.13052619222368766 -0.9914448613733319 0.0
  outer loop
    vertex 4101.667128254444 87.91195913588783 -68.89031799531412
    vertex 4102.081238726608 87.85744045794877 -64.8903179955229
    vertex 4101.667128254444 87.91195913588783 -64.8903179955229
  endloop
endfacet
facet normal -0.38268343236202534 0.9238795325125562 0.0
  outer loop
    vertex 4102.081238726598 84.766477813824 -64.8903179955229
    vertex 4102.467128254434 84.92631848983012 -68.89031799531412
    vertex 4102.081238726598 84.766477813824 -68.89031799531412
  endloop
endfacet
facet normal -0.38268343236202534 0.9238795325125562 0.0
  outer loop
    vertex 4102.467128254434 84.92631848983012 -68.89031799531412
    vertex 4102.081238726598 84.766477813824 -64.8903179955229
    vertex 4102.467128254434 84.92631848983012 -64.8903179955229
  endloop
endfacet
facet normal -0.38268343236828634 -0.9238795325099627 0.0
  outer loop
    vertex 4102.467128254443 87.69759978194003 -64.8903179955229
    vertex 4102.081238726608 87.85744045794877 -68.89031799531412
    vertex 4102.467128254443 87.69759978194003 -68.89031799531412
  endloop
endfacet
facet normal -0.38268343236828634 -0.9238795325099627 0.0
  outer loop
    vertex 4102.081238726608 87.85744045794877 -68.89031799531412
    vertex 4102.467128254443 87.69759978194003 -64.8903179955229
    vertex 4102.081238726608 87.85744045794877 -64.8903179955229
  endloop
endfacet
facet normal -0.9914448613733677 0.13052619222341522 0.0
  outer loop
    vertex 4103.267128254798 192.30856305219012 -64.8903179955229
    vertex 4103.212609576859 191.89445258002635 -68.89031799531408
    vertex 4103.212609576859 191.89445258002635 -64.8903179955229
  endloop
endfacet
facet normal -0.9914448613733677 0.13052619222341522 0.0
  outer loop
    vertex 4103.212609576859 191.89445258002635 -68.89031799531408
    vertex 4103.267128254798 192.30856305219012 -64.8903179955229
    vertex 4103.267128254798 192.30856305219012 -68.89031799531408
  endloop
endfacet
facet normal -0.9238795325112594 0.38268343236515584 1.3985508876265274e-12
  outer loop
    vertex 4098.714309576826 164.48621039228658 -64.89031799552734
    vertex 4098.5544689008175 164.10032086446864 -68.89031799537406
    vertex 4098.554468900819 164.10032086445062 -64.89031799552914
  endloop
endfacet
facet normal -0.9238795325112594 0.38268343236515584 1.3985508876265274e-12
  outer loop
    vertex 4098.5544689008175 164.10032086446864 -68.89031799537406
    vertex 4098.714309576826 164.48621039228658 -64.89031799552734
    vertex 4098.714309576825 164.48621039230463 -68.89031799537226
  endloop
endfacet
facet normal -0.9914448613737742 0.13052619222032824 2.3784979018296544e-13
  outer loop
    vertex 4098.768828254764 164.90032086445063 -64.89031799552546
    vertex 4098.714309576825 164.48621039230463 -68.89031799537226
    vertex 4098.714309576826 164.48621039228658 -64.89031799552734
  endloop
endfacet
facet normal -0.9914448613737742 0.13052619222032824 2.3784979018296544e-13
  outer loop
    vertex 4098.714309576825 164.48621039230463 -68.89031799537226
    vertex 4098.768828254764 164.90032086445063 -64.89031799552546
    vertex 4098.768828254762 164.90032086446865 -68.89031799537038
  endloop
endfacet
facet normal -0.991444861373776 -0.13052619222031425 -9.390603773995014e-13
  outer loop
    vertex 4098.714309576826 165.3144313366147 -64.89031799552363
    vertex 4098.768828254762 164.90032086446865 -68.89031799537038
    vertex 4098.768828254764 164.90032086445063 -64.89031799552546
  endloop
endfacet
facet normal -0.991444861373776 -0.13052619222031425 -9.390603773995014e-13
  outer loop
    vertex 4098.768828254762 164.90032086446865 -68.89031799537038
    vertex 4098.714309576826 165.3144313366147 -64.89031799552363
    vertex 4098.714309576825 165.31443133663274 -68.89031799536856
  endloop
endfacet
facet normal -0.9238795325112673 -0.38268343236513674 -2.051975132129521e-12
  outer loop
    vertex 4098.554468900819 165.70032086445067 -64.89031799552191
    vertex 4098.714309576825 165.31443133663274 -68.89031799536856
    vertex 4098.714309576826 165.3144313366147 -64.89031799552363
  endloop
endfacet
facet normal -0.9238795325112673 -0.38268343236513674 -2.051975132129521e-12
  outer loop
    vertex 4098.714309576825 165.31443133663274 -68.89031799536856
    vertex 4098.554468900819 165.70032086445067 -64.89031799552191
    vertex 4098.5544689008175 165.70032086446872 -68.89031799536684
  endloop
endfacet
facet normal -0.7933533402913038 -0.6087614290086313 -3.025051172654552e-12
  outer loop
    vertex 4098.300199104662 166.03169171434922 -64.89031799552053
    vertex 4098.5544689008175 165.70032086446872 -68.89031799536684
    vertex 4098.554468900819 165.70032086445067 -64.89031799552191
  endloop
endfacet
facet normal -0.7933533402913038 -0.6087614290086313 -3.025051172654552e-12
  outer loop
    vertex 4098.5544689008175 165.70032086446872 -68.89031799536684
    vertex 4098.300199104662 166.03169171434922 -64.89031799552053
    vertex 4098.300199104661 166.03169171436724 -68.89031799536545
  endloop
endfacet
facet normal -0.6087614290091767 -0.7933533402908852 -3.791974974896125e-12
  outer loop
    vertex 4098.300199104662 166.03169171434922 -64.89031799552053
    vertex 4097.968828254763 166.28596151052395 -68.89031799536441
    vertex 4098.300199104661 166.03169171436724 -68.89031799536545
  endloop
endfacet
facet normal -0.6087614290091767 -0.7933533402908852 -3.791974974896125e-12
  outer loop
    vertex 4097.968828254763 166.28596151052395 -68.89031799536441
    vertex 4098.300199104662 166.03169171434922 -64.89031799552053
    vertex 4097.968828254764 166.2859615105059 -64.89031799551948
  endloop
endfacet
facet normal -0.38268343236480895 -0.9238795325114033 -4.300481949136248e-12
  outer loop
    vertex 4097.968828254764 166.2859615105059 -64.89031799551948
    vertex 4097.582938726926 166.4458021865314 -68.89031799536382
    vertex 4097.968828254763 166.28596151052395 -68.89031799536441
  endloop
endfacet
facet normal -0.38268343236480895 -0.9238795325114033 -4.300481949136248e-12
  outer loop
    vertex 4097.582938726926 166.4458021865314 -68.89031799536382
    vertex 4097.968828254764 166.2859615105059 -64.89031799551948
    vertex 4097.582938726928 166.4458021865134 -64.8903179955189
  endloop
endfacet
facet normal -0.13052619222016199 -0.9914448613737961 -4.515918185422918e-12
  outer loop
    vertex 4097.582938726928 166.4458021865134 -64.8903179955189
    vertex 4097.168828254762 166.50032086446896 -68.89031799536373
    vertex 4097.582938726926 166.4458021865314 -68.89031799536382
  endloop
endfacet
facet normal -0.13052619222016199 -0.9914448613737961 -4.515918185422918e-12
  outer loop
    vertex 4097.168828254762 166.50032086446896 -68.89031799536373
    vertex 4097.582938726928 166.4458021865134 -64.8903179955189
    vertex 4097.168828254764 166.50032086445094 -64.89031799551881
  endloop
endfacet
facet normal 0.1305261922198965 -0.9914448613738309 -4.423602060281298e-12
  outer loop
    vertex 4097.168828254762 166.50032086446896 -68.89031799536373
    vertex 4096.7547177826 166.4458021865135 -64.89031799551921
    vertex 4096.754717782598 166.44580218653152 -68.89031799536414
  endloop
endfacet
facet normal 0.1305261922198965 -0.9914448613738309 -4.423602060281298e-12
  outer loop
    vertex 4096.7547177826 166.4458021865135 -64.89031799551921
    vertex 4097.168828254762 166.50032086446896 -68.89031799536373
    vertex 4097.168828254764 166.50032086445094 -64.89031799551881
  endloop
endfacet
facet normal 0.3826834323651434 -0.9238795325112648 -4.029824765079128e-12
  outer loop
    vertex 4096.754717782598 166.44580218653152 -68.89031799536414
    vertex 4096.368828254764 166.28596151050616 -64.89031799552006
    vertex 4096.368828254763 166.28596151052417 -68.890317995365
  endloop
endfacet
facet normal 0.3826834323651434 -0.9238795325112648 -4.029824765079128e-12
  outer loop
    vertex 4096.368828254764 166.28596151050616 -64.89031799552006
    vertex 4096.754717782598 166.44580218653152 -68.89031799536414
    vertex 4096.7547177826 166.4458021865135 -64.89031799551921
  endloop
endfacet
facet normal 0.608761429008206 -0.7933533402916301 -3.361421571739456e-12
  outer loop
    vertex 4096.368828254763 166.28596151052417 -68.890317995365
    vertex 4096.037457404865 166.03169171434956 -64.89031799552134
    vertex 4096.037457404864 166.03169171436758 -68.89031799536626
  endloop
endfacet
facet normal 0.608761429008206 -0.7933533402916301 -3.361421571739456e-12
  outer loop
    vertex 4096.037457404865 166.03169171434956 -64.89031799552134
    vertex 4096.368828254763 166.28596151052417 -68.890317995365
    vertex 4096.368828254764 166.28596151050616 -64.89031799552006
  endloop
endfacet
facet normal 0.7933533402912238 -0.6087614290087356 -2.463943053293699e-12
  outer loop
    vertex 4095.783187608707 165.70032086446915 -68.89031799536784
    vertex 4096.037457404865 166.03169171434956 -64.89031799552134
    vertex 4095.7831876087084 165.70032086445113 -64.8903179955229
  endloop
endfacet
facet normal 0.7933533402912238 -0.6087614290087356 -2.463943053293699e-12
  outer loop
    vertex 4096.037457404865 166.03169171434956 -64.89031799552134
    vertex 4095.783187608707 165.70032086446915 -68.89031799536784
    vertex 4096.037457404864 166.03169171436758 -68.89031799536626
  endloop
endfacet
facet normal 0.9238795325112594 -0.38268343236515584 -1.3985508876265274e-12
  outer loop
    vertex 4095.6233469326994 165.31443133663316 -68.89031799536961
    vertex 4095.7831876087084 165.70032086445113 -64.8903179955229
    vertex 4095.6233469327008 165.31443133661514 -64.8903179955247
  endloop
endfacet
facet normal 0.9238795325112594 -0.38268343236515584 -1.3985508876265274e-12
  outer loop
    vertex 4095.7831876087084 165.70032086445113 -64.8903179955229
    vertex 4095.6233469326994 165.31443133663316 -68.89031799536961
    vertex 4095.783187608707 165.70032086446915 -68.89031799536784
  endloop
endfacet
facet normal 0.9914448613737742 -0.13052619222032824 -2.3784979018296544e-13
  outer loop
    vertex 4095.5688282547617 164.90032086446914 -68.89031799537152
    vertex 4095.6233469327008 165.31443133661514 -64.8903179955247
    vertex 4095.5688282547635 164.90032086445112 -64.89031799552659
  endloop
endfacet
facet normal 0.9914448613737742 -0.13052619222032824 -2.3784979018296544e-13
  outer loop
    vertex 4095.6233469327008 165.31443133661514 -64.8903179955247
    vertex 4095.5688282547617 164.90032086446914 -68.89031799537152
    vertex 4095.6233469326994 165.31443133663316 -68.89031799536961
  endloop
endfacet
facet normal 0.991444861373776 0.13052619222031425 9.390603773995014e-13
  outer loop
    vertex 4095.6233469326994 164.48621039230505 -68.89031799537337
    vertex 4095.5688282547635 164.90032086445112 -64.89031799552659
    vertex 4095.6233469327008 164.48621039228703 -64.89031799552845
  endloop
endfacet
facet normal 0.991444861373776 0.13052619222031425 9.390603773995014e-13
  outer loop
    vertex 4095.5688282547635 164.90032086445112 -64.89031799552659
    vertex 4095.6233469326994 164.48621039230505 -68.89031799537337
    vertex 4095.5688282547617 164.90032086446914 -68.89031799537152
  endloop
endfacet
facet normal 0.9238795325112673 0.38268343236513674 2.051975132129521e-12
  outer loop
    vertex 4095.783187608707 164.10032086446907 -68.89031799537506
    vertex 4095.6233469327008 164.48621039228703 -64.89031799552845
    vertex 4095.7831876087084 164.10032086445105 -64.89031799553013
  endloop
endfacet
facet normal 0.9238795325112673 0.38268343236513674 2.051975132129521e-12
  outer loop
    vertex 4095.6233469327008 164.48621039228703 -64.89031799552845
    vertex 4095.783187608707 164.10032086446907 -68.89031799537506
    vertex 4095.6233469326994 164.48621039230505 -68.89031799537337
  endloop
endfacet
facet normal 0.7933533402913038 0.6087614290086313 3.025051172654552e-12
  outer loop
    vertex 4096.037457404864 163.76895001457055 -68.89031799537645
    vertex 4095.7831876087084 164.10032086445105 -64.89031799553013
    vertex 4096.037457404865 163.7689500145525 -64.89031799553153
  endloop
endfacet
facet normal 0.7933533402913038 0.6087614290086313 3.025051172654552e-12
  outer loop
    vertex 4095.7831876087084 164.10032086445105 -64.89031799553013
    vertex 4096.037457404864 163.76895001457055 -68.89031799537645
    vertex 4095.783187608707 164.10032086446907 -68.89031799537506
  endloop
endfacet
facet normal 0.6087614290091767 0.7933533402908852 3.791974974896125e-12
  outer loop
    vertex 4096.037457404864 163.76895001457055 -68.89031799537645
    vertex 4096.368828254763 163.51468021839582 -64.89031799553257
    vertex 4096.368828254762 163.51468021841384 -68.89031799537749
  endloop
endfacet
facet normal 0.6087614290091767 0.7933533402908852 3.791974974896125e-12
  outer loop
    vertex 4096.368828254763 163.51468021839582 -64.89031799553257
    vertex 4096.037457404864 163.76895001457055 -68.89031799537645
    vertex 4096.037457404865 163.7689500145525 -64.89031799553153
  endloop
endfacet
facet normal 0.38268343236480895 0.9238795325114033 4.300481949136248e-12
  outer loop
    vertex 4096.368828254762 163.51468021841384 -68.89031799537749
    vertex 4096.7547177826 163.35483954238833 -64.89031799553312
    vertex 4096.754717782598 163.35483954240638 -68.89031799537806
  endloop
endfacet
facet normal 0.38268343236480895 0.9238795325114033 4.300481949136248e-12
  outer loop
    vertex 4096.7547177826 163.35483954238833 -64.89031799553312
    vertex 4096.368828254762 163.51468021841384 -68.89031799537749
    vertex 4096.368828254763 163.51468021839582 -64.89031799553257
  endloop
endfacet
facet normal 0.13052619222016199 0.9914448613737961 4.515918185422918e-12
  outer loop
    vertex 4096.754717782598 163.35483954240638 -68.89031799537806
    vertex 4097.168828254764 163.3003208644508 -64.89031799553322
    vertex 4097.168828254762 163.30032086446883 -68.89031799537814
  endloop
endfacet
facet normal 0.13052619222016199 0.9914448613737961 4.515918185422918e-12
  outer loop
    vertex 4097.168828254764 163.3003208644508 -64.89031799553322
    vertex 4096.754717782598 163.35483954240638 -68.89031799537806
    vertex 4096.7547177826 163.35483954238833 -64.89031799553312
  endloop
endfacet
facet normal -0.1305261922198965 0.9914448613738309 4.423602060281298e-12
  outer loop
    vertex 4097.168828254764 163.3003208644508 -64.89031799553322
    vertex 4097.582938726926 163.35483954240627 -68.89031799537776
    vertex 4097.168828254762 163.30032086446883 -68.89031799537814
  endloop
endfacet
facet normal -0.1305261922198965 0.9914448613738309 4.423602060281298e-12
  outer loop
    vertex 4097.582938726926 163.35483954240627 -68.89031799537776
    vertex 4097.168828254764 163.3003208644508 -64.89031799553322
    vertex 4097.582938726928 163.35483954238822 -64.89031799553284
  endloop
endfacet
facet normal -0.3826834323651434 0.9238795325112648 4.029824765079128e-12
  outer loop
    vertex 4097.582938726928 163.35483954238822 -64.89031799553284
    vertex 4097.968828254762 163.51468021841362 -68.8903179953769
    vertex 4097.582938726926 163.35483954240627 -68.89031799537776
  endloop
endfacet
facet normal -0.3826834323651434 0.9238795325112648 4.029824765079128e-12
  outer loop
    vertex 4097.968828254762 163.51468021841362 -68.8903179953769
    vertex 4097.582938726928 163.35483954238822 -64.89031799553284
    vertex 4097.968828254763 163.51468021839557 -64.89031799553199
  endloop
endfacet
facet normal -0.608761429008206 0.7933533402916301 3.361421571739456e-12
  outer loop
    vertex 4097.968828254763 163.51468021839557 -64.89031799553199
    vertex 4098.300199104661 163.7689500145702 -68.89031799537567
    vertex 4097.968828254762 163.51468021841362 -68.8903179953769
  endloop
endfacet
facet normal -0.608761429008206 0.7933533402916301 3.361421571739456e-12
  outer loop
    vertex 4098.300199104661 163.7689500145702 -68.89031799537567
    vertex 4097.968828254763 163.51468021839557 -64.89031799553199
    vertex 4098.300199104662 163.76895001455216 -64.89031799553075
  endloop
endfacet
facet normal -0.7933533402912238 0.6087614290087356 2.463943053293699e-12
  outer loop
    vertex 4098.554468900819 164.10032086445062 -64.89031799552914
    vertex 4098.300199104661 163.7689500145702 -68.89031799537567
    vertex 4098.300199104662 163.76895001455216 -64.89031799553075
  endloop
endfacet
facet normal -0.7933533402912238 0.6087614290087356 2.463943053293699e-12
  outer loop
    vertex 4098.300199104661 163.7689500145702 -68.89031799537567
    vertex 4098.554468900819 164.10032086445062 -64.89031799552914
    vertex 4098.5544689008175 164.10032086446864 -68.89031799537406
  endloop
endfacet
facet normal -0.9238795325112517 0.38268343236517505 1.4017091733511936e-12
  outer loop
    vertex 4098.714309576826 113.17800926585137 -64.89031799575694
    vertex 4098.554468900817 112.79211973803343 -68.89031799537919
    vertex 4098.554468900818 112.79211973801543 -64.8903179957587
  endloop
endfacet
facet normal -0.9238795325112517 0.38268343236517505 1.4017091733511936e-12
  outer loop
    vertex 4098.554468900817 112.79211973803343 -68.89031799537919
    vertex 4098.714309576826 113.17800926585137 -64.89031799575694
    vertex 4098.714309576824 113.17800926586938 -68.89031799537743
  endloop
endfacet
facet normal -0.9914448613737751 0.13052619222032125 2.411441407227338e-13
  outer loop
    vertex 4098.768828254763 113.59211973801543 -64.89031799575505
    vertex 4098.714309576824 113.17800926586938 -68.89031799537743
    vertex 4098.714309576826 113.17800926585137 -64.89031799575694
  endloop
endfacet
facet normal -0.9914448613737751 0.13052619222032125 2.411441407227338e-13
  outer loop
    vertex 4098.714309576824 113.17800926586938 -68.89031799537743
    vertex 4098.768828254763 113.59211973801543 -64.89031799575505
    vertex 4098.7688282547615 113.59211973803343 -68.89031799537554
  endloop
endfacet
facet normal -0.9914448613737732 -0.1305261922203352 -9.358544665896872e-13
  outer loop
    vertex 4098.714309576826 114.00623021017944 -64.89031799575321
    vertex 4098.7688282547615 113.59211973803343 -68.89031799537554
    vertex 4098.768828254763 113.59211973801543 -64.89031799575505
  endloop
endfacet
facet normal -0.9914448613737732 -0.1305261922203352 -9.358544665896872e-13
  outer loop
    vertex 4098.7688282547615 113.59211973803343 -68.89031799537554
    vertex 4098.714309576826 114.00623021017944 -64.89031799575321
    vertex 4098.714309576824 114.00623021019744 -68.89031799537369
  endloop
endfacet
facet normal -0.9238795325112673 -0.38268343236513674 -2.049076138573183e-12
  outer loop
    vertex 4098.554468900818 114.39211973801544 -64.8903179957515
    vertex 4098.714309576824 114.00623021019744 -68.89031799537369
    vertex 4098.714309576826 114.00623021017944 -64.89031799575321
  endloop
endfacet
facet normal -0.9238795325112673 -0.38268343236513674 -2.049076138573183e-12
  outer loop
    vertex 4098.714309576824 114.00623021019744 -68.89031799537369
    vertex 4098.554468900818 114.39211973801544 -64.8903179957515
    vertex 4098.554468900817 114.39211973803343 -68.890317995372
  endloop
endfacet
facet normal -0.7933533402912437 -0.6087614290087096 -3.0226566579721665e-12
  outer loop
    vertex 4098.300199104661 114.7234905879139 -64.89031799575012
    vertex 4098.554468900817 114.39211973803343 -68.890317995372
    vertex 4098.554468900818 114.39211973801544 -64.8903179957515
  endloop
endfacet
facet normal -0.7933533402912437 -0.6087614290087096 -3.0226566579721665e-12
  outer loop
    vertex 4098.554468900817 114.39211973803343 -68.890317995372
    vertex 4098.300199104661 114.7234905879139 -64.89031799575012
    vertex 4098.30019910466 114.7234905879319 -68.89031799537062
  endloop
endfacet
facet normal -0.60876142900824 -0.7933533402916042 -3.790248121308445e-12
  outer loop
    vertex 4098.300199104661 114.7234905879139 -64.89031799575012
    vertex 4097.968828254761 114.97776038408853 -68.89031799536956
    vertex 4098.30019910466 114.7234905879319 -68.89031799537062
  endloop
endfacet
facet normal -0.60876142900824 -0.7933533402916042 -3.790248121308445e-12
  outer loop
    vertex 4097.968828254761 114.97776038408853 -68.89031799536956
    vertex 4098.300199104661 114.7234905879139 -64.89031799575012
    vertex 4097.968828254763 114.97776038407052 -64.89031799574907
  endloop
endfacet
facet normal -0.38268343236523555 -0.9238795325112266 -4.299540438855574e-12
  outer loop
    vertex 4097.968828254763 114.97776038407052 -64.89031799574907
    vertex 4097.582938726926 115.13760106009592 -68.890317995369
    vertex 4097.968828254761 114.97776038408853 -68.89031799536956
  endloop
endfacet
facet normal -0.38268343236523555 -0.9238795325112266 -4.299540438855574e-12
  outer loop
    vertex 4097.582938726926 115.13760106009592 -68.890317995369
    vertex 4097.968828254763 114.97776038407052 -64.89031799574907
    vertex 4097.582938726927 115.13760106007791 -64.8903179957485
  endloop
endfacet
facet normal -0.1305261922201089 -0.991444861373803 -4.51582618082313e-12
  outer loop
    vertex 4097.582938726927 115.13760106007791 -64.8903179957485
    vertex 4097.168828254761 115.19211973803343 -68.89031799536889
    vertex 4097.582938726926 115.13760106009592 -68.890317995369
  endloop
endfacet
facet normal -0.1305261922201089 -0.991444861373803 -4.51582618082313e-12
  outer loop
    vertex 4097.168828254761 115.19211973803343 -68.89031799536889
    vertex 4097.582938726927 115.13760106007791 -64.8903179957485
    vertex 4097.168828254763 115.19211973801544 -64.89031799574839
  endloop
endfacet
facet normal 0.1305261922201089 -0.991444861373803 -4.424365831322957e-12
  outer loop
    vertex 4097.168828254761 115.19211973803343 -68.89031799536889
    vertex 4096.754717782599 115.13760106007791 -64.89031799574879
    vertex 4096.754717782597 115.13760106009592 -68.89031799536927
  endloop
endfacet
facet normal 0.1305261922201089 -0.991444861373803 -4.424365831322957e-12
  outer loop
    vertex 4096.754717782599 115.13760106007791 -64.89031799574879
    vertex 4097.168828254761 115.19211973803343 -68.89031799536889
    vertex 4097.168828254763 115.19211973801544 -64.89031799574839
  endloop
endfacet
facet normal 0.38268343236523555 -0.9238795325112266 -4.031392262028132e-12
  outer loop
    vertex 4096.754717782597 115.13760106009592 -68.89031799536927
    vertex 4096.368828254763 114.97776038407052 -64.89031799574964
    vertex 4096.368828254762 114.97776038408853 -68.89031799537013
  endloop
endfacet
facet normal 0.38268343236523555 -0.9238795325112266 -4.031392262028132e-12
  outer loop
    vertex 4096.368828254763 114.97776038407052 -64.89031799574964
    vertex 4096.754717782597 115.13760106009592 -68.89031799536927
    vertex 4096.754717782599 115.13760106007791 -64.89031799574879
  endloop
endfacet
facet normal 0.60876142900824 -0.7933533402916042 -3.3636859722692044e-12
  outer loop
    vertex 4096.368828254762 114.97776038408853 -68.89031799537013
    vertex 4096.037457404865 114.7234905879139 -64.8903179957509
    vertex 4096.037457404863 114.7234905879319 -68.89031799537139
  endloop
endfacet
facet normal 0.60876142900824 -0.7933533402916042 -3.3636859722692044e-12
  outer loop
    vertex 4096.037457404865 114.7234905879139 -64.8903179957509
    vertex 4096.368828254762 114.97776038408853 -68.89031799537013
    vertex 4096.368828254763 114.97776038407052 -64.89031799574964
  endloop
endfacet
facet normal 0.7933533402912437 -0.6087614290087096 -2.4667500422501123e-12
  outer loop
    vertex 4095.783187608706 114.39211973803343 -68.890317995373
    vertex 4096.037457404865 114.7234905879139 -64.8903179957509
    vertex 4095.7831876087075 114.39211973801544 -64.89031799575251
  endloop
endfacet
facet normal 0.7933533402912437 -0.6087614290087096 -2.4667500422501123e-12
  outer loop
    vertex 4096.037457404865 114.7234905879139 -64.8903179957509
    vertex 4095.783187608706 114.39211973803343 -68.890317995373
    vertex 4096.037457404863 114.7234905879319 -68.89031799537139
  endloop
endfacet
facet normal 0.9238795325112673 -0.38268343236513674 -1.4017091733510155e-12
  outer loop
    vertex 4095.6233469326985 114.00623021019744 -68.89031799537477
    vertex 4095.7831876087075 114.39211973801544 -64.89031799575251
    vertex 4095.6233469327003 114.00623021017944 -64.89031799575429
  endloop
endfacet
facet normal 0.9238795325112673 -0.38268343236513674 -1.4017091733510155e-12
  outer loop
    vertex 4095.7831876087075 114.39211973801544 -64.89031799575251
    vertex 4095.6233469326985 114.00623021019744 -68.89031799537477
    vertex 4095.783187608706 114.39211973803343 -68.890317995373
  endloop
endfacet
facet normal 0.9914448613737732 -0.1305261922203352 -2.411441407227975e-13
  outer loop
    vertex 4095.5688282547612 113.59211973803343 -68.89031799537665
    vertex 4095.6233469327003 114.00623021017944 -64.89031799575429
    vertex 4095.5688282547626 113.59211973801543 -64.89031799575616
  endloop
endfacet
facet normal 0.9914448613737732 -0.1305261922203352 -2.411441407227975e-13
  outer loop
    vertex 4095.6233469327003 114.00623021017944 -64.89031799575429
    vertex 4095.5688282547612 113.59211973803343 -68.89031799537665
    vertex 4095.6233469326985 114.00623021019744 -68.89031799537477
  endloop
endfacet
facet normal 0.9914448613737751 0.13052619222032125 9.358544665896248e-13
  outer loop
    vertex 4095.6233469326985 113.17800926586938 -68.89031799537852
    vertex 4095.5688282547626 113.59211973801543 -64.89031799575616
    vertex 4095.6233469327003 113.17800926585137 -64.89031799575802
  endloop
endfacet
facet normal 0.9914448613737751 0.13052619222032125 9.358544665896248e-13
  outer loop
    vertex 4095.5688282547626 113.59211973801543 -64.89031799575616
    vertex 4095.6233469326985 113.17800926586938 -68.89031799537852
    vertex 4095.5688282547612 113.59211973803343 -68.89031799537665
  endloop
endfacet
facet normal 0.9238795325112517 0.38268343236517505 2.04907613857335e-12
  outer loop
    vertex 4095.783187608706 112.79211973803343 -68.89031799538019
    vertex 4095.6233469327003 113.17800926585137 -64.89031799575802
    vertex 4095.7831876087075 112.79211973801543 -64.8903179957597
  endloop
endfacet
facet normal 0.9238795325112517 0.38268343236517505 2.04907613857335e-12
  outer loop
    vertex 4095.6233469327003 113.17800926585137 -64.89031799575802
    vertex 4095.783187608706 112.79211973803343 -68.89031799538019
    vertex 4095.6233469326985 113.17800926586938 -68.89031799537852
  endloop
endfacet
facet normal 0.7933533402912437 0.6087614290087096 3.0226566579721665e-12
  outer loop
    vertex 4096.037457404863 112.46074888813497 -68.8903179953816
    vertex 4095.7831876087075 112.79211973801543 -64.8903179957597
    vertex 4096.037457404865 112.46074888811697 -64.8903179957611
  endloop
endfacet
facet normal 0.7933533402912437 0.6087614290087096 3.0226566579721665e-12
  outer loop
    vertex 4095.7831876087075 112.79211973801543 -64.8903179957597
    vertex 4096.037457404863 112.46074888813497 -68.8903179953816
    vertex 4095.783187608706 112.79211973803343 -68.89031799538019
  endloop
endfacet
facet normal 0.608761429008308 0.7933533402915518 3.7902481213082316e-12
  outer loop
    vertex 4096.037457404863 112.46074888813497 -68.8903179953816
    vertex 4096.368828254763 112.2064790919603 -64.89031799576215
    vertex 4096.368828254762 112.20647909197831 -68.89031799538263
  endloop
endfacet
facet normal 0.608761429008308 0.7933533402915518 3.7902481213082316e-12
  outer loop
    vertex 4096.368828254763 112.2064790919603 -64.89031799576215
    vertex 4096.037457404863 112.46074888813497 -68.8903179953816
    vertex 4096.037457404865 112.46074888811697 -64.8903179957611
  endloop
endfacet
facet normal 0.38268343236523555 0.9238795325112266 4.299540438855574e-12
  outer loop
    vertex 4096.368828254762 112.20647909197831 -68.89031799538263
    vertex 4096.754717782599 112.04663841595291 -64.89031799576271
    vertex 4096.754717782597 112.04663841597092 -68.89031799538321
  endloop
endfacet
facet normal 0.38268343236523555 0.9238795325112266 4.299540438855574e-12
  outer loop
    vertex 4096.754717782599 112.04663841595291 -64.89031799576271
    vertex 4096.368828254762 112.20647909197831 -68.89031799538263
    vertex 4096.368828254763 112.2064790919603 -64.89031799576215
  endloop
endfacet
facet normal 0.1305261922200027 0.9914448613738169 4.5158261808231556e-12
  outer loop
    vertex 4096.754717782597 112.04663841597092 -68.89031799538321
    vertex 4097.168828254763 111.99211973801543 -64.89031799576283
    vertex 4097.168828254761 111.99211973803344 -68.89031799538333
  endloop
endfacet
facet normal 0.1305261922200027 0.9914448613738169 4.5158261808231556e-12
  outer loop
    vertex 4097.168828254763 111.99211973801543 -64.89031799576283
    vertex 4096.754717782597 112.04663841597092 -68.89031799538321
    vertex 4096.754717782599 112.04663841595291 -64.89031799576271
  endloop
endfacet
facet normal -0.1305261922200027 0.9914448613738169 4.424365831323057e-12
  outer loop
    vertex 4097.168828254763 111.99211973801543 -64.89031799576283
    vertex 4097.582938726926 112.04663841597092 -68.89031799538292
    vertex 4097.168828254761 111.99211973803344 -68.89031799538333
  endloop
endfacet
facet normal -0.1305261922200027 0.9914448613738169 4.424365831323057e-12
  outer loop
    vertex 4097.582938726926 112.04663841597092 -68.89031799538292
    vertex 4097.168828254763 111.99211973801543 -64.89031799576283
    vertex 4097.582938726927 112.04663841595291 -64.89031799576243
  endloop
endfacet
facet normal -0.38268343236523555 0.9238795325112266 4.031392262028132e-12
  outer loop
    vertex 4097.582938726927 112.04663841595291 -64.89031799576243
    vertex 4097.968828254761 112.20647909197831 -68.89031799538208
    vertex 4097.582938726926 112.04663841597092 -68.89031799538292
  endloop
endfacet
facet normal -0.38268343236523555 0.9238795325112266 4.031392262028132e-12
  outer loop
    vertex 4097.968828254761 112.20647909197831 -68.89031799538208
    vertex 4097.582938726927 112.04663841595291 -64.89031799576243
    vertex 4097.968828254763 112.2064790919603 -64.89031799576159
  endloop
endfacet
facet normal -0.608761429008308 0.7933533402915518 3.3636859722689443e-12
  outer loop
    vertex 4097.968828254763 112.2064790919603 -64.89031799576159
    vertex 4098.30019910466 112.46074888813497 -68.89031799538083
    vertex 4097.968828254761 112.20647909197831 -68.89031799538208
  endloop
endfacet
facet normal -0.608761429008308 0.7933533402915518 3.3636859722689443e-12
  outer loop
    vertex 4098.30019910466 112.46074888813497 -68.89031799538083
    vertex 4097.968828254763 112.2064790919603 -64.89031799576159
    vertex 4098.300199104661 112.46074888811697 -64.89031799576033
  endloop
endfacet
facet normal -0.7933533402912437 0.6087614290087096 2.4667500422501123e-12
  outer loop
    vertex 4098.554468900818 112.79211973801543 -64.8903179957587
    vertex 4098.30019910466 112.46074888813497 -68.89031799538083
    vertex 4098.300199104661 112.46074888811697 -64.89031799576033
  endloop
endfacet
facet normal -0.7933533402912437 0.6087614290087096 2.4667500422501123e-12
  outer loop
    vertex 4098.30019910466 112.46074888813497 -68.89031799538083
    vertex 4098.554468900818 112.79211973801543 -64.8903179957587
    vertex 4098.554468900817 112.79211973803343 -68.89031799537919
  endloop
endfacet
facet normal -0.6087614290091428 -0.7933533402909114 -3.793208661062215e-12
  outer loop
    vertex 4046.356299104633 114.7234905879134 -64.89031799577597
    vertex 4046.0249282547315 114.97776038408807 -68.8903179953455
    vertex 4046.3562991046297 114.72349058793141 -68.89031799534659
  endloop
endfacet
facet normal -0.6087614290091428 -0.7933533402909114 -3.793208661062215e-12
  outer loop
    vertex 4046.0249282547315 114.97776038408807 -68.8903179953455
    vertex 4046.356299104633 114.7234905879134 -64.89031799577597
    vertex 4046.0249282547347 114.97776038407007 -64.89031799577491
  endloop
endfacet
facet normal -0.38268343236480895 -0.9238795325114033 -4.3025955039563876e-12
  outer loop
    vertex 4046.0249282547347 114.97776038407007 -64.89031799577491
    vertex 4045.6390387268953 115.13760106009555 -68.89031799534496
    vertex 4046.0249282547315 114.97776038408807 -68.8903179953455
  endloop
endfacet
facet normal -0.38268343236480895 -0.9238795325114033 -4.3025955039563876e-12
  outer loop
    vertex 4045.6390387268953 115.13760106009555 -68.89031799534496
    vertex 4046.0249282547347 114.97776038407007 -64.89031799577491
    vertex 4045.639038726898 115.13760106007756 -64.89031799577435
  endloop
endfacet
facet normal -0.13052619222021508 -0.9914448613737891 -4.518767573629017e-12
  outer loop
    vertex 4045.639038726898 115.13760106007756 -64.89031799577435
    vertex 4045.2249282547314 115.19211973803311 -68.89031799534484
    vertex 4045.6390387268953 115.13760106009555 -68.89031799534496
  endloop
endfacet
facet normal -0.13052619222021508 -0.9914448613737891 -4.518767573629017e-12
  outer loop
    vertex 4045.2249282547314 115.19211973803311 -68.89031799534484
    vertex 4045.639038726898 115.13760106007756 -64.89031799577435
    vertex 4045.224928254734 115.19211973801511 -64.89031799577424
  endloop
endfacet
facet normal 0.1305261922198965 -0.9914448613738309 -4.426993100775974e-12
  outer loop
    vertex 4045.2249282547314 115.19211973803311 -68.89031799534484
    vertex 4044.81081778257 115.13760106007769 -64.89031799577462
    vertex 4044.810817782567 115.13760106009569 -68.89031799534523
  endloop
endfacet
facet normal 0.1305261922198965 -0.9914448613738309 -4.426993100775974e-12
  outer loop
    vertex 4044.81081778257 115.13760106007769 -64.89031799577462
    vertex 4045.2249282547314 115.19211973803311 -68.89031799534484
    vertex 4045.224928254734 115.19211973801511 -64.89031799577424
  endloop
endfacet
facet normal 0.3826834323651434 -0.9238795325112648 -4.0335263640566166e-12
  outer loop
    vertex 4044.810817782567 115.13760106009569 -68.89031799534523
    vertex 4044.4249282547344 114.97776038407034 -64.89031799577548
    vertex 4044.424928254731 114.97776038408834 -68.8903179953461
  endloop
endfacet
facet normal 0.3826834323651434 -0.9238795325112648 -4.0335263640566166e-12
  outer loop
    vertex 4044.4249282547344 114.97776038407034 -64.89031799577548
    vertex 4044.810817782567 115.13760106009569 -68.89031799534523
    vertex 4044.81081778257 115.13760106007769 -64.89031799577462
  endloop
endfacet
facet normal 0.60876142900824 -0.7933533402916042 -3.3651814713464927e-12
  outer loop
    vertex 4044.424928254731 114.97776038408834 -68.8903179953461
    vertex 4044.0935574048353 114.72349058791372 -64.89031799577675
    vertex 4044.0935574048326 114.72349058793172 -68.89031799534737
  endloop
endfacet
facet normal 0.60876142900824 -0.7933533402916042 -3.3651814713464927e-12
  outer loop
    vertex 4044.0935574048353 114.72349058791372 -64.89031799577675
    vertex 4044.424928254731 114.97776038408834 -68.8903179953461
    vertex 4044.4249282547344 114.97776038407034 -64.89031799577548
  endloop
endfacet
facet normal 0.7933533402912036 -0.6087614290087617 -2.467505022585966e-12
  outer loop
    vertex 4043.839287608676 114.3921197380333 -68.89031799534895
    vertex 4044.0935574048353 114.72349058791372 -64.89031799577675
    vertex 4043.8392876086787 114.3921197380153 -64.89031799577835
  endloop
endfacet
facet normal 0.7933533402912036 -0.6087614290087617 -2.467505022585966e-12
  outer loop
    vertex 4044.0935574048353 114.72349058791372 -64.89031799577675
    vertex 4043.839287608676 114.3921197380333 -68.89031799534895
    vertex 4044.0935574048326 114.72349058793172 -68.89031799534737
  endloop
endfacet
facet normal 0.9238795325112673 -0.38268343236513674 -1.4016721842827312e-12
  outer loop
    vertex 4043.6794469326683 114.00623021019732 -68.89031799535074
    vertex 4043.8392876086787 114.3921197380153 -64.89031799577835
    vertex 4043.6794469326715 114.00623021017931 -64.89031799578014
  endloop
endfacet
facet normal 0.9238795325112673 -0.38268343236513674 -1.4016721842827312e-12
  outer loop
    vertex 4043.8392876086787 114.3921197380153 -64.89031799577835
    vertex 4043.6794469326683 114.00623021019732 -68.89031799535074
    vertex 4043.839287608676 114.3921197380333 -68.89031799534895
  endloop
endfacet
facet normal 0.9914448613737732 -0.1305261922203352 -2.4031770299450097e-13
  outer loop
    vertex 4043.624928254731 113.5921197380333 -68.89031799535263
    vertex 4043.6794469326715 114.00623021017931 -64.89031799578014
    vertex 4043.6249282547337 113.5921197380153 -64.89031799578201
  endloop
endfacet
facet normal 0.9914448613737732 -0.1305261922203352 -2.4031770299450097e-13
  outer loop
    vertex 4043.6794469326715 114.00623021017931 -64.89031799578014
    vertex 4043.624928254731 113.5921197380333 -68.89031799535263
    vertex 4043.6794469326683 114.00623021019732 -68.89031799535074
  endloop
endfacet
facet normal 0.9914448613737769 0.13052619222030726 9.37414032612443e-13
  outer loop
    vertex 4043.6794469326683 113.1780092658692 -68.89031799535448
    vertex 4043.6249282547337 113.5921197380153 -64.89031799578201
    vertex 4043.6794469326715 113.1780092658512 -64.89031799578387
  endloop
endfacet
facet normal 0.9914448613737769 0.13052619222030726 9.37414032612443e-13
  outer loop
    vertex 4043.6249282547337 113.5921197380153 -64.89031799578201
    vertex 4043.6794469326683 113.1780092658692 -68.89031799535448
    vertex 4043.624928254731 113.5921197380333 -68.89031799535263
  endloop
endfacet
facet normal 0.9238795325112673 0.38268343236513674 2.051262551043491e-12
  outer loop
    vertex 4043.839287608676 112.79211973803321 -68.89031799535617
    vertex 4043.6794469326715 113.1780092658512 -64.89031799578387
    vertex 4043.8392876086787 112.7921197380152 -64.89031799578557
  endloop
endfacet
facet normal 0.9238795325112673 0.38268343236513674 2.051262551043491e-12
  outer loop
    vertex 4043.6794469326715 113.1780092658512 -64.89031799578387
    vertex 4043.839287608676 112.79211973803321 -68.89031799535617
    vertex 4043.6794469326683 113.1780092658692 -68.89031799535448
  endloop
endfacet
facet normal 0.7933533402912838 0.6087614290086574 3.0253209164930468e-12
  outer loop
    vertex 4044.0935574048326 112.4607488881347 -68.89031799535755
    vertex 4043.8392876086787 112.7921197380152 -64.89031799578557
    vertex 4044.0935574048353 112.4607488881167 -64.89031799578694
  endloop
endfacet
facet normal 0.7933533402912838 0.6087614290086574 3.0253209164930468e-12
  outer loop
    vertex 4043.8392876086787 112.7921197380152 -64.89031799578557
    vertex 4044.0935574048326 112.4607488881347 -68.89031799535755
    vertex 4043.839287608676 112.79211973803321 -68.89031799535617
  endloop
endfacet
facet normal 0.6087614290092107 0.7933533402908591 3.793208661062003e-12
  outer loop
    vertex 4044.0935574048326 112.4607488881347 -68.89031799535755
    vertex 4044.4249282547335 112.20647909195999 -64.890317995788
    vertex 4044.4249282547307 112.206479091978 -68.89031799535861
  endloop
endfacet
facet normal 0.6087614290092107 0.7933533402908591 3.793208661062003e-12
  outer loop
    vertex 4044.4249282547335 112.20647909195999 -64.890317995788
    vertex 4044.0935574048326 112.4607488881347 -68.89031799535755
    vertex 4044.0935574048353 112.4607488881167 -64.89031799578694
  endloop
endfacet
facet normal 0.38268343236480895 0.9238795325114033 4.3025955039563876e-12
  outer loop
    vertex 4044.4249282547307 112.206479091978 -68.89031799535861
    vertex 4044.81081778257 112.0466384159525 -64.89031799578858
    vertex 4044.810817782567 112.0466384159705 -68.89031799535917
  endloop
endfacet
facet normal 0.38268343236480895 0.9238795325114033 4.3025955039563876e-12
  outer loop
    vertex 4044.81081778257 112.0466384159525 -64.89031799578858
    vertex 4044.4249282547307 112.206479091978 -68.89031799535861
    vertex 4044.4249282547335 112.20647909195999 -64.890317995788
  endloop
endfacet
facet normal 0.1305261922201089 0.991444861373803 4.518767573629042e-12
  outer loop
    vertex 4044.810817782567 112.0466384159705 -68.89031799535917
    vertex 4045.224928254734 111.99211973801499 -64.89031799578868
    vertex 4045.2249282547314 111.99211973803298 -68.89031799535928
  endloop
endfacet
facet normal 0.1305261922201089 0.991444861373803 4.518767573629042e-12
  outer loop
    vertex 4045.224928254734 111.99211973801499 -64.89031799578868
    vertex 4044.810817782567 112.0466384159705 -68.89031799535917
    vertex 4044.81081778257 112.0466384159525 -64.89031799578858
  endloop
endfacet
facet normal -0.1305261922198965 0.9914448613738309 4.426993100775974e-12
  outer loop
    vertex 4045.224928254734 111.99211973801499 -64.89031799578868
    vertex 4045.6390387268953 112.04663841597042 -68.89031799535888
    vertex 4045.2249282547314 111.99211973803298 -68.89031799535928
  endloop
endfacet
facet normal -0.1305261922198965 0.9914448613738309 4.426993100775974e-12
  outer loop
    vertex 4045.6390387268953 112.04663841597042 -68.89031799535888
    vertex 4045.224928254734 111.99211973801499 -64.89031799578868
    vertex 4045.639038726898 112.04663841595242 -64.89031799578828
  endloop
endfacet
facet normal -0.3826834323651434 0.9238795325112648 4.0335263640566166e-12
  outer loop
    vertex 4045.639038726898 112.04663841595242 -64.89031799578828
    vertex 4046.024928254731 112.20647909197777 -68.89031799535802
    vertex 4045.6390387268953 112.04663841597042 -68.89031799535888
  endloop
endfacet
facet normal -0.3826834323651434 0.9238795325112648 4.0335263640566166e-12
  outer loop
    vertex 4046.024928254731 112.20647909197777 -68.89031799535802
    vertex 4045.639038726898 112.04663841595242 -64.89031799578828
    vertex 4046.024928254734 112.20647909195976 -64.89031799578743
  endloop
endfacet
facet normal -0.6087614290081721 0.7933533402916562 3.3651814713467516e-12
  outer loop
    vertex 4046.024928254734 112.20647909195976 -64.89031799578743
    vertex 4046.3562991046297 112.46074888813433 -68.89031799535678
    vertex 4046.024928254731 112.20647909197777 -68.89031799535802
  endloop
endfacet
facet normal -0.6087614290081721 0.7933533402916562 3.3651814713467516e-12
  outer loop
    vertex 4046.3562991046297 112.46074888813433 -68.89031799535678
    vertex 4046.024928254734 112.20647909195976 -64.89031799578743
    vertex 4046.356299104633 112.46074888811633 -64.89031799578618
  endloop
endfacet
facet normal -0.7933533402912437 0.6087614290087096 2.467505022585717e-12
  outer loop
    vertex 4046.6105689007895 112.7921197380148 -64.89031799578459
    vertex 4046.3562991046297 112.46074888813433 -68.89031799535678
    vertex 4046.356299104633 112.46074888811633 -64.89031799578618
  endloop
endfacet
facet normal -0.7933533402912437 0.6087614290087096 2.467505022585717e-12
  outer loop
    vertex 4046.3562991046297 112.46074888813433 -68.89031799535678
    vertex 4046.6105689007895 112.7921197380148 -64.89031799578459
    vertex 4046.6105689007863 112.79211973803281 -68.89031799535518
  endloop
endfacet
facet normal -0.9238795325112517 0.38268343236517505 1.4016721842829095e-12
  outer loop
    vertex 4046.7704095767967 113.17800926585075 -64.89031799578278
    vertex 4046.6105689007863 112.79211973803281 -68.89031799535518
    vertex 4046.6105689007895 112.7921197380148 -64.89031799578459
  endloop
endfacet
facet normal -0.9238795325112517 0.38268343236517505 1.4016721842829095e-12
  outer loop
    vertex 4046.6105689007863 112.79211973803281 -68.89031799535518
    vertex 4046.7704095767967 113.17800926585075 -64.89031799578278
    vertex 4046.770409576794 113.17800926586875 -68.8903179953534
  endloop
endfacet
facet normal -0.9914448613737751 0.13052619222032125 2.4031770299443725e-13
  outer loop
    vertex 4046.8249282547345 113.5921197380148 -64.8903179957809
    vertex 4046.770409576794 113.17800926586875 -68.8903179953534
    vertex 4046.7704095767967 113.17800926585075 -64.89031799578278
  endloop
endfacet
facet normal -0.9914448613737751 0.13052619222032125 2.4031770299443725e-13
  outer loop
    vertex 4046.770409576794 113.17800926586875 -68.8903179953534
    vertex 4046.8249282547345 113.5921197380148 -64.8903179957809
    vertex 4046.8249282547317 113.5921197380328 -68.89031799535151
  endloop
endfacet
facet normal -0.9914448613737751 -0.13052619222032125 -9.374140326125055e-13
  outer loop
    vertex 4046.7704095767967 114.00623021017886 -64.89031799577906
    vertex 4046.8249282547317 113.5921197380328 -68.89031799535151
    vertex 4046.8249282547345 113.5921197380148 -64.8903179957809
  endloop
endfacet
facet normal -0.9914448613737751 -0.13052619222032125 -9.374140326125055e-13
  outer loop
    vertex 4046.8249282547317 113.5921197380328 -68.89031799535151
    vertex 4046.7704095767967 114.00623021017886 -64.89031799577906
    vertex 4046.770409576794 114.00623021019686 -68.89031799534968
  endloop
endfacet
facet normal -0.9238795325112673 -0.38268343236513674 -2.051262551043491e-12
  outer loop
    vertex 4046.6105689007895 114.39211973801484 -64.89031799577735
    vertex 4046.770409576794 114.00623021019686 -68.89031799534968
    vertex 4046.7704095767967 114.00623021017886 -64.89031799577906
  endloop
endfacet
facet normal -0.9238795325112673 -0.38268343236513674 -2.051262551043491e-12
  outer loop
    vertex 4046.770409576794 114.00623021019686 -68.89031799534968
    vertex 4046.6105689007895 114.39211973801484 -64.89031799577735
    vertex 4046.6105689007863 114.39211973803285 -68.89031799534796
  endloop
endfacet
facet normal -0.7933533402913239 -0.6087614290086052 -3.0253209164928255e-12
  outer loop
    vertex 4046.356299104633 114.7234905879134 -64.89031799577597
    vertex 4046.6105689007863 114.39211973803285 -68.89031799534796
    vertex 4046.6105689007895 114.39211973801484 -64.89031799577735
  endloop
endfacet
facet normal -0.7933533402913239 -0.6087614290086052 -3.0253209164928255e-12
  outer loop
    vertex 4046.6105689007863 114.39211973803285 -68.89031799534796
    vertex 4046.356299104633 114.7234905879134 -64.89031799577597
    vertex 4046.3562991046297 114.72349058793141 -68.89031799534659
  endloop
endfacet
facet normal 0.13052619222026815 0.991444861373782 4.5737007671131865e-12
  outer loop
    vertex 4044.810817782568 163.35483954240925 -68.89031799528766
    vertex 4045.224928254734 163.3003208644535 -64.89031799554945
    vertex 4045.224928254732 163.30032086447167 -68.89031799528769
  endloop
endfacet
facet normal 0.13052619222026815 0.991444861373782 4.5737007671131865e-12
  outer loop
    vertex 4045.224928254734 163.3003208644535 -64.89031799554945
    vertex 4044.810817782568 163.35483954240925 -68.89031799528766
    vertex 4044.81081778257 163.3548395423911 -64.89031799554942
  endloop
endfacet
facet normal -0.1305261922198434 0.9914448613738379 4.4331719907245444e-12
  outer loop
    vertex 4045.224928254734 163.3003208644535 -64.89031799554945
    vertex 4045.639038726896 163.35483954240908 -68.8903179952872
    vertex 4045.224928254732 163.30032086447167 -68.89031799528769
  endloop
endfacet
facet normal -0.1305261922198434 0.9914448613738379 4.4331719907245444e-12
  outer loop
    vertex 4045.639038726896 163.35483954240908 -68.8903179952872
    vertex 4045.224928254734 163.3003208644535 -64.89031799554945
    vertex 4045.639038726898 163.35483954239092 -64.89031799554897
  endloop
endfacet
facet normal -0.3826834323650973 0.9238795325112839 3.990529869330646e-12
  outer loop
    vertex 4045.639038726898 163.35483954239092 -64.89031799554897
    vertex 4046.0249282547315 163.5146802184164 -68.89031799528628
    vertex 4045.639038726896 163.35483954240908 -68.8903179952872
  endloop
endfacet
facet normal -0.3826834323650973 0.9238795325112839 3.990529869330646e-12
  outer loop
    vertex 4046.0249282547315 163.5146802184164 -68.89031799528628
    vertex 4045.639038726898 163.35483954239092 -64.89031799554897
    vertex 4046.024928254734 163.51468021839824 -64.89031799554805
  endloop
endfacet
facet normal -0.6087614290089728 0.7933533402910418 3.2759397320035344e-12
  outer loop
    vertex 4046.024928254734 163.51468021839824 -64.89031799554805
    vertex 4046.3562991046297 163.76895001457297 -68.89031799528495
    vertex 4046.0249282547315 163.5146802184164 -68.89031799528628
  endloop
endfacet
facet normal -0.6087614290089728 0.7933533402910418 3.2759397320035344e-12
  outer loop
    vertex 4046.3562991046297 163.76895001457297 -68.89031799528495
    vertex 4046.024928254734 163.51468021839824 -64.89031799554805
    vertex 4046.356299104632 163.7689500145548 -64.89031799554672
  endloop
endfacet
facet normal -0.7933533402912036 0.6087614290087617 2.338099715688905e-12
  outer loop
    vertex 4046.6105689007886 164.1003208644532 -64.89031799554505
    vertex 4046.3562991046297 163.76895001457297 -68.89031799528495
    vertex 4046.356299104632 163.7689500145548 -64.89031799554672
  endloop
endfacet
facet normal -0.7933533402912036 0.6087614290087617 2.338099715688905e-12
  outer loop
    vertex 4046.3562991046297 163.76895001457297 -68.89031799528495
    vertex 4046.6105689007886 164.1003208644532 -64.89031799554505
    vertex 4046.6105689007863 164.10032086447137 -68.89031799528328
  endloop
endfacet
facet normal -0.9238795325106325 0.3826834323666693 1.240922067648668e-12
  outer loop
    vertex 4046.7704095767967 164.48621039228914 -64.89031799554319
    vertex 4046.6105689007863 164.10032086447137 -68.89031799528328
    vertex 4046.6105689007886 164.1003208644532 -64.89031799554505
  endloop
endfacet
facet normal -0.9238795325106325 0.3826834323666693 1.240922067648668e-12
  outer loop
    vertex 4046.6105689007863 164.10032086447137 -68.89031799528328
    vertex 4046.7704095767967 164.48621039228914 -64.89031799554319
    vertex 4046.7704095767945 164.4862103923073 -68.89031799528144
  endloop
endfacet
facet normal -0.9914448613739968 0.1305261922186363 5.917763139798619e-14
  outer loop
    vertex 4046.8249282547335 164.90032086445314 -64.89031799554127
    vertex 4046.7704095767945 164.4862103923073 -68.89031799528144
    vertex 4046.7704095767967 164.48621039228914 -64.89031799554319
  endloop
endfacet
facet normal -0.9914448613739968 0.1305261922186363 5.917763139798619e-14
  outer loop
    vertex 4046.7704095767945 164.4862103923073 -68.89031799528144
    vertex 4046.8249282547335 164.90032086445314 -64.89031799554127
    vertex 4046.8249282547317 164.9003208644713 -68.89031799527952
  endloop
endfacet
facet normal -0.9914448613739978 -0.13052619221862932 -1.1265996626103091e-12
  outer loop
    vertex 4046.7704095767967 165.3144313366172 -64.89031799553945
    vertex 4046.8249282547317 164.9003208644713 -68.89031799527952
    vertex 4046.8249282547335 164.90032086445314 -64.89031799554127
  endloop
endfacet
facet normal -0.9914448613739978 -0.13052619221862932 -1.1265996626103091e-12
  outer loop
    vertex 4046.8249282547317 164.9003208644713 -68.89031799527952
    vertex 4046.7704095767967 165.3144313366172 -64.89031799553945
    vertex 4046.7704095767945 165.31443133663535 -68.89031799527768
  endloop
endfacet
facet normal -0.9238795325112753 -0.3826834323651177 -2.235601051424618e-12
  outer loop
    vertex 4046.6105689007895 165.7003208644532 -64.89031799553774
    vertex 4046.7704095767945 165.31443133663535 -68.89031799527768
    vertex 4046.7704095767967 165.3144313366172 -64.89031799553945
  endloop
endfacet
facet normal -0.9238795325112753 -0.3826834323651177 -2.235601051424618e-12
  outer loop
    vertex 4046.7704095767945 165.31443133663535 -68.89031799527768
    vertex 4046.6105689007895 165.7003208644532 -64.89031799553774
    vertex 4046.6105689007873 165.70032086447137 -68.89031799527598
  endloop
endfacet
facet normal -0.7933533402919634 -0.6087614290077717 -3.192249923079249e-12
  outer loop
    vertex 4046.4571035031936 165.90032086445342 -64.89031799553726
    vertex 4046.6105689007873 165.70032086447137 -68.89031799527598
    vertex 4046.6105689007895 165.7003208644532 -64.89031799553774
  endloop
endfacet
facet normal -0.7933533402919634 -0.6087614290077717 -3.192249923079249e-12
  outer loop
    vertex 4046.6105689007873 165.70032086447137 -68.89031799527598
    vertex 4046.4571035031936 165.90032086445342 -64.89031799553726
    vertex 4046.457103503192 165.90032086447158 -68.8903179952755
  endloop
endfacet
facet normal -0.7933533402902491 -0.6087614290100057 -3.1922499230884735e-12
  outer loop
    vertex 4046.356299104633 166.0316917143517 -64.89031799553639
    vertex 4046.457103503192 165.90032086447158 -68.8903179952755
    vertex 4046.4571035031936 165.90032086445342 -64.89031799553726
  endloop
endfacet
facet normal -0.7933533402902491 -0.6087614290100057 -3.1922499230884735e-12
  outer loop
    vertex 4046.457103503192 165.90032086447158 -68.8903179952755
    vertex 4046.356299104633 166.0316917143517 -64.89031799553639
    vertex 4046.3562991046306 166.03169171436986 -68.89031799527461
  endloop
endfacet
facet normal -0.6087614290091767 -0.7933533402908852 -3.9313522379248036e-12
  outer loop
    vertex 4046.356299104633 166.0316917143517 -64.89031799553639
    vertex 4046.0249282547325 166.28596151052656 -68.89031799527365
    vertex 4046.3562991046306 166.03169171436986 -68.89031799527461
  endloop
endfacet
facet normal -0.6087614290091767 -0.7933533402908852 -3.9313522379248036e-12
  outer loop
    vertex 4046.0249282547325 166.28596151052656 -68.89031799527365
    vertex 4046.356299104633 166.0316917143517 -64.89031799553639
    vertex 4046.0249282547347 166.2859615105084 -64.89031799553541
  endloop
endfacet
facet normal -0.38268343236480895 -0.9238795325114033 -4.402539394621595e-12
  outer loop
    vertex 4046.0249282547347 166.2859615105084 -64.89031799553541
    vertex 4045.639038726896 166.44580218653402 -68.89031799527314
    vertex 4046.0249282547325 166.28596151052656 -68.89031799527365
  endloop
endfacet
facet normal -0.38268343236480895 -0.9238795325114033 -4.402539394621595e-12
  outer loop
    vertex 4045.639038726896 166.44580218653402 -68.89031799527314
    vertex 4046.0249282547347 166.2859615105084 -64.89031799553541
    vertex 4045.639038726898 166.44580218651586 -64.89031799553489
  endloop
endfacet
facet normal -0.13052619222026815 -0.991444861373782 -4.5737007671131865e-12
  outer loop
    vertex 4045.639038726898 166.44580218651586 -64.89031799553489
    vertex 4045.224928254732 166.50032086447163 -68.89031799527311
    vertex 4045.639038726896 166.44580218653402 -68.89031799527314
  endloop
endfacet
facet normal -0.13052619222026815 -0.991444861373782 -4.5737007671131865e-12
  outer loop
    vertex 4045.224928254732 166.50032086447163 -68.89031799527311
    vertex 4045.639038726898 166.44580218651586 -64.89031799553489
    vertex 4045.224928254734 166.50032086445347 -64.89031799553487
  endloop
endfacet
facet normal 0.1305261922198434 -0.9914448613738379 -4.4331719907245444e-12
  outer loop
    vertex 4045.224928254732 166.50032086447163 -68.89031799527311
    vertex 4044.81081778257 166.44580218651606 -64.89031799553536
    vertex 4044.810817782568 166.44580218653422 -68.8903179952736
  endloop
endfacet
facet normal 0.1305261922198434 -0.9914448613738379 -4.4331719907245444e-12
  outer loop
    vertex 4044.81081778257 166.44580218651606 -64.89031799553536
    vertex 4045.224928254732 166.50032086447163 -68.89031799527311
    vertex 4045.224928254734 166.50032086445347 -64.89031799553487
  endloop
endfacet
facet normal 0.3826834323650973 -0.9238795325112839 -3.990529869330646e-12
  outer loop
    vertex 4044.810817782568 166.44580218653422 -68.8903179952736
    vertex 4044.4249282547344 166.28596151050874 -64.8903179955363
    vertex 4044.424928254732 166.2859615105269 -68.89031799527453
  endloop
endfacet
facet normal 0.3826834323650973 -0.9238795325112839 -3.990529869330646e-12
  outer loop
    vertex 4044.4249282547344 166.28596151050874 -64.8903179955363
    vertex 4044.810817782568 166.44580218653422 -68.8903179952736
    vertex 4044.81081778257 166.44580218651606 -64.89031799553536
  endloop
endfacet
facet normal 0.6087614290089728 -0.7933533402910418 -3.2759397320035344e-12
  outer loop
    vertex 4044.424928254732 166.2859615105269 -68.89031799527453
    vertex 4044.0935574048362 166.03169171435218 -64.89031799553766
    vertex 4044.093557404834 166.03169171437034 -68.89031799527588
  endloop
endfacet
facet normal 0.6087614290089728 -0.7933533402910418 -3.2759397320035344e-12
  outer loop
    vertex 4044.0935574048362 166.03169171435218 -64.89031799553766
    vertex 4044.424928254732 166.2859615105269 -68.89031799527453
    vertex 4044.4249282547344 166.28596151050874 -64.8903179955363
  endloop
endfacet
facet normal 0.7933533402912036 -0.6087614290087617 -2.338099715688905e-12
  outer loop
    vertex 4043.8392876086773 165.7003208644719 -68.89031799527753
    vertex 4044.0935574048362 166.03169171435218 -64.89031799553766
    vertex 4043.8392876086796 165.70032086445374 -64.89031799553929
  endloop
endfacet
facet normal 0.7933533402912036 -0.6087614290087617 -2.338099715688905e-12
  outer loop
    vertex 4044.0935574048362 166.03169171435218 -64.89031799553766
    vertex 4043.8392876086773 165.7003208644719 -68.89031799527753
    vertex 4044.093557404834 166.03169171437034 -68.89031799527588
  endloop
endfacet
facet normal 0.9238795325106325 -0.3826834323666693 -1.240922067648668e-12
  outer loop
    vertex 4043.679446932669 165.314431336636 -68.89031799527936
    vertex 4043.8392876086796 165.70032086445374 -64.89031799553929
    vertex 4043.6794469326715 165.31443133661784 -64.89031799554112
  endloop
endfacet
facet normal 0.9238795325106325 -0.3826834323666693 -1.240922067648668e-12
  outer loop
    vertex 4043.8392876086796 165.70032086445374 -64.89031799553929
    vertex 4043.679446932669 165.314431336636 -68.89031799527936
    vertex 4043.8392876086773 165.7003208644719 -68.89031799527753
  endloop
endfacet
facet normal 0.9914448613739968 -0.1305261922186363 -5.917763139798619e-14
  outer loop
    vertex 4043.6249282547324 164.90032086447198 -68.89031799528128
    vertex 4043.6794469326715 165.31443133661784 -64.89031799554112
    vertex 4043.6249282547346 164.90032086445382 -64.89031799554304
  endloop
endfacet
facet normal 0.9914448613739968 -0.1305261922186363 -5.917763139798619e-14
  outer loop
    vertex 4043.6794469326715 165.31443133661784 -64.89031799554112
    vertex 4043.6249282547324 164.90032086447198 -68.89031799528128
    vertex 4043.679446932669 165.314431336636 -68.89031799527936
  endloop
endfacet
facet normal 0.9914448613739978 0.13052619221862932 1.1265996626103091e-12
  outer loop
    vertex 4043.679446932669 164.48621039230795 -68.89031799528317
    vertex 4043.6249282547346 164.90032086445382 -64.89031799554304
    vertex 4043.6794469326715 164.4862103922898 -64.89031799554493
  endloop
endfacet
facet normal 0.9914448613739978 0.13052619221862932 1.1265996626103091e-12
  outer loop
    vertex 4043.6249282547346 164.90032086445382 -64.89031799554304
    vertex 4043.679446932669 164.48621039230795 -68.89031799528317
    vertex 4043.6249282547324 164.90032086447198 -68.89031799528128
  endloop
endfacet
facet normal 0.9238795325112753 0.3826834323651177 2.235601051424618e-12
  outer loop
    vertex 4043.8392876086764 164.10032086447194 -68.89031799528482
    vertex 4043.6794469326715 164.4862103922898 -64.89031799554493
    vertex 4043.8392876086787 164.10032086445378 -64.89031799554657
  endloop
endfacet
facet normal 0.9238795325112753 0.3826834323651177 2.235601051424618e-12
  outer loop
    vertex 4043.6794469326715 164.4862103922898 -64.89031799554493
    vertex 4043.8392876086764 164.10032086447194 -68.89031799528482
    vertex 4043.679446932669 164.48621039230795 -68.89031799528317
  endloop
endfacet
facet normal 0.7933533402912838 0.6087614290086574 3.192249923082906e-12
  outer loop
    vertex 4044.093557404833 163.76895001457342 -68.8903179952862
    vertex 4043.8392876086787 164.10032086445378 -64.89031799554657
    vertex 4044.0935574048353 163.76895001455526 -64.89031799554795
  endloop
endfacet
facet normal 0.7933533402912838 0.6087614290086574 3.192249923082906e-12
  outer loop
    vertex 4043.8392876086787 164.10032086445378 -64.89031799554657
    vertex 4044.093557404833 163.76895001457342 -68.8903179952862
    vertex 4043.8392876086764 164.10032086447194 -68.89031799528482
  endloop
endfacet
facet normal 0.6087614290091924 0.7933533402908731 3.931352237924757e-12
  outer loop
    vertex 4044.093557404833 163.76895001457342 -68.8903179952862
    vertex 4044.224928254734 163.66814561599395 -64.89031799554822
    vertex 4044.2249282547323 163.6681456160121 -68.89031799528644
  endloop
endfacet
facet normal 0.6087614290091924 0.7933533402908731 3.931352237924757e-12
  outer loop
    vertex 4044.224928254734 163.66814561599395 -64.89031799554822
    vertex 4044.093557404833 163.76895001457342 -68.8903179952862
    vertex 4044.0935574048353 163.76895001455526 -64.89031799554795
  endloop
endfacet
facet normal 0.6087614290091664 0.7933533402908932 3.931352237924834e-12
  outer loop
    vertex 4044.2249282547323 163.6681456160121 -68.89031799528644
    vertex 4044.4249282547335 163.51468021839858 -64.89031799554893
    vertex 4044.424928254731 163.51468021841674 -68.89031799528716
  endloop
endfacet
facet normal 0.6087614290091664 0.7933533402908932 3.931352237924834e-12
  outer loop
    vertex 4044.4249282547335 163.51468021839858 -64.89031799554893
    vertex 4044.2249282547323 163.6681456160121 -68.89031799528644
    vertex 4044.224928254734 163.66814561599395 -64.89031799554822
  endloop
endfacet
facet normal 0.38268343236480895 0.9238795325114033 4.402539394621595e-12
  outer loop
    vertex 4044.424928254731 163.51468021841674 -68.89031799528716
    vertex 4044.81081778257 163.3548395423911 -64.89031799554942
    vertex 4044.810817782568 163.35483954240925 -68.89031799528766
  endloop
endfacet
facet normal 0.38268343236480895 0.9238795325114033 4.402539394621595e-12
  outer loop
    vertex 4044.81081778257 163.3548395423911 -64.89031799554942
    vertex 4044.424928254731 163.51468021841674 -68.89031799528716
    vertex 4044.4249282547335 163.51468021839858 -64.89031799554893
  endloop
endfacet
endsolid antenna_tracker
