solid antenna_tracker
facet normal 0.6087614290086009 -0.7933533402913271 -3.9586262880434665e-12
  outer loop
    vertex 4075.446878254815 171.86329616102626 -25.89031799527133
    vertex 4075.136218083033 171.6249182271477 -29.89031799521915
    vertex 4075.446878254813 171.8632961610436 -29.89031799521815
  endloop
endfacet
facet normal 0.6087614290086009 -0.7933533402913271 -3.9586262880434665e-12
  outer loop
    vertex 4075.136218083033 171.6249182271477 -29.89031799521915
    vertex 4075.446878254815 171.86329616102626 -25.89031799527133
    vertex 4075.1362180830356 171.6249182271304 -25.890317995272206
  endloop
endfacet
facet normal -0.6087614290085297 -0.7933533402913817 -3.143512576064262e-12
  outer loop
    vertex 4076.946878254816 171.86329616102626 -25.890317995272337
    vertex 4077.257538426591 171.62491822714844 -29.890317995220446
    vertex 4077.257538426594 171.6249182271311 -25.890317995273627
  endloop
endfacet
facet normal -0.6087614290085297 -0.7933533402913817 -3.143512576064262e-12
  outer loop
    vertex 4077.257538426591 171.62491822714844 -29.890317995220446
    vertex 4076.946878254816 171.86329616102626 -25.890317995272337
    vertex 4076.9468782548133 171.8632961610436 -29.890317995219284
  endloop
endfacet
facet normal 0.3826834323670474 -0.9238795325104758 -4.391508889490131e-12
  outer loop
    vertex 4075.446878254815 171.86329616102626 -25.89031799527133
    vertex 4075.808649687158 172.0131467948016 -29.890317995218034
    vertex 4075.808649687161 172.01314679478426 -25.8903179952711
  endloop
endfacet
facet normal 0.3826834323670474 -0.9238795325104758 -4.391508889490131e-12
  outer loop
    vertex 4075.808649687158 172.0131467948016 -29.890317995218034
    vertex 4075.446878254815 171.86329616102626 -25.89031799527133
    vertex 4075.446878254813 171.8632961610436 -29.89031799521815
  endloop
endfacet
facet normal -0.9914448613737773 -0.13052619222030343 7.951929887388795e-14
  outer loop
    vertex 4077.6457669942483 170.95248662300446 -25.890317995276877
    vertex 4077.6968782548124 170.56425805536864 -29.89031799522545
    vertex 4077.696878254815 170.5642580553513 -25.89031799527863
  endloop
endfacet
facet normal -0.9914448613737773 -0.13052619222030343 7.951929887388795e-14
  outer loop
    vertex 4077.6968782548124 170.56425805536864 -29.89031799522545
    vertex 4077.6457669942483 170.95248662300446 -25.890317995276877
    vertex 4077.6457669942456 170.9524866230218 -29.890317995223818
  endloop
endfacet
facet normal 0.3826834323656903 -0.9238795325110382 -4.391508889491714e-12
  outer loop
    vertex 4065.446878254816 171.86329616102626 -25.890317995272337
    vertex 4065.808649687159 172.0131467948016 -29.890317995217853
    vertex 4065.808649687162 172.01314679478426 -25.8903179952721
  endloop
endfacet
facet normal 0.3826834323656903 -0.9238795325110382 -4.391508889491714e-12
  outer loop
    vertex 4065.808649687159 172.0131467948016 -29.890317995217853
    vertex 4065.446878254816 171.86329616102626 -25.890317995272337
    vertex 4065.446878254813 171.8632961610436 -29.890317995217966
  endloop
endfacet
facet normal -0.7933533402903564 -0.6087614290098661 -2.1936929758060025e-12
  outer loop
    vertex 4077.257538426591 171.62491822714844 -29.890317995220446
    vertex 4077.4959163604926 171.31425805534968 -25.890317995275314
    vertex 4077.257538426594 171.6249182271311 -25.890317995273627
  endloop
endfacet
facet normal -0.7933533402903564 -0.6087614290098661 -2.1936929758060025e-12
  outer loop
    vertex 4077.4959163604926 171.31425805534968 -25.890317995275314
    vertex 4077.257538426591 171.62491822714844 -29.890317995220446
    vertex 4077.49591636049 171.31425805536702 -29.890317995222116
  endloop
endfacet
facet normal 0.7933533402933537 -0.6087614290059599 -3.2559698469920104e-12
  outer loop
    vertex 4064.8978401491395 171.31425805534968 -25.890317995274433
    vertex 4065.1362180830324 171.6249182271477 -29.890317995218957
    vertex 4065.136218083035 171.6249182271304 -25.8903179952732
  endloop
endfacet
facet normal 0.7933533402933537 -0.6087614290059599 -3.2559698469920104e-12
  outer loop
    vertex 4065.1362180830324 171.6249182271477 -29.890317995218957
    vertex 4064.8978401491395 171.31425805534968 -25.890317995274433
    vertex 4064.8978401491363 171.31425805536702 -29.890317995220187
  endloop
endfacet
facet normal 0.6087614290071303 -0.7933533402924555 -3.958626288047527e-12
  outer loop
    vertex 4065.136218083035 171.6249182271304 -25.8903179952732
    vertex 4065.446878254813 171.8632961610436 -29.890317995217966
    vertex 4065.446878254816 171.86329616102626 -25.890317995272337
  endloop
endfacet
facet normal 0.6087614290071303 -0.7933533402924555 -3.958626288047527e-12
  outer loop
    vertex 4065.446878254813 171.8632961610436 -29.890317995217966
    vertex 4065.136218083035 171.6249182271304 -25.8903179952732
    vertex 4065.1362180830324 171.6249182271477 -29.890317995218957
  endloop
endfacet
facet normal -0.9914448613738999 0.1305261922193733 1.2479963134259766e-12
  outer loop
    vertex 4077.6968782548124 170.56425805536864 -29.89031799522545
    vertex 4077.6457669942483 170.1760294876967 -25.89031799528049
    vertex 4077.696878254815 170.5642580553513 -25.89031799527863
  endloop
endfacet
facet normal -0.9914448613738999 0.1305261922193733 1.2479963134259766e-12
  outer loop
    vertex 4077.6457669942483 170.1760294876967 -25.89031799528049
    vertex 4077.6968782548124 170.56425805536864 -29.89031799522545
    vertex 4077.6457669942465 170.176029487714 -29.89031799522731
  endloop
endfacet
facet normal 0.3826834323640632 0.9238795325117122 3.8791069891706874e-12
  outer loop
    vertex 4065.446878254813 169.2652199496908 -29.890317995229726
    vertex 4065.808649687161 169.1153693159176 -25.89031799528501
    vertex 4065.8086496871583 169.11536931593494 -29.89031799523062
  endloop
endfacet
facet normal 0.3826834323640632 0.9238795325117122 3.8791069891706874e-12
  outer loop
    vertex 4065.808649687161 169.1153693159176 -25.89031799528501
    vertex 4065.446878254813 169.2652199496908 -29.890317995229726
    vertex 4065.446878254816 169.26521994967345 -25.890317995284096
  endloop
endfacet
facet normal 0.6087614290085133 0.7933533402913945 3.1435125760643283e-12
  outer loop
    vertex 4065.136218083033 169.5035978835881 -29.890317995228642
    vertex 4065.446878254816 169.26521994967345 -25.890317995284096
    vertex 4065.446878254813 169.2652199496908 -29.890317995229726
  endloop
endfacet
facet normal 0.6087614290085133 0.7933533402913945 3.1435125760643283e-12
  outer loop
    vertex 4065.446878254816 169.26521994967345 -25.890317995284096
    vertex 4065.136218083033 169.5035978835881 -29.890317995228642
    vertex 4065.136218083035 169.5035978835708 -25.890317995283006
  endloop
endfacet
facet normal 0.13052619222089357 -0.9914448613736997 -4.525117417434457e-12
  outer loop
    vertex 4065.808649687162 172.01314679478426 -25.8903179952721
    vertex 4066.196878254813 172.0642580553683 -29.890317995217707
    vertex 4066.1968782548156 172.06425805535096 -25.890317995272078
  endloop
endfacet
facet normal 0.13052619222089357 -0.9914448613736997 -4.525117417434457e-12
  outer loop
    vertex 4066.196878254813 172.0642580553683 -29.890317995217707
    vertex 4065.808649687162 172.01314679478426 -25.8903179952721
    vertex 4065.808649687159 172.0131467948016 -29.890317995217853
  endloop
endfacet
facet normal -0.923879532511875 -0.3826834323636698 -1.094376824478602e-12
  outer loop
    vertex 4077.4959163604926 171.31425805534968 -25.890317995275314
    vertex 4077.6457669942456 170.9524866230218 -29.890317995223818
    vertex 4077.6457669942483 170.95248662300446 -25.890317995276877
  endloop
endfacet
facet normal -0.923879532511875 -0.3826834323636698 -1.094376824478602e-12
  outer loop
    vertex 4077.6457669942456 170.9524866230218 -29.890317995223818
    vertex 4077.4959163604926 171.31425805534968 -25.890317995275314
    vertex 4077.49591636049 171.31425805536702 -29.890317995222116
  endloop
endfacet
facet normal 0.1305261922207146 -0.9914448613737231 -4.525117417434448e-12
  outer loop
    vertex 4075.808649687161 172.01314679478426 -25.8903179952711
    vertex 4076.196878254812 172.0642580553683 -29.890317995217902
    vertex 4076.1968782548147 172.06425805535096 -25.890317995271083
  endloop
endfacet
facet normal 0.1305261922207146 -0.9914448613737231 -4.525117417434448e-12
  outer loop
    vertex 4076.196878254812 172.0642580553683 -29.890317995217902
    vertex 4075.808649687161 172.01314679478426 -25.8903179952711
    vertex 4075.808649687158 172.0131467948016 -29.890317995218034
  endloop
endfacet
facet normal -0.9238795325119005 0.382683432363608 2.3314244416278897e-12
  outer loop
    vertex 4067.6457669942456 170.17602948771474 -29.890317995227125
    vertex 4067.495916360492 169.81425805535147 -25.890317995283205
    vertex 4067.645766994248 170.1760294876974 -25.890317995281496
  endloop
endfacet
facet normal -0.9238795325119005 0.382683432363608 2.3314244416278897e-12
  outer loop
    vertex 4067.495916360492 169.81425805535147 -25.890317995283205
    vertex 4067.6457669942456 170.17602948771474 -29.890317995227125
    vertex 4067.495916360489 169.8142580553688 -29.890317995228834
  endloop
endfacet
facet normal -0.9238795325117375 0.38268343236400143 2.3314244416295464e-12
  outer loop
    vertex 4077.6457669942465 170.176029487714 -29.89031799522731
    vertex 4077.495916360492 169.81425805535002 -25.8903179952822
    vertex 4077.6457669942483 170.1760294876967 -25.89031799528049
  endloop
endfacet
facet normal -0.9238795325117375 0.38268343236400143 2.3314244416295464e-12
  outer loop
    vertex 4077.495916360492 169.81425805535002 -25.8903179952822
    vertex 4077.6457669942465 170.176029487714 -29.89031799522731
    vertex 4077.49591636049 169.81425805536736 -29.890317995229026
  endloop
endfacet
facet normal -0.9914448613733599 0.13052619222347484 1.2479963134439684e-12
  outer loop
    vertex 4067.6968782548133 170.5642580553679 -29.890317995225256
    vertex 4067.645766994248 170.1760294876974 -25.890317995281496
    vertex 4067.696878254816 170.5642580553506 -25.890317995279624
  endloop
endfacet
facet normal -0.9914448613733599 0.13052619222347484 1.2479963134439684e-12
  outer loop
    vertex 4067.645766994248 170.1760294876974 -25.890317995281496
    vertex 4067.6968782548133 170.5642580553679 -29.890317995225256
    vertex 4067.6457669942456 170.17602948771474 -29.890317995227125
  endloop
endfacet
facet normal -0.7933533402902065 0.6087614290100614 3.255969847008268e-12
  outer loop
    vertex 4077.49591636049 169.81425805536736 -29.890317995229026
    vertex 4077.2575384265956 169.5035978835708 -25.890317995283436
    vertex 4077.495916360492 169.81425805535002 -25.8903179952822
  endloop
endfacet
facet normal -0.7933533402902065 0.6087614290100614 3.255969847008268e-12
  outer loop
    vertex 4077.2575384265956 169.5035978835708 -25.890317995283436
    vertex 4077.49591636049 169.81425805536736 -29.890317995229026
    vertex 4077.2575384265924 169.5035978835881 -29.890317995230255
  endloop
endfacet
facet normal 0.9238795325115771 0.38268343236438906 1.094376824482026e-12
  outer loop
    vertex 4074.8978401491386 169.81425805535147 -25.890317995280324
    vertex 4074.7479895153797 170.1760294877133 -29.890317995225377
    vertex 4074.747989515382 170.17602948769596 -25.890317995278558
  endloop
endfacet
facet normal 0.9238795325115771 0.38268343236438906 1.094376824482026e-12
  outer loop
    vertex 4074.7479895153797 170.1760294877133 -29.890317995225377
    vertex 4074.8978401491386 169.81425805535147 -25.890317995280324
    vertex 4074.8978401491354 169.8142580553688 -29.89031799522726
  endloop
endfacet
facet normal 0.9914448613735576 0.1305261922219722 -7.951929886626864e-14
  outer loop
    vertex 4074.747989515382 170.17602948769596 -25.890317995278558
    vertex 4074.6968782548124 170.56425805536864 -29.89031799522346
    vertex 4074.6968782548147 170.5642580553513 -25.89031799527664
  endloop
endfacet
facet normal 0.9914448613735576 0.1305261922219722 -7.951929886626864e-14
  outer loop
    vertex 4074.6968782548124 170.56425805536864 -29.89031799522346
    vertex 4074.747989515382 170.17602948769596 -25.890317995278558
    vertex 4074.7479895153797 170.1760294877133 -29.890317995225377
  endloop
endfacet
facet normal 0.9914448613735983 -0.13052619222166262 -1.2479963134360221e-12
  outer loop
    vertex 4074.6968782548124 170.56425805536864 -29.89031799522346
    vertex 4074.747989515382 170.95248662300446 -25.89031799527494
    vertex 4074.6968782548147 170.5642580553513 -25.89031799527664
  endloop
endfacet
facet normal 0.9914448613735983 -0.13052619222166262 -1.2479963134360221e-12
  outer loop
    vertex 4074.747989515382 170.95248662300446 -25.89031799527494
    vertex 4074.6968782548124 170.56425805536864 -29.89031799522346
    vertex 4074.747989515379 170.9524866230218 -29.890317995221878
  endloop
endfacet
facet normal -1.0 -3.1987459474366435e-24 7.219114195346399e-13
  outer loop
    vertex 4082.1968782548142 167.5642580553556 -25.890317995261203
    vertex 4082.1968782548115 123.56425805536709 -29.890317995442988
    vertex 4082.1968782548142 123.56425805534994 -25.89031799545618
  endloop
endfacet
facet normal -1.0 -3.1987459474366435e-24 7.219114195346399e-13
  outer loop
    vertex 4082.1968782548115 123.56425805536709 -29.890317995442988
    vertex 4082.1968782548142 167.5642580553556 -25.890317995261203
    vertex 4082.1968782548115 167.5642580553722 -29.890317995248036
  endloop
endfacet
facet normal 0.38268343236623265 0.9238795325108135 3.8791069891652154e-12
  outer loop
    vertex 4075.446878254812 169.26521994969224 -29.89031799522991
    vertex 4075.8086496871615 169.1153693159169 -25.89031799528401
    vertex 4075.808649687159 169.1153693159342 -29.890317995230813
  endloop
endfacet
facet normal 0.38268343236623265 0.9238795325108135 3.8791069891652154e-12
  outer loop
    vertex 4075.8086496871615 169.1153693159169 -25.89031799528401
    vertex 4075.446878254812 169.26521994969224 -29.89031799522991
    vertex 4075.446878254815 169.2652199496749 -25.89031799528309
  endloop
endfacet
facet normal 0.6087614290094037 0.7933533402907113 3.1435125760606762e-12
  outer loop
    vertex 4075.136218083033 169.50359788358884 -29.89031799522871
    vertex 4075.446878254815 169.2652199496749 -25.89031799528309
    vertex 4075.446878254812 169.26521994969224 -29.89031799522991
  endloop
endfacet
facet normal 0.6087614290094037 0.7933533402907113 3.1435125760606762e-12
  outer loop
    vertex 4075.446878254815 169.2652199496749 -25.89031799528309
    vertex 4075.136218083033 169.50359788358884 -29.89031799522871
    vertex 4075.136218083035 169.5035978835715 -25.89031799528189
  endloop
endfacet
facet normal 0.7933533402932424 -0.6087614290061049 -3.2559698469925916e-12
  outer loop
    vertex 4074.897840149137 171.31425805536702 -29.890317995220368
    vertex 4075.1362180830356 171.6249182271304 -25.890317995272206
    vertex 4074.89784014914 171.31425805534968 -25.890317995273435
  endloop
endfacet
facet normal 0.7933533402932424 -0.6087614290061049 -3.2559698469925916e-12
  outer loop
    vertex 4075.1362180830356 171.6249182271304 -25.890317995272206
    vertex 4074.897840149137 171.31425805536702 -29.890317995220368
    vertex 4075.136218083033 171.6249182271477 -29.89031799521915
  endloop
endfacet
facet normal -0.38268343236221714 0.9238795325124767 4.391508889495834e-12
  outer loop
    vertex 4076.5851068224665 169.1153693159342 -29.89031799523136
    vertex 4076.9468782548156 169.26521994967345 -25.890317995284096
    vertex 4076.9468782548133 169.2652199496908 -29.89031799523092
  endloop
endfacet
facet normal -0.38268343236221714 0.9238795325124767 4.391508889495834e-12
  outer loop
    vertex 4076.9468782548156 169.26521994967345 -25.890317995284096
    vertex 4076.5851068224665 169.1153693159342 -29.89031799523136
    vertex 4076.585106822469 169.1153693159169 -25.890317995284533
  endloop
endfacet
facet normal 4.299160462955067e-14 1.0 4.376587980966022e-12
  outer loop
    vertex 4046.2249282547546 173.90032086433203 -29.89025034712353
    vertex 4096.168828254784 173.90032086431148 -25.890317995243365
    vertex 4096.168828254785 173.90032086432933 -29.88991248640058
  endloop
endfacet
facet normal 4.299160462955067e-14 1.0 4.376587980966022e-12
  outer loop
    vertex 4096.168828254784 173.90032086431148 -25.890317995243365
    vertex 4046.2249282547546 173.90032086433203 -29.89025034712353
    vertex 4046.2249282547546 173.90032086431427 -25.890317995258787
  endloop
endfacet
facet normal -0.13052619222089357 0.9914448613736997 4.5251174174344625e-12
  outer loop
    vertex 4076.196878254813 169.06425805536753 -29.890317995231175
    vertex 4076.585106822469 169.1153693159169 -25.890317995284533
    vertex 4076.5851068224665 169.1153693159342 -29.89031799523136
  endloop
endfacet
facet normal -0.13052619222089357 0.9914448613736997 4.5251174174344625e-12
  outer loop
    vertex 4076.585106822469 169.1153693159169 -25.890317995284533
    vertex 4076.196878254813 169.06425805536753 -29.890317995231175
    vertex 4076.1968782548156 169.0642580553502 -25.890317995284356
  endloop
endfacet
facet normal 0.13052619221977876 0.9914448613738465 4.350346671488657e-12
  outer loop
    vertex 4075.808649687159 169.1153693159342 -29.890317995230813
    vertex 4076.1968782548156 169.0642580553502 -25.890317995284356
    vertex 4076.196878254813 169.06425805536753 -29.890317995231175
  endloop
endfacet
facet normal 0.13052619221977876 0.9914448613738465 4.350346671488657e-12
  outer loop
    vertex 4076.1968782548156 169.0642580553502 -25.890317995284356
    vertex 4075.808649687159 169.1153693159342 -29.890317995230813
    vertex 4075.8086496871615 169.1153693159169 -25.89031799528401
  endloop
endfacet
facet normal 2.7902336491558905e-15 -1.0 -4.506306439109425e-12
  outer loop
    vertex 4096.168828254784 104.59211973787608 -25.89031799555348
    vertex 4046.224928254754 104.59211973789365 -29.889916787113787
    vertex 4096.168828254784 104.59211973789397 -29.88791299555347
  endloop
endfacet
facet normal 2.7902336491558905e-15 -1.0 -4.506306439109425e-12
  outer loop
    vertex 4046.224928254754 104.59211973789365 -29.889916787113787
    vertex 4096.168828254784 104.59211973787608 -25.89031799555348
    vertex 4046.2249282547546 104.59211973787589 -25.890317995579448
  endloop
endfacet
facet normal 0.7933533402907705 0.6087614290093261 2.1936929758032972e-12
  outer loop
    vertex 4075.136218083035 169.5035978835715 -25.89031799528189
    vertex 4074.8978401491354 169.8142580553688 -29.89031799522726
    vertex 4074.8978401491386 169.81425805535147 -25.890317995280324
  endloop
endfacet
facet normal 0.7933533402907705 0.6087614290093261 2.1936929758032972e-12
  outer loop
    vertex 4074.8978401491354 169.8142580553688 -29.89031799522726
    vertex 4075.136218083035 169.5035978835715 -25.89031799528189
    vertex 4075.136218083033 169.50359788358884 -29.89031799522871
  endloop
endfacet
facet normal 0.9238795325098125 -0.38268343236864893 -2.3314244416490506e-12
  outer loop
    vertex 4074.747989515379 170.9524866230218 -29.890317995221878
    vertex 4074.89784014914 171.31425805534968 -25.890317995273435
    vertex 4074.747989515382 170.95248662300446 -25.89031799527494
  endloop
endfacet
facet normal 0.9238795325098125 -0.38268343236864893 -2.3314244416490506e-12
  outer loop
    vertex 4074.89784014914 171.31425805534968 -25.890317995273435
    vertex 4074.747989515379 170.9524866230218 -29.890317995221878
    vertex 4074.897840149137 171.31425805536702 -29.890317995220368
  endloop
endfacet
facet normal 1.0 2.423666670157427e-24 -5.414335646492037e-13
  outer loop
    vertex 4106.168828254784 114.59211973787606 -25.89031799550499
    vertex 4106.168828254785 163.90032086432933 -29.889912486441442
    vertex 4106.168828254784 163.90032086431148 -25.890317995284224
  endloop
endfacet
facet normal 1.0 2.423666670157427e-24 -5.414335646492037e-13
  outer loop
    vertex 4106.168828254785 163.90032086432933 -29.889912486441442
    vertex 4106.168828254784 114.59211973787606 -25.89031799550499
    vertex 4106.168828254784 114.592119737894 -29.887912995504983
  endloop
endfacet
facet normal -1.0 -2.1509636076169734e-15 -2.0657193782769086e-13
  outer loop
    vertex 4036.224928254755 163.90032086433203 -29.890250347172017
    vertex 4036.224928254755 114.59211973787588 -25.890317995528193
    vertex 4036.224928254755 163.90032086431427 -25.89031799530727
  endloop
endfacet
facet normal -1.0 -2.1509636076169734e-15 -2.0657193782769086e-13
  outer loop
    vertex 4036.224928254755 114.59211973787588 -25.890317995528193
    vertex 4036.224928254755 163.90032086433203 -29.890250347172017
    vertex 4036.224928254754 114.59211973789368 -29.889916787062564
  endloop
endfacet
facet normal 1.854106743626294e-05 -1.8658674262972295e-05 -0.9999999996540414
  outer loop
    vertex 4060.196878254812 167.56425805537364 -29.890317995232213
    vertex 4045.639038726917 166.4458021863948 -29.890317995245788
    vertex 4045.2249282547527 166.50032086433234 -29.89031799524576
  endloop
endfacet
facet normal 1.854106743626294e-05 -1.8658674262972295e-05 -0.9999999996540414
  outer loop
    vertex 4045.639038726917 166.4458021863948 -29.890317995245788
    vertex 4060.196878254812 167.56425805537364 -29.890317995232213
    vertex 4046.0249282547534 166.2859615103873 -29.8903179952463
  endloop
endfacet
facet normal 1.854106743626294e-05 -1.8658674262972295e-05 -0.9999999996540414
  outer loop
    vertex 4046.0249282547534 166.2859615103873 -29.8903179952463
    vertex 4060.196878254812 167.56425805537364 -29.890317995232213
    vertex 4046.3562991046515 166.0316917142306 -29.890317995247255
  endloop
endfacet
facet normal 1.854106743626294e-05 -1.8658674262972295e-05 -0.9999999996540414
  outer loop
    vertex 4046.3562991046515 166.0316917142306 -29.890317995247255
    vertex 4060.196878254812 167.56425805537364 -29.890317995232213
    vertex 4046.4571035032127 165.9003208643323 -29.89031799524815
  endloop
endfacet
facet normal 1.854106743626294e-05 -1.8658674262972295e-05 -0.9999999996540414
  outer loop
    vertex 4046.4571035032127 165.9003208643323 -29.89031799524815
    vertex 4060.196878254812 167.56425805537364 -29.890317995232213
    vertex 4046.610568900808 165.70032086433207 -29.89031799524863
  endloop
endfacet
facet normal 1.854106743626294e-05 -1.8658674262972295e-05 -0.9999999996540414
  outer loop
    vertex 4046.610568900808 165.70032086433207 -29.89031799524863
    vertex 4060.196878254812 167.56425805537364 -29.890317995232213
    vertex 4046.7704095768154 165.31443133649609 -29.89031799525032
  endloop
endfacet
facet normal 1.854106743626294e-05 -1.8658674262972295e-05 -0.9999999996540414
  outer loop
    vertex 4046.7704095768154 165.31443133649609 -29.89031799525032
    vertex 4060.196878254812 167.56425805537364 -29.890317995232213
    vertex 4060.196878254812 123.56425805536637 -29.89031799542904
  endloop
endfacet
facet normal 1.854106743626294e-05 -1.8658674262972295e-05 -0.9999999996540414
  outer loop
    vertex 4046.7704095768154 165.31443133649609 -29.89031799525032
    vertex 4060.196878254812 123.56425805536637 -29.89031799542904
    vertex 4046.8249282547526 164.90032086433203 -29.890317995252172
  endloop
endfacet
facet normal 1.854106743626294e-05 -1.8658674262972295e-05 -0.9999999996540414
  outer loop
    vertex 4046.8249282547526 164.90032086433203 -29.890317995252172
    vertex 4060.196878254812 123.56425805536637 -29.89031799542904
    vertex 4046.7704095768154 164.486210392168 -29.890317995254076
  endloop
endfacet
facet normal 1.854106743626294e-05 -1.8658674262972295e-05 -0.9999999996540414
  outer loop
    vertex 4046.7704095768154 164.486210392168 -29.890317995254076
    vertex 4060.196878254812 123.56425805536637 -29.89031799542904
    vertex 4046.6105689008073 164.1003208643321 -29.890317995255934
  endloop
endfacet
facet normal 1.854106743626294e-05 -1.8658674262972295e-05 -0.9999999996540414
  outer loop
    vertex 4046.6105689008073 164.1003208643321 -29.890317995255934
    vertex 4060.196878254812 123.56425805536637 -29.89031799542904
    vertex 4046.356299104651 163.7689500144337 -29.890317995257607
  endloop
endfacet
facet normal 1.854106743626294e-05 -1.8658674262972295e-05 -0.9999999996540414
  outer loop
    vertex 4046.356299104651 163.7689500144337 -29.890317995257607
    vertex 4060.196878254812 123.56425805536637 -29.89031799542904
    vertex 4046.0249282547525 163.5146802182771 -29.890317995258933
  endloop
endfacet
facet normal 1.854106743626294e-05 -1.8658674262972295e-05 -0.9999999996540414
  outer loop
    vertex 4046.0249282547525 163.5146802182771 -29.890317995258933
    vertex 4060.196878254812 123.56425805536637 -29.89031799542904
    vertex 4045.639038726917 163.35483954226981 -29.890317995259863
  endloop
endfacet
facet normal 1.854106743626294e-05 -1.8658674262972295e-05 -0.9999999996540414
  outer loop
    vertex 4045.639038726917 163.35483954226981 -29.890317995259863
    vertex 4060.196878254812 123.56425805536637 -29.89031799542904
    vertex 4045.2249282547527 163.30032086433238 -29.89031799526034
  endloop
endfacet
facet normal 1.854106743626294e-05 -1.8658674262972295e-05 -0.9999999996540414
  outer loop
    vertex 4105.4076235798975 167.72715518798023 -29.88991248642477
    vertex 4082.1968782548115 167.5642580553722 -29.890317995248036
    vertex 4060.196878254812 167.56425805537364 -29.890317995232213
  endloop
endfacet
facet normal 1.854106743626294e-05 -1.8658674262972295e-05 -0.9999999996540414
  outer loop
    vertex 4082.1968782548115 167.5642580553722 -29.890317995248036
    vertex 4105.4076235798975 167.72715518798023 -29.88991248642477
    vertex 4105.828086517676 166.48851131535451 -29.889912486430145
  endloop
endfacet
facet normal 1.854106743626294e-05 -1.8658674262972295e-05 -0.9999999996540414
  outer loop
    vertex 4082.1968782548115 167.5642580553722 -29.890317995248036
    vertex 4105.828086517676 166.48851131535451 -29.889912486430145
    vertex 4097.168828254792 166.5003208643297 -29.8903179952249
  endloop
endfacet
facet normal 1.854106743626294e-05 -1.8658674262972295e-05 -0.9999999996540414
  outer loop
    vertex 4097.168828254792 166.5003208643297 -29.8903179952249
    vertex 4105.828086517676 166.48851131535451 -29.889912486430145
    vertex 4097.582938726957 166.44580218639217 -29.890317995225004
  endloop
endfacet
facet normal 1.854106743626294e-05 -1.8658674262972295e-05 -0.9999999996540414
  outer loop
    vertex 4097.582938726957 166.44580218639217 -29.890317995225004
    vertex 4105.828086517676 166.48851131535451 -29.889912486430145
    vertex 4106.083276868523 165.20558278652982 -29.88991248643579
  endloop
endfacet
facet normal 1.854106743626294e-05 -1.8658674262972295e-05 -0.9999999996540414
  outer loop
    vertex 4097.582938726957 166.44580218639217 -29.890317995225004
    vertex 4106.083276868523 165.20558278652982 -29.88991248643579
    vertex 4097.968828254793 166.28596151038468 -29.89031799522557
  endloop
endfacet
facet normal 1.854106743626294e-05 -1.8658674262972295e-05 -0.9999999996540414
  outer loop
    vertex 4097.968828254793 166.28596151038468 -29.89031799522557
    vertex 4106.083276868523 165.20558278652982 -29.88991248643579
    vertex 4098.300199104691 166.031691714228 -29.8903179952266
  endloop
endfacet
facet normal 1.854106743626294e-05 -1.8658674262972295e-05 -0.9999999996540414
  outer loop
    vertex 4098.300199104691 166.031691714228 -29.8903179952266
    vertex 4106.083276868523 165.20558278652982 -29.88991248643579
    vertex 4098.5544689008475 165.70032086432946 -29.890317995228003
  endloop
endfacet
facet normal 1.854106743626294e-05 -1.8658674262972295e-05 -0.9999999996540414
  outer loop
    vertex 4098.5544689008475 165.70032086432946 -29.890317995228003
    vertex 4106.083276868523 165.20558278652982 -29.88991248643579
    vertex 4098.714309576855 165.31443133649347 -29.89031799522971
  endloop
endfacet
facet normal 1.854106743626294e-05 -1.8658674262972295e-05 -0.9999999996540414
  outer loop
    vertex 4098.714309576855 165.31443133649347 -29.89031799522971
    vertex 4106.083276868523 165.20558278652982 -29.88991248643579
    vertex 4098.768828254792 164.9003208643294 -29.890317995231545
  endloop
endfacet
facet normal 1.854106743626294e-05 -1.8658674262972295e-05 -0.9999999996540414
  outer loop
    vertex 4098.768828254792 164.9003208643294 -29.890317995231545
    vertex 4106.083276868523 165.20558278652982 -29.88991248643579
    vertex 4106.168828254785 163.90032086432933 -29.889912486441442
  endloop
endfacet
facet normal 1.854106743626294e-05 -1.8658674262972295e-05 -0.9999999996540414
  outer loop
    vertex 4098.768828254792 164.9003208643294 -29.890317995231545
    vertex 4106.168828254785 163.90032086432933 -29.889912486441442
    vertex 4098.714309576855 164.48621039216536 -29.890317995233442
  endloop
endfacet
facet normal 1.854106743626294e-05 -1.8658674262972295e-05 -0.9999999996540414
  outer loop
    vertex 4098.714309576855 164.48621039216536 -29.890317995233442
    vertex 4106.168828254785 163.90032086432933 -29.889912486441442
    vertex 4098.5544689008475 164.10032086432938 -29.890317995235236
  endloop
endfacet
facet normal 1.854106743626294e-05 -1.8658674262972295e-05 -0.9999999996540414
  outer loop
    vertex 4098.5544689008475 164.10032086432938 -29.890317995235236
    vertex 4106.168828254785 163.90032086432933 -29.889912486441442
    vertex 4098.300199104691 163.76895001443094 -29.890317995236824
  endloop
endfacet
facet normal 1.854106743626294e-05 -1.8658674262972295e-05 -0.9999999996540414
  outer loop
    vertex 4098.300199104691 163.76895001443094 -29.890317995236824
    vertex 4106.168828254785 163.90032086432933 -29.889912486441442
    vertex 4106.168828254784 114.592119737894 -29.887912995504983
  endloop
endfacet
facet normal 1.854106743626294e-05 -1.8658674262972295e-05 -0.9999999996540414
  outer loop
    vertex 4098.300199104691 163.76895001443094 -29.890317995236824
    vertex 4106.168828254784 114.592119737894 -29.887912995504983
    vertex 4097.968828254792 163.51468021827435 -29.890317995238068
  endloop
endfacet
facet normal 1.854106743626294e-05 -1.8658674262972295e-05 -0.9999999996540414
  outer loop
    vertex 4097.968828254792 163.51468021827435 -29.890317995238068
    vertex 4106.168828254784 114.592119737894 -29.887912995504983
    vertex 4097.582938726957 163.354839542267 -29.890317995238924
  endloop
endfacet
facet normal 1.854106743626294e-05 -1.8658674262972295e-05 -0.9999999996540414
  outer loop
    vertex 4097.582938726957 163.354839542267 -29.890317995238924
    vertex 4106.168828254784 114.592119737894 -29.887912995504983
    vertex 4097.168828254792 163.30032086432956 -29.89031799523931
  endloop
endfacet
facet normal 1.854106743626294e-05 -1.8658674262972295e-05 -0.9999999996540414
  outer loop
    vertex 4097.168828254792 163.30032086432956 -29.89031799523931
    vertex 4106.168828254784 114.592119737894 -29.887912995504983
    vertex 4082.1968782548115 123.56425805536709 -29.890317995442988
  endloop
endfacet
facet normal 1.854106743626294e-05 -1.8658674262972295e-05 -0.9999999996540414
  outer loop
    vertex 4082.1968782548115 123.56425805536709 -29.890317995442988
    vertex 4106.168828254784 114.592119737894 -29.887912995504983
    vertex 4076.585106822466 122.01314679480218 -29.890317995440466
  endloop
endfacet
facet normal 1.854106743626294e-05 -1.8658674262972295e-05 -0.9999999996540414
  outer loop
    vertex 4082.1968782548115 123.56425805536709 -29.890317995442988
    vertex 4076.585106822466 122.01314679480218 -29.890317995440466
    vertex 4076.1968782548133 122.06425805536816 -29.890317995439762
  endloop
endfacet
facet normal 1.854106743626294e-05 -1.8658674262972295e-05 -0.9999999996540414
  outer loop
    vertex 4082.1968782548115 123.56425805536709 -29.890317995442988
    vertex 4076.1968782548133 122.06425805536816 -29.890317995439762
    vertex 4060.196878254812 123.56425805536637 -29.89031799542904
  endloop
endfacet
facet normal 1.854106743626294e-05 -1.8658674262972295e-05 -0.9999999996540414
  outer loop
    vertex 4076.585106822466 122.01314679480218 -29.890317995440466
    vertex 4106.168828254784 114.592119737894 -29.887912995504983
    vertex 4076.9468782548124 121.8632961610449 -29.890317995441166
  endloop
endfacet
facet normal 1.854106743626294e-05 -1.8658674262972295e-05 -0.9999999996540414
  outer loop
    vertex 4076.9468782548124 121.8632961610449 -29.890317995441166
    vertex 4106.168828254784 114.592119737894 -29.887912995504983
    vertex 4077.2575384265924 121.62491822714757 -29.89031799544245
  endloop
endfacet
facet normal 1.854106743626294e-05 -1.8658674262972295e-05 -0.9999999996540414
  outer loop
    vertex 4077.2575384265924 121.62491822714757 -29.89031799544245
    vertex 4106.168828254784 114.592119737894 -29.887912995504983
    vertex 4077.49591636049 121.31425805536833 -29.890317995443894
  endloop
endfacet
facet normal 1.854106743626294e-05 -1.8658674262972295e-05 -0.9999999996540414
  outer loop
    vertex 4077.49591636049 121.31425805536833 -29.890317995443894
    vertex 4106.168828254784 114.592119737894 -29.887912995504983
    vertex 4077.6457669942465 120.95248662302166 -29.8903179954457
  endloop
endfacet
facet normal 1.854106743626294e-05 -1.8658674262972295e-05 -0.9999999996540414
  outer loop
    vertex 4077.6457669942465 120.95248662302166 -29.8903179954457
    vertex 4106.168828254784 114.592119737894 -29.887912995504983
    vertex 4077.6968782548124 120.5642580553685 -29.890317995447663
  endloop
endfacet
facet normal 1.854106743626294e-05 -1.8658674262972295e-05 -0.9999999996540414
  outer loop
    vertex 4077.6968782548124 120.5642580553685 -29.890317995447663
    vertex 4106.168828254784 114.592119737894 -29.887912995504983
    vertex 4077.6457669942465 120.17602948771388 -29.89031799544905
  endloop
endfacet
facet normal 1.854106743626294e-05 -1.8658674262972295e-05 -0.9999999996540414
  outer loop
    vertex 4077.6457669942465 120.17602948771388 -29.89031799544905
    vertex 4106.168828254784 114.592119737894 -29.887912995504983
    vertex 4077.49591636049 119.81425805536794 -29.890317995450758
  endloop
endfacet
facet normal 1.854106743626294e-05 -1.8658674262972295e-05 -0.9999999996540414
  outer loop
    vertex 4077.49591636049 119.81425805536794 -29.890317995450758
    vertex 4106.168828254784 114.592119737894 -29.887912995504983
    vertex 4077.257538426592 119.5035978835887 -29.890317995451994
  endloop
endfacet
facet normal 1.854106743626294e-05 -1.8658674262972295e-05 -0.9999999996540414
  outer loop
    vertex 4077.257538426592 119.5035978835887 -29.890317995451994
    vertex 4106.168828254784 114.592119737894 -29.887912995504983
    vertex 4076.9468782548124 119.26521994969137 -29.89031799545278
  endloop
endfacet
facet normal 1.854106743626294e-05 -1.8658674262972295e-05 -0.9999999996540414
  outer loop
    vertex 4076.9468782548124 119.26521994969137 -29.89031799545278
    vertex 4106.168828254784 114.592119737894 -29.887912995504983
    vertex 4076.585106822466 119.1153693159348 -29.8903179954531
  endloop
endfacet
facet normal 1.854106743626294e-05 -1.8658674262972295e-05 -0.9999999996540414
  outer loop
    vertex 4076.585106822466 119.1153693159348 -29.8903179954531
    vertex 4106.168828254784 114.592119737894 -29.887912995504983
    vertex 4076.196878254813 119.06425805536811 -29.890317995453177
  endloop
endfacet
facet normal 1.854106743626294e-05 -1.8658674262972295e-05 -0.9999999996540414
  outer loop
    vertex 4076.196878254813 119.06425805536811 -29.890317995453177
    vertex 4106.168828254784 114.592119737894 -29.887912995504983
    vertex 4066.196878254812 119.06425805536811 -29.89031799544649
  endloop
endfacet
facet normal 1.854106743626294e-05 -1.8658674262972295e-05 -0.9999999996540414
  outer loop
    vertex 4066.196878254812 119.06425805536811 -29.89031799544649
    vertex 4106.168828254784 114.592119737894 -29.887912995504983
    vertex 4097.168828254792 115.19211973789415 -29.89031799545523
  endloop
endfacet
facet normal 1.854106743626294e-05 -1.8658674262972295e-05 -0.9999999996540414
  outer loop
    vertex 4097.168828254792 115.19211973789415 -29.89031799545523
    vertex 4106.168828254784 114.592119737894 -29.887912995504983
    vertex 4097.582938726957 115.13760105995668 -29.89031799545535
  endloop
endfacet
facet normal 1.854106743626294e-05 -1.8658674262972295e-05 -0.9999999996540414
  outer loop
    vertex 4097.582938726957 115.13760105995668 -29.89031799545535
    vertex 4106.168828254784 114.592119737894 -29.887912995504983
    vertex 4097.968828254792 114.97776038394929 -29.89031799545593
  endloop
endfacet
facet normal 1.854106743626294e-05 -1.8658674262972295e-05 -0.9999999996540414
  outer loop
    vertex 4097.968828254792 114.97776038394929 -29.89031799545593
    vertex 4106.168828254784 114.592119737894 -29.887912995504983
    vertex 4098.300199104691 114.72349058779263 -29.890317995456968
  endloop
endfacet
facet normal 1.854106743626294e-05 -1.8658674262972295e-05 -0.9999999996540414
  outer loop
    vertex 4098.300199104691 114.72349058779263 -29.890317995456968
    vertex 4106.168828254784 114.592119737894 -29.887912995504983
    vertex 4098.5544689008475 114.39211973789415 -29.890317995458368
  endloop
endfacet
facet normal 1.854106743626294e-05 -1.8658674262972295e-05 -0.9999999996540414
  outer loop
    vertex 4098.5544689008475 114.39211973789415 -29.890317995458368
    vertex 4106.168828254784 114.592119737894 -29.887912995504983
    vertex 4106.083276868522 113.28685781569347 -29.88791299551089
  endloop
endfacet
facet normal 1.854106743626294e-05 -1.8658674262972295e-05 -0.9999999996540414
  outer loop
    vertex 4098.5544689008475 114.39211973789415 -29.890317995458368
    vertex 4106.083276868522 113.28685781569347 -29.88791299551089
    vertex 4098.714309576855 114.0062302100582 -29.89031799546004
  endloop
endfacet
facet normal 1.854106743626294e-05 -1.8658674262972295e-05 -0.9999999996540414
  outer loop
    vertex 4098.714309576855 114.0062302100582 -29.89031799546004
    vertex 4106.083276868522 113.28685781569347 -29.88791299551089
    vertex 4098.768828254792 113.59211973789415 -29.890317995461892
  endloop
endfacet
facet normal 1.854106743626294e-05 -1.8658674262972295e-05 -0.9999999996540414
  outer loop
    vertex 4098.768828254792 113.59211973789415 -29.890317995461892
    vertex 4106.083276868522 113.28685781569347 -29.88791299551089
    vertex 4098.714309576855 113.17800926573014 -29.890317995463786
  endloop
endfacet
facet normal 1.854106743626294e-05 -1.8658674262972295e-05 -0.9999999996540414
  outer loop
    vertex 4098.714309576855 113.17800926573014 -29.890317995463786
    vertex 4106.083276868522 113.28685781569347 -29.88791299551089
    vertex 4105.828086517675 112.00392928686878 -29.887912995516714
  endloop
endfacet
facet normal 1.854106743626294e-05 -1.8658674262972295e-05 -0.9999999996540414
  outer loop
    vertex 4098.714309576855 113.17800926573014 -29.890317995463786
    vertex 4105.828086517675 112.00392928686878 -29.887912995516714
    vertex 4098.5544689008475 112.79211973789415 -29.890317995465562
  endloop
endfacet
facet normal 1.854106743626294e-05 -1.8658674262972295e-05 -0.9999999996540414
  outer loop
    vertex 4098.5544689008475 112.79211973789415 -29.890317995465562
    vertex 4105.828086517675 112.00392928686878 -29.887912995516714
    vertex 4098.300199104691 112.46074888799568 -29.890317995467164
  endloop
endfacet
facet normal 1.854106743626294e-05 -1.8658674262972295e-05 -0.9999999996540414
  outer loop
    vertex 4098.300199104691 112.46074888799568 -29.890317995467164
    vertex 4105.828086517675 112.00392928686878 -29.887912995516714
    vertex 4097.968828254792 112.20647909183907 -29.89031799546843
  endloop
endfacet
facet normal 1.854106743626294e-05 -1.8658674262972295e-05 -0.9999999996540414
  outer loop
    vertex 4097.968828254792 112.20647909183907 -29.89031799546843
    vertex 4105.828086517675 112.00392928686878 -29.887912995516714
    vertex 4097.582938726957 112.04663841583168 -29.890317995469285
  endloop
endfacet
facet normal 1.854106743626294e-05 -1.8658674262972295e-05 -0.9999999996540414
  outer loop
    vertex 4097.582938726957 112.04663841583168 -29.890317995469285
    vertex 4105.828086517675 112.00392928686878 -29.887912995516714
    vertex 4097.168828254792 111.99211973789416 -29.89031799546968
  endloop
endfacet
facet normal 1.854106743626294e-05 -1.8658674262972295e-05 -0.9999999996540414
  outer loop
    vertex 4097.168828254792 111.99211973789416 -29.89031799546968
    vertex 4105.828086517675 112.00392928686878 -29.887912995516714
    vertex 4105.407623579897 110.76528541424312 -29.887912995522406
  endloop
endfacet
facet normal 1.854106743626294e-05 -1.8658674262972295e-05 -0.9999999996540414
  outer loop
    vertex 4097.168828254792 111.99211973789416 -29.89031799546968
    vertex 4105.407623579897 110.76528541424312 -29.887912995522406
    vertex 4045.2249282547587 111.99211973789379 -29.890317995488015
  endloop
endfacet
facet normal 1.854106743626294e-05 -1.8658674262972295e-05 -0.9999999996540414
  outer loop
    vertex 4102.256442544873 171.83385426724166 -29.889912486407578
    vertex 4076.196878254812 172.0642580553683 -29.890317995217902
    vertex 4101.168828254785 172.5605749021737 -29.889912486404736
  endloop
endfacet
facet normal 1.854106743626294e-05 -1.8658674262972295e-05 -0.9999999996540414
  outer loop
    vertex 4076.196878254812 172.0642580553683 -29.890317995217902
    vertex 4102.256442544873 171.83385426724166 -29.889912486407578
    vertex 4076.585106822466 172.0131467948016 -29.890317995218556
  endloop
endfacet
facet normal 1.854106743626294e-05 -1.8658674262972295e-05 -0.9999999996540414
  outer loop
    vertex 4076.585106822466 172.0131467948016 -29.890317995218556
    vertex 4102.256442544873 171.83385426724166 -29.889912486407578
    vertex 4076.9468782548133 171.8632961610436 -29.890317995219284
  endloop
endfacet
facet normal 1.854106743626294e-05 -1.8658674262972295e-05 -0.9999999996540414
  outer loop
    vertex 4076.9468782548133 171.8632961610436 -29.890317995219284
    vertex 4102.256442544873 171.83385426724166 -29.889912486407578
    vertex 4077.257538426591 171.62491822714844 -29.890317995220446
  endloop
endfacet
facet normal 1.854106743626294e-05 -1.8658674262972295e-05 -0.9999999996540414
  outer loop
    vertex 4077.257538426591 171.62491822714844 -29.890317995220446
    vertex 4102.256442544873 171.83385426724166 -29.889912486407578
    vertex 4103.2398960666505 170.97138867619478 -29.88991248641107
  endloop
endfacet
facet normal 1.854106743626294e-05 -1.8658674262972295e-05 -0.9999999996540414
  outer loop
    vertex 4077.257538426591 171.62491822714844 -29.890317995220446
    vertex 4103.2398960666505 170.97138867619478 -29.88991248641107
    vertex 4077.49591636049 171.31425805536702 -29.890317995222116
  endloop
endfacet
facet normal 1.854106743626294e-05 -1.8658674262972295e-05 -0.9999999996540414
  outer loop
    vertex 4077.49591636049 171.31425805536702 -29.890317995222116
    vertex 4103.2398960666505 170.97138867619478 -29.88991248641107
    vertex 4077.6457669942456 170.9524866230218 -29.890317995223818
  endloop
endfacet
facet normal 1.854106743626294e-05 -1.8658674262972295e-05 -0.9999999996540414
  outer loop
    vertex 4077.6457669942456 170.9524866230218 -29.890317995223818
    vertex 4103.2398960666505 170.97138867619478 -29.88991248641107
    vertex 4104.102361657697 169.98793515441653 -29.88991248641514
  endloop
endfacet
facet normal 1.854106743626294e-05 -1.8658674262972295e-05 -0.9999999996540414
  outer loop
    vertex 4077.6457669942456 170.9524866230218 -29.890317995223818
    vertex 4104.102361657697 169.98793515441653 -29.88991248641514
    vertex 4077.6968782548124 170.56425805536864 -29.89031799522545
  endloop
endfacet
facet normal 1.854106743626294e-05 -1.8658674262972295e-05 -0.9999999996540414
  outer loop
    vertex 4077.6968782548124 170.56425805536864 -29.89031799522545
    vertex 4104.102361657697 169.98793515441653 -29.88991248641514
    vertex 4077.6457669942465 170.176029487714 -29.89031799522731
  endloop
endfacet
facet normal 1.854106743626294e-05 -1.8658674262972295e-05 -0.9999999996540414
  outer loop
    vertex 4077.6457669942465 170.176029487714 -29.89031799522731
    vertex 4104.102361657697 169.98793515441653 -29.88991248641514
    vertex 4077.49591636049 169.81425805536736 -29.890317995229026
  endloop
endfacet
facet normal 1.854106743626294e-05 -1.8658674262972295e-05 -0.9999999996540414
  outer loop
    vertex 4077.49591636049 169.81425805536736 -29.890317995229026
    vertex 4104.102361657697 169.98793515441653 -29.88991248641514
    vertex 4104.829082292629 168.90032086432933 -29.88991248641974
  endloop
endfacet
facet normal 1.854106743626294e-05 -1.8658674262972295e-05 -0.9999999996540414
  outer loop
    vertex 4077.49591636049 169.81425805536736 -29.890317995229026
    vertex 4104.829082292629 168.90032086432933 -29.88991248641974
    vertex 4077.2575384265924 169.5035978835881 -29.890317995230255
  endloop
endfacet
facet normal 1.854106743626294e-05 -1.8658674262972295e-05 -0.9999999996540414
  outer loop
    vertex 4077.2575384265924 169.5035978835881 -29.890317995230255
    vertex 4104.829082292629 168.90032086432933 -29.88991248641974
    vertex 4076.9468782548133 169.2652199496908 -29.89031799523092
  endloop
endfacet
facet normal 1.854106743626294e-05 -1.8658674262972295e-05 -0.9999999996540414
  outer loop
    vertex 4076.9468782548133 169.2652199496908 -29.89031799523092
    vertex 4104.829082292629 168.90032086432933 -29.88991248641974
    vertex 4076.5851068224665 169.1153693159342 -29.89031799523136
  endloop
endfacet
facet normal 1.854106743626294e-05 -1.8658674262972295e-05 -0.9999999996540414
  outer loop
    vertex 4076.5851068224665 169.1153693159342 -29.89031799523136
    vertex 4104.829082292629 168.90032086432933 -29.88991248641974
    vertex 4076.196878254813 169.06425805536753 -29.890317995231175
  endloop
endfacet
facet normal 1.854106743626294e-05 -1.8658674262972295e-05 -0.9999999996540414
  outer loop
    vertex 4076.196878254813 169.06425805536753 -29.890317995231175
    vertex 4104.829082292629 168.90032086432933 -29.88991248641974
    vertex 4066.196878254812 169.06425805536753 -29.890317995230976
  endloop
endfacet
facet normal 1.854106743626294e-05 -1.8658674262972295e-05 -0.9999999996540414
  outer loop
    vertex 4066.196878254812 169.06425805536753 -29.890317995230976
    vertex 4104.829082292629 168.90032086432933 -29.88991248641974
    vertex 4037.56467421691 168.90032086433197 -29.890250347149163
  endloop
endfacet
facet normal 1.854106743626294e-05 -1.8658674262972295e-05 -0.9999999996540414
  outer loop
    vertex 4037.56467421691 168.90032086433197 -29.890250347149163
    vertex 4104.829082292629 168.90032086432933 -29.88991248641974
    vertex 4036.9861329296423 167.7271551879829 -29.890250347154637
  endloop
endfacet
facet normal 1.854106743626294e-05 -1.8658674262972295e-05 -0.9999999996540414
  outer loop
    vertex 4036.9861329296423 167.7271551879829 -29.890250347154637
    vertex 4104.829082292629 168.90032086432933 -29.88991248641974
    vertex 4105.4076235798975 167.72715518798023 -29.88991248642477
  endloop
endfacet
facet normal 1.854106743626294e-05 -1.8658674262972295e-05 -0.9999999996540414
  outer loop
    vertex 4036.9861329296423 167.7271551879829 -29.890250347154637
    vertex 4105.4076235798975 167.72715518798023 -29.88991248642477
    vertex 4060.196878254812 167.56425805537364 -29.890317995232213
  endloop
endfacet
facet normal 1.854106743626294e-05 -1.8658674262972295e-05 -0.9999999996540414
  outer loop
    vertex 4036.9861329296423 167.7271551879829 -29.890250347154637
    vertex 4060.196878254812 167.56425805537364 -29.890317995232213
    vertex 4036.565669991864 166.48851131535724 -29.890250347160347
  endloop
endfacet
facet normal 1.854106743626294e-05 -1.8658674262972295e-05 -0.9999999996540414
  outer loop
    vertex 4036.565669991864 166.48851131535724 -29.890250347160347
    vertex 4060.196878254812 167.56425805537364 -29.890317995232213
    vertex 4045.2249282547527 166.50032086433234 -29.89031799524576
  endloop
endfacet
facet normal 1.854106743626294e-05 -1.8658674262972295e-05 -0.9999999996540414
  outer loop
    vertex 4036.565669991864 166.48851131535724 -29.890250347160347
    vertex 4045.2249282547527 166.50032086433234 -29.89031799524576
    vertex 4044.810817782589 166.44580218639496 -29.890317995246257
  endloop
endfacet
facet normal 1.854106743626294e-05 -1.8658674262972295e-05 -0.9999999996540414
  outer loop
    vertex 4036.565669991864 166.48851131535724 -29.890250347160347
    vertex 4044.810817782589 166.44580218639496 -29.890317995246257
    vertex 4036.3104796410166 165.20558278653255 -29.890250347166173
  endloop
endfacet
facet normal 1.854106743626294e-05 -1.8658674262972295e-05 -0.9999999996540414
  outer loop
    vertex 4036.3104796410166 165.20558278653255 -29.890250347166173
    vertex 4044.810817782589 166.44580218639496 -29.890317995246257
    vertex 4044.424928254753 166.2859615103876 -29.89031799524718
  endloop
endfacet
facet normal 1.854106743626294e-05 -1.8658674262972295e-05 -0.9999999996540414
  outer loop
    vertex 4036.3104796410166 165.20558278653255 -29.890250347166173
    vertex 4044.424928254753 166.2859615103876 -29.89031799524718
    vertex 4044.093557404855 166.03169171423107 -29.890317995248527
  endloop
endfacet
facet normal 1.854106743626294e-05 -1.8658674262972295e-05 -0.9999999996540414
  outer loop
    vertex 4036.3104796410166 165.20558278653255 -29.890250347166173
    vertex 4044.093557404855 166.03169171423107 -29.890317995248527
    vertex 4043.839287608698 165.70032086433267 -29.890317995250165
  endloop
endfacet
facet normal 1.854106743626294e-05 -1.8658674262972295e-05 -0.9999999996540414
  outer loop
    vertex 4036.3104796410166 165.20558278653255 -29.890250347166173
    vertex 4043.839287608698 165.70032086433267 -29.890317995250165
    vertex 4043.67944693269 165.3144313364967 -29.890317995252012
  endloop
endfacet
facet normal 1.854106743626294e-05 -1.8658674262972295e-05 -0.9999999996540414
  outer loop
    vertex 4036.3104796410166 165.20558278653255 -29.890250347166173
    vertex 4043.67944693269 165.3144313364967 -29.890317995252012
    vertex 4043.6249282547533 164.9003208643327 -29.89031799525395
  endloop
endfacet
facet normal 1.854106743626294e-05 -1.8658674262972295e-05 -0.9999999996540414
  outer loop
    vertex 4036.3104796410166 165.20558278653255 -29.890250347166173
    vertex 4043.6249282547533 164.9003208643327 -29.89031799525395
    vertex 4036.224928254755 163.90032086433203 -29.890250347172017
  endloop
endfacet
facet normal 1.854106743626294e-05 -1.8658674262972295e-05 -0.9999999996540414
  outer loop
    vertex 4036.224928254755 163.90032086433203 -29.890250347172017
    vertex 4043.6249282547533 164.9003208643327 -29.89031799525395
    vertex 4043.67944693269 164.4862103921687 -29.8903179952558
  endloop
endfacet
facet normal 1.854106743626294e-05 -1.8658674262972295e-05 -0.9999999996540414
  outer loop
    vertex 4036.224928254755 163.90032086433203 -29.890250347172017
    vertex 4043.67944693269 164.4862103921687 -29.8903179952558
    vertex 4043.8392876086978 164.10032086433264 -29.890317995257462
  endloop
endfacet
facet normal 1.854106743626294e-05 -1.8658674262972295e-05 -0.9999999996540414
  outer loop
    vertex 4036.224928254755 163.90032086433203 -29.890250347172017
    vertex 4043.8392876086978 164.10032086433264 -29.890317995257462
    vertex 4044.093557404854 163.76895001443415 -29.890317995258844
  endloop
endfacet
facet normal 1.854106743626294e-05 -1.8658674262972295e-05 -0.9999999996540414
  outer loop
    vertex 4036.224928254755 163.90032086433203 -29.890250347172017
    vertex 4044.093557404854 163.76895001443415 -29.890317995258844
    vertex 4036.224928254754 114.59211973789368 -29.889916787062564
  endloop
endfacet
facet normal 1.854106743626294e-05 -1.8658674262972295e-05 -0.9999999996540414
  outer loop
    vertex 4036.224928254754 114.59211973789368 -29.889916787062564
    vertex 4044.093557404854 163.76895001443415 -29.890317995258844
    vertex 4044.224928254753 163.66814561587285 -29.89031799525912
  endloop
endfacet
facet normal 1.854106743626294e-05 -1.8658674262972295e-05 -0.9999999996540414
  outer loop
    vertex 4036.224928254754 114.59211973789368 -29.889916787062564
    vertex 4044.224928254753 163.66814561587285 -29.89031799525912
    vertex 4044.424928254752 163.51468021827748 -29.890317995259814
  endloop
endfacet
facet normal 1.854106743626294e-05 -1.8658674262972295e-05 -0.9999999996540414
  outer loop
    vertex 4036.224928254754 114.59211973789368 -29.889916787062564
    vertex 4044.424928254752 163.51468021827748 -29.890317995259814
    vertex 4044.810817782589 163.35483954226999 -29.89031799526034
  endloop
endfacet
facet normal 1.854106743626294e-05 -1.8658674262972295e-05 -0.9999999996540414
  outer loop
    vertex 4036.224928254754 114.59211973789368 -29.889916787062564
    vertex 4044.810817782589 163.35483954226999 -29.89031799526034
    vertex 4045.2249282547527 163.30032086433238 -29.89031799526034
  endloop
endfacet
facet normal 1.854106743626294e-05 -1.8658674262972295e-05 -0.9999999996540414
  outer loop
    vertex 4036.224928254754 114.59211973789368 -29.889916787062564
    vertex 4045.2249282547527 163.30032086433238 -29.89031799526034
    vertex 4060.196878254812 123.56425805536637 -29.89031799542904
  endloop
endfacet
facet normal 1.854106743626294e-05 -1.8658674262972295e-05 -0.9999999996540414
  outer loop
    vertex 4036.224928254754 114.59211973789368 -29.889916787062564
    vertex 4060.196878254812 123.56425805536637 -29.89031799542904
    vertex 4065.808649687159 122.01314679480146 -29.890317995433236
  endloop
endfacet
facet normal 1.854106743626294e-05 -1.8658674262972295e-05 -0.9999999996540414
  outer loop
    vertex 4065.808649687159 122.01314679480146 -29.890317995433236
    vertex 4060.196878254812 123.56425805536637 -29.89031799542904
    vertex 4066.196878254813 122.06425805536743 -29.890317995432955
  endloop
endfacet
facet normal 1.854106743626294e-05 -1.8658674262972295e-05 -0.9999999996540414
  outer loop
    vertex 4066.196878254813 122.06425805536743 -29.890317995432955
    vertex 4060.196878254812 123.56425805536637 -29.89031799542904
    vertex 4076.1968782548133 122.06425805536816 -29.890317995439762
  endloop
endfacet
facet normal 1.854106743626294e-05 -1.8658674262972295e-05 -0.9999999996540414
  outer loop
    vertex 4036.224928254754 114.59211973789368 -29.889916787062564
    vertex 4065.808649687159 122.01314679480146 -29.890317995433236
    vertex 4065.446878254813 121.86329616104418 -29.890317995433474
  endloop
endfacet
facet normal 1.854106743626294e-05 -1.8658674262972295e-05 -0.9999999996540414
  outer loop
    vertex 4036.224928254754 114.59211973789368 -29.889916787062564
    vertex 4065.446878254813 121.86329616104418 -29.890317995433474
    vertex 4065.1362180830324 121.62491822714757 -29.89031799543434
  endloop
endfacet
facet normal 1.854106743626294e-05 -1.8658674262972295e-05 -0.9999999996540414
  outer loop
    vertex 4036.224928254754 114.59211973789368 -29.889916787062564
    vertex 4065.1362180830324 121.62491822714757 -29.89031799543434
    vertex 4064.897840149135 121.31425805536833 -29.89031799543557
  endloop
endfacet
facet normal 1.854106743626294e-05 -1.8658674262972295e-05 -0.9999999996540414
  outer loop
    vertex 4036.224928254754 114.59211973789368 -29.889916787062564
    vertex 4064.897840149135 121.31425805536833 -29.89031799543557
    vertex 4064.7479895153792 120.95248662302166 -29.890317995437083
  endloop
endfacet
facet normal 1.854106743626294e-05 -1.8658674262972295e-05 -0.9999999996540414
  outer loop
    vertex 4036.224928254754 114.59211973789368 -29.889916787062564
    vertex 4064.7479895153792 120.95248662302166 -29.890317995437083
    vertex 4064.6968782548124 120.56425805536777 -29.89031799543896
  endloop
endfacet
facet normal 1.854106743626294e-05 -1.8658674262972295e-05 -0.9999999996540414
  outer loop
    vertex 4036.224928254754 114.59211973789368 -29.889916787062564
    vertex 4064.6968782548124 120.56425805536777 -29.89031799543896
    vertex 4064.7479895153783 120.17602948771533 -29.890317995440434
  endloop
endfacet
facet normal 1.854106743626294e-05 -1.8658674262972295e-05 -0.9999999996540414
  outer loop
    vertex 4036.224928254754 114.59211973789368 -29.889916787062564
    vertex 4064.7479895153783 120.17602948771533 -29.890317995440434
    vertex 4064.8978401491363 119.81425805536794 -29.890317995442484
  endloop
endfacet
facet normal 1.854106743626294e-05 -1.8658674262972295e-05 -0.9999999996540414
  outer loop
    vertex 4036.224928254754 114.59211973789368 -29.889916787062564
    vertex 4064.8978401491363 119.81425805536794 -29.890317995442484
    vertex 4065.1362180830324 119.5035978835887 -29.890317995444
  endloop
endfacet
facet normal 1.854106743626294e-05 -1.8658674262972295e-05 -0.9999999996540414
  outer loop
    vertex 4036.224928254754 114.59211973789368 -29.889916787062564
    vertex 4065.1362180830324 119.5035978835887 -29.890317995444
    vertex 4065.4468782548124 119.26521994969137 -29.890317995444974
  endloop
endfacet
facet normal 1.854106743626294e-05 -1.8658674262972295e-05 -0.9999999996540414
  outer loop
    vertex 4036.224928254754 114.59211973789368 -29.889916787062564
    vertex 4065.4468782548124 119.26521994969137 -29.890317995444974
    vertex 4065.8086496871583 119.1153693159348 -29.89031799544604
  endloop
endfacet
facet normal 1.854106743626294e-05 -1.8658674262972295e-05 -0.9999999996540414
  outer loop
    vertex 4036.224928254754 114.59211973789368 -29.889916787062564
    vertex 4065.8086496871583 119.1153693159348 -29.89031799544604
    vertex 4066.196878254812 119.06425805536811 -29.89031799544649
  endloop
endfacet
facet normal 1.854106743626294e-05 -1.8658674262972295e-05 -0.9999999996540414
  outer loop
    vertex 4036.224928254754 114.59211973789368 -29.889916787062564
    vertex 4066.196878254812 119.06425805536811 -29.89031799544649
    vertex 4045.2249282547587 115.19211973789392 -29.890317995473556
  endloop
endfacet
facet normal 1.854106743626294e-05 -1.8658674262972295e-05 -0.9999999996540414
  outer loop
    vertex 4045.2249282547587 115.19211973789392 -29.890317995473556
    vertex 4066.196878254812 119.06425805536811 -29.89031799544649
    vertex 4097.168828254792 115.19211973789415 -29.89031799545523
  endloop
endfacet
facet normal 1.854106743626294e-05 -1.8658674262972295e-05 -0.9999999996540414
  outer loop
    vertex 4036.224928254754 114.59211973789368 -29.889916787062564
    vertex 4045.2249282547587 115.19211973789392 -29.890317995473556
    vertex 4044.8108177825948 115.1376010599565 -29.89031799547394
  endloop
endfacet
facet normal 1.854106743626294e-05 -1.8658674262972295e-05 -0.9999999996540414
  outer loop
    vertex 4036.224928254754 114.59211973789368 -29.889916787062564
    vertex 4044.8108177825948 115.1376010599565 -29.89031799547394
    vertex 4044.424928254759 114.97776038394915 -29.890317995474796
  endloop
endfacet
facet normal 1.854106743626294e-05 -1.8658674262972295e-05 -0.9999999996540414
  outer loop
    vertex 4036.224928254754 114.59211973789368 -29.889916787062564
    vertex 4044.424928254759 114.97776038394915 -29.890317995474796
    vertex 4044.09355740486 114.72349058779258 -29.89031799547607
  endloop
endfacet
facet normal 1.854106743626294e-05 -1.8658674262972295e-05 -0.9999999996540414
  outer loop
    vertex 4036.224928254754 114.59211973789368 -29.889916787062564
    vertex 4044.09355740486 114.72349058779258 -29.89031799547607
    vertex 4043.839287608703 114.3921197378941 -29.890317995477663
  endloop
endfacet
facet normal 1.854106743626294e-05 -1.8658674262972295e-05 -0.9999999996540414
  outer loop
    vertex 4036.224928254754 114.59211973789368 -29.889916787062564
    vertex 4043.839287608703 114.3921197378941 -29.890317995477663
    vertex 4036.3104796410157 113.28685781569315 -29.88991678706844
  endloop
endfacet
facet normal 1.854106743626294e-05 -1.8658674262972295e-05 -0.9999999996540414
  outer loop
    vertex 4036.3104796410157 113.28685781569315 -29.88991678706844
    vertex 4043.839287608703 114.3921197378941 -29.890317995477663
    vertex 4043.679446932696 114.00623021005816 -29.890317995479467
  endloop
endfacet
facet normal 1.854106743626294e-05 -1.8658674262972295e-05 -0.9999999996540414
  outer loop
    vertex 4036.3104796410157 113.28685781569315 -29.88991678706844
    vertex 4043.679446932696 114.00623021005816 -29.890317995479467
    vertex 4043.6249282547583 113.59211973789411 -29.89031799548135
  endloop
endfacet
facet normal 1.854106743626294e-05 -1.8658674262972295e-05 -0.9999999996540414
  outer loop
    vertex 4036.3104796410157 113.28685781569315 -29.88991678706844
    vertex 4043.6249282547583 113.59211973789411 -29.89031799548135
    vertex 4043.679446932696 113.17800926573005 -29.8903179954832
  endloop
endfacet
facet normal 1.854106743626294e-05 -1.8658674262972295e-05 -0.9999999996540414
  outer loop
    vertex 4036.3104796410157 113.28685781569315 -29.88991678706844
    vertex 4043.679446932696 113.17800926573005 -29.8903179954832
    vertex 4036.5656699918636 112.00392928686847 -29.889916787074334
  endloop
endfacet
facet normal 1.854106743626294e-05 -1.8658674262972295e-05 -0.9999999996540414
  outer loop
    vertex 4036.5656699918636 112.00392928686847 -29.889916787074334
    vertex 4043.679446932696 113.17800926573005 -29.8903179954832
    vertex 4043.839287608703 112.79211973789407 -29.89031799548487
  endloop
endfacet
facet normal 1.854106743626294e-05 -1.8658674262972295e-05 -0.9999999996540414
  outer loop
    vertex 4036.5656699918636 112.00392928686847 -29.889916787074334
    vertex 4043.839287608703 112.79211973789407 -29.89031799548487
    vertex 4044.09355740486 112.4607488879955 -29.890317995486278
  endloop
endfacet
facet normal 1.854106743626294e-05 -1.8658674262972295e-05 -0.9999999996540414
  outer loop
    vertex 4036.5656699918636 112.00392928686847 -29.889916787074334
    vertex 4044.09355740486 112.4607488879955 -29.890317995486278
    vertex 4044.424928254758 112.20647909183884 -29.890317995487294
  endloop
endfacet
facet normal 1.854106743626294e-05 -1.8658674262972295e-05 -0.9999999996540414
  outer loop
    vertex 4036.5656699918636 112.00392928686847 -29.889916787074334
    vertex 4044.424928254758 112.20647909183884 -29.890317995487294
    vertex 4044.8108177825948 112.04663841583135 -29.89031799548789
  endloop
endfacet
facet normal 1.854106743626294e-05 -1.8658674262972295e-05 -0.9999999996540414
  outer loop
    vertex 4036.5656699918636 112.00392928686847 -29.889916787074334
    vertex 4044.8108177825948 112.04663841583135 -29.89031799548789
    vertex 4045.2249282547587 111.99211973789379 -29.890317995488015
  endloop
endfacet
facet normal 1.854106743626294e-05 -1.8658674262972295e-05 -0.9999999996540414
  outer loop
    vertex 4036.5656699918636 112.00392928686847 -29.889916787074334
    vertex 4045.2249282547587 111.99211973789379 -29.890317995488015
    vertex 4036.9861329296414 110.76528541424275 -29.88991678708013
  endloop
endfacet
facet normal 1.854106743626294e-05 -1.8658674262972295e-05 -0.9999999996540414
  outer loop
    vertex 4036.9861329296414 110.76528541424275 -29.88991678708013
    vertex 4045.2249282547587 111.99211973789379 -29.890317995488015
    vertex 4105.407623579897 110.76528541424312 -29.887912995522406
  endloop
endfacet
facet normal 1.854106743626294e-05 -1.8658674262972295e-05 -0.9999999996540414
  outer loop
    vertex 4036.9861329296414 110.76528541424275 -29.88991678708013
    vertex 4105.407623579897 110.76528541424312 -29.887912995522406
    vertex 4104.829082292628 109.59211973789405 -29.887912995527877
  endloop
endfacet
facet normal 1.854106743626294e-05 -1.8658674262972295e-05 -0.9999999996540414
  outer loop
    vertex 4036.9861329296414 110.76528541424275 -29.88991678708013
    vertex 4104.829082292628 109.59211973789405 -29.887912995527877
    vertex 4037.5646742169097 109.59211973789364 -29.889916787085745
  endloop
endfacet
facet normal 1.854106743626294e-05 -1.8658674262972295e-05 -0.9999999996540414
  outer loop
    vertex 4037.5646742169097 109.59211973789364 -29.889916787085745
    vertex 4104.829082292628 109.59211973789405 -29.887912995527877
    vertex 4104.102361657697 108.50450544780684 -29.88791299553301
  endloop
endfacet
facet normal 1.854106743626294e-05 -1.8658674262972295e-05 -0.9999999996540414
  outer loop
    vertex 4037.5646742169097 109.59211973789364 -29.889916787085745
    vertex 4104.102361657697 108.50450544780684 -29.88791299553301
    vertex 4038.2913948518417 108.50450544780647 -29.889916787091085
  endloop
endfacet
facet normal 1.854106743626294e-05 -1.8658674262972295e-05 -0.9999999996540414
  outer loop
    vertex 4038.2913948518417 108.50450544780647 -29.889916787091085
    vertex 4104.102361657697 108.50450544780684 -29.88791299553301
    vertex 4103.23989606665 107.52105192602859 -29.887912995537697
  endloop
endfacet
facet normal 1.854106743626294e-05 -1.8658674262972295e-05 -0.9999999996540414
  outer loop
    vertex 4038.2913948518417 108.50450544780647 -29.889916787091085
    vertex 4103.23989606665 107.52105192602859 -29.887912995537697
    vertex 4039.1538604428883 107.52105192602818 -29.88991678709605
  endloop
endfacet
facet normal 1.854106743626294e-05 -1.8658674262972295e-05 -0.9999999996540414
  outer loop
    vertex 4039.1538604428883 107.52105192602818 -29.88991678709605
    vertex 4103.23989606665 107.52105192602859 -29.887912995537697
    vertex 4102.256442544871 106.65858633498173 -29.887912995541914
  endloop
endfacet
facet normal 1.854106743626294e-05 -1.8658674262972295e-05 -0.9999999996540414
  outer loop
    vertex 4039.1538604428883 107.52105192602818 -29.88991678709605
    vertex 4102.256442544871 106.65858633498173 -29.887912995541914
    vertex 4040.1373139646666 106.65858633498132 -29.889916787100542
  endloop
endfacet
facet normal 1.854106743626294e-05 -1.8658674262972295e-05 -0.9999999996540414
  outer loop
    vertex 4040.1373139646666 106.65858633498132 -29.889916787100542
    vertex 4102.256442544871 106.65858633498173 -29.887912995541914
    vertex 4101.168828254785 105.9318657000497 -29.88791299554557
  endloop
endfacet
facet normal 1.854106743626294e-05 -1.8658674262972295e-05 -0.9999999996540414
  outer loop
    vertex 4040.1373139646666 106.65858633498132 -29.889916787100542
    vertex 4101.168828254785 105.9318657000497 -29.88791299554557
    vertex 4041.2249282547536 105.9318657000493 -29.889916787104504
  endloop
endfacet
facet normal 1.854106743626294e-05 -1.8658674262972295e-05 -0.9999999996540414
  outer loop
    vertex 4041.2249282547536 105.9318657000493 -29.889916787104504
    vertex 4101.168828254785 105.9318657000497 -29.88791299554557
    vertex 4099.995662578434 105.3533244127812 -29.88791299554864
  endloop
endfacet
facet normal 1.854106743626294e-05 -1.8658674262972295e-05 -0.9999999996540414
  outer loop
    vertex 4041.2249282547536 105.9318657000493 -29.889916787104504
    vertex 4099.995662578434 105.3533244127812 -29.88791299554864
    vertex 4042.3980939311036 105.3533244127808 -29.889916787107865
  endloop
endfacet
facet normal 1.854106743626294e-05 -1.8658674262972295e-05 -0.9999999996540414
  outer loop
    vertex 4042.3980939311036 105.3533244127808 -29.889916787107865
    vertex 4099.995662578434 105.3533244127812 -29.88791299554864
    vertex 4098.757018705809 104.93286147500338 -29.887912995550977
  endloop
endfacet
facet normal 1.854106743626294e-05 -1.8658674262972295e-05 -0.9999999996540414
  outer loop
    vertex 4042.3980939311036 105.3533244127808 -29.889916787107865
    vertex 4098.757018705809 104.93286147500338 -29.887912995550977
    vertex 4043.636737803729 104.93286147500298 -29.88991678711058
  endloop
endfacet
facet normal 1.854106743626294e-05 -1.8658674262972295e-05 -0.9999999996540414
  outer loop
    vertex 4043.636737803729 104.93286147500298 -29.88991678711058
    vertex 4098.757018705809 104.93286147500338 -29.887912995550977
    vertex 4097.474090176985 104.677671124156 -29.887912995552604
  endloop
endfacet
facet normal 1.854106743626294e-05 -1.8658674262972295e-05 -0.9999999996540414
  outer loop
    vertex 4043.636737803729 104.93286147500298 -29.88991678711058
    vertex 4097.474090176985 104.677671124156 -29.887912995552604
    vertex 4044.919666332554 104.67767112415555 -29.88991678711257
  endloop
endfacet
facet normal 1.854106743626294e-05 -1.8658674262972295e-05 -0.9999999996540414
  outer loop
    vertex 4044.919666332554 104.67767112415555 -29.88991678711257
    vertex 4097.474090176985 104.677671124156 -29.887912995552604
    vertex 4096.168828254784 104.59211973789397 -29.88791299555347
  endloop
endfacet
facet normal 1.854106743626294e-05 -1.8658674262972295e-05 -0.9999999996540414
  outer loop
    vertex 4044.919666332554 104.67767112415555 -29.88991678711257
    vertex 4096.168828254784 104.59211973789397 -29.88791299555347
    vertex 4046.224928254754 104.59211973789365 -29.889916787113787
  endloop
endfacet
facet normal 1.854106743626294e-05 -1.8658674262972295e-05 -0.9999999996540414
  outer loop
    vertex 4096.754717782628 115.13760105995668 -29.890317995455614
    vertex 4045.2249282547587 115.19211973789392 -29.890317995473556
    vertex 4097.168828254792 115.19211973789415 -29.89031799545523
  endloop
endfacet
facet normal 1.854106743626294e-05 -1.8658674262972295e-05 -0.9999999996540414
  outer loop
    vertex 4045.2249282547587 115.19211973789392 -29.890317995473556
    vertex 4096.754717782628 115.13760105995668 -29.890317995455614
    vertex 4045.6390387269225 115.13760105995641 -29.89031799547366
  endloop
endfacet
facet normal 1.854106743626294e-05 -1.8658674262972295e-05 -0.9999999996540414
  outer loop
    vertex 4045.6390387269225 115.13760105995641 -29.89031799547366
    vertex 4096.754717782628 115.13760105995668 -29.890317995455614
    vertex 4096.368828254793 114.97776038394929 -29.89031799545647
  endloop
endfacet
facet normal 1.854106743626294e-05 -1.8658674262972295e-05 -0.9999999996540414
  outer loop
    vertex 4045.6390387269225 115.13760105995641 -29.89031799547366
    vertex 4096.368828254793 114.97776038394929 -29.89031799545647
    vertex 4046.0249282547593 114.97776038394892 -29.89031799547423
  endloop
endfacet
facet normal 1.854106743626294e-05 -1.8658674262972295e-05 -0.9999999996540414
  outer loop
    vertex 4046.0249282547593 114.97776038394892 -29.89031799547423
    vertex 4096.368828254793 114.97776038394929 -29.89031799545647
    vertex 4096.037457404894 114.72349058779263 -29.890317995457753
  endloop
endfacet
facet normal 1.854106743626294e-05 -1.8658674262972295e-05 -0.9999999996540414
  outer loop
    vertex 4046.0249282547593 114.97776038394892 -29.89031799547423
    vertex 4096.037457404894 114.72349058779263 -29.890317995457753
    vertex 4046.3562991046574 114.72349058779221 -29.890317995475293
  endloop
endfacet
facet normal 1.854106743626294e-05 -1.8658674262972295e-05 -0.9999999996540414
  outer loop
    vertex 4046.3562991046574 114.72349058779221 -29.890317995475293
    vertex 4096.037457404894 114.72349058779263 -29.890317995457753
    vertex 4095.783187608737 114.39211973789415 -29.89031799545935
  endloop
endfacet
facet normal 1.854106743626294e-05 -1.8658674262972295e-05 -0.9999999996540414
  outer loop
    vertex 4046.3562991046574 114.72349058779221 -29.890317995475293
    vertex 4095.783187608737 114.39211973789415 -29.89031799545935
    vertex 4046.610568900814 114.3921197378937 -29.890317995476693
  endloop
endfacet
facet normal 1.854106743626294e-05 -1.8658674262972295e-05 -0.9999999996540414
  outer loop
    vertex 4046.610568900814 114.3921197378937 -29.890317995476693
    vertex 4095.783187608737 114.39211973789415 -29.89031799545935
    vertex 4095.62334693273 114.0062302100582 -29.890317995461142
  endloop
endfacet
facet normal 1.854106743626294e-05 -1.8658674262972295e-05 -0.9999999996540414
  outer loop
    vertex 4046.610568900814 114.3921197378937 -29.890317995476693
    vertex 4095.62334693273 114.0062302100582 -29.890317995461142
    vertex 4046.7704095768213 114.00623021005771 -29.890317995478377
  endloop
endfacet
facet normal 1.854106743626294e-05 -1.8658674262972295e-05 -0.9999999996540414
  outer loop
    vertex 4046.7704095768213 114.00623021005771 -29.890317995478377
    vertex 4095.62334693273 114.0062302100582 -29.890317995461142
    vertex 4095.568828254792 113.59211973789415 -29.890317995463022
  endloop
endfacet
facet normal 1.854106743626294e-05 -1.8658674262972295e-05 -0.9999999996540414
  outer loop
    vertex 4046.7704095768213 114.00623021005771 -29.890317995478377
    vertex 4095.568828254792 113.59211973789415 -29.890317995463022
    vertex 4046.824928254759 113.59211973789361 -29.89031799548022
  endloop
endfacet
facet normal 1.854106743626294e-05 -1.8658674262972295e-05 -0.9999999996540414
  outer loop
    vertex 4046.824928254759 113.59211973789361 -29.89031799548022
    vertex 4095.568828254792 113.59211973789415 -29.890317995463022
    vertex 4095.62334693273 113.17800926573014 -29.89031799546487
  endloop
endfacet
facet normal 1.854106743626294e-05 -1.8658674262972295e-05 -0.9999999996540414
  outer loop
    vertex 4046.824928254759 113.59211973789361 -29.89031799548022
    vertex 4095.62334693273 113.17800926573014 -29.89031799546487
    vertex 4046.7704095768213 113.1780092657296 -29.890317995482093
  endloop
endfacet
facet normal 1.854106743626294e-05 -1.8658674262972295e-05 -0.9999999996540414
  outer loop
    vertex 4046.7704095768213 113.1780092657296 -29.890317995482093
    vertex 4095.62334693273 113.17800926573014 -29.89031799546487
    vertex 4095.783187608737 112.79211973789415 -29.89031799546655
  endloop
endfacet
facet normal 1.854106743626294e-05 -1.8658674262972295e-05 -0.9999999996540414
  outer loop
    vertex 4046.7704095768213 113.1780092657296 -29.890317995482093
    vertex 4095.783187608737 112.79211973789415 -29.89031799546655
    vertex 4046.610568900814 112.79211973789361 -29.890317995483898
  endloop
endfacet
facet normal 1.854106743626294e-05 -1.8658674262972295e-05 -0.9999999996540414
  outer loop
    vertex 4046.610568900814 112.79211973789361 -29.890317995483898
    vertex 4095.783187608737 112.79211973789415 -29.89031799546655
    vertex 4096.037457404894 112.46074888799568 -29.890317995467942
  endloop
endfacet
facet normal 1.854106743626294e-05 -1.8658674262972295e-05 -0.9999999996540414
  outer loop
    vertex 4046.610568900814 112.79211973789361 -29.890317995483898
    vertex 4096.037457404894 112.46074888799568 -29.890317995467942
    vertex 4046.3562991046574 112.46074888799518 -29.89031799548549
  endloop
endfacet
facet normal 1.854106743626294e-05 -1.8658674262972295e-05 -0.9999999996540414
  outer loop
    vertex 4046.3562991046574 112.46074888799518 -29.89031799548549
    vertex 4096.037457404894 112.46074888799568 -29.890317995467942
    vertex 4096.368828254793 112.20647909183907 -29.89031799546897
  endloop
endfacet
facet normal 1.854106743626294e-05 -1.8658674262972295e-05 -0.9999999996540414
  outer loop
    vertex 4046.3562991046574 112.46074888799518 -29.89031799548549
    vertex 4096.368828254793 112.20647909183907 -29.89031799546897
    vertex 4046.0249282547584 112.20647909183857 -29.89031799548673
  endloop
endfacet
facet normal 1.854106743626294e-05 -1.8658674262972295e-05 -0.9999999996540414
  outer loop
    vertex 4046.0249282547584 112.20647909183857 -29.89031799548673
    vertex 4096.368828254793 112.20647909183907 -29.89031799546897
    vertex 4096.754717782628 112.04663841583168 -29.890317995469573
  endloop
endfacet
facet normal 1.854106743626294e-05 -1.8658674262972295e-05 -0.9999999996540414
  outer loop
    vertex 4046.0249282547584 112.20647909183857 -29.89031799548673
    vertex 4096.754717782628 112.04663841583168 -29.890317995469573
    vertex 4045.6390387269225 112.04663841583123 -29.89031799548761
  endloop
endfacet
facet normal 1.854106743626294e-05 -1.8658674262972295e-05 -0.9999999996540414
  outer loop
    vertex 4045.6390387269225 112.04663841583123 -29.89031799548761
    vertex 4096.754717782628 112.04663841583168 -29.890317995469573
    vertex 4097.168828254792 111.99211973789416 -29.89031799546968
  endloop
endfacet
facet normal 1.854106743626294e-05 -1.8658674262972295e-05 -0.9999999996540414
  outer loop
    vertex 4045.6390387269225 112.04663841583123 -29.89031799548761
    vertex 4097.168828254792 111.99211973789416 -29.89031799546968
    vertex 4045.2249282547587 111.99211973789379 -29.890317995488015
  endloop
endfacet
facet normal 1.854106743626294e-05 -1.8658674262972295e-05 -0.9999999996540414
  outer loop
    vertex 4075.808649687159 122.01314679480146 -29.890317995439915
    vertex 4066.196878254813 122.06425805536743 -29.890317995432955
    vertex 4076.1968782548133 122.06425805536816 -29.890317995439762
  endloop
endfacet
facet normal 1.854106743626294e-05 -1.8658674262972295e-05 -0.9999999996540414
  outer loop
    vertex 4066.196878254813 122.06425805536743 -29.890317995432955
    vertex 4075.808649687159 122.01314679480146 -29.890317995439915
    vertex 4066.585106822466 122.01314679480218 -29.890317995433783
  endloop
endfacet
facet normal 1.854106743626294e-05 -1.8658674262972295e-05 -0.9999999996540414
  outer loop
    vertex 4066.585106822466 122.01314679480218 -29.890317995433783
    vertex 4075.808649687159 122.01314679480146 -29.890317995439915
    vertex 4066.946878254812 121.86329616104418 -29.890317995434476
  endloop
endfacet
facet normal 1.854106743626294e-05 -1.8658674262972295e-05 -0.9999999996540414
  outer loop
    vertex 4066.946878254812 121.86329616104418 -29.890317995434476
    vertex 4075.808649687159 122.01314679480146 -29.890317995439915
    vertex 4075.446878254812 121.86329616104561 -29.89031799544015
  endloop
endfacet
facet normal 1.854106743626294e-05 -1.8658674262972295e-05 -0.9999999996540414
  outer loop
    vertex 4066.946878254812 121.86329616104418 -29.890317995434476
    vertex 4075.446878254812 121.86329616104561 -29.89031799544015
    vertex 4075.136218083034 121.6249182271483 -29.89031799544103
  endloop
endfacet
facet normal 1.854106743626294e-05 -1.8658674262972295e-05 -0.9999999996540414
  outer loop
    vertex 4066.946878254812 121.86329616104418 -29.890317995434476
    vertex 4075.136218083034 121.6249182271483 -29.89031799544103
    vertex 4067.257538426592 121.6249182271483 -29.890317995435762
  endloop
endfacet
facet normal 1.854106743626294e-05 -1.8658674262972295e-05 -0.9999999996540414
  outer loop
    vertex 4067.257538426592 121.6249182271483 -29.890317995435762
    vertex 4075.136218083034 121.6249182271483 -29.89031799544103
    vertex 4074.8978401491363 121.3142580553676 -29.89031799544225
  endloop
endfacet
facet normal 1.854106743626294e-05 -1.8658674262972295e-05 -0.9999999996540414
  outer loop
    vertex 4067.257538426592 121.6249182271483 -29.890317995435762
    vertex 4074.8978401491363 121.3142580553676 -29.89031799544225
    vertex 4067.4959163604885 121.31425805536833 -29.890317995437336
  endloop
endfacet
facet normal 1.854106743626294e-05 -1.8658674262972295e-05 -0.9999999996540414
  outer loop
    vertex 4067.4959163604885 121.31425805536833 -29.890317995437336
    vertex 4074.8978401491363 121.3142580553676 -29.89031799544225
    vertex 4067.6457669942465 120.95248662302166 -29.890317995439023
  endloop
endfacet
facet normal 1.854106743626294e-05 -1.8658674262972295e-05 -0.9999999996540414
  outer loop
    vertex 4067.6457669942465 120.95248662302166 -29.890317995439023
    vertex 4074.8978401491363 121.3142580553676 -29.89031799544225
    vertex 4074.7479895153797 120.95248662302166 -29.89031799544376
  endloop
endfacet
facet normal 1.854106743626294e-05 -1.8658674262972295e-05 -0.9999999996540414
  outer loop
    vertex 4067.6457669942465 120.95248662302166 -29.890317995439023
    vertex 4074.7479895153797 120.95248662302166 -29.89031799544376
    vertex 4074.6968782548124 120.56425805536777 -29.89031799544565
  endloop
endfacet
facet normal 1.854106743626294e-05 -1.8658674262972295e-05 -0.9999999996540414
  outer loop
    vertex 4067.6457669942465 120.95248662302166 -29.890317995439023
    vertex 4074.6968782548124 120.56425805536777 -29.89031799544565
    vertex 4067.6968782548124 120.5642580553685 -29.890317995440974
  endloop
endfacet
facet normal 1.854106743626294e-05 -1.8658674262972295e-05 -0.9999999996540414
  outer loop
    vertex 4067.6968782548124 120.5642580553685 -29.890317995440974
    vertex 4074.6968782548124 120.56425805536777 -29.89031799544565
    vertex 4067.6457669942456 120.17602948771388 -29.890317995442373
  endloop
endfacet
facet normal 1.854106743626294e-05 -1.8658674262972295e-05 -0.9999999996540414
  outer loop
    vertex 4067.6457669942456 120.17602948771388 -29.890317995442373
    vertex 4074.6968782548124 120.56425805536777 -29.89031799544565
    vertex 4074.7479895153783 120.17602948771533 -29.89031799544711
  endloop
endfacet
facet normal 1.854106743626294e-05 -1.8658674262972295e-05 -0.9999999996540414
  outer loop
    vertex 4067.6457669942456 120.17602948771388 -29.890317995442373
    vertex 4074.7479895153783 120.17602948771533 -29.89031799544711
    vertex 4074.8978401491354 119.81425805536794 -29.890317995449163
  endloop
endfacet
facet normal 1.854106743626294e-05 -1.8658674262972295e-05 -0.9999999996540414
  outer loop
    vertex 4067.6457669942456 120.17602948771388 -29.890317995442373
    vertex 4074.8978401491354 119.81425805536794 -29.890317995449163
    vertex 4067.495916360489 119.81425805536794 -29.890317995444082
  endloop
endfacet
facet normal 1.854106743626294e-05 -1.8658674262972295e-05 -0.9999999996540414
  outer loop
    vertex 4067.495916360489 119.81425805536794 -29.890317995444082
    vertex 4074.8978401491354 119.81425805536794 -29.890317995449163
    vertex 4075.136218083033 119.50359788358797 -29.890317995450697
  endloop
endfacet
facet normal 1.854106743626294e-05 -1.8658674262972295e-05 -0.9999999996540414
  outer loop
    vertex 4067.495916360489 119.81425805536794 -29.890317995444082
    vertex 4075.136218083033 119.50359788358797 -29.890317995450697
    vertex 4067.257538426592 119.5035978835887 -29.890317995445304
  endloop
endfacet
facet normal 1.854106743626294e-05 -1.8658674262972295e-05 -0.9999999996540414
  outer loop
    vertex 4067.257538426592 119.5035978835887 -29.890317995445304
    vertex 4075.136218083033 119.50359788358797 -29.890317995450697
    vertex 4066.946878254812 119.2652199496921 -29.89031799544609
  endloop
endfacet
facet normal 1.854106743626294e-05 -1.8658674262972295e-05 -0.9999999996540414
  outer loop
    vertex 4066.946878254812 119.2652199496921 -29.89031799544609
    vertex 4075.136218083033 119.50359788358797 -29.890317995450697
    vertex 4075.446878254812 119.2652199496921 -29.890317995451646
  endloop
endfacet
facet normal 1.854106743626294e-05 -1.8658674262972295e-05 -0.9999999996540414
  outer loop
    vertex 4066.946878254812 119.2652199496921 -29.89031799544609
    vertex 4075.446878254812 119.2652199496921 -29.890317995451646
    vertex 4075.808649687158 119.1153693159348 -29.890317995452715
  endloop
endfacet
facet normal 1.854106743626294e-05 -1.8658674262972295e-05 -0.9999999996540414
  outer loop
    vertex 4066.946878254812 119.2652199496921 -29.89031799544609
    vertex 4075.808649687158 119.1153693159348 -29.890317995452715
    vertex 4066.585106822466 119.1153693159348 -29.890317995446416
  endloop
endfacet
facet normal 1.854106743626294e-05 -1.8658674262972295e-05 -0.9999999996540414
  outer loop
    vertex 4066.585106822466 119.1153693159348 -29.890317995446416
    vertex 4075.808649687158 119.1153693159348 -29.890317995452715
    vertex 4076.196878254813 119.06425805536811 -29.890317995453177
  endloop
endfacet
facet normal 1.854106743626294e-05 -1.8658674262972295e-05 -0.9999999996540414
  outer loop
    vertex 4066.585106822466 119.1153693159348 -29.890317995446416
    vertex 4076.196878254813 119.06425805536811 -29.890317995453177
    vertex 4066.196878254812 119.06425805536811 -29.89031799544649
  endloop
endfacet
facet normal 1.854106743626294e-05 -1.8658674262972295e-05 -0.9999999996540414
  outer loop
    vertex 4082.1968782548115 167.5642580553722 -29.890317995248036
    vertex 4095.62334693273 165.31443133649393 -29.890317995230774
    vertex 4082.1968782548115 123.56425805536709 -29.890317995442988
  endloop
endfacet
facet normal 1.854106743626294e-05 -1.8658674262972295e-05 -0.9999999996540414
  outer loop
    vertex 4095.62334693273 165.31443133649393 -29.890317995230774
    vertex 4082.1968782548115 167.5642580553722 -29.890317995248036
    vertex 4095.783187608737 165.70032086432988 -29.89031799522898
  endloop
endfacet
facet normal 1.854106743626294e-05 -1.8658674262972295e-05 -0.9999999996540414
  outer loop
    vertex 4095.783187608737 165.70032086432988 -29.89031799522898
    vertex 4082.1968782548115 167.5642580553722 -29.890317995248036
    vertex 4096.037457404894 166.03169171422832 -29.890317995227402
  endloop
endfacet
facet normal 1.854106743626294e-05 -1.8658674262972295e-05 -0.9999999996540414
  outer loop
    vertex 4096.037457404894 166.03169171422832 -29.890317995227402
    vertex 4082.1968782548115 167.5642580553722 -29.890317995248036
    vertex 4096.368828254793 166.2859615103849 -29.890317995226145
  endloop
endfacet
facet normal 1.854106743626294e-05 -1.8658674262972295e-05 -0.9999999996540414
  outer loop
    vertex 4096.368828254793 166.2859615103849 -29.890317995226145
    vertex 4082.1968782548115 167.5642580553722 -29.890317995248036
    vertex 4096.754717782628 166.44580218639226 -29.890317995225285
  endloop
endfacet
facet normal 1.854106743626294e-05 -1.8658674262972295e-05 -0.9999999996540414
  outer loop
    vertex 4096.754717782628 166.44580218639226 -29.890317995225285
    vertex 4082.1968782548115 167.5642580553722 -29.890317995248036
    vertex 4097.168828254792 166.5003208643297 -29.8903179952249
  endloop
endfacet
facet normal 1.854106743626294e-05 -1.8658674262972295e-05 -0.9999999996540414
  outer loop
    vertex 4082.1968782548115 123.56425805536709 -29.890317995442988
    vertex 4095.62334693273 165.31443133649393 -29.890317995230774
    vertex 4095.568828254792 164.90032086432987 -29.890317995232685
  endloop
endfacet
facet normal 1.854106743626294e-05 -1.8658674262972295e-05 -0.9999999996540414
  outer loop
    vertex 4082.1968782548115 123.56425805536709 -29.890317995442988
    vertex 4095.568828254792 164.90032086432987 -29.890317995232685
    vertex 4095.62334693273 164.48621039216582 -29.890317995234525
  endloop
endfacet
facet normal 1.854106743626294e-05 -1.8658674262972295e-05 -0.9999999996540414
  outer loop
    vertex 4082.1968782548115 123.56425805536709 -29.890317995442988
    vertex 4095.62334693273 164.48621039216582 -29.890317995234525
    vertex 4095.783187608737 164.1003208643298 -29.890317995236206
  endloop
endfacet
facet normal 1.854106743626294e-05 -1.8658674262972295e-05 -0.9999999996540414
  outer loop
    vertex 4082.1968782548115 123.56425805536709 -29.890317995442988
    vertex 4095.783187608737 164.1003208643298 -29.890317995236206
    vertex 4096.037457404894 163.76895001443128 -29.890317995237616
  endloop
endfacet
facet normal 1.854106743626294e-05 -1.8658674262972295e-05 -0.9999999996540414
  outer loop
    vertex 4082.1968782548115 123.56425805536709 -29.890317995442988
    vertex 4096.037457404894 163.76895001443128 -29.890317995237616
    vertex 4096.368828254792 163.5146802182746 -29.89031799523864
  endloop
endfacet
facet normal 1.854106743626294e-05 -1.8658674262972295e-05 -0.9999999996540414
  outer loop
    vertex 4082.1968782548115 123.56425805536709 -29.890317995442988
    vertex 4096.368828254792 163.5146802182746 -29.89031799523864
    vertex 4096.754717782628 163.35483954226711 -29.890317995239233
  endloop
endfacet
facet normal 1.854106743626294e-05 -1.8658674262972295e-05 -0.9999999996540414
  outer loop
    vertex 4082.1968782548115 123.56425805536709 -29.890317995442988
    vertex 4096.754717782628 163.35483954226711 -29.890317995239233
    vertex 4097.168828254792 163.30032086432956 -29.89031799523931
  endloop
endfacet
facet normal 1.854106743626294e-05 -1.8658674262972295e-05 -0.9999999996540414
  outer loop
    vertex 4096.168828254785 173.90032086432933 -29.88991248640058
    vertex 4044.9196663325547 173.81476947807002 -29.890250347124383
    vertex 4046.2249282547546 173.90032086433203 -29.89025034712353
  endloop
endfacet
facet normal 1.854106743626294e-05 -1.8658674262972295e-05 -0.9999999996540414
  outer loop
    vertex 4044.9196663325547 173.81476947807002 -29.890250347124383
    vertex 4096.168828254785 173.90032086432933 -29.88991248640058
    vertex 4097.474090176985 173.81476947806743 -29.889912486400505
  endloop
endfacet
facet normal 1.854106743626294e-05 -1.8658674262972295e-05 -0.9999999996540414
  outer loop
    vertex 4044.9196663325547 173.81476947807002 -29.890250347124383
    vertex 4097.474090176985 173.81476947806743 -29.889912486400505
    vertex 4043.63673780373 173.5595791272226 -29.890250347126017
  endloop
endfacet
facet normal 1.854106743626294e-05 -1.8658674262972295e-05 -0.9999999996540414
  outer loop
    vertex 4043.63673780373 173.5595791272226 -29.890250347126017
    vertex 4097.474090176985 173.81476947806743 -29.889912486400505
    vertex 4098.75701870581 173.55957912722 -29.889912486401165
  endloop
endfacet
facet normal 1.854106743626294e-05 -1.8658674262972295e-05 -0.9999999996540414
  outer loop
    vertex 4043.63673780373 173.5595791272226 -29.890250347126017
    vertex 4098.75701870581 173.55957912722 -29.889912486401165
    vertex 4042.398093931104 173.1391161894448 -29.89025034712837
  endloop
endfacet
facet normal 1.854106743626294e-05 -1.8658674262972295e-05 -0.9999999996540414
  outer loop
    vertex 4042.398093931104 173.1391161894448 -29.89025034712837
    vertex 4098.75701870581 173.55957912722 -29.889912486401165
    vertex 4099.995662578435 173.1391161894422 -29.889912486402594
  endloop
endfacet
facet normal 1.854106743626294e-05 -1.8658674262972295e-05 -0.9999999996540414
  outer loop
    vertex 4042.398093931104 173.1391161894448 -29.89025034712837
    vertex 4099.995662578435 173.1391161894422 -29.889912486402594
    vertex 4041.2249282547546 172.5605749021763 -29.890250347131364
  endloop
endfacet
facet normal 1.854106743626294e-05 -1.8658674262972295e-05 -0.9999999996540414
  outer loop
    vertex 4041.2249282547546 172.5605749021763 -29.890250347131364
    vertex 4099.995662578435 173.1391161894422 -29.889912486402594
    vertex 4101.168828254785 172.5605749021737 -29.889912486404736
  endloop
endfacet
facet normal 1.854106743626294e-05 -1.8658674262972295e-05 -0.9999999996540414
  outer loop
    vertex 4041.2249282547546 172.5605749021763 -29.890250347131364
    vertex 4101.168828254785 172.5605749021737 -29.889912486404736
    vertex 4040.137313964668 171.83385426724428 -29.89025034713503
  endloop
endfacet
facet normal 1.854106743626294e-05 -1.8658674262972295e-05 -0.9999999996540414
  outer loop
    vertex 4040.137313964668 171.83385426724428 -29.89025034713503
    vertex 4101.168828254785 172.5605749021737 -29.889912486404736
    vertex 4066.196878254813 172.0642580553683 -29.890317995217707
  endloop
endfacet
facet normal 1.854106743626294e-05 -1.8658674262972295e-05 -0.9999999996540414
  outer loop
    vertex 4066.196878254813 172.0642580553683 -29.890317995217707
    vertex 4101.168828254785 172.5605749021737 -29.889912486404736
    vertex 4076.196878254812 172.0642580553683 -29.890317995217902
  endloop
endfacet
facet normal 1.854106743626294e-05 -1.8658674262972295e-05 -0.9999999996540414
  outer loop
    vertex 4040.137313964668 171.83385426724428 -29.89025034713503
    vertex 4066.196878254813 172.0642580553683 -29.890317995217707
    vertex 4065.808649687159 172.0131467948016 -29.890317995217853
  endloop
endfacet
facet normal 1.854106743626294e-05 -1.8658674262972295e-05 -0.9999999996540414
  outer loop
    vertex 4040.137313964668 171.83385426724428 -29.89025034713503
    vertex 4065.808649687159 172.0131467948016 -29.890317995217853
    vertex 4065.446878254813 171.8632961610436 -29.890317995217966
  endloop
endfacet
facet normal 1.854106743626294e-05 -1.8658674262972295e-05 -0.9999999996540414
  outer loop
    vertex 4040.137313964668 171.83385426724428 -29.89025034713503
    vertex 4065.446878254813 171.8632961610436 -29.890317995217966
    vertex 4065.1362180830324 171.6249182271477 -29.890317995218957
  endloop
endfacet
facet normal 1.854106743626294e-05 -1.8658674262972295e-05 -0.9999999996540414
  outer loop
    vertex 4040.137313964668 171.83385426724428 -29.89025034713503
    vertex 4065.1362180830324 171.6249182271477 -29.890317995218957
    vertex 4039.1538604428893 170.97138867619742 -29.890250347139258
  endloop
endfacet
facet normal 1.854106743626294e-05 -1.8658674262972295e-05 -0.9999999996540414
  outer loop
    vertex 4039.1538604428893 170.97138867619742 -29.890250347139258
    vertex 4065.1362180830324 171.6249182271477 -29.890317995218957
    vertex 4064.8978401491363 171.31425805536702 -29.890317995220187
  endloop
endfacet
facet normal 1.854106743626294e-05 -1.8658674262972295e-05 -0.9999999996540414
  outer loop
    vertex 4039.1538604428893 170.97138867619742 -29.890250347139258
    vertex 4064.8978401491363 171.31425805536702 -29.890317995220187
    vertex 4064.7479895153783 170.9524866230225 -29.890317995221686
  endloop
endfacet
facet normal 1.854106743626294e-05 -1.8658674262972295e-05 -0.9999999996540414
  outer loop
    vertex 4039.1538604428893 170.97138867619742 -29.890250347139258
    vertex 4064.7479895153783 170.9524866230225 -29.890317995221686
    vertex 4038.2913948518426 169.98793515441918 -29.89025034714402
  endloop
endfacet
facet normal 1.854106743626294e-05 -1.8658674262972295e-05 -0.9999999996540414
  outer loop
    vertex 4038.2913948518426 169.98793515441918 -29.89025034714402
    vertex 4064.7479895153783 170.9524866230225 -29.890317995221686
    vertex 4064.6968782548124 170.56425805536864 -29.89031799522339
  endloop
endfacet
facet normal 1.854106743626294e-05 -1.8658674262972295e-05 -0.9999999996540414
  outer loop
    vertex 4038.2913948518426 169.98793515441918 -29.89025034714402
    vertex 4064.6968782548124 170.56425805536864 -29.89031799522339
    vertex 4064.7479895153797 170.176029487714 -29.890317995225185
  endloop
endfacet
facet normal 1.854106743626294e-05 -1.8658674262972295e-05 -0.9999999996540414
  outer loop
    vertex 4038.2913948518426 169.98793515441918 -29.89025034714402
    vertex 4064.7479895153797 170.176029487714 -29.890317995225185
    vertex 4064.897840149135 169.81425805537023 -29.89031799522707
  endloop
endfacet
facet normal 1.854106743626294e-05 -1.8658674262972295e-05 -0.9999999996540414
  outer loop
    vertex 4038.2913948518426 169.98793515441918 -29.89025034714402
    vertex 4064.897840149135 169.81425805537023 -29.89031799522707
    vertex 4037.56467421691 168.90032086433197 -29.890250347149163
  endloop
endfacet
facet normal 1.854106743626294e-05 -1.8658674262972295e-05 -0.9999999996540414
  outer loop
    vertex 4037.56467421691 168.90032086433197 -29.890250347149163
    vertex 4064.897840149135 169.81425805537023 -29.89031799522707
    vertex 4065.136218083033 169.5035978835881 -29.890317995228642
  endloop
endfacet
facet normal 1.854106743626294e-05 -1.8658674262972295e-05 -0.9999999996540414
  outer loop
    vertex 4037.56467421691 168.90032086433197 -29.890250347149163
    vertex 4065.136218083033 169.5035978835881 -29.890317995228642
    vertex 4065.446878254813 169.2652199496908 -29.890317995229726
  endloop
endfacet
facet normal 1.854106743626294e-05 -1.8658674262972295e-05 -0.9999999996540414
  outer loop
    vertex 4037.56467421691 168.90032086433197 -29.890250347149163
    vertex 4065.446878254813 169.2652199496908 -29.890317995229726
    vertex 4065.8086496871583 169.11536931593494 -29.89031799523062
  endloop
endfacet
facet normal 1.854106743626294e-05 -1.8658674262972295e-05 -0.9999999996540414
  outer loop
    vertex 4037.56467421691 168.90032086433197 -29.890250347149163
    vertex 4065.8086496871583 169.11536931593494 -29.89031799523062
    vertex 4066.196878254812 169.06425805536753 -29.890317995230976
  endloop
endfacet
facet normal 1.854106743626294e-05 -1.8658674262972295e-05 -0.9999999996540414
  outer loop
    vertex 4075.808649687158 172.0131467948016 -29.890317995218034
    vertex 4066.196878254813 172.0642580553683 -29.890317995217707
    vertex 4076.196878254812 172.0642580553683 -29.890317995217902
  endloop
endfacet
facet normal 1.854106743626294e-05 -1.8658674262972295e-05 -0.9999999996540414
  outer loop
    vertex 4066.196878254813 172.0642580553683 -29.890317995217707
    vertex 4075.808649687158 172.0131467948016 -29.890317995218034
    vertex 4066.585106822465 172.0131467948023 -29.89031799521836
  endloop
endfacet
facet normal 1.854106743626294e-05 -1.8658674262972295e-05 -0.9999999996540414
  outer loop
    vertex 4066.585106822465 172.0131467948023 -29.89031799521836
    vertex 4075.808649687158 172.0131467948016 -29.890317995218034
    vertex 4066.946878254812 171.86329616104575 -29.890317995218968
  endloop
endfacet
facet normal 1.854106743626294e-05 -1.8658674262972295e-05 -0.9999999996540414
  outer loop
    vertex 4066.946878254812 171.86329616104575 -29.890317995218968
    vertex 4075.808649687158 172.0131467948016 -29.890317995218034
    vertex 4075.446878254813 171.8632961610436 -29.89031799521815
  endloop
endfacet
facet normal 1.854106743626294e-05 -1.8658674262972295e-05 -0.9999999996540414
  outer loop
    vertex 4066.946878254812 171.86329616104575 -29.890317995218968
    vertex 4075.446878254813 171.8632961610436 -29.89031799521815
    vertex 4067.257538426592 171.6249182271477 -29.890317995220254
  endloop
endfacet
facet normal 1.854106743626294e-05 -1.8658674262972295e-05 -0.9999999996540414
  outer loop
    vertex 4067.257538426592 171.6249182271477 -29.890317995220254
    vertex 4075.446878254813 171.8632961610436 -29.89031799521815
    vertex 4075.136218083033 171.6249182271477 -29.89031799521915
  endloop
endfacet
facet normal 1.854106743626294e-05 -1.8658674262972295e-05 -0.9999999996540414
  outer loop
    vertex 4067.257538426592 171.6249182271477 -29.890317995220254
    vertex 4075.136218083033 171.6249182271477 -29.89031799521915
    vertex 4074.897840149137 171.31425805536702 -29.890317995220368
  endloop
endfacet
facet normal 1.854106743626294e-05 -1.8658674262972295e-05 -0.9999999996540414
  outer loop
    vertex 4067.257538426592 171.6249182271477 -29.890317995220254
    vertex 4074.897840149137 171.31425805536702 -29.890317995220368
    vertex 4067.495916360489 171.31425805536847 -29.890317995221924
  endloop
endfacet
facet normal 1.854106743626294e-05 -1.8658674262972295e-05 -0.9999999996540414
  outer loop
    vertex 4067.495916360489 171.31425805536847 -29.890317995221924
    vertex 4074.897840149137 171.31425805536702 -29.890317995220368
    vertex 4067.6457669942465 170.9524866230211 -29.89031799522351
  endloop
endfacet
facet normal 1.854106743626294e-05 -1.8658674262972295e-05 -0.9999999996540414
  outer loop
    vertex 4067.6457669942465 170.9524866230211 -29.89031799522351
    vertex 4074.897840149137 171.31425805536702 -29.890317995220368
    vertex 4074.747989515379 170.9524866230218 -29.890317995221878
  endloop
endfacet
facet normal 1.854106743626294e-05 -1.8658674262972295e-05 -0.9999999996540414
  outer loop
    vertex 4067.6457669942465 170.9524866230211 -29.89031799522351
    vertex 4074.747989515379 170.9524866230218 -29.890317995221878
    vertex 4074.6968782548124 170.56425805536864 -29.89031799522346
  endloop
endfacet
facet normal 1.854106743626294e-05 -1.8658674262972295e-05 -0.9999999996540414
  outer loop
    vertex 4067.6457669942465 170.9524866230211 -29.89031799522351
    vertex 4074.6968782548124 170.56425805536864 -29.89031799522346
    vertex 4067.6968782548133 170.5642580553679 -29.890317995225256
  endloop
endfacet
facet normal 1.854106743626294e-05 -1.8658674262972295e-05 -0.9999999996540414
  outer loop
    vertex 4067.6968782548133 170.5642580553679 -29.890317995225256
    vertex 4074.6968782548124 170.56425805536864 -29.89031799522346
    vertex 4074.7479895153797 170.1760294877133 -29.890317995225377
  endloop
endfacet
facet normal 1.854106743626294e-05 -1.8658674262972295e-05 -0.9999999996540414
  outer loop
    vertex 4067.6968782548133 170.5642580553679 -29.890317995225256
    vertex 4074.7479895153797 170.1760294877133 -29.890317995225377
    vertex 4067.6457669942456 170.17602948771474 -29.890317995227125
  endloop
endfacet
facet normal 1.854106743626294e-05 -1.8658674262972295e-05 -0.9999999996540414
  outer loop
    vertex 4067.6457669942456 170.17602948771474 -29.890317995227125
    vertex 4074.7479895153797 170.1760294877133 -29.890317995225377
    vertex 4067.495916360489 169.8142580553688 -29.890317995228834
  endloop
endfacet
facet normal 1.854106743626294e-05 -1.8658674262972295e-05 -0.9999999996540414
  outer loop
    vertex 4067.495916360489 169.8142580553688 -29.890317995228834
    vertex 4074.7479895153797 170.1760294877133 -29.890317995225377
    vertex 4074.8978401491354 169.8142580553688 -29.89031799522726
  endloop
endfacet
facet normal 1.854106743626294e-05 -1.8658674262972295e-05 -0.9999999996540414
  outer loop
    vertex 4067.495916360489 169.8142580553688 -29.890317995228834
    vertex 4074.8978401491354 169.8142580553688 -29.89031799522726
    vertex 4075.136218083033 169.50359788358884 -29.89031799522871
  endloop
endfacet
facet normal 1.854106743626294e-05 -1.8658674262972295e-05 -0.9999999996540414
  outer loop
    vertex 4067.495916360489 169.8142580553688 -29.890317995228834
    vertex 4075.136218083033 169.50359788358884 -29.89031799522871
    vertex 4067.2575384265924 169.5035978835881 -29.890317995230063
  endloop
endfacet
facet normal 1.854106743626294e-05 -1.8658674262972295e-05 -0.9999999996540414
  outer loop
    vertex 4067.2575384265924 169.5035978835881 -29.890317995230063
    vertex 4075.136218083033 169.50359788358884 -29.89031799522871
    vertex 4075.446878254812 169.26521994969224 -29.89031799522991
  endloop
endfacet
facet normal 1.854106743626294e-05 -1.8658674262972295e-05 -0.9999999996540414
  outer loop
    vertex 4067.2575384265924 169.5035978835881 -29.890317995230063
    vertex 4075.446878254812 169.26521994969224 -29.89031799522991
    vertex 4066.9468782548124 169.26521994969224 -29.890317995230728
  endloop
endfacet
facet normal 1.854106743626294e-05 -1.8658674262972295e-05 -0.9999999996540414
  outer loop
    vertex 4066.9468782548124 169.26521994969224 -29.890317995230728
    vertex 4075.446878254812 169.26521994969224 -29.89031799522991
    vertex 4075.808649687159 169.1153693159342 -29.890317995230813
  endloop
endfacet
facet normal 1.854106743626294e-05 -1.8658674262972295e-05 -0.9999999996540414
  outer loop
    vertex 4066.9468782548124 169.26521994969224 -29.890317995230728
    vertex 4075.808649687159 169.1153693159342 -29.890317995230813
    vertex 4066.585106822466 169.1153693159342 -29.89031799523116
  endloop
endfacet
facet normal 1.854106743626294e-05 -1.8658674262972295e-05 -0.9999999996540414
  outer loop
    vertex 4066.585106822466 169.1153693159342 -29.89031799523116
    vertex 4075.808649687159 169.1153693159342 -29.890317995230813
    vertex 4076.196878254813 169.06425805536753 -29.890317995231175
  endloop
endfacet
facet normal 1.854106743626294e-05 -1.8658674262972295e-05 -0.9999999996540414
  outer loop
    vertex 4066.585106822466 169.1153693159342 -29.89031799523116
    vertex 4076.196878254813 169.06425805536753 -29.890317995231175
    vertex 4066.196878254812 169.06425805536753 -29.890317995230976
  endloop
endfacet
facet normal -5.4143356470925107e-14 1.0 4.376587980971807e-12
  outer loop
    vertex 4060.196878254812 123.56425805536637 -29.89031799542904
    vertex 4082.1968782548142 123.56425805534994 -25.89031799545618
    vertex 4082.1968782548115 123.56425805536709 -29.890317995442988
  endloop
endfacet
facet normal -5.4143356470925107e-14 1.0 4.376587980971807e-12
  outer loop
    vertex 4082.1968782548142 123.56425805534994 -25.89031799545618
    vertex 4060.196878254812 123.56425805536637 -29.89031799542904
    vertex 4060.1968782548142 123.5642580553485 -25.890317995522494
  endloop
endfacet
facet normal -3.520663680675287e-13 -4.509905187759187e-12 1.0
  outer loop
    vertex 4045.224928254755 115.19211973787583 -25.890317995531458
    vertex 4096.75471778262 115.13760105993863 -25.890317995506003
    vertex 4097.168828254784 115.19211973787614 -25.890317995505615
  endloop
endfacet
facet normal -3.520663680675287e-13 -4.509905187759187e-12 1.0
  outer loop
    vertex 4096.75471778262 115.13760105993863 -25.890317995506003
    vertex 4045.224928254755 115.19211973787583 -25.890317995531458
    vertex 4045.639038726919 115.13760105993826 -25.890317995531575
  endloop
endfacet
facet normal -3.520663680675287e-13 -4.509905187759187e-12 1.0
  outer loop
    vertex 4096.75471778262 115.13760105993863 -25.890317995506003
    vertex 4045.639038726919 115.13760105993826 -25.890317995531575
    vertex 4096.368828254784 114.97776038393124 -25.890317995506862
  endloop
endfacet
facet normal -3.520663680675287e-13 -4.509905187759187e-12 1.0
  outer loop
    vertex 4096.368828254784 114.97776038393124 -25.890317995506862
    vertex 4045.639038726919 115.13760105993826 -25.890317995531575
    vertex 4046.0249282547557 114.97776038393079 -25.89031799553214
  endloop
endfacet
facet normal -3.520663680675287e-13 -4.509905187759187e-12 1.0
  outer loop
    vertex 4096.368828254784 114.97776038393124 -25.890317995506862
    vertex 4046.0249282547557 114.97776038393079 -25.89031799553214
    vertex 4096.037457404886 114.72349058777462 -25.890317995508124
  endloop
endfacet
facet normal -3.520663680675287e-13 -4.509905187759187e-12 1.0
  outer loop
    vertex 4096.037457404886 114.72349058777462 -25.890317995508124
    vertex 4046.0249282547557 114.97776038393079 -25.89031799553214
    vertex 4046.3562991046538 114.72349058777412 -25.890317995533195
  endloop
endfacet
facet normal -3.520663680675287e-13 -4.509905187759187e-12 1.0
  outer loop
    vertex 4096.037457404886 114.72349058777462 -25.890317995508124
    vertex 4046.3562991046538 114.72349058777412 -25.890317995533195
    vertex 4095.7831876087284 114.39211973787614 -25.890317995509733
  endloop
endfacet
facet normal -3.520663680675287e-13 -4.509905187759187e-12 1.0
  outer loop
    vertex 4095.7831876087284 114.39211973787614 -25.890317995509733
    vertex 4046.3562991046538 114.72349058777412 -25.890317995533195
    vertex 4046.6105689008104 114.39211973787556 -25.8903179955346
  endloop
endfacet
facet normal -3.520663680675287e-13 -4.509905187759187e-12 1.0
  outer loop
    vertex 4095.7831876087284 114.39211973787614 -25.890317995509733
    vertex 4046.6105689008104 114.39211973787556 -25.8903179955346
    vertex 4095.6233469327212 114.00623021004016 -25.890317995511527
  endloop
endfacet
facet normal -3.520663680675287e-13 -4.509905187759187e-12 1.0
  outer loop
    vertex 4095.6233469327212 114.00623021004016 -25.890317995511527
    vertex 4046.6105689008104 114.39211973787556 -25.8903179955346
    vertex 4046.7704095768177 114.00623021003958 -25.890317995536286
  endloop
endfacet
facet normal -3.520663680675287e-13 -4.509905187759187e-12 1.0
  outer loop
    vertex 4095.6233469327212 114.00623021004016 -25.890317995511527
    vertex 4046.7704095768177 114.00623021003958 -25.890317995536286
    vertex 4095.5688282547835 113.59211973787615 -25.890317995513403
  endloop
endfacet
facet normal -3.520663680675287e-13 -4.509905187759187e-12 1.0
  outer loop
    vertex 4095.5688282547835 113.59211973787615 -25.890317995513403
    vertex 4046.7704095768177 114.00623021003958 -25.890317995536286
    vertex 4046.8249282547554 113.59211973787552 -25.890317995538112
  endloop
endfacet
facet normal -3.520663680675287e-13 -4.509905187759187e-12 1.0
  outer loop
    vertex 4095.5688282547835 113.59211973787615 -25.890317995513403
    vertex 4046.8249282547554 113.59211973787552 -25.890317995538112
    vertex 4095.6233469327212 113.17800926571209 -25.890317995515243
  endloop
endfacet
facet normal -3.520663680675287e-13 -4.509905187759187e-12 1.0
  outer loop
    vertex 4095.6233469327212 113.17800926571209 -25.890317995515243
    vertex 4046.8249282547554 113.59211973787552 -25.890317995538112
    vertex 4046.7704095768177 113.17800926571147 -25.890317995539995
  endloop
endfacet
facet normal -3.520663680675287e-13 -4.509905187759187e-12 1.0
  outer loop
    vertex 4095.6233469327212 113.17800926571209 -25.890317995515243
    vertex 4046.7704095768177 113.17800926571147 -25.890317995539995
    vertex 4095.7831876087284 112.79211973787615 -25.890317995516924
  endloop
endfacet
facet normal -3.520663680675287e-13 -4.509905187759187e-12 1.0
  outer loop
    vertex 4095.7831876087284 112.79211973787615 -25.890317995516924
    vertex 4046.7704095768177 113.17800926571147 -25.890317995539995
    vertex 4046.6105689008104 112.79211973787552 -25.890317995541796
  endloop
endfacet
facet normal -3.520663680675287e-13 -4.509905187759187e-12 1.0
  outer loop
    vertex 4095.7831876087284 112.79211973787615 -25.890317995516924
    vertex 4046.6105689008104 112.79211973787552 -25.890317995541796
    vertex 4096.037457404886 112.46074888797769 -25.890317995518327
  endloop
endfacet
facet normal -3.520663680675287e-13 -4.509905187759187e-12 1.0
  outer loop
    vertex 4096.037457404886 112.46074888797769 -25.890317995518327
    vertex 4046.6105689008104 112.79211973787552 -25.890317995541796
    vertex 4046.3562991046538 112.46074888797705 -25.890317995543402
  endloop
endfacet
facet normal -3.520663680675287e-13 -4.509905187759187e-12 1.0
  outer loop
    vertex 4096.037457404886 112.46074888797769 -25.890317995518327
    vertex 4046.3562991046538 112.46074888797705 -25.890317995543402
    vertex 4096.368828254784 112.20647909182102 -25.89031799551936
  endloop
endfacet
facet normal -3.520663680675287e-13 -4.509905187759187e-12 1.0
  outer loop
    vertex 4096.368828254784 112.20647909182102 -25.89031799551936
    vertex 4046.3562991046538 112.46074888797705 -25.890317995543402
    vertex 4046.0249282547547 112.20647909182048 -25.890317995544642
  endloop
endfacet
facet normal -3.520663680675287e-13 -4.509905187759187e-12 1.0
  outer loop
    vertex 4096.368828254784 112.20647909182102 -25.89031799551936
    vertex 4046.0249282547547 112.20647909182048 -25.890317995544642
    vertex 4096.75471778262 112.04663841581363 -25.89031799551995
  endloop
endfacet
facet normal -3.520663680675287e-13 -4.509905187759187e-12 1.0
  outer loop
    vertex 4096.75471778262 112.04663841581363 -25.89031799551995
    vertex 4046.0249282547547 112.20647909182048 -25.890317995544642
    vertex 4045.639038726919 112.04663841581313 -25.890317995545523
  endloop
endfacet
facet normal -3.520663680675287e-13 -4.509905187759187e-12 1.0
  outer loop
    vertex 4096.75471778262 112.04663841581363 -25.89031799551995
    vertex 4045.639038726919 112.04663841581313 -25.890317995545523
    vertex 4097.168828254784 111.99211973787615 -25.890317995520064
  endloop
endfacet
facet normal -3.520663680675287e-13 -4.509905187759187e-12 1.0
  outer loop
    vertex 4097.168828254784 111.99211973787615 -25.890317995520064
    vertex 4045.639038726919 112.04663841581313 -25.890317995545523
    vertex 4045.224928254755 111.9921197378757 -25.890317995545917
  endloop
endfacet
facet normal -3.520663680675287e-13 -4.509905187759187e-12 1.0
  outer loop
    vertex 4101.168828254785 172.56057490215585 -25.890317995247525
    vertex 4076.1968782548147 172.06425805535096 -25.890317995271083
    vertex 4102.256442544872 171.8338542672238 -25.890317995250367
  endloop
endfacet
facet normal -3.520663680675287e-13 -4.509905187759187e-12 1.0
  outer loop
    vertex 4076.1968782548147 172.06425805535096 -25.890317995271083
    vertex 4101.168828254785 172.56057490215585 -25.890317995247525
    vertex 4066.1968782548156 172.06425805535096 -25.890317995272078
  endloop
endfacet
facet normal -3.520663680675287e-13 -4.509905187759187e-12 1.0
  outer loop
    vertex 4102.256442544872 171.8338542672238 -25.890317995250367
    vertex 4076.1968782548147 172.06425805535096 -25.890317995271083
    vertex 4076.585106822469 172.01314679478426 -25.89031799527175
  endloop
endfacet
facet normal -3.520663680675287e-13 -4.509905187759187e-12 1.0
  outer loop
    vertex 4102.256442544872 171.8338542672238 -25.890317995250367
    vertex 4076.585106822469 172.01314679478426 -25.89031799527175
    vertex 4076.946878254816 171.86329616102626 -25.890317995272337
  endloop
endfacet
facet normal -3.520663680675287e-13 -4.509905187759187e-12 1.0
  outer loop
    vertex 4102.256442544872 171.8338542672238 -25.890317995250367
    vertex 4076.946878254816 171.86329616102626 -25.890317995272337
    vertex 4077.257538426594 171.6249182271311 -25.890317995273627
  endloop
endfacet
facet normal -3.520663680675287e-13 -4.509905187759187e-12 1.0
  outer loop
    vertex 4102.256442544872 171.8338542672238 -25.890317995250367
    vertex 4077.257538426594 171.6249182271311 -25.890317995273627
    vertex 4103.23989606665 170.97138867617696 -25.89031799525382
  endloop
endfacet
facet normal -3.520663680675287e-13 -4.509905187759187e-12 1.0
  outer loop
    vertex 4103.23989606665 170.97138867617696 -25.89031799525382
    vertex 4077.257538426594 171.6249182271311 -25.890317995273627
    vertex 4077.4959163604926 171.31425805534968 -25.890317995275314
  endloop
endfacet
facet normal -3.520663680675287e-13 -4.509905187759187e-12 1.0
  outer loop
    vertex 4103.23989606665 170.97138867617696 -25.89031799525382
    vertex 4077.4959163604926 171.31425805534968 -25.890317995275314
    vertex 4077.6457669942483 170.95248662300446 -25.890317995276877
  endloop
endfacet
facet normal -3.520663680675287e-13 -4.509905187759187e-12 1.0
  outer loop
    vertex 4103.23989606665 170.97138867617696 -25.89031799525382
    vertex 4077.6457669942483 170.95248662300446 -25.890317995276877
    vertex 4104.102361657697 169.98793515439868 -25.89031799525789
  endloop
endfacet
facet normal -3.520663680675287e-13 -4.509905187759187e-12 1.0
  outer loop
    vertex 4104.102361657697 169.98793515439868 -25.89031799525789
    vertex 4077.6457669942483 170.95248662300446 -25.890317995276877
    vertex 4077.696878254815 170.5642580553513 -25.89031799527863
  endloop
endfacet
facet normal -3.520663680675287e-13 -4.509905187759187e-12 1.0
  outer loop
    vertex 4104.102361657697 169.98793515439868 -25.89031799525789
    vertex 4077.696878254815 170.5642580553513 -25.89031799527863
    vertex 4077.6457669942483 170.1760294876967 -25.89031799528049
  endloop
endfacet
facet normal -3.520663680675287e-13 -4.509905187759187e-12 1.0
  outer loop
    vertex 4104.102361657697 169.98793515439868 -25.89031799525789
    vertex 4077.6457669942483 170.1760294876967 -25.89031799528049
    vertex 4077.495916360492 169.81425805535002 -25.8903179952822
  endloop
endfacet
facet normal -3.520663680675287e-13 -4.509905187759187e-12 1.0
  outer loop
    vertex 4104.102361657697 169.98793515439868 -25.89031799525789
    vertex 4077.495916360492 169.81425805535002 -25.8903179952822
    vertex 4104.829082292628 168.90032086431148 -25.890317995262528
  endloop
endfacet
facet normal -3.520663680675287e-13 -4.509905187759187e-12 1.0
  outer loop
    vertex 4104.829082292628 168.90032086431148 -25.890317995262528
    vertex 4077.495916360492 169.81425805535002 -25.8903179952822
    vertex 4077.2575384265956 169.5035978835708 -25.890317995283436
  endloop
endfacet
facet normal -3.520663680675287e-13 -4.509905187759187e-12 1.0
  outer loop
    vertex 4104.829082292628 168.90032086431148 -25.890317995262528
    vertex 4077.2575384265956 169.5035978835708 -25.890317995283436
    vertex 4076.9468782548156 169.26521994967345 -25.890317995284096
  endloop
endfacet
facet normal -3.520663680675287e-13 -4.509905187759187e-12 1.0
  outer loop
    vertex 4104.829082292628 168.90032086431148 -25.890317995262528
    vertex 4076.9468782548156 169.26521994967345 -25.890317995284096
    vertex 4076.585106822469 169.1153693159169 -25.890317995284533
  endloop
endfacet
facet normal -3.520663680675287e-13 -4.509905187759187e-12 1.0
  outer loop
    vertex 4104.829082292628 168.90032086431148 -25.890317995262528
    vertex 4076.585106822469 169.1153693159169 -25.890317995284533
    vertex 4076.1968782548156 169.0642580553502 -25.890317995284356
  endloop
endfacet
facet normal -3.520663680675287e-13 -4.509905187759187e-12 1.0
  outer loop
    vertex 4104.829082292628 168.90032086431148 -25.890317995262528
    vertex 4076.1968782548156 169.0642580553502 -25.890317995284356
    vertex 4037.56467421691 168.9003208643142 -25.890317995284388
  endloop
endfacet
facet normal -3.520663680675287e-13 -4.509905187759187e-12 1.0
  outer loop
    vertex 4104.829082292628 168.90032086431148 -25.890317995262528
    vertex 4037.56467421691 168.9003208643142 -25.890317995284388
    vertex 4036.9861329296423 167.72715518796514 -25.890317995289898
  endloop
endfacet
facet normal -3.520663680675287e-13 -4.509905187759187e-12 1.0
  outer loop
    vertex 4104.829082292628 168.90032086431148 -25.890317995262528
    vertex 4036.9861329296423 167.72715518796514 -25.890317995289898
    vertex 4105.407623579897 167.72715518796238 -25.89031799526755
  endloop
endfacet
facet normal -3.520663680675287e-13 -4.509905187759187e-12 1.0
  outer loop
    vertex 4105.407623579897 167.72715518796238 -25.89031799526755
    vertex 4036.9861329296423 167.72715518796514 -25.890317995289898
    vertex 4060.1968782548142 167.5642580553563 -25.89031799532565
  endloop
endfacet
facet normal -3.520663680675287e-13 -4.509905187759187e-12 1.0
  outer loop
    vertex 4060.1968782548142 167.5642580553563 -25.89031799532565
    vertex 4036.9861329296423 167.72715518796514 -25.890317995289898
    vertex 4036.565669991864 166.48851131533945 -25.8903179952956
  endloop
endfacet
facet normal -3.520663680675287e-13 -4.509905187759187e-12 1.0
  outer loop
    vertex 4060.1968782548142 167.5642580553563 -25.89031799532565
    vertex 4036.565669991864 166.48851131533945 -25.8903179952956
    vertex 4045.224928254755 166.5003208643142 -25.890317995292094
  endloop
endfacet
facet normal -3.520663680675287e-13 -4.509905187759187e-12 1.0
  outer loop
    vertex 4045.224928254755 166.5003208643142 -25.890317995292094
    vertex 4036.565669991864 166.48851131533945 -25.8903179952956
    vertex 4044.810817782591 166.4458021863768 -25.890317995292573
  endloop
endfacet
facet normal -3.520663680675287e-13 -4.509905187759187e-12 1.0
  outer loop
    vertex 4044.810817782591 166.4458021863768 -25.890317995292573
    vertex 4036.565669991864 166.48851131533945 -25.8903179952956
    vertex 4036.3104796410166 165.20558278651478 -25.890317995301427
  endloop
endfacet
facet normal -3.520663680675287e-13 -4.509905187759187e-12 1.0
  outer loop
    vertex 4044.810817782591 166.4458021863768 -25.890317995292573
    vertex 4036.3104796410166 165.20558278651478 -25.890317995301427
    vertex 4044.4249282547553 166.28596151036948 -25.890317995293515
  endloop
endfacet
facet normal -3.520663680675287e-13 -4.509905187759187e-12 1.0
  outer loop
    vertex 4044.4249282547553 166.28596151036948 -25.890317995293515
    vertex 4036.3104796410166 165.20558278651478 -25.890317995301427
    vertex 4044.093557404857 166.0316917142129 -25.89031799529486
  endloop
endfacet
facet normal -3.520663680675287e-13 -4.509905187759187e-12 1.0
  outer loop
    vertex 4044.093557404857 166.0316917142129 -25.89031799529486
    vertex 4036.3104796410166 165.20558278651478 -25.890317995301427
    vertex 4043.8392876087005 165.7003208643145 -25.890317995296503
  endloop
endfacet
facet normal -3.520663680675287e-13 -4.509905187759187e-12 1.0
  outer loop
    vertex 4043.8392876087005 165.7003208643145 -25.890317995296503
    vertex 4036.3104796410166 165.20558278651478 -25.890317995301427
    vertex 4043.6794469326924 165.31443133647858 -25.890317995298354
  endloop
endfacet
facet normal -3.520663680675287e-13 -4.509905187759187e-12 1.0
  outer loop
    vertex 4043.6794469326924 165.31443133647858 -25.890317995298354
    vertex 4036.3104796410166 165.20558278651478 -25.890317995301427
    vertex 4043.6249282547556 164.90032086431455 -25.890317995300293
  endloop
endfacet
facet normal -3.520663680675287e-13 -4.509905187759187e-12 1.0
  outer loop
    vertex 4043.6249282547556 164.90032086431455 -25.890317995300293
    vertex 4036.3104796410166 165.20558278651478 -25.890317995301427
    vertex 4036.224928254755 163.90032086431427 -25.89031799530727
  endloop
endfacet
facet normal -3.520663680675287e-13 -4.509905187759187e-12 1.0
  outer loop
    vertex 4043.6249282547556 164.90032086431455 -25.890317995300293
    vertex 4036.224928254755 163.90032086431427 -25.89031799530727
    vertex 4043.6794469326924 164.48621039215053 -25.890317995302137
  endloop
endfacet
facet normal -3.520663680675287e-13 -4.509905187759187e-12 1.0
  outer loop
    vertex 4043.6794469326924 164.48621039215053 -25.890317995302137
    vertex 4036.224928254755 163.90032086431427 -25.89031799530727
    vertex 4043.8392876086996 164.1003208643145 -25.890317995303807
  endloop
endfacet
facet normal -3.520663680675287e-13 -4.509905187759187e-12 1.0
  outer loop
    vertex 4043.8392876086996 164.1003208643145 -25.890317995303807
    vertex 4036.224928254755 163.90032086431427 -25.89031799530727
    vertex 4044.0935574048563 163.768950014416 -25.890317995305164
  endloop
endfacet
facet normal -3.520663680675287e-13 -4.509905187759187e-12 1.0
  outer loop
    vertex 4044.0935574048563 163.768950014416 -25.890317995305164
    vertex 4036.224928254755 163.90032086431427 -25.89031799530727
    vertex 4036.224928254755 114.59211973787588 -25.890317995528193
  endloop
endfacet
facet normal -3.520663680675287e-13 -4.509905187759187e-12 1.0
  outer loop
    vertex 4044.0935574048563 163.768950014416 -25.890317995305164
    vertex 4036.224928254755 114.59211973787588 -25.890317995528193
    vertex 4044.224928254755 163.6681456158547 -25.89031799530546
  endloop
endfacet
facet normal -3.520663680675287e-13 -4.509905187759187e-12 1.0
  outer loop
    vertex 4044.224928254755 163.6681456158547 -25.89031799530546
    vertex 4036.224928254755 114.59211973787588 -25.890317995528193
    vertex 4044.4249282547544 163.51468021825931 -25.89031799530614
  endloop
endfacet
facet normal -3.520663680675287e-13 -4.509905187759187e-12 1.0
  outer loop
    vertex 4044.4249282547544 163.51468021825931 -25.89031799530614
    vertex 4036.224928254755 114.59211973787588 -25.890317995528193
    vertex 4044.810817782591 163.35483954225182 -25.890317995306678
  endloop
endfacet
facet normal -3.520663680675287e-13 -4.509905187759187e-12 1.0
  outer loop
    vertex 4044.810817782591 163.35483954225182 -25.890317995306678
    vertex 4036.224928254755 114.59211973787588 -25.890317995528193
    vertex 4045.224928254755 163.30032086431424 -25.890317995306678
  endloop
endfacet
facet normal -3.520663680675287e-13 -4.509905187759187e-12 1.0
  outer loop
    vertex 4045.224928254755 163.30032086431424 -25.890317995306678
    vertex 4036.224928254755 114.59211973787588 -25.890317995528193
    vertex 4060.1968782548142 123.5642580553485 -25.890317995522494
  endloop
endfacet
facet normal -3.520663680675287e-13 -4.509905187759187e-12 1.0
  outer loop
    vertex 4060.1968782548142 123.5642580553485 -25.890317995522494
    vertex 4036.224928254755 114.59211973787588 -25.890317995528193
    vertex 4065.808649687161 122.01314679478364 -25.900713995433264
  endloop
endfacet
facet normal -3.520663680675287e-13 -4.509905187759187e-12 1.0
  outer loop
    vertex 4060.1968782548142 123.5642580553485 -25.890317995522494
    vertex 4065.808649687161 122.01314679478364 -25.900713995433264
    vertex 4066.1968782548156 122.06425805534961 -25.90071399543295
  endloop
endfacet
facet normal -3.520663680675287e-13 -4.509905187759187e-12 1.0
  outer loop
    vertex 4060.1968782548142 123.5642580553485 -25.890317995522494
    vertex 4066.1968782548156 122.06425805534961 -25.90071399543295
    vertex 4076.1968782548156 122.06425805535028 -25.890317995494048
  endloop
endfacet
facet normal -3.520663680675287e-13 -4.509905187759187e-12 1.0
  outer loop
    vertex 4065.808649687161 122.01314679478364 -25.900713995433264
    vertex 4036.224928254755 114.59211973787588 -25.890317995528193
    vertex 4065.446878254815 121.86329616102635 -25.9007139954335
  endloop
endfacet
facet normal -3.520663680675287e-13 -4.509905187759187e-12 1.0
  outer loop
    vertex 4065.446878254815 121.86329616102635 -25.9007139954335
    vertex 4036.224928254755 114.59211973787588 -25.890317995528193
    vertex 4065.136218083035 121.62491822712975 -25.90071399543436
  endloop
endfacet
facet normal -3.520663680675287e-13 -4.509905187759187e-12 1.0
  outer loop
    vertex 4065.136218083035 121.62491822712975 -25.90071399543436
    vertex 4036.224928254755 114.59211973787588 -25.890317995528193
    vertex 4064.8978401491377 121.31425805535049 -25.900713995435595
  endloop
endfacet
facet normal -3.520663680675287e-13 -4.509905187759187e-12 1.0
  outer loop
    vertex 4064.8978401491377 121.31425805535049 -25.900713995435595
    vertex 4036.224928254755 114.59211973787588 -25.890317995528193
    vertex 4064.747989515382 120.95248662300384 -25.9007139954371
  endloop
endfacet
facet normal -3.520663680675287e-13 -4.509905187759187e-12 1.0
  outer loop
    vertex 4064.747989515382 120.95248662300384 -25.9007139954371
    vertex 4036.224928254755 114.59211973787588 -25.890317995528193
    vertex 4064.696878254815 120.56425805534995 -25.90071399543885
  endloop
endfacet
facet normal -3.520663680675287e-13 -4.509905187759187e-12 1.0
  outer loop
    vertex 4064.696878254815 120.56425805534995 -25.90071399543885
    vertex 4036.224928254755 114.59211973787588 -25.890317995528193
    vertex 4064.747989515381 120.1760294876975 -25.900713995440434
  endloop
endfacet
facet normal -3.520663680675287e-13 -4.509905187759187e-12 1.0
  outer loop
    vertex 4064.747989515381 120.1760294876975 -25.900713995440434
    vertex 4036.224928254755 114.59211973787588 -25.890317995528193
    vertex 4064.8978401491395 119.81425805535012 -25.900713995442487
  endloop
endfacet
facet normal -3.520663680675287e-13 -4.509905187759187e-12 1.0
  outer loop
    vertex 4064.8978401491395 119.81425805535012 -25.900713995442487
    vertex 4036.224928254755 114.59211973787588 -25.890317995528193
    vertex 4065.1362180830342 119.50359788357086 -25.900713995443887
  endloop
endfacet
facet normal -3.520663680675287e-13 -4.509905187759187e-12 1.0
  outer loop
    vertex 4065.1362180830342 119.50359788357086 -25.900713995443887
    vertex 4036.224928254755 114.59211973787588 -25.890317995528193
    vertex 4065.446878254815 119.26521994967355 -25.900713995444974
  endloop
endfacet
facet normal -3.520663680675287e-13 -4.509905187759187e-12 1.0
  outer loop
    vertex 4065.446878254815 119.26521994967355 -25.900713995444974
    vertex 4036.224928254755 114.59211973787588 -25.890317995528193
    vertex 4065.808649687161 119.11536931591698 -25.90071399544604
  endloop
endfacet
facet normal -3.520663680675287e-13 -4.509905187759187e-12 1.0
  outer loop
    vertex 4065.808649687161 119.11536931591698 -25.90071399544604
    vertex 4036.224928254755 114.59211973787588 -25.890317995528193
    vertex 4066.196878254815 119.0642580553503 -25.90071399544651
  endloop
endfacet
facet normal -3.520663680675287e-13 -4.509905187759187e-12 1.0
  outer loop
    vertex 4066.196878254815 119.0642580553503 -25.90071399544651
    vertex 4036.224928254755 114.59211973787588 -25.890317995528193
    vertex 4076.1968782548147 119.06425805535025 -25.890317995507605
  endloop
endfacet
facet normal -3.520663680675287e-13 -4.509905187759187e-12 1.0
  outer loop
    vertex 4076.1968782548147 119.06425805535025 -25.890317995507605
    vertex 4036.224928254755 114.59211973787588 -25.890317995528193
    vertex 4045.224928254755 115.19211973787583 -25.890317995531458
  endloop
endfacet
facet normal -3.520663680675287e-13 -4.509905187759187e-12 1.0
  outer loop
    vertex 4076.1968782548147 119.06425805535025 -25.890317995507605
    vertex 4045.224928254755 115.19211973787583 -25.890317995531458
    vertex 4097.168828254784 115.19211973787614 -25.890317995505615
  endloop
endfacet
facet normal -3.520663680675287e-13 -4.509905187759187e-12 1.0
  outer loop
    vertex 4045.224928254755 115.19211973787583 -25.890317995531458
    vertex 4036.224928254755 114.59211973787588 -25.890317995528193
    vertex 4044.810817782591 115.1376010599384 -25.890317995531852
  endloop
endfacet
facet normal -3.520663680675287e-13 -4.509905187759187e-12 1.0
  outer loop
    vertex 4044.810817782591 115.1376010599384 -25.890317995531852
    vertex 4036.224928254755 114.59211973787588 -25.890317995528193
    vertex 4044.4249282547553 114.97776038393106 -25.89031799553271
  endloop
endfacet
facet normal -3.520663680675287e-13 -4.509905187759187e-12 1.0
  outer loop
    vertex 4044.4249282547553 114.97776038393106 -25.89031799553271
    vertex 4036.224928254755 114.59211973787588 -25.890317995528193
    vertex 4044.0935574048563 114.72349058777444 -25.890317995533973
  endloop
endfacet
facet normal -3.520663680675287e-13 -4.509905187759187e-12 1.0
  outer loop
    vertex 4044.0935574048563 114.72349058777444 -25.890317995533973
    vertex 4036.224928254755 114.59211973787588 -25.890317995528193
    vertex 4043.8392876086996 114.39211973787602 -25.89031799553558
  endloop
endfacet
facet normal -3.520663680675287e-13 -4.509905187759187e-12 1.0
  outer loop
    vertex 4043.8392876086996 114.39211973787602 -25.89031799553558
    vertex 4036.224928254755 114.59211973787588 -25.890317995528193
    vertex 4036.3104796410166 113.28685781567539 -25.890317995534062
  endloop
endfacet
facet normal -3.520663680675287e-13 -4.509905187759187e-12 1.0
  outer loop
    vertex 4043.8392876086996 114.39211973787602 -25.89031799553558
    vertex 4036.3104796410166 113.28685781567539 -25.890317995534062
    vertex 4043.6794469326924 114.00623021004003 -25.89031799553738
  endloop
endfacet
facet normal -3.520663680675287e-13 -4.509905187759187e-12 1.0
  outer loop
    vertex 4043.6794469326924 114.00623021004003 -25.89031799553738
    vertex 4036.3104796410166 113.28685781567539 -25.890317995534062
    vertex 4043.6249282547546 113.59211973787602 -25.890317995539252
  endloop
endfacet
facet normal -3.520663680675287e-13 -4.509905187759187e-12 1.0
  outer loop
    vertex 4043.6249282547546 113.59211973787602 -25.890317995539252
    vertex 4036.3104796410166 113.28685781567539 -25.890317995534062
    vertex 4043.6794469326924 113.17800926571192 -25.89031799554109
  endloop
endfacet
facet normal -3.520663680675287e-13 -4.509905187759187e-12 1.0
  outer loop
    vertex 4043.6794469326924 113.17800926571192 -25.89031799554109
    vertex 4036.3104796410166 113.28685781567539 -25.890317995534062
    vertex 4036.565669991864 112.00392928685068 -25.89031799553999
  endloop
endfacet
facet normal -3.520663680675287e-13 -4.509905187759187e-12 1.0
  outer loop
    vertex 4043.6794469326924 113.17800926571192 -25.89031799554109
    vertex 4036.565669991864 112.00392928685068 -25.89031799553999
    vertex 4043.8392876086996 112.79211973787592 -25.890317995542777
  endloop
endfacet
facet normal -3.520663680675287e-13 -4.509905187759187e-12 1.0
  outer loop
    vertex 4043.8392876086996 112.79211973787592 -25.890317995542777
    vertex 4036.565669991864 112.00392928685068 -25.89031799553999
    vertex 4044.0935574048563 112.4607488879774 -25.89031799554418
  endloop
endfacet
facet normal -3.520663680675287e-13 -4.509905187759187e-12 1.0
  outer loop
    vertex 4044.0935574048563 112.4607488879774 -25.89031799554418
    vertex 4036.565669991864 112.00392928685068 -25.89031799553999
    vertex 4044.4249282547544 112.20647909182071 -25.890317995545214
  endloop
endfacet
facet normal -3.520663680675287e-13 -4.509905187759187e-12 1.0
  outer loop
    vertex 4044.4249282547544 112.20647909182071 -25.890317995545214
    vertex 4036.565669991864 112.00392928685068 -25.89031799553999
    vertex 4044.810817782591 112.04663841581322 -25.890317995545804
  endloop
endfacet
facet normal -3.520663680675287e-13 -4.509905187759187e-12 1.0
  outer loop
    vertex 4044.810817782591 112.04663841581322 -25.890317995545804
    vertex 4036.565669991864 112.00392928685068 -25.89031799553999
    vertex 4045.224928254755 111.9921197378757 -25.890317995545917
  endloop
endfacet
facet normal -3.520663680675287e-13 -4.509905187759187e-12 1.0
  outer loop
    vertex 4045.224928254755 111.9921197378757 -25.890317995545917
    vertex 4036.565669991864 112.00392928685068 -25.89031799553999
    vertex 4036.9861329296423 110.765285414225 -25.890317995545782
  endloop
endfacet
facet normal -3.520663680675287e-13 -4.509905187759187e-12 1.0
  outer loop
    vertex 4045.224928254755 111.9921197378757 -25.890317995545917
    vertex 4036.9861329296423 110.765285414225 -25.890317995545782
    vertex 4105.407623579897 110.76528541422523 -25.89031799552241
  endloop
endfacet
facet normal -3.520663680675287e-13 -4.509905187759187e-12 1.0
  outer loop
    vertex 4105.407623579897 110.76528541422523 -25.89031799552241
    vertex 4036.9861329296423 110.765285414225 -25.890317995545782
    vertex 4104.829082292628 109.59211973787612 -25.890317995527887
  endloop
endfacet
facet normal -3.520663680675287e-13 -4.509905187759187e-12 1.0
  outer loop
    vertex 4104.829082292628 109.59211973787612 -25.890317995527887
    vertex 4036.9861329296423 110.765285414225 -25.890317995545782
    vertex 4037.56467421691 109.59211973787589 -25.89031799555137
  endloop
endfacet
facet normal -3.520663680675287e-13 -4.509905187759187e-12 1.0
  outer loop
    vertex 4104.829082292628 109.59211973787612 -25.890317995527887
    vertex 4037.56467421691 109.59211973787589 -25.89031799555137
    vertex 4104.102361657697 108.50450544778894 -25.890317995533017
  endloop
endfacet
facet normal -3.520663680675287e-13 -4.509905187759187e-12 1.0
  outer loop
    vertex 4104.102361657697 108.50450544778894 -25.890317995533017
    vertex 4037.56467421691 109.59211973787589 -25.89031799555137
    vertex 4038.2913948518426 108.50450544778867 -25.89031799555674
  endloop
endfacet
facet normal -3.520663680675287e-13 -4.509905187759187e-12 1.0
  outer loop
    vertex 4104.102361657697 108.50450544778894 -25.890317995533017
    vertex 4038.2913948518426 108.50450544778867 -25.89031799555674
    vertex 4103.23989606665 107.52105192601066 -25.8903179955377
  endloop
endfacet
facet normal -3.520663680675287e-13 -4.509905187759187e-12 1.0
  outer loop
    vertex 4103.23989606665 107.52105192601066 -25.8903179955377
    vertex 4038.2913948518426 108.50450544778867 -25.89031799555674
    vertex 4039.1538604428893 107.52105192601043 -25.890317995561702
  endloop
endfacet
facet normal -3.520663680675287e-13 -4.509905187759187e-12 1.0
  outer loop
    vertex 4103.23989606665 107.52105192601066 -25.8903179955377
    vertex 4039.1538604428893 107.52105192601043 -25.890317995561702
    vertex 4102.256442544871 106.6585863349638 -25.890317995541924
  endloop
endfacet
facet normal -3.520663680675287e-13 -4.509905187759187e-12 1.0
  outer loop
    vertex 4102.256442544871 106.6585863349638 -25.890317995541924
    vertex 4039.1538604428893 107.52105192601043 -25.890317995561702
    vertex 4040.137313964667 106.65858633496353 -25.890317995566164
  endloop
endfacet
facet normal -3.520663680675287e-13 -4.509905187759187e-12 1.0
  outer loop
    vertex 4102.256442544871 106.6585863349638 -25.890317995541924
    vertex 4040.137313964667 106.65858633496353 -25.890317995566164
    vertex 4101.168828254785 105.93186570003176 -25.89031799554558
  endloop
endfacet
facet normal -3.520663680675287e-13 -4.509905187759187e-12 1.0
  outer loop
    vertex 4101.168828254785 105.93186570003176 -25.89031799554558
    vertex 4040.137313964667 106.65858633496353 -25.890317995566164
    vertex 4041.2249282547546 105.9318657000315 -25.890317995570157
  endloop
endfacet
facet normal -3.520663680675287e-13 -4.509905187759187e-12 1.0
  outer loop
    vertex 4101.168828254785 105.93186570003176 -25.89031799554558
    vertex 4041.2249282547546 105.9318657000315 -25.890317995570157
    vertex 4099.995662578434 105.35332441276331 -25.890317995548635
  endloop
endfacet
facet normal -3.520663680675287e-13 -4.509905187759187e-12 1.0
  outer loop
    vertex 4099.995662578434 105.35332441276331 -25.890317995548635
    vertex 4041.2249282547546 105.9318657000315 -25.890317995570157
    vertex 4042.398093931104 105.353324412763 -25.890317995573525
  endloop
endfacet
facet normal -3.520663680675287e-13 -4.509905187759187e-12 1.0
  outer loop
    vertex 4099.995662578434 105.35332441276331 -25.890317995548635
    vertex 4042.398093931104 105.353324412763 -25.890317995573525
    vertex 4098.757018705809 104.9328614749855 -25.890317995550987
  endloop
endfacet
facet normal -3.520663680675287e-13 -4.509905187759187e-12 1.0
  outer loop
    vertex 4098.757018705809 104.9328614749855 -25.890317995550987
    vertex 4042.398093931104 105.353324412763 -25.890317995573525
    vertex 4043.63673780373 104.93286147498517 -25.890317995576236
  endloop
endfacet
facet normal -3.520663680675287e-13 -4.509905187759187e-12 1.0
  outer loop
    vertex 4098.757018705809 104.9328614749855 -25.890317995550987
    vertex 4043.63673780373 104.93286147498517 -25.890317995576236
    vertex 4097.474090176985 104.67767112413807 -25.89031799555261
  endloop
endfacet
facet normal -3.520663680675287e-13 -4.509905187759187e-12 1.0
  outer loop
    vertex 4097.474090176985 104.67767112413807 -25.89031799555261
    vertex 4043.63673780373 104.93286147498517 -25.890317995576236
    vertex 4044.9196663325547 104.6776711241378 -25.89031799557819
  endloop
endfacet
facet normal -3.520663680675287e-13 -4.509905187759187e-12 1.0
  outer loop
    vertex 4097.474090176985 104.67767112413807 -25.89031799555261
    vertex 4044.9196663325547 104.6776711241378 -25.89031799557819
    vertex 4096.168828254784 104.59211973787608 -25.89031799555348
  endloop
endfacet
facet normal -3.520663680675287e-13 -4.509905187759187e-12 1.0
  outer loop
    vertex 4096.168828254784 104.59211973787608 -25.89031799555348
    vertex 4044.9196663325547 104.6776711241378 -25.89031799557819
    vertex 4046.2249282547546 104.59211973787589 -25.890317995579448
  endloop
endfacet
facet normal -3.520663680675287e-13 -4.509905187759187e-12 1.0
  outer loop
    vertex 4105.407623579897 167.72715518796238 -25.89031799526755
    vertex 4082.1968782548142 167.5642580553556 -25.890317995261203
    vertex 4105.828086517675 166.48851131533667 -25.890317995272923
  endloop
endfacet
facet normal -3.520663680675287e-13 -4.509905187759187e-12 1.0
  outer loop
    vertex 4082.1968782548142 167.5642580553556 -25.890317995261203
    vertex 4105.407623579897 167.72715518796238 -25.89031799526755
    vertex 4060.1968782548142 167.5642580553563 -25.89031799532565
  endloop
endfacet
facet normal -3.520663680675287e-13 -4.509905187759187e-12 1.0
  outer loop
    vertex 4105.828086517675 166.48851131533667 -25.890317995272923
    vertex 4082.1968782548142 167.5642580553556 -25.890317995261203
    vertex 4097.168828254785 166.50032086431167 -25.89031799527603
  endloop
endfacet
facet normal -3.520663680675287e-13 -4.509905187759187e-12 1.0
  outer loop
    vertex 4105.828086517675 166.48851131533667 -25.890317995272923
    vertex 4097.168828254785 166.50032086431167 -25.89031799527603
    vertex 4097.582938726949 166.44580218637412 -25.890317995276153
  endloop
endfacet
facet normal -3.520663680675287e-13 -4.509905187759187e-12 1.0
  outer loop
    vertex 4105.828086517675 166.48851131533667 -25.890317995272923
    vertex 4097.582938726949 166.44580218637412 -25.890317995276153
    vertex 4106.083276868522 165.20558278651197 -25.89031799527858
  endloop
endfacet
facet normal -3.520663680675287e-13 -4.509905187759187e-12 1.0
  outer loop
    vertex 4106.083276868522 165.20558278651197 -25.89031799527858
    vertex 4097.582938726949 166.44580218637412 -25.890317995276153
    vertex 4097.968828254785 166.28596151036666 -25.890317995276714
  endloop
endfacet
facet normal -3.520663680675287e-13 -4.509905187759187e-12 1.0
  outer loop
    vertex 4106.083276868522 165.20558278651197 -25.89031799527858
    vertex 4097.968828254785 166.28596151036666 -25.890317995276714
    vertex 4098.300199104683 166.03169171420996 -25.890317995277744
  endloop
endfacet
facet normal -3.520663680675287e-13 -4.509905187759187e-12 1.0
  outer loop
    vertex 4106.083276868522 165.20558278651197 -25.89031799527858
    vertex 4098.300199104683 166.03169171420996 -25.890317995277744
    vertex 4098.55446890084 165.70032086431144 -25.890317995279148
  endloop
endfacet
facet normal -3.520663680675287e-13 -4.509905187759187e-12 1.0
  outer loop
    vertex 4106.083276868522 165.20558278651197 -25.89031799527858
    vertex 4098.55446890084 165.70032086431144 -25.890317995279148
    vertex 4098.714309576847 165.31443133647542 -25.890317995280856
  endloop
endfacet
facet normal -3.520663680675287e-13 -4.509905187759187e-12 1.0
  outer loop
    vertex 4106.083276868522 165.20558278651197 -25.89031799527858
    vertex 4098.714309576847 165.31443133647542 -25.890317995280856
    vertex 4098.768828254785 164.90032086431137 -25.8903179952827
  endloop
endfacet
facet normal -3.520663680675287e-13 -4.509905187759187e-12 1.0
  outer loop
    vertex 4106.083276868522 165.20558278651197 -25.89031799527858
    vertex 4098.768828254785 164.90032086431137 -25.8903179952827
    vertex 4106.168828254784 163.90032086431148 -25.890317995284224
  endloop
endfacet
facet normal -3.520663680675287e-13 -4.509905187759187e-12 1.0
  outer loop
    vertex 4106.168828254784 163.90032086431148 -25.890317995284224
    vertex 4098.768828254785 164.90032086431137 -25.8903179952827
    vertex 4098.714309576847 164.48621039214734 -25.890317995284587
  endloop
endfacet
facet normal -3.520663680675287e-13 -4.509905187759187e-12 1.0
  outer loop
    vertex 4106.168828254784 163.90032086431148 -25.890317995284224
    vertex 4098.714309576847 164.48621039214734 -25.890317995284587
    vertex 4098.55446890084 164.10032086431136 -25.890317995286363
  endloop
endfacet
facet normal -3.520663680675287e-13 -4.509905187759187e-12 1.0
  outer loop
    vertex 4106.168828254784 163.90032086431148 -25.890317995284224
    vertex 4098.55446890084 164.10032086431136 -25.890317995286363
    vertex 4098.300199104683 163.76895001441292 -25.89031799528797
  endloop
endfacet
facet normal -3.520663680675287e-13 -4.509905187759187e-12 1.0
  outer loop
    vertex 4106.168828254784 163.90032086431148 -25.890317995284224
    vertex 4098.300199104683 163.76895001441292 -25.89031799528797
    vertex 4106.168828254784 114.59211973787606 -25.89031799550499
  endloop
endfacet
facet normal -3.520663680675287e-13 -4.509905187759187e-12 1.0
  outer loop
    vertex 4106.168828254784 114.59211973787606 -25.89031799550499
    vertex 4098.300199104683 163.76895001441292 -25.89031799528797
    vertex 4097.968828254784 163.51468021825633 -25.89031799528921
  endloop
endfacet
facet normal -3.520663680675287e-13 -4.509905187759187e-12 1.0
  outer loop
    vertex 4106.168828254784 114.59211973787606 -25.89031799550499
    vertex 4097.968828254784 163.51468021825633 -25.89031799528921
    vertex 4097.582938726949 163.35483954224898 -25.89031799529007
  endloop
endfacet
facet normal -3.520663680675287e-13 -4.509905187759187e-12 1.0
  outer loop
    vertex 4106.168828254784 114.59211973787606 -25.89031799550499
    vertex 4097.582938726949 163.35483954224898 -25.89031799529007
    vertex 4097.168828254785 163.30032086431154 -25.890317995290456
  endloop
endfacet
facet normal -3.520663680675287e-13 -4.509905187759187e-12 1.0
  outer loop
    vertex 4106.168828254784 114.59211973787606 -25.89031799550499
    vertex 4097.168828254785 163.30032086431154 -25.890317995290456
    vertex 4082.1968782548142 123.56425805534994 -25.89031799545618
  endloop
endfacet
facet normal -3.520663680675287e-13 -4.509905187759187e-12 1.0
  outer loop
    vertex 4106.168828254784 114.59211973787606 -25.89031799550499
    vertex 4082.1968782548142 123.56425805534994 -25.89031799545618
    vertex 4076.585106822469 122.01314679478432 -25.890317995494872
  endloop
endfacet
facet normal -3.520663680675287e-13 -4.509905187759187e-12 1.0
  outer loop
    vertex 4076.585106822469 122.01314679478432 -25.890317995494872
    vertex 4082.1968782548142 123.56425805534994 -25.89031799545618
    vertex 4076.1968782548156 122.06425805535028 -25.890317995494048
  endloop
endfacet
facet normal -3.520663680675287e-13 -4.509905187759187e-12 1.0
  outer loop
    vertex 4076.1968782548156 122.06425805535028 -25.890317995494048
    vertex 4082.1968782548142 123.56425805534994 -25.89031799545618
    vertex 4060.1968782548142 123.5642580553485 -25.890317995522494
  endloop
endfacet
facet normal -3.520663680675287e-13 -4.509905187759187e-12 1.0
  outer loop
    vertex 4106.168828254784 114.59211973787606 -25.89031799550499
    vertex 4076.585106822469 122.01314679478432 -25.890317995494872
    vertex 4076.9468782548147 121.86329616102702 -25.890317995495586
  endloop
endfacet
facet normal -3.520663680675287e-13 -4.509905187759187e-12 1.0
  outer loop
    vertex 4106.168828254784 114.59211973787606 -25.89031799550499
    vertex 4076.9468782548147 121.86329616102702 -25.890317995495586
    vertex 4077.2575384265956 121.62491822712971 -25.890317995496737
  endloop
endfacet
facet normal -3.520663680675287e-13 -4.509905187759187e-12 1.0
  outer loop
    vertex 4106.168828254784 114.59211973787606 -25.89031799550499
    vertex 4077.2575384265956 121.62491822712971 -25.890317995496737
    vertex 4077.495916360492 121.31425805535045 -25.8903179954983
  endloop
endfacet
facet normal -3.520663680675287e-13 -4.509905187759187e-12 1.0
  outer loop
    vertex 4106.168828254784 114.59211973787606 -25.89031799550499
    vertex 4077.495916360492 121.31425805535045 -25.8903179954983
    vertex 4077.6457669942492 120.9524866230038 -25.890317995500126
  endloop
endfacet
facet normal -3.520663680675287e-13 -4.509905187759187e-12 1.0
  outer loop
    vertex 4106.168828254784 114.59211973787606 -25.89031799550499
    vertex 4077.6457669942492 120.9524866230038 -25.890317995500126
    vertex 4077.696878254815 120.56425805535062 -25.890317995501956
  endloop
endfacet
facet normal -3.520663680675287e-13 -4.509905187759187e-12 1.0
  outer loop
    vertex 4106.168828254784 114.59211973787606 -25.89031799550499
    vertex 4077.696878254815 120.56425805535062 -25.890317995501956
    vertex 4077.6457669942483 120.17602948769601 -25.89031799550346
  endloop
endfacet
facet normal -3.520663680675287e-13 -4.509905187759187e-12 1.0
  outer loop
    vertex 4106.168828254784 114.59211973787606 -25.89031799550499
    vertex 4077.6457669942483 120.17602948769601 -25.89031799550346
    vertex 4077.495916360492 119.81425805535008 -25.890317995505164
  endloop
endfacet
facet normal -3.520663680675287e-13 -4.509905187759187e-12 1.0
  outer loop
    vertex 4106.168828254784 114.59211973787606 -25.89031799550499
    vertex 4077.495916360492 119.81425805535008 -25.890317995505164
    vertex 4077.2575384265947 119.50359788357082 -25.890317995506404
  endloop
endfacet
facet normal -3.520663680675287e-13 -4.509905187759187e-12 1.0
  outer loop
    vertex 4106.168828254784 114.59211973787606 -25.89031799550499
    vertex 4077.2575384265947 119.50359788357082 -25.890317995506404
    vertex 4076.9468782548156 119.26521994967351 -25.890317995507058
  endloop
endfacet
facet normal -3.520663680675287e-13 -4.509905187759187e-12 1.0
  outer loop
    vertex 4106.168828254784 114.59211973787606 -25.89031799550499
    vertex 4076.9468782548156 119.26521994967351 -25.890317995507058
    vertex 4076.585106822469 119.11536931591694 -25.890317995507505
  endloop
endfacet
facet normal -3.520663680675287e-13 -4.509905187759187e-12 1.0
  outer loop
    vertex 4106.168828254784 114.59211973787606 -25.89031799550499
    vertex 4076.585106822469 119.11536931591694 -25.890317995507505
    vertex 4076.1968782548147 119.06425805535025 -25.890317995507605
  endloop
endfacet
facet normal -3.520663680675287e-13 -4.509905187759187e-12 1.0
  outer loop
    vertex 4106.168828254784 114.59211973787606 -25.89031799550499
    vertex 4076.1968782548147 119.06425805535025 -25.890317995507605
    vertex 4097.168828254784 115.19211973787614 -25.890317995505615
  endloop
endfacet
facet normal -3.520663680675287e-13 -4.509905187759187e-12 1.0
  outer loop
    vertex 4106.168828254784 114.59211973787606 -25.89031799550499
    vertex 4097.168828254784 115.19211973787614 -25.890317995505615
    vertex 4097.582938726948 115.13760105993863 -25.890317995505715
  endloop
endfacet
facet normal -3.520663680675287e-13 -4.509905187759187e-12 1.0
  outer loop
    vertex 4106.168828254784 114.59211973787606 -25.89031799550499
    vertex 4097.582938726948 115.13760105993863 -25.890317995505715
    vertex 4097.968828254784 114.97776038393124 -25.89031799550632
  endloop
endfacet
facet normal -3.520663680675287e-13 -4.509905187759187e-12 1.0
  outer loop
    vertex 4106.168828254784 114.59211973787606 -25.89031799550499
    vertex 4097.968828254784 114.97776038393124 -25.89031799550632
    vertex 4098.300199104682 114.72349058777462 -25.890317995507353
  endloop
endfacet
facet normal -3.520663680675287e-13 -4.509905187759187e-12 1.0
  outer loop
    vertex 4106.168828254784 114.59211973787606 -25.89031799550499
    vertex 4098.300199104682 114.72349058777462 -25.890317995507353
    vertex 4098.554468900839 114.39211973787614 -25.890317995508756
  endloop
endfacet
facet normal -3.520663680675287e-13 -4.509905187759187e-12 1.0
  outer loop
    vertex 4106.168828254784 114.59211973787606 -25.89031799550499
    vertex 4098.554468900839 114.39211973787614 -25.890317995508756
    vertex 4106.083276868522 113.28685781567557 -25.890317995510895
  endloop
endfacet
facet normal -3.520663680675287e-13 -4.509905187759187e-12 1.0
  outer loop
    vertex 4106.083276868522 113.28685781567557 -25.890317995510895
    vertex 4098.554468900839 114.39211973787614 -25.890317995508756
    vertex 4098.714309576847 114.00623021004016 -25.890317995510436
  endloop
endfacet
facet normal -3.520663680675287e-13 -4.509905187759187e-12 1.0
  outer loop
    vertex 4106.083276868522 113.28685781567557 -25.890317995510895
    vertex 4098.714309576847 114.00623021004016 -25.890317995510436
    vertex 4098.768828254784 113.59211973787615 -25.890317995512262
  endloop
endfacet
facet normal -3.520663680675287e-13 -4.509905187759187e-12 1.0
  outer loop
    vertex 4106.083276868522 113.28685781567557 -25.890317995510895
    vertex 4098.768828254784 113.59211973787615 -25.890317995512262
    vertex 4098.714309576847 113.17800926571209 -25.890317995514152
  endloop
endfacet
facet normal -3.520663680675287e-13 -4.509905187759187e-12 1.0
  outer loop
    vertex 4106.083276868522 113.28685781567557 -25.890317995510895
    vertex 4098.714309576847 113.17800926571209 -25.890317995514152
    vertex 4105.828086517675 112.00392928685089 -25.890317995516725
  endloop
endfacet
facet normal -3.520663680675287e-13 -4.509905187759187e-12 1.0
  outer loop
    vertex 4105.828086517675 112.00392928685089 -25.890317995516725
    vertex 4098.714309576847 113.17800926571209 -25.890317995514152
    vertex 4098.554468900839 112.79211973787615 -25.890317995515947
  endloop
endfacet
facet normal -3.520663680675287e-13 -4.509905187759187e-12 1.0
  outer loop
    vertex 4105.828086517675 112.00392928685089 -25.890317995516725
    vertex 4098.554468900839 112.79211973787615 -25.890317995515947
    vertex 4098.300199104682 112.46074888797769 -25.890317995517556
  endloop
endfacet
facet normal -3.520663680675287e-13 -4.509905187759187e-12 1.0
  outer loop
    vertex 4105.828086517675 112.00392928685089 -25.890317995516725
    vertex 4098.300199104682 112.46074888797769 -25.890317995517556
    vertex 4097.968828254784 112.20647909182102 -25.890317995518817
  endloop
endfacet
facet normal -3.520663680675287e-13 -4.509905187759187e-12 1.0
  outer loop
    vertex 4105.828086517675 112.00392928685089 -25.890317995516725
    vertex 4097.968828254784 112.20647909182102 -25.890317995518817
    vertex 4097.582938726948 112.04663841581363 -25.890317995519673
  endloop
endfacet
facet normal -3.520663680675287e-13 -4.509905187759187e-12 1.0
  outer loop
    vertex 4105.828086517675 112.00392928685089 -25.890317995516725
    vertex 4097.582938726948 112.04663841581363 -25.890317995519673
    vertex 4097.168828254784 111.99211973787615 -25.890317995520064
  endloop
endfacet
facet normal -3.520663680675287e-13 -4.509905187759187e-12 1.0
  outer loop
    vertex 4105.828086517675 112.00392928685089 -25.890317995516725
    vertex 4097.168828254784 111.99211973787615 -25.890317995520064
    vertex 4105.407623579897 110.76528541422523 -25.89031799552241
  endloop
endfacet
facet normal -3.520663680675287e-13 -4.509905187759187e-12 1.0
  outer loop
    vertex 4105.407623579897 110.76528541422523 -25.89031799552241
    vertex 4097.168828254784 111.99211973787615 -25.890317995520064
    vertex 4045.224928254755 111.9921197378757 -25.890317995545917
  endloop
endfacet
facet normal -3.520663680675287e-13 -4.509905187759187e-12 1.0
  outer loop
    vertex 4066.1968782548156 122.06425805534961 -25.90071399543295
    vertex 4075.8086496871615 122.0131467947836 -25.890317995494357
    vertex 4076.1968782548156 122.06425805535028 -25.890317995494048
  endloop
endfacet
facet normal -3.520663680675287e-13 -4.509905187759187e-12 1.0
  outer loop
    vertex 4075.8086496871615 122.0131467947836 -25.890317995494357
    vertex 4066.1968782548156 122.06425805534961 -25.90071399543295
    vertex 4066.585106822469 122.01314679478436 -25.900713995433787
  endloop
endfacet
facet normal -3.520663680675287e-13 -4.509905187759187e-12 1.0
  outer loop
    vertex 4075.8086496871615 122.0131467947836 -25.890317995494357
    vertex 4066.585106822469 122.01314679478436 -25.900713995433787
    vertex 4066.9468782548147 121.86329616102635 -25.9007139954345
  endloop
endfacet
facet normal -3.520663680675287e-13 -4.509905187759187e-12 1.0
  outer loop
    vertex 4075.8086496871615 122.0131467947836 -25.890317995494357
    vertex 4066.9468782548147 121.86329616102635 -25.9007139954345
    vertex 4075.4468782548142 121.86329616102775 -25.890317995494584
  endloop
endfacet
facet normal -3.520663680675287e-13 -4.509905187759187e-12 1.0
  outer loop
    vertex 4075.4468782548142 121.86329616102775 -25.890317995494584
    vertex 4066.9468782548147 121.86329616102635 -25.9007139954345
    vertex 4075.1362180830356 121.62491822713042 -25.89031799549546
  endloop
endfacet
facet normal -3.520663680675287e-13 -4.509905187759187e-12 1.0
  outer loop
    vertex 4075.1362180830356 121.62491822713042 -25.89031799549546
    vertex 4066.9468782548147 121.86329616102635 -25.9007139954345
    vertex 4067.2575384265947 121.62491822713046 -25.90071399543564
  endloop
endfacet
facet normal -3.520663680675287e-13 -4.509905187759187e-12 1.0
  outer loop
    vertex 4075.1362180830356 121.62491822713042 -25.89031799549546
    vertex 4067.2575384265947 121.62491822713046 -25.90071399543564
    vertex 4067.4959163604913 121.31425805535049 -25.90071399543734
  endloop
endfacet
facet normal -3.520663680675287e-13 -4.509905187759187e-12 1.0
  outer loop
    vertex 4075.1362180830356 121.62491822713042 -25.89031799549546
    vertex 4067.4959163604913 121.31425805535049 -25.90071399543734
    vertex 4074.897840149139 121.31425805534974 -25.89031799549669
  endloop
endfacet
facet normal -3.520663680675287e-13 -4.509905187759187e-12 1.0
  outer loop
    vertex 4074.897840149139 121.31425805534974 -25.89031799549669
    vertex 4067.4959163604913 121.31425805535049 -25.90071399543734
    vertex 4067.645766994249 120.95248662300384 -25.90071399543904
  endloop
endfacet
facet normal -3.520663680675287e-13 -4.509905187759187e-12 1.0
  outer loop
    vertex 4074.897840149139 121.31425805534974 -25.89031799549669
    vertex 4067.645766994249 120.95248662300384 -25.90071399543904
    vertex 4074.747989515382 120.9524866230038 -25.890317995498197
  endloop
endfacet
facet normal -3.520663680675287e-13 -4.509905187759187e-12 1.0
  outer loop
    vertex 4074.747989515382 120.9524866230038 -25.890317995498197
    vertex 4067.645766994249 120.95248662300384 -25.90071399543904
    vertex 4067.6968782548147 120.56425805535066 -25.900713995440857
  endloop
endfacet
facet normal -3.520663680675287e-13 -4.509905187759187e-12 1.0
  outer loop
    vertex 4074.747989515382 120.9524866230038 -25.890317995498197
    vertex 4067.6968782548147 120.56425805535066 -25.900713995440857
    vertex 4074.696878254815 120.56425805534991 -25.890317995499945
  endloop
endfacet
facet normal -3.520663680675287e-13 -4.509905187759187e-12 1.0
  outer loop
    vertex 4074.696878254815 120.56425805534991 -25.890317995499945
    vertex 4067.6968782548147 120.56425805535066 -25.900713995440857
    vertex 4067.645766994249 120.17602948769606 -25.900713995442374
  endloop
endfacet
facet normal -3.520663680675287e-13 -4.509905187759187e-12 1.0
  outer loop
    vertex 4074.696878254815 120.56425805534991 -25.890317995499945
    vertex 4067.645766994249 120.17602948769606 -25.900713995442374
    vertex 4074.747989515381 120.17602948769746 -25.89031799550152
  endloop
endfacet
facet normal -3.520663680675287e-13 -4.509905187759187e-12 1.0
  outer loop
    vertex 4074.747989515381 120.17602948769746 -25.89031799550152
    vertex 4067.645766994249 120.17602948769606 -25.900713995442374
    vertex 4074.8978401491386 119.81425805535008 -25.89031799550358
  endloop
endfacet
facet normal -3.520663680675287e-13 -4.509905187759187e-12 1.0
  outer loop
    vertex 4074.8978401491386 119.81425805535008 -25.89031799550358
    vertex 4067.645766994249 120.17602948769606 -25.900713995442374
    vertex 4067.495916360492 119.81425805535012 -25.900713995444082
  endloop
endfacet
facet normal -3.520663680675287e-13 -4.509905187759187e-12 1.0
  outer loop
    vertex 4074.8978401491386 119.81425805535008 -25.89031799550358
    vertex 4067.495916360492 119.81425805535012 -25.900713995444082
    vertex 4067.2575384265947 119.50359788357086 -25.900713995445308
  endloop
endfacet
facet normal -3.520663680675287e-13 -4.509905187759187e-12 1.0
  outer loop
    vertex 4074.8978401491386 119.81425805535008 -25.89031799550358
    vertex 4067.2575384265947 119.50359788357086 -25.900713995445308
    vertex 4075.1362180830356 119.50359788357011 -25.890317995504983
  endloop
endfacet
facet normal -3.520663680675287e-13 -4.509905187759187e-12 1.0
  outer loop
    vertex 4075.1362180830356 119.50359788357011 -25.890317995504983
    vertex 4067.2575384265947 119.50359788357086 -25.900713995445308
    vertex 4066.9468782548147 119.26521994967426 -25.900713995445972
  endloop
endfacet
facet normal -3.520663680675287e-13 -4.509905187759187e-12 1.0
  outer loop
    vertex 4075.1362180830356 119.50359788357011 -25.890317995504983
    vertex 4066.9468782548147 119.26521994967426 -25.900713995445972
    vertex 4075.4468782548142 119.26521994967422 -25.890317995506056
  endloop
endfacet
facet normal -3.520663680675287e-13 -4.509905187759187e-12 1.0
  outer loop
    vertex 4075.4468782548142 119.26521994967422 -25.890317995506056
    vertex 4066.9468782548147 119.26521994967426 -25.900713995445972
    vertex 4066.585106822469 119.11536931591698 -25.90071399544642
  endloop
endfacet
facet normal -3.520663680675287e-13 -4.509905187759187e-12 1.0
  outer loop
    vertex 4075.4468782548142 119.26521994967422 -25.890317995506056
    vertex 4066.585106822469 119.11536931591698 -25.90071399544642
    vertex 4075.808649687161 119.11536931591694 -25.890317995507132
  endloop
endfacet
facet normal -3.520663680675287e-13 -4.509905187759187e-12 1.0
  outer loop
    vertex 4075.808649687161 119.11536931591694 -25.890317995507132
    vertex 4066.585106822469 119.11536931591698 -25.90071399544642
    vertex 4066.196878254815 119.0642580553503 -25.90071399544651
  endloop
endfacet
facet normal -3.520663680675287e-13 -4.509905187759187e-12 1.0
  outer loop
    vertex 4075.808649687161 119.11536931591694 -25.890317995507132
    vertex 4066.196878254815 119.0642580553503 -25.90071399544651
    vertex 4076.1968782548147 119.06425805535025 -25.890317995507605
  endloop
endfacet
facet normal -3.520663680675287e-13 -4.509905187759187e-12 1.0
  outer loop
    vertex 4082.1968782548142 167.5642580553556 -25.890317995261203
    vertex 4096.754717782621 166.44580218637424 -25.89031799527642
    vertex 4097.168828254785 166.50032086431167 -25.89031799527603
  endloop
endfacet
facet normal -3.520663680675287e-13 -4.509905187759187e-12 1.0
  outer loop
    vertex 4096.754717782621 166.44580218637424 -25.89031799527642
    vertex 4082.1968782548142 167.5642580553556 -25.890317995261203
    vertex 4096.368828254785 166.2859615103669 -25.890317995277275
  endloop
endfacet
facet normal -3.520663680675287e-13 -4.509905187759187e-12 1.0
  outer loop
    vertex 4096.368828254785 166.2859615103669 -25.890317995277275
    vertex 4082.1968782548142 167.5642580553556 -25.890317995261203
    vertex 4096.037457404886 166.0316917142103 -25.89031799527855
  endloop
endfacet
facet normal -3.520663680675287e-13 -4.509905187759187e-12 1.0
  outer loop
    vertex 4096.037457404886 166.0316917142103 -25.89031799527855
    vertex 4082.1968782548142 167.5642580553556 -25.890317995261203
    vertex 4095.7831876087293 165.70032086431186 -25.890317995280125
  endloop
endfacet
facet normal -3.520663680675287e-13 -4.509905187759187e-12 1.0
  outer loop
    vertex 4095.7831876087293 165.70032086431186 -25.890317995280125
    vertex 4082.1968782548142 167.5642580553556 -25.890317995261203
    vertex 4095.6233469327217 165.31443133647588 -25.89031799528192
  endloop
endfacet
facet normal -3.520663680675287e-13 -4.509905187759187e-12 1.0
  outer loop
    vertex 4095.6233469327217 165.31443133647588 -25.89031799528192
    vertex 4082.1968782548142 167.5642580553556 -25.890317995261203
    vertex 4082.1968782548142 123.56425805534994 -25.89031799545618
  endloop
endfacet
facet normal -3.520663680675287e-13 -4.509905187759187e-12 1.0
  outer loop
    vertex 4095.6233469327217 165.31443133647588 -25.89031799528192
    vertex 4082.1968782548142 123.56425805534994 -25.89031799545618
    vertex 4095.5688282547844 164.90032086431185 -25.89031799528383
  endloop
endfacet
facet normal -3.520663680675287e-13 -4.509905187759187e-12 1.0
  outer loop
    vertex 4095.5688282547844 164.90032086431185 -25.89031799528383
    vertex 4082.1968782548142 123.56425805534994 -25.89031799545618
    vertex 4095.6233469327217 164.48621039214777 -25.890317995285663
  endloop
endfacet
facet normal -3.520663680675287e-13 -4.509905187759187e-12 1.0
  outer loop
    vertex 4095.6233469327217 164.48621039214777 -25.890317995285663
    vertex 4082.1968782548142 123.56425805534994 -25.89031799545618
    vertex 4095.7831876087293 164.10032086431178 -25.890317995287337
  endloop
endfacet
facet normal -3.520663680675287e-13 -4.509905187759187e-12 1.0
  outer loop
    vertex 4095.7831876087293 164.10032086431178 -25.890317995287337
    vertex 4082.1968782548142 123.56425805534994 -25.89031799545618
    vertex 4096.037457404886 163.76895001441326 -25.890317995288743
  endloop
endfacet
facet normal -3.520663680675287e-13 -4.509905187759187e-12 1.0
  outer loop
    vertex 4096.037457404886 163.76895001441326 -25.890317995288743
    vertex 4082.1968782548142 123.56425805534994 -25.89031799545618
    vertex 4096.368828254784 163.51468021825656 -25.890317995289774
  endloop
endfacet
facet normal -3.520663680675287e-13 -4.509905187759187e-12 1.0
  outer loop
    vertex 4096.368828254784 163.51468021825656 -25.890317995289774
    vertex 4082.1968782548142 123.56425805534994 -25.89031799545618
    vertex 4096.754717782621 163.3548395422491 -25.890317995290378
  endloop
endfacet
facet normal -3.520663680675287e-13 -4.509905187759187e-12 1.0
  outer loop
    vertex 4096.754717782621 163.3548395422491 -25.890317995290378
    vertex 4082.1968782548142 123.56425805534994 -25.89031799545618
    vertex 4097.168828254785 163.30032086431154 -25.890317995290456
  endloop
endfacet
facet normal -3.520663680675287e-13 -4.509905187759187e-12 1.0
  outer loop
    vertex 4060.1968782548142 167.5642580553563 -25.89031799532565
    vertex 4046.7704095768177 165.31443133647792 -25.890317995296666
    vertex 4060.1968782548142 123.5642580553485 -25.890317995522494
  endloop
endfacet
facet normal -3.520663680675287e-13 -4.509905187759187e-12 1.0
  outer loop
    vertex 4046.7704095768177 165.31443133647792 -25.890317995296666
    vertex 4060.1968782548142 167.5642580553563 -25.89031799532565
    vertex 4046.6105689008104 165.70032086431394 -25.890317995294975
  endloop
endfacet
facet normal -3.520663680675287e-13 -4.509905187759187e-12 1.0
  outer loop
    vertex 4046.6105689008104 165.70032086431394 -25.890317995294975
    vertex 4060.1968782548142 167.5642580553563 -25.89031799532565
    vertex 4046.4571035032145 165.90032086431415 -25.890317995294467
  endloop
endfacet
facet normal -3.520663680675287e-13 -4.509905187759187e-12 1.0
  outer loop
    vertex 4046.4571035032145 165.90032086431415 -25.890317995294467
    vertex 4060.1968782548142 167.5642580553563 -25.89031799532565
    vertex 4046.3562991046538 166.03169171421246 -25.890317995293604
  endloop
endfacet
facet normal -3.520663680675287e-13 -4.509905187759187e-12 1.0
  outer loop
    vertex 4046.3562991046538 166.03169171421246 -25.890317995293604
    vertex 4060.1968782548142 167.5642580553563 -25.89031799532565
    vertex 4046.0249282547557 166.28596151036913 -25.890317995292627
  endloop
endfacet
facet normal -3.520663680675287e-13 -4.509905187759187e-12 1.0
  outer loop
    vertex 4046.0249282547557 166.28596151036913 -25.890317995292627
    vertex 4060.1968782548142 167.5642580553563 -25.89031799532565
    vertex 4045.639038726919 166.44580218637662 -25.890317995292136
  endloop
endfacet
facet normal -3.520663680675287e-13 -4.509905187759187e-12 1.0
  outer loop
    vertex 4045.639038726919 166.44580218637662 -25.890317995292136
    vertex 4060.1968782548142 167.5642580553563 -25.89031799532565
    vertex 4045.224928254755 166.5003208643142 -25.890317995292094
  endloop
endfacet
facet normal -3.520663680675287e-13 -4.509905187759187e-12 1.0
  outer loop
    vertex 4060.1968782548142 123.5642580553485 -25.890317995522494
    vertex 4046.7704095768177 165.31443133647792 -25.890317995296666
    vertex 4046.8249282547545 164.9003208643139 -25.89031799529852
  endloop
endfacet
facet normal -3.520663680675287e-13 -4.509905187759187e-12 1.0
  outer loop
    vertex 4060.1968782548142 123.5642580553485 -25.890317995522494
    vertex 4046.8249282547545 164.9003208643139 -25.89031799529852
    vertex 4046.7704095768177 164.48621039214987 -25.89031799530043
  endloop
endfacet
facet normal -3.520663680675287e-13 -4.509905187759187e-12 1.0
  outer loop
    vertex 4060.1968782548142 123.5642580553485 -25.890317995522494
    vertex 4046.7704095768177 164.48621039214987 -25.89031799530043
    vertex 4046.6105689008095 164.10032086431394 -25.890317995302265
  endloop
endfacet
facet normal -3.520663680675287e-13 -4.509905187759187e-12 1.0
  outer loop
    vertex 4060.1968782548142 123.5642580553485 -25.890317995522494
    vertex 4046.6105689008095 164.10032086431394 -25.890317995302265
    vertex 4046.356299104653 163.76895001441554 -25.890317995303942
  endloop
endfacet
facet normal -3.520663680675287e-13 -4.509905187759187e-12 1.0
  outer loop
    vertex 4060.1968782548142 123.5642580553485 -25.890317995522494
    vertex 4046.356299104653 163.76895001441554 -25.890317995303942
    vertex 4046.0249282547547 163.51468021825897 -25.890317995305256
  endloop
endfacet
facet normal -3.520663680675287e-13 -4.509905187759187e-12 1.0
  outer loop
    vertex 4060.1968782548142 123.5642580553485 -25.890317995522494
    vertex 4046.0249282547547 163.51468021825897 -25.890317995305256
    vertex 4045.639038726919 163.35483954225165 -25.890317995306198
  endloop
endfacet
facet normal -3.520663680675287e-13 -4.509905187759187e-12 1.0
  outer loop
    vertex 4060.1968782548142 123.5642580553485 -25.890317995522494
    vertex 4045.639038726919 163.35483954225165 -25.890317995306198
    vertex 4045.224928254755 163.30032086431424 -25.890317995306678
  endloop
endfacet
facet normal -3.520663680675287e-13 -4.509905187759187e-12 1.0
  outer loop
    vertex 4044.9196663325547 173.81476947805226 -25.890317995259608
    vertex 4096.168828254784 173.90032086431148 -25.890317995243365
    vertex 4046.2249282547546 173.90032086431427 -25.890317995258787
  endloop
endfacet
facet normal -3.520663680675287e-13 -4.509905187759187e-12 1.0
  outer loop
    vertex 4096.168828254784 173.90032086431148 -25.890317995243365
    vertex 4044.9196663325547 173.81476947805226 -25.890317995259608
    vertex 4097.474090176985 173.81476947804958 -25.890317995243297
  endloop
endfacet
facet normal -3.520663680675287e-13 -4.509905187759187e-12 1.0
  outer loop
    vertex 4097.474090176985 173.81476947804958 -25.890317995243297
    vertex 4044.9196663325547 173.81476947805226 -25.890317995259608
    vertex 4043.63673780373 173.55957912720487 -25.890317995261235
  endloop
endfacet
facet normal -3.520663680675287e-13 -4.509905187759187e-12 1.0
  outer loop
    vertex 4097.474090176985 173.81476947804958 -25.890317995243297
    vertex 4043.63673780373 173.55957912720487 -25.890317995261235
    vertex 4098.757018705809 173.55957912720214 -25.890317995243922
  endloop
endfacet
facet normal -3.520663680675287e-13 -4.509905187759187e-12 1.0
  outer loop
    vertex 4098.757018705809 173.55957912720214 -25.890317995243922
    vertex 4043.63673780373 173.55957912720487 -25.890317995261235
    vertex 4042.398093931104 173.13911618942703 -25.89031799526363
  endloop
endfacet
facet normal -3.520663680675287e-13 -4.509905187759187e-12 1.0
  outer loop
    vertex 4098.757018705809 173.55957912720214 -25.890317995243922
    vertex 4042.398093931104 173.13911618942703 -25.89031799526363
    vertex 4099.995662578434 173.13911618942436 -25.890317995245375
  endloop
endfacet
facet normal -3.520663680675287e-13 -4.509905187759187e-12 1.0
  outer loop
    vertex 4099.995662578434 173.13911618942436 -25.890317995245375
    vertex 4042.398093931104 173.13911618942703 -25.89031799526363
    vertex 4041.2249282547546 172.56057490215855 -25.89031799526662
  endloop
endfacet
facet normal -3.520663680675287e-13 -4.509905187759187e-12 1.0
  outer loop
    vertex 4099.995662578434 173.13911618942436 -25.890317995245375
    vertex 4041.2249282547546 172.56057490215855 -25.89031799526662
    vertex 4101.168828254785 172.56057490215585 -25.890317995247525
  endloop
endfacet
facet normal -3.520663680675287e-13 -4.509905187759187e-12 1.0
  outer loop
    vertex 4101.168828254785 172.56057490215585 -25.890317995247525
    vertex 4041.2249282547546 172.56057490215855 -25.89031799526662
    vertex 4040.137313964668 171.83385426722654 -25.890317995270287
  endloop
endfacet
facet normal -3.520663680675287e-13 -4.509905187759187e-12 1.0
  outer loop
    vertex 4101.168828254785 172.56057490215585 -25.890317995247525
    vertex 4040.137313964668 171.83385426722654 -25.890317995270287
    vertex 4066.1968782548156 172.06425805535096 -25.890317995272078
  endloop
endfacet
facet normal -3.520663680675287e-13 -4.509905187759187e-12 1.0
  outer loop
    vertex 4066.1968782548156 172.06425805535096 -25.890317995272078
    vertex 4040.137313964668 171.83385426722654 -25.890317995270287
    vertex 4065.808649687162 172.01314679478426 -25.8903179952721
  endloop
endfacet
facet normal -3.520663680675287e-13 -4.509905187759187e-12 1.0
  outer loop
    vertex 4065.808649687162 172.01314679478426 -25.8903179952721
    vertex 4040.137313964668 171.83385426722654 -25.890317995270287
    vertex 4065.446878254816 171.86329616102626 -25.890317995272337
  endloop
endfacet
facet normal -3.520663680675287e-13 -4.509905187759187e-12 1.0
  outer loop
    vertex 4065.446878254816 171.86329616102626 -25.890317995272337
    vertex 4040.137313964668 171.83385426722654 -25.890317995270287
    vertex 4065.136218083035 171.6249182271304 -25.8903179952732
  endloop
endfacet
facet normal -3.520663680675287e-13 -4.509905187759187e-12 1.0
  outer loop
    vertex 4065.136218083035 171.6249182271304 -25.8903179952732
    vertex 4040.137313964668 171.83385426722654 -25.890317995270287
    vertex 4039.1538604428893 170.97138867617969 -25.89031799527452
  endloop
endfacet
facet normal -3.520663680675287e-13 -4.509905187759187e-12 1.0
  outer loop
    vertex 4065.136218083035 171.6249182271304 -25.8903179952732
    vertex 4039.1538604428893 170.97138867617969 -25.89031799527452
    vertex 4064.8978401491395 171.31425805534968 -25.890317995274433
  endloop
endfacet
facet normal -3.520663680675287e-13 -4.509905187759187e-12 1.0
  outer loop
    vertex 4064.8978401491395 171.31425805534968 -25.890317995274433
    vertex 4039.1538604428893 170.97138867617969 -25.89031799527452
    vertex 4064.747989515381 170.9524866230052 -25.89031799527594
  endloop
endfacet
facet normal -3.520663680675287e-13 -4.509905187759187e-12 1.0
  outer loop
    vertex 4064.747989515381 170.9524866230052 -25.89031799527594
    vertex 4039.1538604428893 170.97138867617969 -25.89031799527452
    vertex 4038.2913948518426 169.9879351544014 -25.890317995279243
  endloop
endfacet
facet normal -3.520663680675287e-13 -4.509905187759187e-12 1.0
  outer loop
    vertex 4064.747989515381 170.9524866230052 -25.89031799527594
    vertex 4038.2913948518426 169.9879351544014 -25.890317995279243
    vertex 4064.696878254815 170.5642580553513 -25.890317995277755
  endloop
endfacet
facet normal -3.520663680675287e-13 -4.509905187759187e-12 1.0
  outer loop
    vertex 4064.696878254815 170.5642580553513 -25.890317995277755
    vertex 4038.2913948518426 169.9879351544014 -25.890317995279243
    vertex 4064.747989515383 170.1760294876967 -25.890317995279556
  endloop
endfacet
facet normal -3.520663680675287e-13 -4.509905187759187e-12 1.0
  outer loop
    vertex 4064.747989515383 170.1760294876967 -25.890317995279556
    vertex 4038.2913948518426 169.9879351544014 -25.890317995279243
    vertex 4064.8978401491377 169.81425805535292 -25.890317995281322
  endloop
endfacet
facet normal -3.520663680675287e-13 -4.509905187759187e-12 1.0
  outer loop
    vertex 4064.8978401491377 169.81425805535292 -25.890317995281322
    vertex 4038.2913948518426 169.9879351544014 -25.890317995279243
    vertex 4037.56467421691 168.9003208643142 -25.890317995284388
  endloop
endfacet
facet normal -3.520663680675287e-13 -4.509905187759187e-12 1.0
  outer loop
    vertex 4064.8978401491377 169.81425805535292 -25.890317995281322
    vertex 4037.56467421691 168.9003208643142 -25.890317995284388
    vertex 4065.136218083035 169.5035978835708 -25.890317995283006
  endloop
endfacet
facet normal -3.520663680675287e-13 -4.509905187759187e-12 1.0
  outer loop
    vertex 4065.136218083035 169.5035978835708 -25.890317995283006
    vertex 4037.56467421691 168.9003208643142 -25.890317995284388
    vertex 4065.446878254816 169.26521994967345 -25.890317995284096
  endloop
endfacet
facet normal -3.520663680675287e-13 -4.509905187759187e-12 1.0
  outer loop
    vertex 4065.446878254816 169.26521994967345 -25.890317995284096
    vertex 4037.56467421691 168.9003208643142 -25.890317995284388
    vertex 4065.808649687161 169.1153693159176 -25.89031799528501
  endloop
endfacet
facet normal -3.520663680675287e-13 -4.509905187759187e-12 1.0
  outer loop
    vertex 4065.808649687161 169.1153693159176 -25.89031799528501
    vertex 4037.56467421691 168.9003208643142 -25.890317995284388
    vertex 4066.196878254815 169.0642580553502 -25.890317995285347
  endloop
endfacet
facet normal -3.520663680675287e-13 -4.509905187759187e-12 1.0
  outer loop
    vertex 4066.196878254815 169.0642580553502 -25.890317995285347
    vertex 4037.56467421691 168.9003208643142 -25.890317995284388
    vertex 4076.1968782548156 169.0642580553502 -25.890317995284356
  endloop
endfacet
facet normal -3.520663680675287e-13 -4.509905187759187e-12 1.0
  outer loop
    vertex 4066.5851068224683 172.013146794785 -25.890317995272618
    vertex 4076.1968782548147 172.06425805535096 -25.890317995271083
    vertex 4066.1968782548156 172.06425805535096 -25.890317995272078
  endloop
endfacet
facet normal -3.520663680675287e-13 -4.509905187759187e-12 1.0
  outer loop
    vertex 4076.1968782548147 172.06425805535096 -25.890317995271083
    vertex 4066.5851068224683 172.013146794785 -25.890317995272618
    vertex 4075.808649687161 172.01314679478426 -25.8903179952711
  endloop
endfacet
facet normal -3.520663680675287e-13 -4.509905187759187e-12 1.0
  outer loop
    vertex 4075.808649687161 172.01314679478426 -25.8903179952711
    vertex 4066.5851068224683 172.013146794785 -25.890317995272618
    vertex 4066.9468782548142 171.86329616102842 -25.89031799527334
  endloop
endfacet
facet normal -3.520663680675287e-13 -4.509905187759187e-12 1.0
  outer loop
    vertex 4075.808649687161 172.01314679478426 -25.8903179952711
    vertex 4066.9468782548142 171.86329616102842 -25.89031799527334
    vertex 4075.446878254815 171.86329616102626 -25.89031799527133
  endloop
endfacet
facet normal -3.520663680675287e-13 -4.509905187759187e-12 1.0
  outer loop
    vertex 4075.446878254815 171.86329616102626 -25.89031799527133
    vertex 4066.9468782548142 171.86329616102842 -25.89031799527334
    vertex 4067.2575384265947 171.6249182271304 -25.89031799527462
  endloop
endfacet
facet normal -3.520663680675287e-13 -4.509905187759187e-12 1.0
  outer loop
    vertex 4075.446878254815 171.86329616102626 -25.89031799527133
    vertex 4067.2575384265947 171.6249182271304 -25.89031799527462
    vertex 4075.1362180830356 171.6249182271304 -25.890317995272206
  endloop
endfacet
facet normal -3.520663680675287e-13 -4.509905187759187e-12 1.0
  outer loop
    vertex 4075.1362180830356 171.6249182271304 -25.890317995272206
    vertex 4067.2575384265947 171.6249182271304 -25.89031799527462
    vertex 4067.495916360492 171.31425805535113 -25.890317995276316
  endloop
endfacet
facet normal -3.520663680675287e-13 -4.509905187759187e-12 1.0
  outer loop
    vertex 4075.1362180830356 171.6249182271304 -25.890317995272206
    vertex 4067.495916360492 171.31425805535113 -25.890317995276316
    vertex 4074.89784014914 171.31425805534968 -25.890317995273435
  endloop
endfacet
facet normal -3.520663680675287e-13 -4.509905187759187e-12 1.0
  outer loop
    vertex 4074.89784014914 171.31425805534968 -25.890317995273435
    vertex 4067.495916360492 171.31425805535113 -25.890317995276316
    vertex 4067.645766994249 170.95248662300375 -25.89031799527788
  endloop
endfacet
facet normal -3.520663680675287e-13 -4.509905187759187e-12 1.0
  outer loop
    vertex 4074.89784014914 171.31425805534968 -25.890317995273435
    vertex 4067.645766994249 170.95248662300375 -25.89031799527788
    vertex 4074.747989515382 170.95248662300446 -25.89031799527494
  endloop
endfacet
facet normal -3.520663680675287e-13 -4.509905187759187e-12 1.0
  outer loop
    vertex 4074.747989515382 170.95248662300446 -25.89031799527494
    vertex 4067.645766994249 170.95248662300375 -25.89031799527788
    vertex 4074.6968782548147 170.5642580553513 -25.89031799527664
  endloop
endfacet
facet normal -3.520663680675287e-13 -4.509905187759187e-12 1.0
  outer loop
    vertex 4074.6968782548147 170.5642580553513 -25.89031799527664
    vertex 4067.645766994249 170.95248662300375 -25.89031799527788
    vertex 4067.696878254816 170.5642580553506 -25.890317995279624
  endloop
endfacet
facet normal -3.520663680675287e-13 -4.509905187759187e-12 1.0
  outer loop
    vertex 4074.6968782548147 170.5642580553513 -25.89031799527664
    vertex 4067.696878254816 170.5642580553506 -25.890317995279624
    vertex 4074.747989515382 170.17602948769596 -25.890317995278558
  endloop
endfacet
facet normal -3.520663680675287e-13 -4.509905187759187e-12 1.0
  outer loop
    vertex 4074.747989515382 170.17602948769596 -25.890317995278558
    vertex 4067.696878254816 170.5642580553506 -25.890317995279624
    vertex 4067.645766994248 170.1760294876974 -25.890317995281496
  endloop
endfacet
facet normal -3.520663680675287e-13 -4.509905187759187e-12 1.0
  outer loop
    vertex 4074.747989515382 170.17602948769596 -25.890317995278558
    vertex 4067.645766994248 170.1760294876974 -25.890317995281496
    vertex 4067.495916360492 169.81425805535147 -25.890317995283205
  endloop
endfacet
facet normal -3.520663680675287e-13 -4.509905187759187e-12 1.0
  outer loop
    vertex 4074.747989515382 170.17602948769596 -25.890317995278558
    vertex 4067.495916360492 169.81425805535147 -25.890317995283205
    vertex 4074.8978401491386 169.81425805535147 -25.890317995280324
  endloop
endfacet
facet normal -3.520663680675287e-13 -4.509905187759187e-12 1.0
  outer loop
    vertex 4074.8978401491386 169.81425805535147 -25.890317995280324
    vertex 4067.495916360492 169.81425805535147 -25.890317995283205
    vertex 4067.2575384265947 169.5035978835708 -25.890317995284427
  endloop
endfacet
facet normal -3.520663680675287e-13 -4.509905187759187e-12 1.0
  outer loop
    vertex 4074.8978401491386 169.81425805535147 -25.890317995280324
    vertex 4067.2575384265947 169.5035978835708 -25.890317995284427
    vertex 4075.136218083035 169.5035978835715 -25.89031799528189
  endloop
endfacet
facet normal -3.520663680675287e-13 -4.509905187759187e-12 1.0
  outer loop
    vertex 4075.136218083035 169.5035978835715 -25.89031799528189
    vertex 4067.2575384265947 169.5035978835708 -25.890317995284427
    vertex 4075.446878254815 169.2652199496749 -25.89031799528309
  endloop
endfacet
facet normal -3.520663680675287e-13 -4.509905187759187e-12 1.0
  outer loop
    vertex 4075.446878254815 169.2652199496749 -25.89031799528309
    vertex 4067.2575384265947 169.5035978835708 -25.890317995284427
    vertex 4066.9468782548156 169.2652199496749 -25.8903179952851
  endloop
endfacet
facet normal -3.520663680675287e-13 -4.509905187759187e-12 1.0
  outer loop
    vertex 4075.446878254815 169.2652199496749 -25.89031799528309
    vertex 4066.9468782548156 169.2652199496749 -25.8903179952851
    vertex 4066.585106822469 169.1153693159169 -25.89031799528554
  endloop
endfacet
facet normal -3.520663680675287e-13 -4.509905187759187e-12 1.0
  outer loop
    vertex 4075.446878254815 169.2652199496749 -25.89031799528309
    vertex 4066.585106822469 169.1153693159169 -25.89031799528554
    vertex 4075.8086496871615 169.1153693159169 -25.89031799528401
  endloop
endfacet
facet normal -3.520663680675287e-13 -4.509905187759187e-12 1.0
  outer loop
    vertex 4075.8086496871615 169.1153693159169 -25.89031799528401
    vertex 4066.585106822469 169.1153693159169 -25.89031799528554
    vertex 4066.196878254815 169.0642580553502 -25.890317995285347
  endloop
endfacet
facet normal -3.520663680675287e-13 -4.509905187759187e-12 1.0
  outer loop
    vertex 4075.8086496871615 169.1153693159169 -25.89031799528401
    vertex 4066.196878254815 169.0642580553502 -25.890317995285347
    vertex 4076.1968782548156 169.0642580553502 -25.890317995284356
  endloop
endfacet
facet normal 1.0 2.4221347578027925e-24 -5.414335646618451e-13
  outer loop
    vertex 4060.1968782548142 123.5642580553485 -25.890317995522494
    vertex 4060.196878254812 167.56425805537364 -29.890317995232213
    vertex 4060.1968782548142 167.5642580553563 -25.89031799532565
  endloop
endfacet
facet normal 1.0 2.4221347578027925e-24 -5.414335646618451e-13
  outer loop
    vertex 4060.196878254812 167.56425805537364 -29.890317995232213
    vertex 4060.1968782548142 123.5642580553485 -25.890317995522494
    vertex 4060.196878254812 123.56425805536637 -29.89031799542904
  endloop
endfacet
facet normal 0.831469612302447 -0.5555702330197493 -2.1731659261155906e-12
  outer loop
    vertex 4104.102361657697 108.50450544778894 -25.890317995533017
    vertex 4104.829082292628 109.59211973789405 -29.887912995527877
    vertex 4104.829082292628 109.59211973787612 -25.890317995527887
  endloop
endfacet
facet normal 0.831469612302447 -0.5555702330197493 -2.1731659261155906e-12
  outer loop
    vertex 4104.829082292628 109.59211973789405 -29.887912995527877
    vertex 4104.102361657697 108.50450544778894 -25.890317995533017
    vertex 4104.102361657697 108.50450544780684 -29.88791299553301
  endloop
endfacet
facet normal 0.946930129495061 -0.3214394653032935 -1.083106108210851e-12
  outer loop
    vertex 4105.407623579897 110.76528541422523 -25.89031799552241
    vertex 4105.828086517675 112.00392928686878 -29.887912995516714
    vertex 4105.828086517675 112.00392928685089 -25.890317995516725
  endloop
endfacet
facet normal 0.946930129495061 -0.3214394653032935 -1.083106108210851e-12
  outer loop
    vertex 4105.828086517675 112.00392928686878 -29.887912995516714
    vertex 4105.407623579897 110.76528541422523 -25.89031799552241
    vertex 4105.407623579897 110.76528541424312 -29.887912995522406
  endloop
endfacet
facet normal 0.8968727415328464 -0.442288690218681 -1.642185138672305e-12
  outer loop
    vertex 4104.829082292628 109.59211973787612 -25.890317995527887
    vertex 4105.407623579897 110.76528541424312 -29.887912995522406
    vertex 4105.407623579897 110.76528541422523 -25.89031799552241
  endloop
endfacet
facet normal 0.8968727415328464 -0.442288690218681 -1.642185138672305e-12
  outer loop
    vertex 4105.407623579897 110.76528541424312 -29.887912995522406
    vertex 4104.829082292628 109.59211973787612 -25.890317995527887
    vertex 4104.829082292628 109.59211973789405 -29.887912995527877
  endloop
endfacet
facet normal 0.7518398074790356 -0.6593458151000025 -2.666963242044433e-12
  outer loop
    vertex 4103.23989606665 107.52105192601066 -25.8903179955377
    vertex 4104.102361657697 108.50450544780684 -29.88791299553301
    vertex 4104.102361657697 108.50450544778894 -25.890317995533017
  endloop
endfacet
facet normal 0.7518398074790356 -0.6593458151000025 -2.666963242044433e-12
  outer loop
    vertex 4104.102361657697 108.50450544780684 -29.88791299553301
    vertex 4103.23989606665 107.52105192601066 -25.8903179955377
    vertex 4103.23989606665 107.52105192602859 -29.887912995537697
  endloop
endfacet
facet normal 0.6593458150998814 -0.7518398074791418 -3.1151280774821206e-12
  outer loop
    vertex 4103.23989606665 107.52105192601066 -25.8903179955377
    vertex 4102.256442544871 106.65858633498173 -29.887912995541914
    vertex 4103.23989606665 107.52105192602859 -29.887912995537697
  endloop
endfacet
facet normal 0.6593458150998814 -0.7518398074791418 -3.1151280774821206e-12
  outer loop
    vertex 4102.256442544871 106.65858633498173 -29.887912995541914
    vertex 4103.23989606665 107.52105192601066 -25.8903179955377
    vertex 4102.256442544871 106.6585863349638 -25.890317995541924
  endloop
endfacet
facet normal 0.9978589232386145 -0.06540312922997615 8.076560105221267e-14
  outer loop
    vertex 4106.083276868522 113.28685781567557 -25.890317995510895
    vertex 4106.168828254784 114.592119737894 -29.887912995504983
    vertex 4106.168828254784 114.59211973787606 -25.89031799550499
  endloop
endfacet
facet normal 0.9978589232386145 -0.06540312922997615 8.076560105221267e-14
  outer loop
    vertex 4106.168828254784 114.592119737894 -29.887912995504983
    vertex 4106.083276868522 113.28685781567557 -25.890317995510895
    vertex 4106.083276868522 113.28685781569347 -29.88791299551089
  endloop
endfacet
facet normal 0.9807852804031961 -0.19509032201630092 -5.054948319422575e-13
  outer loop
    vertex 4105.828086517675 112.00392928685089 -25.890317995516725
    vertex 4106.083276868522 113.28685781569347 -29.88791299551089
    vertex 4106.083276868522 113.28685781567557 -25.890317995510895
  endloop
endfacet
facet normal 0.9807852804031961 -0.19509032201630092 -5.054948319422575e-13
  outer loop
    vertex 4106.083276868522 113.28685781569347 -29.88791299551089
    vertex 4105.828086517675 112.00392928685089 -25.890317995516725
    vertex 4105.828086517675 112.00392928686878 -29.887912995516714
  endloop
endfacet
facet normal -0.9978589232386145 0.06540312922997615 -9.325745541852404e-14
  outer loop
    vertex 4036.3104796410166 165.20558278653255 -29.890250347166173
    vertex 4036.224928254755 163.90032086431427 -25.89031799530727
    vertex 4036.3104796410166 165.20558278651478 -25.890317995301427
  endloop
endfacet
facet normal -0.9978589232386145 0.06540312922997615 -9.325745541852404e-14
  outer loop
    vertex 4036.224928254755 163.90032086431427 -25.89031799530727
    vertex 4036.3104796410166 165.20558278653255 -29.890250347166173
    vertex 4036.224928254755 163.90032086433203 -29.890250347172017
  endloop
endfacet
facet normal -0.831469612302447 0.5555702330197493 2.1638844634092597e-12
  outer loop
    vertex 4038.2913948518426 169.98793515441918 -29.89025034714402
    vertex 4037.56467421691 168.9003208643142 -25.890317995284388
    vertex 4038.2913948518426 169.9879351544014 -25.890317995279243
  endloop
endfacet
facet normal -0.831469612302447 0.5555702330197493 2.1638844634092597e-12
  outer loop
    vertex 4037.56467421691 168.9003208643142 -25.890317995284388
    vertex 4038.2913948518426 169.98793515441918 -29.89025034714402
    vertex 4037.56467421691 168.90032086433197 -29.890250347149163
  endloop
endfacet
facet normal 0.7518398074790356 0.6593458151000025 3.2402174159601117e-12
  outer loop
    vertex 4104.102361657697 169.98793515441653 -29.88991248641514
    vertex 4103.23989606665 170.97138867617696 -25.89031799525382
    vertex 4104.102361657697 169.98793515439868 -25.89031799525789
  endloop
endfacet
facet normal 0.7518398074790356 0.6593458151000025 3.2402174159601117e-12
  outer loop
    vertex 4103.23989606665 170.97138867617696 -25.89031799525382
    vertex 4104.102361657697 169.98793515441653 -29.88991248641514
    vertex 4103.2398960666505 170.97138867619478 -29.88991248641107
  endloop
endfacet
facet normal -0.5555702330195823 -0.8314696123025584 -3.3334598299809074e-12
  outer loop
    vertex 4041.2249282547546 105.9318657000315 -25.890317995570157
    vertex 4040.1373139646666 106.65858633498132 -29.889916787100542
    vertex 4041.2249282547536 105.9318657000493 -29.889916787104504
  endloop
endfacet
facet normal -0.5555702330195823 -0.8314696123025584 -3.3334598299809074e-12
  outer loop
    vertex 4040.1373139646666 106.65858633498132 -29.889916787100542
    vertex 4041.2249282547546 105.9318657000315 -25.890317995570157
    vertex 4040.137313964667 106.65858633496353 -25.890317995566164
  endloop
endfacet
facet normal 0.831469612302447 0.5555702330197493 2.806281988876215e-12
  outer loop
    vertex 4104.829082292629 168.90032086432933 -29.88991248641974
    vertex 4104.102361657697 169.98793515439868 -25.89031799525789
    vertex 4104.829082292628 168.90032086431148 -25.890317995262528
  endloop
endfacet
facet normal 0.831469612302447 0.5555702330197493 2.806281988876215e-12
  outer loop
    vertex 4104.102361657697 169.98793515439868 -25.89031799525789
    vertex 4104.829082292629 168.90032086432933 -29.88991248641974
    vertex 4104.102361657697 169.98793515441653 -29.88991248641514
  endloop
endfacet
facet normal 0.9978589232386145 0.06540312922997615 6.760905552218705e-13
  outer loop
    vertex 4106.168828254785 163.90032086432933 -29.889912486441442
    vertex 4106.083276868522 165.20558278651197 -25.89031799527858
    vertex 4106.168828254784 163.90032086431148 -25.890317995284224
  endloop
endfacet
facet normal 0.9978589232386145 0.06540312922997615 6.760905552218705e-13
  outer loop
    vertex 4106.083276868522 165.20558278651197 -25.89031799527858
    vertex 4106.168828254785 163.90032086432933 -29.889912486441442
    vertex 4106.083276868523 165.20558278652982 -29.88991248643579
  endloop
endfacet
facet normal -0.9807852804031969 -0.19509032201629764 -2.1294988330476465e-13
  outer loop
    vertex 4036.3104796410157 113.28685781569315 -29.88991678706844
    vertex 4036.565669991864 112.00392928685068 -25.89031799553999
    vertex 4036.3104796410166 113.28685781567539 -25.890317995534062
  endloop
endfacet
facet normal -0.9807852804031969 -0.19509032201629764 -2.1294988330476465e-13
  outer loop
    vertex 4036.565669991864 112.00392928685068 -25.89031799553999
    vertex 4036.3104796410157 113.28685781569315 -29.88991678706844
    vertex 4036.5656699918636 112.00392928686847 -29.889916787074334
  endloop
endfacet
facet normal -0.9807852804031961 0.19509032201630092 4.935110325606689e-13
  outer loop
    vertex 4036.565669991864 166.48851131535724 -29.890250347160347
    vertex 4036.3104796410166 165.20558278651478 -25.890317995301427
    vertex 4036.565669991864 166.48851131533945 -25.8903179952956
  endloop
endfacet
facet normal -0.9807852804031961 0.19509032201630092 4.935110325606689e-13
  outer loop
    vertex 4036.3104796410166 165.20558278651478 -25.890317995301427
    vertex 4036.565669991864 166.48851131535724 -29.890250347160347
    vertex 4036.3104796410166 165.20558278653255 -29.890250347166173
  endloop
endfacet
facet normal 0.3214394653031543 0.9469301294951082 4.362177278881231e-12
  outer loop
    vertex 4098.75701870581 173.55957912722 -29.889912486401165
    vertex 4099.995662578434 173.13911618942436 -25.890317995245375
    vertex 4099.995662578435 173.1391161894422 -29.889912486402594
  endloop
endfacet
facet normal 0.3214394653031543 0.9469301294951082 4.362177278881231e-12
  outer loop
    vertex 4099.995662578434 173.13911618942436 -25.890317995245375
    vertex 4098.75701870581 173.55957912722 -29.889912486401165
    vertex 4098.757018705809 173.55957912720214 -25.890317995243922
  endloop
endfacet
facet normal 0.6593458151001648 0.7518398074788932 3.618711824699769e-12
  outer loop
    vertex 4102.256442544873 171.83385426724166 -29.889912486407578
    vertex 4103.23989606665 170.97138867617696 -25.89031799525382
    vertex 4103.2398960666505 170.97138867619478 -29.88991248641107
  endloop
endfacet
facet normal 0.6593458151001648 0.7518398074788932 3.618711824699769e-12
  outer loop
    vertex 4103.23989606665 170.97138867617696 -25.89031799525382
    vertex 4102.256442544873 171.83385426724166 -29.889912486407578
    vertex 4102.256442544872 171.8338542672238 -25.890317995250367
  endloop
endfacet
facet normal -0.06540312923016027 -0.9978589232386025 -4.403012503711627e-12
  outer loop
    vertex 4046.2249282547546 104.59211973787589 -25.890317995579448
    vertex 4044.919666332554 104.67767112415555 -29.88991678711257
    vertex 4046.224928254754 104.59211973789365 -29.889916787113787
  endloop
endfacet
facet normal -0.06540312923016027 -0.9978589232386025 -4.403012503711627e-12
  outer loop
    vertex 4044.919666332554 104.67767112415555 -29.88991678711257
    vertex 4046.2249282547546 104.59211973787589 -25.890317995579448
    vertex 4044.9196663325547 104.6776711241378 -25.89031799557819
  endloop
endfacet
facet normal -0.3214394653031698 -0.946930129495103 -4.004692763736699e-12
  outer loop
    vertex 4043.63673780373 104.93286147498517 -25.890317995576236
    vertex 4042.3980939311036 105.3533244127808 -29.889916787107865
    vertex 4043.636737803729 104.93286147500298 -29.88991678711058
  endloop
endfacet
facet normal -0.3214394653031698 -0.946930129495103 -4.004692763736699e-12
  outer loop
    vertex 4042.3980939311036 105.3533244127808 -29.889916787107865
    vertex 4043.63673780373 104.93286147498517 -25.890317995576236
    vertex 4042.398093931104 105.353324412763 -25.890317995573525
  endloop
endfacet
facet normal 0.9807852804031969 0.19509032201629764 1.2500439131324523e-12
  outer loop
    vertex 4106.083276868523 165.20558278652982 -29.88991248643579
    vertex 4105.828086517675 166.48851131533667 -25.890317995272923
    vertex 4106.083276868522 165.20558278651197 -25.89031799527858
  endloop
endfacet
facet normal 0.9807852804031969 0.19509032201629764 1.2500439131324523e-12
  outer loop
    vertex 4105.828086517675 166.48851131533667 -25.890317995272923
    vertex 4106.083276868523 165.20558278652982 -29.88991248643579
    vertex 4105.828086517676 166.48851131535451 -29.889912486430145
  endloop
endfacet
facet normal 0.3214394653031698 -0.946930129495103 -4.113821005198635e-12
  outer loop
    vertex 4099.995662578434 105.35332441276331 -25.890317995548635
    vertex 4098.757018705809 104.93286147500338 -29.887912995550977
    vertex 4099.995662578434 105.3533244127812 -29.88791299554864
  endloop
endfacet
facet normal 0.3214394653031698 -0.946930129495103 -4.113821005198635e-12
  outer loop
    vertex 4098.757018705809 104.93286147500338 -29.887912995550977
    vertex 4099.995662578434 105.35332441276331 -25.890317995548635
    vertex 4098.757018705809 104.9328614749855 -25.890317995550987
  endloop
endfacet
facet normal -0.19509032201611184 -0.9807852804032339 -4.240127512385379e-12
  outer loop
    vertex 4044.9196663325547 104.6776711241378 -25.89031799557819
    vertex 4043.636737803729 104.93286147500298 -29.88991678711058
    vertex 4044.919666332554 104.67767112415555 -29.88991678711257
  endloop
endfacet
facet normal -0.19509032201611184 -0.9807852804032339 -4.240127512385379e-12
  outer loop
    vertex 4043.636737803729 104.93286147500298 -29.88991678711058
    vertex 4044.9196663325547 104.6776711241378 -25.89031799557819
    vertex 4043.63673780373 104.93286147498517 -25.890317995576236
  endloop
endfacet
facet normal -0.6593458151001648 -0.7518398074788932 -2.9091466264706476e-12
  outer loop
    vertex 4040.137313964667 106.65858633496353 -25.890317995566164
    vertex 4039.1538604428883 107.52105192602818 -29.88991678709605
    vertex 4040.1373139646666 106.65858633498132 -29.889916787100542
  endloop
endfacet
facet normal -0.6593458151001648 -0.7518398074788932 -2.9091466264706476e-12
  outer loop
    vertex 4039.1538604428883 107.52105192602818 -29.88991678709605
    vertex 4040.137313964667 106.65858633496353 -25.890317995566164
    vertex 4039.1538604428893 107.52105192601043 -25.890317995561702
  endloop
endfacet
facet normal 0.19509032201611184 -0.9807852804032339 -4.31245399407177e-12
  outer loop
    vertex 4098.757018705809 104.9328614749855 -25.890317995550987
    vertex 4097.474090176985 104.677671124156 -29.887912995552604
    vertex 4098.757018705809 104.93286147500338 -29.887912995550977
  endloop
endfacet
facet normal 0.19509032201611184 -0.9807852804032339 -4.31245399407177e-12
  outer loop
    vertex 4097.474090176985 104.677671124156 -29.887912995552604
    vertex 4098.757018705809 104.9328614749855 -25.890317995550987
    vertex 4097.474090176985 104.67767112413807 -25.89031799555261
  endloop
endfacet
facet normal 0.44228869021882905 -0.8968727415327733 -3.8447993983603806e-12
  outer loop
    vertex 4101.168828254785 105.93186570003176 -25.89031799554558
    vertex 4099.995662578434 105.3533244127812 -29.88791299554864
    vertex 4101.168828254785 105.9318657000497 -29.88791299554557
  endloop
endfacet
facet normal 0.44228869021882905 -0.8968727415327733 -3.8447993983603806e-12
  outer loop
    vertex 4099.995662578434 105.3533244127812 -29.88791299554864
    vertex 4101.168828254785 105.93186570003176 -25.89031799554558
    vertex 4099.995662578434 105.35332441276331 -25.890317995548635
  endloop
endfacet
facet normal 0.06540312923016027 0.9978589232386025 4.49179031422274e-12
  outer loop
    vertex 4096.168828254785 173.90032086432933 -29.88991248640058
    vertex 4097.474090176985 173.81476947804958 -25.890317995243297
    vertex 4097.474090176985 173.81476947806743 -29.889912486400505
  endloop
endfacet
facet normal 0.06540312923016027 0.9978589232386025 4.49179031422274e-12
  outer loop
    vertex 4097.474090176985 173.81476947804958 -25.890317995243297
    vertex 4096.168828254785 173.90032086432933 -29.88991248640058
    vertex 4096.168828254784 173.90032086431148 -25.890317995243365
  endloop
endfacet
facet normal 0.5555702330198373 -0.8314696123023883 -3.509992207834715e-12
  outer loop
    vertex 4102.256442544871 106.6585863349638 -25.890317995541924
    vertex 4101.168828254785 105.9318657000497 -29.88791299554557
    vertex 4102.256442544871 106.65858633498173 -29.887912995541914
  endloop
endfacet
facet normal 0.5555702330198373 -0.8314696123023883 -3.509992207834715e-12
  outer loop
    vertex 4101.168828254785 105.9318657000497 -29.88791299554557
    vertex 4102.256442544871 106.6585863349638 -25.890317995541924
    vertex 4101.168828254785 105.93186570003176 -25.89031799554558
  endloop
endfacet
facet normal 0.06540312923024613 -0.9978589232385968 -4.437299699468089e-12
  outer loop
    vertex 4097.474090176985 104.67767112413807 -25.89031799555261
    vertex 4096.168828254784 104.59211973789397 -29.88791299555347
    vertex 4097.474090176985 104.677671124156 -29.887912995552604
  endloop
endfacet
facet normal 0.06540312923024613 -0.9978589232385968 -4.437299699468089e-12
  outer loop
    vertex 4096.168828254784 104.59211973789397 -29.88791299555347
    vertex 4097.474090176985 104.67767112413807 -25.89031799555261
    vertex 4096.168828254784 104.59211973787608 -25.89031799555348
  endloop
endfacet
facet normal 0.4422886902188429 0.8968727415327664 4.184532429875644e-12
  outer loop
    vertex 4099.995662578435 173.1391161894422 -29.889912486402594
    vertex 4101.168828254785 172.56057490215585 -25.890317995247525
    vertex 4101.168828254785 172.5605749021737 -29.889912486404736
  endloop
endfacet
facet normal 0.4422886902188429 0.8968727415327664 4.184532429875644e-12
  outer loop
    vertex 4101.168828254785 172.56057490215585 -25.890317995247525
    vertex 4099.995662578435 173.1391161894422 -29.889912486402594
    vertex 4099.995662578434 173.13911618942436 -25.890317995245375
  endloop
endfacet
facet normal 0.9469301294950627 0.32143946530328826 1.8026086731100187e-12
  outer loop
    vertex 4105.828086517676 166.48851131535451 -29.889912486430145
    vertex 4105.407623579897 167.72715518796238 -25.89031799526755
    vertex 4105.828086517675 166.48851131533667 -25.890317995272923
  endloop
endfacet
facet normal 0.9469301294950627 0.32143946530328826 1.8026086731100187e-12
  outer loop
    vertex 4105.407623579897 167.72715518796238 -25.89031799526755
    vertex 4105.828086517676 166.48851131535451 -29.889912486430145
    vertex 4105.4076235798975 167.72715518798023 -29.88991248642477
  endloop
endfacet
facet normal 0.8968727415328497 0.4422886902186741 2.3243302989113805e-12
  outer loop
    vertex 4105.4076235798975 167.72715518798023 -29.88991248642477
    vertex 4104.829082292628 168.90032086431148 -25.890317995262528
    vertex 4105.407623579897 167.72715518796238 -25.89031799526755
  endloop
endfacet
facet normal 0.8968727415328497 0.4422886902186741 2.3243302989113805e-12
  outer loop
    vertex 4104.829082292628 168.90032086431148 -25.890317995262528
    vertex 4105.4076235798975 167.72715518798023 -29.88991248642477
    vertex 4104.829082292629 168.90032086432933 -29.88991248641974
  endloop
endfacet
facet normal -0.7518398074790356 -0.6593458151000025 -2.43505711761426e-12
  outer loop
    vertex 4038.2913948518426 108.50450544778867 -25.89031799555674
    vertex 4039.1538604428883 107.52105192602818 -29.88991678709605
    vertex 4039.1538604428893 107.52105192601043 -25.890317995561702
  endloop
endfacet
facet normal -0.7518398074790356 -0.6593458151000025 -2.43505711761426e-12
  outer loop
    vertex 4039.1538604428883 107.52105192602818 -29.88991678709605
    vertex 4038.2913948518426 108.50450544778867 -25.89031799555674
    vertex 4038.2913948518417 108.50450544780647 -29.889916787091085
  endloop
endfacet
facet normal -0.9469301294950627 -0.32143946530328826 -7.986622513307569e-13
  outer loop
    vertex 4036.565669991864 112.00392928685068 -25.89031799553999
    vertex 4036.9861329296414 110.76528541424275 -29.88991678708013
    vertex 4036.9861329296423 110.765285414225 -25.890317995545782
  endloop
endfacet
facet normal -0.9469301294950627 -0.32143946530328826 -7.986622513307569e-13
  outer loop
    vertex 4036.9861329296414 110.76528541424275 -29.88991678708013
    vertex 4036.565669991864 112.00392928685068 -25.89031799553999
    vertex 4036.5656699918636 112.00392928686847 -29.889916787074334
  endloop
endfacet
facet normal -0.8968727415328497 -0.4422886902186741 -1.370709286803508e-12
  outer loop
    vertex 4036.9861329296423 110.765285414225 -25.890317995545782
    vertex 4037.5646742169097 109.59211973789364 -29.889916787085745
    vertex 4037.56467421691 109.59211973787589 -25.89031799555137
  endloop
endfacet
facet normal -0.8968727415328497 -0.4422886902186741 -1.370709286803508e-12
  outer loop
    vertex 4037.5646742169097 109.59211973789364 -29.889916787085745
    vertex 4036.9861329296423 110.765285414225 -25.890317995545782
    vertex 4036.9861329296414 110.76528541424275 -29.88991678708013
  endloop
endfacet
facet normal -0.4422886902188429 -0.8968727415327664 -3.700736611590396e-12
  outer loop
    vertex 4042.398093931104 105.353324412763 -25.890317995573525
    vertex 4041.2249282547536 105.9318657000493 -29.889916787104504
    vertex 4042.3980939311036 105.3533244127808 -29.889916787107865
  endloop
endfacet
facet normal -0.4422886902188429 -0.8968727415327664 -3.700736611590396e-12
  outer loop
    vertex 4041.2249282547536 105.9318657000493 -29.889916787104504
    vertex 4042.398093931104 105.353324412763 -25.890317995573525
    vertex 4041.2249282547546 105.9318657000315 -25.890317995570157
  endloop
endfacet
facet normal 0.19509032201612841 0.9807852804032304 4.465184065221402e-12
  outer loop
    vertex 4097.474090176985 173.81476947806743 -29.889912486400505
    vertex 4098.757018705809 173.55957912720214 -25.890317995243922
    vertex 4098.75701870581 173.55957912722 -29.889912486401165
  endloop
endfacet
facet normal 0.19509032201612841 0.9807852804032304 4.465184065221402e-12
  outer loop
    vertex 4098.757018705809 173.55957912720214 -25.890317995243922
    vertex 4097.474090176985 173.81476947806743 -29.889912486400505
    vertex 4097.474090176985 173.81476947804958 -25.890317995243297
  endloop
endfacet
facet normal -0.831469612302447 -0.5555702330197493 -1.919303106351059e-12
  outer loop
    vertex 4037.5646742169097 109.59211973789364 -29.889916787085745
    vertex 4038.2913948518426 108.50450544778867 -25.89031799555674
    vertex 4037.56467421691 109.59211973787589 -25.89031799555137
  endloop
endfacet
facet normal -0.831469612302447 -0.5555702330197493 -1.919303106351059e-12
  outer loop
    vertex 4038.2913948518426 108.50450544778867 -25.89031799555674
    vertex 4037.5646742169097 109.59211973789364 -29.889916787085745
    vertex 4038.2913948518417 108.50450544780647 -29.889916787091085
  endloop
endfacet
facet normal -0.9978589232386145 -0.06540312922997615 3.7640611626713514e-13
  outer loop
    vertex 4036.224928254755 114.59211973787588 -25.890317995528193
    vertex 4036.3104796410157 113.28685781569315 -29.88991678706844
    vertex 4036.3104796410166 113.28685781567539 -25.890317995534062
  endloop
endfacet
facet normal -0.9978589232386145 -0.06540312922997615 3.7640611626713514e-13
  outer loop
    vertex 4036.3104796410157 113.28685781569315 -29.88991678706844
    vertex 4036.224928254755 114.59211973787588 -25.890317995528193
    vertex 4036.224928254754 114.59211973789368 -29.889916787062564
  endloop
endfacet
facet normal -0.946930129495061 0.3214394653032935 1.0718354099439398e-12
  outer loop
    vertex 4036.9861329296423 167.7271551879829 -29.890250347154637
    vertex 4036.565669991864 166.48851131533945 -25.8903179952956
    vertex 4036.9861329296423 167.72715518796514 -25.890317995289898
  endloop
endfacet
facet normal -0.946930129495061 0.3214394653032935 1.0718354099439398e-12
  outer loop
    vertex 4036.565669991864 166.48851131533945 -25.8903179952956
    vertex 4036.9861329296423 167.7271551879829 -29.890250347154637
    vertex 4036.565669991864 166.48851131535724 -29.890250347160347
  endloop
endfacet
facet normal 0.5555702330195823 0.8314696123025584 3.935289070822802e-12
  outer loop
    vertex 4101.168828254785 172.5605749021737 -29.889912486404736
    vertex 4102.256442544872 171.8338542672238 -25.890317995250367
    vertex 4102.256442544873 171.83385426724166 -29.889912486407578
  endloop
endfacet
facet normal 0.5555702330195823 0.8314696123025584 3.935289070822802e-12
  outer loop
    vertex 4102.256442544872 171.8338542672238 -25.890317995250367
    vertex 4101.168828254785 172.5605749021737 -29.889912486404736
    vertex 4101.168828254785 172.56057490215585 -25.890317995247525
  endloop
endfacet
facet normal -0.8968727415328464 0.442288690218681 1.6318203862922426e-12
  outer loop
    vertex 4037.56467421691 168.90032086433197 -29.890250347149163
    vertex 4036.9861329296423 167.72715518796514 -25.890317995289898
    vertex 4037.56467421691 168.9003208643142 -25.890317995284388
  endloop
endfacet
facet normal -0.8968727415328464 0.442288690218681 1.6318203862922426e-12
  outer loop
    vertex 4036.9861329296423 167.72715518796514 -25.890317995289898
    vertex 4037.56467421691 168.90032086433197 -29.890250347149163
    vertex 4036.9861329296423 167.7271551879829 -29.890250347154637
  endloop
endfacet
facet normal -2.8441087793737823e-15 -4.522695242950478e-12 1.0
  outer loop
    vertex 4075.4468782548142 119.26521994967422 -25.890317995506056
    vertex 4074.8978401491386 119.81425805535008 -25.89031799550358
    vertex 4075.1362180830356 119.50359788357011 -25.890317995504983
  endloop
endfacet
facet normal -0.5555702330198373 0.8314696123023883 3.504826100364005e-12
  outer loop
    vertex 4040.137313964668 171.83385426724428 -29.89025034713503
    vertex 4041.2249282547546 172.56057490215855 -25.89031799526662
    vertex 4041.2249282547546 172.5605749021763 -29.890250347131364
  endloop
endfacet
facet normal -0.5555702330198373 0.8314696123023883 3.504826100364005e-12
  outer loop
    vertex 4041.2249282547546 172.56057490215855 -25.89031799526662
    vertex 4040.137313964668 171.83385426724428 -29.89025034713503
    vertex 4040.137313964668 171.83385426722654 -25.890317995270287
  endloop
endfacet
facet normal 0.991444861373776 0.13052619222031425 9.397512907914052e-13
  outer loop
    vertex 4043.679446932696 113.17800926573005 -29.8903179954832
    vertex 4043.6249282547546 113.59211973787602 -25.890317995539252
    vertex 4043.6794469326924 113.17800926571192 -25.89031799554109
  endloop
endfacet
facet normal 0.991444861373776 0.13052619222031425 9.397512907914052e-13
  outer loop
    vertex 4043.6249282547546 113.59211973787602 -25.890317995539252
    vertex 4043.679446932696 113.17800926573005 -29.8903179954832
    vertex 4043.6249282547583 113.59211973789411 -29.89031799548135
  endloop
endfacet
facet normal -0.9238795325112673 -0.38268343236513674 -2.053401878907399e-12
  outer loop
    vertex 4046.6105689008104 114.39211973787556 -25.8903179955346
    vertex 4046.7704095768213 114.00623021005771 -29.890317995478377
    vertex 4046.7704095768177 114.00623021003958 -25.890317995536286
  endloop
endfacet
facet normal -0.9238795325112673 -0.38268343236513674 -2.053401878907399e-12
  outer loop
    vertex 4046.7704095768213 114.00623021005771 -29.890317995478377
    vertex 4046.6105689008104 114.39211973787556 -25.8903179955346
    vertex 4046.610568900814 114.3921197378937 -29.890317995476693
  endloop
endfacet
facet normal -0.7933533402913038 -0.6087614290086313 -3.027116522383303e-12
  outer loop
    vertex 4046.3562991046538 114.72349058777412 -25.890317995533195
    vertex 4046.610568900814 114.3921197378937 -29.890317995476693
    vertex 4046.6105689008104 114.39211973787556 -25.8903179955346
  endloop
endfacet
facet normal -0.7933533402913038 -0.6087614290086313 -3.027116522383303e-12
  outer loop
    vertex 4046.610568900814 114.3921197378937 -29.890317995476693
    vertex 4046.3562991046538 114.72349058777412 -25.890317995533195
    vertex 4046.3562991046574 114.72349058779221 -29.890317995475293
  endloop
endfacet
facet normal 0.13052619222016196 0.9914448613737958 4.518931035620301e-12
  outer loop
    vertex 4044.8108177825948 112.04663841583135 -29.89031799548789
    vertex 4045.224928254755 111.9921197378757 -25.890317995545917
    vertex 4045.2249282547587 111.99211973789379 -29.890317995488015
  endloop
endfacet
facet normal 0.13052619222016196 0.9914448613737958 4.518931035620301e-12
  outer loop
    vertex 4045.224928254755 111.9921197378757 -25.890317995545917
    vertex 4044.8108177825948 112.04663841583135 -29.89031799548789
    vertex 4044.810817782591 112.04663841581322 -25.890317995545804
  endloop
endfacet
facet normal 0.7933533402912238 -0.6087614290087356 -2.465529156713207e-12
  outer loop
    vertex 4043.8392876086996 114.39211973787602 -25.89031799553558
    vertex 4044.09355740486 114.72349058779258 -29.89031799547607
    vertex 4044.0935574048563 114.72349058777444 -25.890317995533973
  endloop
endfacet
facet normal 0.7933533402912238 -0.6087614290087356 -2.465529156713207e-12
  outer loop
    vertex 4044.09355740486 114.72349058779258 -29.89031799547607
    vertex 4043.8392876086996 114.39211973787602 -25.89031799553558
    vertex 4043.839287608703 114.3921197378941 -29.890317995477663
  endloop
endfacet
facet normal 0.9238795325112594 -0.38268343236515584 -1.3994195402568723e-12
  outer loop
    vertex 4043.6794469326924 114.00623021004003 -25.89031799553738
    vertex 4043.839287608703 114.3921197378941 -29.890317995477663
    vertex 4043.8392876086996 114.39211973787602 -25.89031799553558
  endloop
endfacet
facet normal 0.9238795325112594 -0.38268343236515584 -1.3994195402568723e-12
  outer loop
    vertex 4043.839287608703 114.3921197378941 -29.890317995477663
    vertex 4043.6794469326924 114.00623021004003 -25.89031799553738
    vertex 4043.679446932696 114.00623021005816 -29.890317995479467
  endloop
endfacet
facet normal -0.6087614290091767 -0.7933533402908852 -3.794538177404886e-12
  outer loop
    vertex 4046.3562991046538 114.72349058777412 -25.890317995533195
    vertex 4046.0249282547593 114.97776038394892 -29.89031799547423
    vertex 4046.3562991046574 114.72349058779221 -29.890317995475293
  endloop
endfacet
facet normal -0.6087614290091767 -0.7933533402908852 -3.794538177404886e-12
  outer loop
    vertex 4046.0249282547593 114.97776038394892 -29.89031799547423
    vertex 4046.3562991046538 114.72349058777412 -25.890317995533195
    vertex 4046.0249282547557 114.97776038393079 -25.89031799553214
  endloop
endfacet
facet normal -0.19509032201611184 0.9807852804032339 4.312189734868227e-12
  outer loop
    vertex 4043.63673780373 173.5595791272226 -29.890250347126017
    vertex 4044.9196663325547 173.81476947805226 -25.890317995259608
    vertex 4044.9196663325547 173.81476947807002 -29.890250347124383
  endloop
endfacet
facet normal -0.19509032201611184 0.9807852804032339 4.312189734868227e-12
  outer loop
    vertex 4044.9196663325547 173.81476947805226 -25.890317995259608
    vertex 4043.63673780373 173.5595791272226 -29.890250347126017
    vertex 4043.63673780373 173.55957912720487 -25.890317995261235
  endloop
endfacet
facet normal 0.9238795325112673 0.38268343236513674 2.053401878907399e-12
  outer loop
    vertex 4043.839287608703 112.79211973789407 -29.89031799548487
    vertex 4043.6794469326924 113.17800926571192 -25.89031799554109
    vertex 4043.8392876086996 112.79211973787592 -25.890317995542777
  endloop
endfacet
facet normal 0.9238795325112673 0.38268343236513674 2.053401878907399e-12
  outer loop
    vertex 4043.6794469326924 113.17800926571192 -25.89031799554109
    vertex 4043.839287608703 112.79211973789407 -29.89031799548487
    vertex 4043.679446932696 113.17800926573005 -29.8903179954832
  endloop
endfacet
facet normal 0.38268343236480884 0.9238795325114031 4.3033683264099406e-12
  outer loop
    vertex 4044.424928254758 112.20647909183884 -29.890317995487294
    vertex 4044.810817782591 112.04663841581322 -25.890317995545804
    vertex 4044.8108177825948 112.04663841583135 -29.89031799548789
  endloop
endfacet
facet normal 0.38268343236480884 0.9238795325114031 4.3033683264099406e-12
  outer loop
    vertex 4044.810817782591 112.04663841581322 -25.890317995545804
    vertex 4044.424928254758 112.20647909183884 -29.890317995487294
    vertex 4044.4249282547544 112.20647909182071 -25.890317995545214
  endloop
endfacet
facet normal -0.3826834323651433 0.9238795325112645 4.03247997218783e-12
  outer loop
    vertex 4045.6390387269225 112.04663841583123 -29.89031799548761
    vertex 4046.0249282547547 112.20647909182048 -25.890317995544642
    vertex 4046.0249282547584 112.20647909183857 -29.89031799548673
  endloop
endfacet
facet normal -0.3826834323651433 0.9238795325112645 4.03247997218783e-12
  outer loop
    vertex 4046.0249282547547 112.20647909182048 -25.890317995544642
    vertex 4045.6390387269225 112.04663841583123 -29.89031799548761
    vertex 4045.639038726919 112.04663841581313 -25.890317995545523
  endloop
endfacet
facet normal -0.608761429008206 0.7933533402916301 3.3636170356212455e-12
  outer loop
    vertex 4046.0249282547584 112.20647909183857 -29.89031799548673
    vertex 4046.3562991046538 112.46074888797705 -25.890317995543402
    vertex 4046.3562991046574 112.46074888799518 -29.89031799548549
  endloop
endfacet
facet normal -0.608761429008206 0.7933533402916301 3.3636170356212455e-12
  outer loop
    vertex 4046.3562991046538 112.46074888797705 -25.890317995543402
    vertex 4046.0249282547584 112.20647909183857 -29.89031799548673
    vertex 4046.0249282547547 112.20647909182048 -25.890317995544642
  endloop
endfacet
facet normal -0.44228869021882905 0.8968727415327733 3.8412152877507696e-12
  outer loop
    vertex 4041.2249282547546 172.5605749021763 -29.890250347131364
    vertex 4042.398093931104 173.13911618942703 -25.89031799526363
    vertex 4042.398093931104 173.1391161894448 -29.89025034712837
  endloop
endfacet
facet normal -0.44228869021882905 0.8968727415327733 3.8412152877507696e-12
  outer loop
    vertex 4042.398093931104 173.13911618942703 -25.89031799526363
    vertex 4041.2249282547546 172.5605749021763 -29.890250347131364
    vertex 4041.2249282547546 172.56057490215855 -25.89031799526662
  endloop
endfacet
facet normal -0.06540312923024613 0.9978589232385968 4.438716491231524e-12
  outer loop
    vertex 4044.9196663325547 173.81476947807002 -29.890250347124383
    vertex 4046.2249282547546 173.90032086431427 -25.890317995258787
    vertex 4046.2249282547546 173.90032086433203 -29.89025034712353
  endloop
endfacet
facet normal -0.06540312923024613 0.9978589232385968 4.438716491231524e-12
  outer loop
    vertex 4046.2249282547546 173.90032086431427 -25.890317995258787
    vertex 4044.9196663325547 173.81476947807002 -29.890250347124383
    vertex 4044.9196663325547 173.81476947805226 -25.890317995259608
  endloop
endfacet
facet normal 0.7933533402913038 0.6087614290086313 3.027116522383303e-12
  outer loop
    vertex 4044.09355740486 112.4607488879955 -29.890317995486278
    vertex 4043.8392876086996 112.79211973787592 -25.890317995542777
    vertex 4044.0935574048563 112.4607488879774 -25.89031799554418
  endloop
endfacet
facet normal 0.7933533402913038 0.6087614290086313 3.027116522383303e-12
  outer loop
    vertex 4043.8392876086996 112.79211973787592 -25.890317995542777
    vertex 4044.09355740486 112.4607488879955 -29.890317995486278
    vertex 4043.839287608703 112.79211973789407 -29.89031799548487
  endloop
endfacet
facet normal -0.9238795325112594 0.38268343236515584 1.3994195402568723e-12
  outer loop
    vertex 4046.7704095768213 113.1780092657296 -29.890317995482093
    vertex 4046.6105689008104 112.79211973787552 -25.890317995541796
    vertex 4046.7704095768177 113.17800926571147 -25.890317995539995
  endloop
endfacet
facet normal -0.9238795325112594 0.38268343236515584 1.3994195402568723e-12
  outer loop
    vertex 4046.6105689008104 112.79211973787552 -25.890317995541796
    vertex 4046.7704095768213 113.1780092657296 -29.890317995482093
    vertex 4046.610568900814 112.79211973789361 -29.890317995483898
  endloop
endfacet
facet normal 0.6087614290091767 0.7933533402908852 3.794538177404886e-12
  outer loop
    vertex 4044.09355740486 112.4607488879955 -29.890317995486278
    vertex 4044.4249282547544 112.20647909182071 -25.890317995545214
    vertex 4044.424928254758 112.20647909183884 -29.890317995487294
  endloop
endfacet
facet normal 0.6087614290091767 0.7933533402908852 3.794538177404886e-12
  outer loop
    vertex 4044.4249282547544 112.20647909182071 -25.890317995545214
    vertex 4044.09355740486 112.4607488879955 -29.890317995486278
    vertex 4044.0935574048563 112.4607488879774 -25.89031799554418
  endloop
endfacet
facet normal -0.991444861373774 0.1305261922203282 2.379417947829069e-13
  outer loop
    vertex 4046.824928254759 113.59211973789361 -29.89031799548022
    vertex 4046.7704095768177 113.17800926571147 -25.890317995539995
    vertex 4046.8249282547554 113.59211973787552 -25.890317995538112
  endloop
endfacet
facet normal -0.991444861373774 0.1305261922203282 2.379417947829069e-13
  outer loop
    vertex 4046.7704095768177 113.17800926571147 -25.890317995539995
    vertex 4046.824928254759 113.59211973789361 -29.89031799548022
    vertex 4046.7704095768213 113.1780092657296 -29.890317995482093
  endloop
endfacet
facet normal 0.3826834323651433 -0.9238795325112645 -4.03247997218783e-12
  outer loop
    vertex 4044.810817782591 115.1376010599384 -25.890317995531852
    vertex 4044.424928254759 114.97776038394915 -29.890317995474796
    vertex 4044.8108177825948 115.1376010599565 -29.89031799547394
  endloop
endfacet
facet normal 0.3826834323651433 -0.9238795325112645 -4.03247997218783e-12
  outer loop
    vertex 4044.424928254759 114.97776038394915 -29.890317995474796
    vertex 4044.810817782591 115.1376010599384 -25.890317995531852
    vertex 4044.4249282547553 114.97776038393106 -25.89031799553271
  endloop
endfacet
facet normal -0.991444861373776 -0.13052619222031425 -9.397512907914052e-13
  outer loop
    vertex 4046.7704095768177 114.00623021003958 -25.890317995536286
    vertex 4046.824928254759 113.59211973789361 -29.89031799548022
    vertex 4046.8249282547554 113.59211973787552 -25.890317995538112
  endloop
endfacet
facet normal -0.991444861373776 -0.13052619222031425 -9.397512907914052e-13
  outer loop
    vertex 4046.824928254759 113.59211973789361 -29.89031799548022
    vertex 4046.7704095768177 114.00623021003958 -25.890317995536286
    vertex 4046.7704095768213 114.00623021005771 -29.890317995478377
  endloop
endfacet
facet normal -0.7518398074790356 0.6593458151000025 2.6589238774120384e-12
  outer loop
    vertex 4039.1538604428893 170.97138867619742 -29.890250347139258
    vertex 4038.2913948518426 169.9879351544014 -25.890317995279243
    vertex 4039.1538604428893 170.97138867617969 -25.89031799527452
  endloop
endfacet
facet normal -0.7518398074790356 0.6593458151000025 2.6589238774120384e-12
  outer loop
    vertex 4038.2913948518426 169.9879351544014 -25.890317995279243
    vertex 4039.1538604428893 170.97138867619742 -29.890250347139258
    vertex 4038.2913948518426 169.98793515441918 -29.89025034714402
  endloop
endfacet
facet normal 0.1305261922198965 -0.9914448613738309 -4.426536062640393e-12
  outer loop
    vertex 4045.224928254755 115.19211973787583 -25.890317995531458
    vertex 4044.8108177825948 115.1376010599565 -29.89031799547394
    vertex 4045.2249282547587 115.19211973789392 -29.890317995473556
  endloop
endfacet
facet normal 0.1305261922198965 -0.9914448613738309 -4.426536062640393e-12
  outer loop
    vertex 4044.8108177825948 115.1376010599565 -29.89031799547394
    vertex 4045.224928254755 115.19211973787583 -25.890317995531458
    vertex 4044.810817782591 115.1376010599384 -25.890317995531852
  endloop
endfacet
facet normal 0.991444861373774 -0.1305261922203282 -2.379417947829069e-13
  outer loop
    vertex 4043.6249282547546 113.59211973787602 -25.890317995539252
    vertex 4043.679446932696 114.00623021005816 -29.890317995479467
    vertex 4043.6794469326924 114.00623021004003 -25.89031799553738
  endloop
endfacet
facet normal 0.991444861373774 -0.1305261922203282 -2.379417947829069e-13
  outer loop
    vertex 4043.679446932696 114.00623021005816 -29.890317995479467
    vertex 4043.6249282547546 113.59211973787602 -25.890317995539252
    vertex 4043.6249282547583 113.59211973789411 -29.89031799548135
  endloop
endfacet
facet normal -0.3214394653031698 0.946930129495103 4.111880216576349e-12
  outer loop
    vertex 4042.398093931104 173.1391161894448 -29.89025034712837
    vertex 4043.63673780373 173.55957912720487 -25.890317995261235
    vertex 4043.63673780373 173.5595791272226 -29.890250347126017
  endloop
endfacet
facet normal -0.3214394653031698 0.946930129495103 4.111880216576349e-12
  outer loop
    vertex 4043.63673780373 173.55957912720487 -25.890317995261235
    vertex 4042.398093931104 173.1391161894448 -29.89025034712837
    vertex 4042.398093931104 173.13911618942703 -25.89031799526363
  endloop
endfacet
facet normal 0.608761429008206 -0.7933533402916301 -3.3636170356212455e-12
  outer loop
    vertex 4044.4249282547553 114.97776038393106 -25.89031799553271
    vertex 4044.09355740486 114.72349058779258 -29.89031799547607
    vertex 4044.424928254759 114.97776038394915 -29.890317995474796
  endloop
endfacet
facet normal 0.608761429008206 -0.7933533402916301 -3.3636170356212455e-12
  outer loop
    vertex 4044.09355740486 114.72349058779258 -29.89031799547607
    vertex 4044.4249282547553 114.97776038393106 -25.89031799553271
    vertex 4044.0935574048563 114.72349058777444 -25.890317995533973
  endloop
endfacet
facet normal -0.38268343236480884 -0.9238795325114031 -4.3033683264099406e-12
  outer loop
    vertex 4046.0249282547557 114.97776038393079 -25.89031799553214
    vertex 4045.6390387269225 115.13760105995641 -29.89031799547366
    vertex 4046.0249282547593 114.97776038394892 -29.89031799547423
  endloop
endfacet
facet normal -0.38268343236480884 -0.9238795325114031 -4.3033683264099406e-12
  outer loop
    vertex 4045.6390387269225 115.13760105995641 -29.89031799547366
    vertex 4046.0249282547557 114.97776038393079 -25.89031799553214
    vertex 4045.639038726919 115.13760105993826 -25.890317995531575
  endloop
endfacet
facet normal -0.1305261922198965 0.9914448613738309 4.426536062640393e-12
  outer loop
    vertex 4045.2249282547587 111.99211973789379 -29.890317995488015
    vertex 4045.639038726919 112.04663841581313 -25.890317995545523
    vertex 4045.6390387269225 112.04663841583123 -29.89031799548761
  endloop
endfacet
facet normal -0.1305261922198965 0.9914448613738309 4.426536062640393e-12
  outer loop
    vertex 4045.639038726919 112.04663841581313 -25.890317995545523
    vertex 4045.2249282547587 111.99211973789379 -29.890317995488015
    vertex 4045.224928254755 111.9921197378757 -25.890317995545917
  endloop
endfacet
facet normal -0.6593458150998814 0.7518398074791418 3.1084683666814645e-12
  outer loop
    vertex 4039.1538604428893 170.97138867619742 -29.890250347139258
    vertex 4040.137313964668 171.83385426722654 -25.890317995270287
    vertex 4040.137313964668 171.83385426724428 -29.89025034713503
  endloop
endfacet
facet normal -0.6593458150998814 0.7518398074791418 3.1084683666814645e-12
  outer loop
    vertex 4040.137313964668 171.83385426722654 -25.890317995270287
    vertex 4039.1538604428893 170.97138867619742 -29.890250347139258
    vertex 4039.1538604428893 170.97138867617969 -25.89031799527452
  endloop
endfacet
facet normal -0.7933533402912238 0.6087614290087356 2.465529156713207e-12
  outer loop
    vertex 4046.610568900814 112.79211973789361 -29.890317995483898
    vertex 4046.3562991046538 112.46074888797705 -25.890317995543402
    vertex 4046.6105689008104 112.79211973787552 -25.890317995541796
  endloop
endfacet
facet normal -0.7933533402912238 0.6087614290087356 2.465529156713207e-12
  outer loop
    vertex 4046.3562991046538 112.46074888797705 -25.890317995543402
    vertex 4046.610568900814 112.79211973789361 -29.890317995483898
    vertex 4046.3562991046574 112.46074888799518 -29.89031799548549
  endloop
endfacet
facet normal -0.13052619222016196 -0.9914448613737958 -4.518931035620301e-12
  outer loop
    vertex 4045.639038726919 115.13760105993826 -25.890317995531575
    vertex 4045.2249282547587 115.19211973789392 -29.890317995473556
    vertex 4045.6390387269225 115.13760105995641 -29.89031799547366
  endloop
endfacet
facet normal -0.13052619222016196 -0.9914448613737958 -4.518931035620301e-12
  outer loop
    vertex 4045.2249282547587 115.19211973789392 -29.890317995473556
    vertex 4045.639038726919 115.13760105993826 -25.890317995531575
    vertex 4045.224928254755 115.19211973787583 -25.890317995531458
  endloop
endfacet
facet normal -0.13052619222026815 -0.991444861373782 -4.575563257322904e-12
  outer loop
    vertex 4045.639038726919 166.44580218637662 -25.890317995292136
    vertex 4045.2249282547527 166.50032086433234 -29.89031799524576
    vertex 4045.639038726917 166.4458021863948 -29.890317995245788
  endloop
endfacet
facet normal -0.13052619222026815 -0.991444861373782 -4.575563257322904e-12
  outer loop
    vertex 4045.2249282547527 166.50032086433234 -29.89031799524576
    vertex 4045.639038726919 166.44580218637662 -25.890317995292136
    vertex 4045.224928254755 166.5003208643142 -25.890317995292094
  endloop
endfacet
facet normal 0.9914448613739968 -0.1305261922186363 -5.976066998926996e-14
  outer loop
    vertex 4043.6249282547556 164.90032086431455 -25.890317995300293
    vertex 4043.67944693269 165.3144313364967 -29.890317995252012
    vertex 4043.6794469326924 165.31443133647858 -25.890317995298354
  endloop
endfacet
facet normal 0.9914448613739968 -0.1305261922186363 -5.976066998926996e-14
  outer loop
    vertex 4043.67944693269 165.3144313364967 -29.890317995252012
    vertex 4043.6249282547556 164.90032086431455 -25.890317995300293
    vertex 4043.6249282547533 164.9003208643327 -29.89031799525395
  endloop
endfacet
facet normal -0.9238795325106325 0.3826834323666693 1.2419672876193094e-12
  outer loop
    vertex 4046.7704095768154 164.486210392168 -29.890317995254076
    vertex 4046.6105689008095 164.10032086431394 -25.890317995302265
    vertex 4046.7704095768177 164.48621039214987 -25.89031799530043
  endloop
endfacet
facet normal -0.9238795325106325 0.3826834323666693 1.2419672876193094e-12
  outer loop
    vertex 4046.6105689008095 164.10032086431394 -25.890317995302265
    vertex 4046.7704095768154 164.486210392168 -29.890317995254076
    vertex 4046.6105689008073 164.1003208643321 -29.890317995255934
  endloop
endfacet
facet normal -0.9238795325112594 0.38268343236515584 1.4008257398261383e-12
  outer loop
    vertex 4098.714309576855 164.48621039216536 -29.890317995233442
    vertex 4098.55446890084 164.10032086431136 -25.890317995286363
    vertex 4098.714309576847 164.48621039214734 -25.890317995284587
  endloop
endfacet
facet normal -0.9238795325112594 0.38268343236515584 1.4008257398261383e-12
  outer loop
    vertex 4098.55446890084 164.10032086431136 -25.890317995286363
    vertex 4098.714309576855 164.48621039216536 -29.890317995233442
    vertex 4098.5544689008475 164.10032086432938 -29.890317995235236
  endloop
endfacet
facet normal -0.991444861373776 -0.13052619222031425 -9.36958038603172e-13
  outer loop
    vertex 4098.714309576847 165.31443133647542 -25.890317995280856
    vertex 4098.768828254792 164.9003208643294 -29.890317995231545
    vertex 4098.768828254785 164.90032086431137 -25.8903179952827
  endloop
endfacet
facet normal -0.991444861373776 -0.13052619222031425 -9.36958038603172e-13
  outer loop
    vertex 4098.768828254792 164.9003208643294 -29.890317995231545
    vertex 4098.714309576847 165.31443133647542 -25.890317995280856
    vertex 4098.714309576855 165.31443133649347 -29.89031799522971
  endloop
endfacet
facet normal 0.9914448613739978 0.13052619221862932 1.1265185385148511e-12
  outer loop
    vertex 4043.67944693269 164.4862103921687 -29.8903179952558
    vertex 4043.6249282547556 164.90032086431455 -25.890317995300293
    vertex 4043.6794469326924 164.48621039215053 -25.890317995302137
  endloop
endfacet
facet normal 0.9914448613739978 0.13052619221862932 1.1265185385148511e-12
  outer loop
    vertex 4043.6249282547556 164.90032086431455 -25.890317995300293
    vertex 4043.67944693269 164.4862103921687 -29.8903179952558
    vertex 4043.6249282547533 164.9003208643327 -29.89031799525395
  endloop
endfacet
facet normal -0.7933533402902491 -0.6087614290100057 -3.193154632004068e-12
  outer loop
    vertex 4046.3562991046515 166.0316917142306 -29.890317995247255
    vertex 4046.4571035032145 165.90032086431415 -25.890317995294467
    vertex 4046.3562991046538 166.03169171421246 -25.890317995293604
  endloop
endfacet
facet normal -0.7933533402902491 -0.6087614290100057 -3.193154632004068e-12
  outer loop
    vertex 4046.4571035032145 165.90032086431415 -25.890317995294467
    vertex 4046.3562991046515 166.0316917142306 -29.890317995247255
    vertex 4046.4571035032127 165.9003208643323 -29.89031799524815
  endloop
endfacet
facet normal -0.38268343236480884 -0.9238795325114031 -4.404187520524917e-12
  outer loop
    vertex 4046.0249282547557 166.28596151036913 -25.890317995292627
    vertex 4045.639038726917 166.4458021863948 -29.890317995245788
    vertex 4046.0249282547534 166.2859615103873 -29.8903179952463
  endloop
endfacet
facet normal -0.38268343236480884 -0.9238795325114031 -4.404187520524917e-12
  outer loop
    vertex 4045.639038726917 166.4458021863948 -29.890317995245788
    vertex 4046.0249282547557 166.28596151036913 -25.890317995292627
    vertex 4045.639038726919 166.44580218637662 -25.890317995292136
  endloop
endfacet
facet normal 0.1305261922198434 -0.9914448613738379 -4.435121919610776e-12
  outer loop
    vertex 4045.224928254755 166.5003208643142 -25.890317995292094
    vertex 4044.810817782589 166.44580218639496 -29.890317995246257
    vertex 4045.2249282547527 166.50032086433234 -29.89031799524576
  endloop
endfacet
facet normal 0.1305261922198434 -0.9914448613738379 -4.435121919610776e-12
  outer loop
    vertex 4044.810817782589 166.44580218639496 -29.890317995246257
    vertex 4045.224928254755 166.5003208643142 -25.890317995292094
    vertex 4044.810817782591 166.4458021863768 -25.890317995292573
  endloop
endfacet
facet normal 0.9238795325106325 -0.3826834323666693 -1.2419672876193094e-12
  outer loop
    vertex 4043.6794469326924 165.31443133647858 -25.890317995298354
    vertex 4043.839287608698 165.70032086433267 -29.890317995250165
    vertex 4043.8392876087005 165.7003208643145 -25.890317995296503
  endloop
endfacet
facet normal 0.9238795325106325 -0.3826834323666693 -1.2419672876193094e-12
  outer loop
    vertex 4043.839287608698 165.70032086433267 -29.890317995250165
    vertex 4043.6794469326924 165.31443133647858 -25.890317995298354
    vertex 4043.67944693269 165.3144313364967 -29.890317995252012
  endloop
endfacet
facet normal 0.9238795325112753 0.3826834323651177 2.236027370298036e-12
  outer loop
    vertex 4043.8392876086978 164.10032086433264 -29.890317995257462
    vertex 4043.6794469326924 164.48621039215053 -25.890317995302137
    vertex 4043.8392876086996 164.1003208643145 -25.890317995303807
  endloop
endfacet
facet normal 0.9238795325112753 0.3826834323651177 2.236027370298036e-12
  outer loop
    vertex 4043.6794469326924 164.48621039215053 -25.890317995302137
    vertex 4043.8392876086978 164.10032086433264 -29.890317995257462
    vertex 4043.67944693269 164.4862103921687 -29.8903179952558
  endloop
endfacet
facet normal 0.7933533402912838 0.6087614290086574 3.193154631998498e-12
  outer loop
    vertex 4044.093557404854 163.76895001443415 -29.890317995258844
    vertex 4043.8392876086996 164.1003208643145 -25.890317995303807
    vertex 4044.0935574048563 163.768950014416 -25.890317995305164
  endloop
endfacet
facet normal 0.7933533402912838 0.6087614290086574 3.193154631998498e-12
  outer loop
    vertex 4043.8392876086996 164.1003208643145 -25.890317995303807
    vertex 4044.093557404854 163.76895001443415 -29.890317995258844
    vertex 4043.8392876086978 164.10032086433264 -29.890317995257462
  endloop
endfacet
facet normal -0.6087614290091767 -0.7933533402908852 -3.932673682465074e-12
  outer loop
    vertex 4046.3562991046538 166.03169171421246 -25.890317995293604
    vertex 4046.0249282547534 166.2859615103873 -29.8903179952463
    vertex 4046.3562991046515 166.0316917142306 -29.890317995247255
  endloop
endfacet
facet normal -0.6087614290091767 -0.7933533402908852 -3.932673682465074e-12
  outer loop
    vertex 4046.0249282547534 166.2859615103873 -29.8903179952463
    vertex 4046.3562991046538 166.03169171421246 -25.890317995293604
    vertex 4046.0249282547557 166.28596151036913 -25.890317995292627
  endloop
endfacet
facet normal 0.38268343236480884 0.9238795325114031 4.404187520524917e-12
  outer loop
    vertex 4044.424928254752 163.51468021827748 -29.890317995259814
    vertex 4044.810817782591 163.35483954225182 -25.890317995306678
    vertex 4044.810817782589 163.35483954226999 -29.89031799526034
  endloop
endfacet
facet normal 0.38268343236480884 0.9238795325114031 4.404187520524917e-12
  outer loop
    vertex 4044.810817782591 163.35483954225182 -25.890317995306678
    vertex 4044.424928254752 163.51468021827748 -29.890317995259814
    vertex 4044.4249282547544 163.51468021825931 -25.89031799530614
  endloop
endfacet
facet normal -0.1305261922198434 0.9914448613738379 4.435121919610776e-12
  outer loop
    vertex 4045.2249282547527 163.30032086433238 -29.89031799526034
    vertex 4045.639038726919 163.35483954225165 -25.890317995306198
    vertex 4045.639038726917 163.35483954226981 -29.890317995259863
  endloop
endfacet
facet normal -0.1305261922198434 0.9914448613738379 4.435121919610776e-12
  outer loop
    vertex 4045.639038726919 163.35483954225165 -25.890317995306198
    vertex 4045.2249282547527 163.30032086433238 -29.89031799526034
    vertex 4045.224928254755 163.30032086431424 -25.890317995306678
  endloop
endfacet
facet normal -0.9914448613739968 0.1305261922186363 5.976066998926996e-14
  outer loop
    vertex 4046.8249282547526 164.90032086433203 -29.890317995252172
    vertex 4046.7704095768177 164.48621039214987 -25.89031799530043
    vertex 4046.8249282547545 164.9003208643139 -25.89031799529852
  endloop
endfacet
facet normal -0.9914448613739968 0.1305261922186363 5.976066998926996e-14
  outer loop
    vertex 4046.7704095768177 164.48621039214987 -25.89031799530043
    vertex 4046.8249282547526 164.90032086433203 -29.890317995252172
    vertex 4046.7704095768154 164.486210392168 -29.890317995254076
  endloop
endfacet
facet normal 0.38268343236509716 -0.9238795325112836 -3.992434352462203e-12
  outer loop
    vertex 4044.810817782591 166.4458021863768 -25.890317995292573
    vertex 4044.424928254753 166.2859615103876 -29.89031799524718
    vertex 4044.810817782589 166.44580218639496 -29.890317995246257
  endloop
endfacet
facet normal 0.38268343236509716 -0.9238795325112836 -3.992434352462203e-12
  outer loop
    vertex 4044.424928254753 166.2859615103876 -29.89031799524718
    vertex 4044.810817782591 166.4458021863768 -25.890317995292573
    vertex 4044.4249282547553 166.28596151036948 -25.890317995293515
  endloop
endfacet
facet normal 0.13052619222026815 0.991444861373782 4.575563257322904e-12
  outer loop
    vertex 4044.810817782589 163.35483954226999 -29.89031799526034
    vertex 4045.224928254755 163.30032086431424 -25.890317995306678
    vertex 4045.2249282547527 163.30032086433238 -29.89031799526034
  endloop
endfacet
facet normal 0.13052619222026815 0.991444861373782 4.575563257322904e-12
  outer loop
    vertex 4045.224928254755 163.30032086431424 -25.890317995306678
    vertex 4044.810817782589 163.35483954226999 -29.89031799526034
    vertex 4044.810817782591 163.35483954225182 -25.890317995306678
  endloop
endfacet
facet normal -0.7933533402912036 0.6087614290087617 2.3395358870252044e-12
  outer loop
    vertex 4046.6105689008073 164.1003208643321 -29.890317995255934
    vertex 4046.356299104653 163.76895001441554 -25.890317995303942
    vertex 4046.6105689008095 164.10032086431394 -25.890317995302265
  endloop
endfacet
facet normal -0.7933533402912036 0.6087614290087617 2.3395358870252044e-12
  outer loop
    vertex 4046.356299104653 163.76895001441554 -25.890317995303942
    vertex 4046.6105689008073 164.1003208643321 -29.890317995255934
    vertex 4046.356299104651 163.7689500144337 -29.890317995257607
  endloop
endfacet
facet normal -0.9914448613739978 -0.13052619221862932 -1.1265185385148511e-12
  outer loop
    vertex 4046.7704095768177 165.31443133647792 -25.890317995296666
    vertex 4046.8249282547526 164.90032086433203 -29.890317995252172
    vertex 4046.8249282547545 164.9003208643139 -25.89031799529852
  endloop
endfacet
facet normal -0.9914448613739978 -0.13052619221862932 -1.1265185385148511e-12
  outer loop
    vertex 4046.8249282547526 164.90032086433203 -29.890317995252172
    vertex 4046.7704095768177 165.31443133647792 -25.890317995296666
    vertex 4046.7704095768154 165.31443133649609 -29.89031799525032
  endloop
endfacet
facet normal -0.7933533402919634 -0.6087614290077717 -3.193154631994839e-12
  outer loop
    vertex 4046.4571035032145 165.90032086431415 -25.890317995294467
    vertex 4046.610568900808 165.70032086433207 -29.89031799524863
    vertex 4046.6105689008104 165.70032086431394 -25.890317995294975
  endloop
endfacet
facet normal -0.7933533402919634 -0.6087614290077717 -3.193154631994839e-12
  outer loop
    vertex 4046.610568900808 165.70032086433207 -29.89031799524863
    vertex 4046.4571035032145 165.90032086431415 -25.890317995294467
    vertex 4046.4571035032127 165.9003208643323 -29.89031799524815
  endloop
endfacet
facet normal -0.6087614290089728 0.7933533402910418 3.2776689820023108e-12
  outer loop
    vertex 4046.0249282547525 163.5146802182771 -29.890317995258933
    vertex 4046.356299104653 163.76895001441554 -25.890317995303942
    vertex 4046.356299104651 163.7689500144337 -29.890317995257607
  endloop
endfacet
facet normal -0.6087614290089728 0.7933533402910418 3.2776689820023108e-12
  outer loop
    vertex 4046.356299104653 163.76895001441554 -25.890317995303942
    vertex 4046.0249282547525 163.5146802182771 -29.890317995258933
    vertex 4046.0249282547547 163.51468021825897 -25.890317995305256
  endloop
endfacet
facet normal -0.991444861373774 0.1305261922203282 2.4011559097056613e-13
  outer loop
    vertex 4098.768828254792 164.9003208643294 -29.890317995231545
    vertex 4098.714309576847 164.48621039214734 -25.890317995284587
    vertex 4098.768828254785 164.90032086431137 -25.8903179952827
  endloop
endfacet
facet normal -0.991444861373774 0.1305261922203282 2.4011559097056613e-13
  outer loop
    vertex 4098.714309576847 164.48621039214734 -25.890317995284587
    vertex 4098.768828254792 164.9003208643294 -29.890317995231545
    vertex 4098.714309576855 164.48621039216536 -29.890317995233442
  endloop
endfacet
facet normal 0.7933533402912036 -0.6087614290087617 -2.3395358870252044e-12
  outer loop
    vertex 4043.8392876087005 165.7003208643145 -25.890317995296503
    vertex 4044.093557404855 166.03169171423107 -29.890317995248527
    vertex 4044.093557404857 166.0316917142129 -25.89031799529486
  endloop
endfacet
facet normal 0.7933533402912036 -0.6087614290087617 -2.3395358870252044e-12
  outer loop
    vertex 4044.093557404855 166.03169171423107 -29.890317995248527
    vertex 4043.8392876087005 165.7003208643145 -25.890317995296503
    vertex 4043.839287608698 165.70032086433267 -29.890317995250165
  endloop
endfacet
facet normal -0.9238795325112753 -0.3826834323651177 -2.236027370298036e-12
  outer loop
    vertex 4046.6105689008104 165.70032086431394 -25.890317995294975
    vertex 4046.7704095768154 165.31443133649609 -29.89031799525032
    vertex 4046.7704095768177 165.31443133647792 -25.890317995296666
  endloop
endfacet
facet normal -0.9238795325112753 -0.3826834323651177 -2.236027370298036e-12
  outer loop
    vertex 4046.7704095768154 165.31443133649609 -29.89031799525032
    vertex 4046.6105689008104 165.70032086431394 -25.890317995294975
    vertex 4046.610568900808 165.70032086433207 -29.89031799524863
  endloop
endfacet
facet normal 0.6087614290089728 -0.7933533402910418 -3.2776689820023108e-12
  outer loop
    vertex 4044.4249282547553 166.28596151036948 -25.890317995293515
    vertex 4044.093557404855 166.03169171423107 -29.890317995248527
    vertex 4044.424928254753 166.2859615103876 -29.89031799524718
  endloop
endfacet
facet normal 0.6087614290089728 -0.7933533402910418 -3.2776689820023108e-12
  outer loop
    vertex 4044.093557404855 166.03169171423107 -29.890317995248527
    vertex 4044.4249282547553 166.28596151036948 -25.890317995293515
    vertex 4044.093557404857 166.0316917142129 -25.89031799529486
  endloop
endfacet
facet normal 0.6087614290091924 0.7933533402908731 3.932673682465028e-12
  outer loop
    vertex 4044.093557404854 163.76895001443415 -29.890317995258844
    vertex 4044.224928254755 163.6681456158547 -25.89031799530546
    vertex 4044.224928254753 163.66814561587285 -29.89031799525912
  endloop
endfacet
facet normal 0.6087614290091924 0.7933533402908731 3.932673682465028e-12
  outer loop
    vertex 4044.224928254755 163.6681456158547 -25.89031799530546
    vertex 4044.093557404854 163.76895001443415 -29.890317995258844
    vertex 4044.0935574048563 163.768950014416 -25.890317995305164
  endloop
endfacet
facet normal -0.38268343236509716 0.9238795325112836 3.992434352462203e-12
  outer loop
    vertex 4045.639038726917 163.35483954226981 -29.890317995259863
    vertex 4046.0249282547547 163.51468021825897 -25.890317995305256
    vertex 4046.0249282547525 163.5146802182771 -29.890317995258933
  endloop
endfacet
facet normal -0.38268343236509716 0.9238795325112836 3.992434352462203e-12
  outer loop
    vertex 4046.0249282547547 163.51468021825897 -25.890317995305256
    vertex 4045.639038726917 163.35483954226981 -29.890317995259863
    vertex 4045.639038726919 163.35483954225165 -25.890317995306198
  endloop
endfacet
facet normal -0.9238795325112673 -0.38268343236513674 -2.0501795262391543e-12
  outer loop
    vertex 4098.55446890084 165.70032086431144 -25.890317995279148
    vertex 4098.714309576855 165.31443133649347 -29.89031799522971
    vertex 4098.714309576847 165.31443133647542 -25.890317995280856
  endloop
endfacet
facet normal -0.9238795325112673 -0.38268343236513674 -2.0501795262391543e-12
  outer loop
    vertex 4098.714309576855 165.31443133649347 -29.89031799522971
    vertex 4098.55446890084 165.70032086431144 -25.890317995279148
    vertex 4098.5544689008475 165.70032086432946 -29.890317995228003
  endloop
endfacet
facet normal 0.6087614290091664 0.7933533402908932 3.932673682465105e-12
  outer loop
    vertex 4044.224928254753 163.66814561587285 -29.89031799525912
    vertex 4044.4249282547544 163.51468021825931 -25.89031799530614
    vertex 4044.424928254752 163.51468021827748 -29.890317995259814
  endloop
endfacet
facet normal 0.6087614290091664 0.7933533402908932 3.932673682465105e-12
  outer loop
    vertex 4044.4249282547544 163.51468021825931 -25.89031799530614
    vertex 4044.224928254753 163.66814561587285 -29.89031799525912
    vertex 4044.224928254755 163.6681456158547 -25.89031799530546
  endloop
endfacet
facet normal -0.7933533402913038 -0.6087614290086313 -3.0236846672441976e-12
  outer loop
    vertex 4098.300199104683 166.03169171420996 -25.890317995277744
    vertex 4098.5544689008475 165.70032086432946 -29.890317995228003
    vertex 4098.55446890084 165.70032086431144 -25.890317995279148
  endloop
endfacet
facet normal -0.7933533402913038 -0.6087614290086313 -3.0236846672441976e-12
  outer loop
    vertex 4098.5544689008475 165.70032086432946 -29.890317995228003
    vertex 4098.300199104683 166.03169171420996 -25.890317995277744
    vertex 4098.300199104691 166.031691714228 -29.8903179952266
  endloop
endfacet
facet normal 0.7933533402913038 0.6087614290086313 3.0236846672441976e-12
  outer loop
    vertex 4096.037457404894 163.76895001443128 -29.890317995237616
    vertex 4095.7831876087293 164.10032086431178 -25.890317995287337
    vertex 4096.037457404886 163.76895001441326 -25.890317995288743
  endloop
endfacet
facet normal 0.7933533402913038 0.6087614290086313 3.0236846672441976e-12
  outer loop
    vertex 4095.7831876087293 164.10032086431178 -25.890317995287337
    vertex 4096.037457404894 163.76895001443128 -29.890317995237616
    vertex 4095.783187608737 164.1003208643298 -29.890317995236206
  endloop
endfacet
facet normal -0.13052619222005576 -0.9914448613738098 -4.516476279570617e-12
  outer loop
    vertex 4097.582938726948 115.13760105993863 -25.890317995505715
    vertex 4097.168828254792 115.19211973789415 -29.89031799545523
    vertex 4097.582938726957 115.13760105995668 -29.89031799545535
  endloop
endfacet
facet normal -0.13052619222005576 -0.9914448613738098 -4.516476279570617e-12
  outer loop
    vertex 4097.168828254792 115.19211973789415 -29.89031799545523
    vertex 4097.582938726948 115.13760105993863 -25.890317995505715
    vertex 4097.168828254784 115.19211973787614 -25.890317995505615
  endloop
endfacet
facet normal 0.991444861373774 -0.1305261922203282 -2.4011559097056613e-13
  outer loop
    vertex 4095.5688282547844 164.90032086431185 -25.89031799528383
    vertex 4095.62334693273 165.31443133649393 -29.890317995230774
    vertex 4095.6233469327217 165.31443133647588 -25.89031799528192
  endloop
endfacet
facet normal 0.991444861373774 -0.1305261922203282 -2.4011559097056613e-13
  outer loop
    vertex 4095.62334693273 165.31443133649393 -29.890317995230774
    vertex 4095.5688282547844 164.90032086431185 -25.89031799528383
    vertex 4095.568828254792 164.90032086432987 -29.890317995232685
  endloop
endfacet
facet normal 0.991444861373774 0.1305261922203282 9.375405055355962e-13
  outer loop
    vertex 4095.62334693273 113.17800926573014 -29.89031799546487
    vertex 4095.5688282547835 113.59211973787615 -25.890317995513403
    vertex 4095.6233469327212 113.17800926571209 -25.890317995515243
  endloop
endfacet
facet normal 0.991444861373774 0.1305261922203282 9.375405055355962e-13
  outer loop
    vertex 4095.5688282547835 113.59211973787615 -25.890317995513403
    vertex 4095.62334693273 113.17800926573014 -29.89031799546487
    vertex 4095.568828254792 113.59211973789415 -29.890317995463022
  endloop
endfacet
facet normal 0.3826834323651433 -0.9238795325112645 -4.031246286021845e-12
  outer loop
    vertex 4096.754717782621 166.44580218637424 -25.89031799527642
    vertex 4096.368828254793 166.2859615103849 -29.890317995226145
    vertex 4096.754717782628 166.44580218639226 -29.890317995225285
  endloop
endfacet
facet normal 0.3826834323651433 -0.9238795325112645 -4.031246286021845e-12
  outer loop
    vertex 4096.368828254793 166.2859615103849 -29.890317995226145
    vertex 4096.754717782621 166.44580218637424 -25.89031799527642
    vertex 4096.368828254785 166.2859615103669 -25.890317995277275
  endloop
endfacet
facet normal -0.9238795325112594 -0.38268343236515584 -2.050761993171703e-12
  outer loop
    vertex 4098.554468900839 114.39211973787614 -25.890317995508756
    vertex 4098.714309576855 114.0062302100582 -29.89031799546004
    vertex 4098.714309576847 114.00623021004016 -25.890317995510436
  endloop
endfacet
facet normal -0.9238795325112594 -0.38268343236515584 -2.050761993171703e-12
  outer loop
    vertex 4098.714309576855 114.0062302100582 -29.89031799546004
    vertex 4098.554468900839 114.39211973787614 -25.890317995508756
    vertex 4098.5544689008475 114.39211973789415 -29.890317995458368
  endloop
endfacet
facet normal 0.6087614290091767 0.7933533402908852 3.79113069505124e-12
  outer loop
    vertex 4096.037457404894 163.76895001443128 -29.890317995237616
    vertex 4096.368828254784 163.51468021825656 -25.890317995289774
    vertex 4096.368828254792 163.5146802182746 -29.89031799523864
  endloop
endfacet
facet normal 0.6087614290091767 0.7933533402908852 3.79113069505124e-12
  outer loop
    vertex 4096.368828254784 163.51468021825656 -25.890317995289774
    vertex 4096.037457404894 163.76895001443128 -29.890317995237616
    vertex 4096.037457404886 163.76895001441326 -25.890317995288743
  endloop
endfacet
facet normal 0.38268343236480884 0.9238795325114031 4.300217431133026e-12
  outer loop
    vertex 4096.368828254792 163.5146802182746 -29.89031799523864
    vertex 4096.754717782621 163.3548395422491 -25.890317995290378
    vertex 4096.754717782628 163.35483954226711 -29.890317995239233
  endloop
endfacet
facet normal 0.38268343236480884 0.9238795325114031 4.300217431133026e-12
  outer loop
    vertex 4096.754717782621 163.3548395422491 -25.890317995290378
    vertex 4096.368828254792 163.5146802182746 -29.89031799523864
    vertex 4096.368828254784 163.51468021825656 -25.890317995289774
  endloop
endfacet
facet normal 0.9238795325112594 0.38268343236515584 2.050761993171703e-12
  outer loop
    vertex 4095.783187608737 112.79211973789415 -29.89031799546655
    vertex 4095.6233469327212 113.17800926571209 -25.890317995515243
    vertex 4095.7831876087284 112.79211973787615 -25.890317995516924
  endloop
endfacet
facet normal 0.9238795325112594 0.38268343236515584 2.050761993171703e-12
  outer loop
    vertex 4095.6233469327212 113.17800926571209 -25.890317995515243
    vertex 4095.783187608737 112.79211973789415 -29.89031799546655
    vertex 4095.62334693273 113.17800926573014 -29.89031799546487
  endloop
endfacet
facet normal -0.7933533402912437 -0.6087614290087096 -3.0242274400182194e-12
  outer loop
    vertex 4098.300199104682 114.72349058777462 -25.890317995507353
    vertex 4098.5544689008475 114.39211973789415 -29.890317995458368
    vertex 4098.554468900839 114.39211973787614 -25.890317995508756
  endloop
endfacet
facet normal -0.7933533402912437 -0.6087614290087096 -3.0242274400182194e-12
  outer loop
    vertex 4098.5544689008475 114.39211973789415 -29.890317995458368
    vertex 4098.300199104682 114.72349058777462 -25.890317995507353
    vertex 4098.300199104691 114.72349058779263 -29.890317995456968
  endloop
endfacet
facet normal 0.1305261922198965 -0.9914448613738309 -4.424510407070554e-12
  outer loop
    vertex 4097.168828254785 166.50032086431167 -25.89031799527603
    vertex 4096.754717782628 166.44580218639226 -29.890317995225285
    vertex 4097.168828254792 166.5003208643297 -29.8903179952249
  endloop
endfacet
facet normal 0.1305261922198965 -0.9914448613738309 -4.424510407070554e-12
  outer loop
    vertex 4096.754717782628 166.44580218639226 -29.890317995225285
    vertex 4097.168828254785 166.50032086431167 -25.89031799527603
    vertex 4096.754717782621 166.44580218637424 -25.89031799527642
  endloop
endfacet
facet normal 0.991444861373776 0.13052619222031425 9.36958038603172e-13
  outer loop
    vertex 4095.62334693273 164.48621039216582 -29.890317995234525
    vertex 4095.5688282547844 164.90032086431185 -25.89031799528383
    vertex 4095.6233469327217 164.48621039214777 -25.890317995285663
  endloop
endfacet
facet normal 0.991444861373776 0.13052619222031425 9.36958038603172e-13
  outer loop
    vertex 4095.5688282547844 164.90032086431185 -25.89031799528383
    vertex 4095.62334693273 164.48621039216582 -29.890317995234525
    vertex 4095.568828254792 164.90032086432987 -29.890317995232685
  endloop
endfacet
facet normal -0.7933533402912238 0.6087614290087356 2.466071929487289e-12
  outer loop
    vertex 4098.5544689008475 164.10032086432938 -29.890317995235236
    vertex 4098.300199104683 163.76895001441292 -25.89031799528797
    vertex 4098.55446890084 164.10032086431136 -25.890317995286363
  endloop
endfacet
facet normal -0.7933533402912238 0.6087614290087356 2.466071929487289e-12
  outer loop
    vertex 4098.300199104683 163.76895001441292 -25.89031799528797
    vertex 4098.5544689008475 164.10032086432938 -29.890317995235236
    vertex 4098.300199104691 163.76895001443094 -29.890317995236824
  endloop
endfacet
facet normal 0.9238795325112673 0.38268343236513674 2.0501795262391543e-12
  outer loop
    vertex 4095.783187608737 164.1003208643298 -29.890317995236206
    vertex 4095.6233469327217 164.48621039214777 -25.890317995285663
    vertex 4095.7831876087293 164.10032086431178 -25.890317995287337
  endloop
endfacet
facet normal 0.9238795325112673 0.38268343236513674 2.0501795262391543e-12
  outer loop
    vertex 4095.6233469327217 164.48621039214777 -25.890317995285663
    vertex 4095.783187608737 164.1003208643298 -29.890317995236206
    vertex 4095.62334693273 164.48621039216582 -29.890317995234525
  endloop
endfacet
facet normal 0.13052619222016196 0.9914448613737958 4.516251455726138e-12
  outer loop
    vertex 4096.754717782628 163.35483954226711 -29.890317995239233
    vertex 4097.168828254785 163.30032086431154 -25.890317995290456
    vertex 4097.168828254792 163.30032086432956 -29.89031799523931
  endloop
endfacet
facet normal 0.13052619222016196 0.9914448613737958 4.516251455726138e-12
  outer loop
    vertex 4097.168828254785 163.30032086431154 -25.890317995290456
    vertex 4096.754717782628 163.35483954226711 -29.890317995239233
    vertex 4096.754717782621 163.3548395422491 -25.890317995290378
  endloop
endfacet
facet normal -0.608761429008274 -0.7933533402915779 -3.791596784601414e-12
  outer loop
    vertex 4098.300199104682 114.72349058777462 -25.890317995507353
    vertex 4097.968828254792 114.97776038394929 -29.89031799545593
    vertex 4098.300199104691 114.72349058779263 -29.890317995456968
  endloop
endfacet
facet normal -0.608761429008274 -0.7933533402915779 -3.791596784601414e-12
  outer loop
    vertex 4097.968828254792 114.97776038394929 -29.89031799545593
    vertex 4098.300199104682 114.72349058777462 -25.890317995507353
    vertex 4097.968828254784 114.97776038393124 -25.89031799550632
  endloop
endfacet
facet normal -0.38268343236480884 -0.9238795325114031 -4.300217431133026e-12
  outer loop
    vertex 4097.968828254785 166.28596151036666 -25.890317995276714
    vertex 4097.582938726957 166.44580218639217 -29.890317995225004
    vertex 4097.968828254793 166.28596151038468 -29.89031799522557
  endloop
endfacet
facet normal -0.38268343236480884 -0.9238795325114031 -4.300217431133026e-12
  outer loop
    vertex 4097.582938726957 166.44580218639217 -29.890317995225004
    vertex 4097.968828254785 166.28596151036666 -25.890317995276714
    vertex 4097.582938726949 166.44580218637412 -25.890317995276153
  endloop
endfacet
facet normal 0.608761429008206 -0.7933533402916301 -3.3632593925325616e-12
  outer loop
    vertex 4096.368828254785 166.2859615103669 -25.890317995277275
    vertex 4096.037457404894 166.03169171422832 -29.890317995227402
    vertex 4096.368828254793 166.2859615103849 -29.890317995226145
  endloop
endfacet
facet normal 0.608761429008206 -0.7933533402916301 -3.3632593925325616e-12
  outer loop
    vertex 4096.037457404894 166.03169171422832 -29.890317995227402
    vertex 4096.368828254785 166.2859615103669 -25.890317995277275
    vertex 4096.037457404886 166.0316917142103 -25.89031799527855
  endloop
endfacet
facet normal 0.38268343236523544 -0.9238795325112263 -4.031169602795616e-12
  outer loop
    vertex 4096.75471778262 115.13760105993863 -25.890317995506003
    vertex 4096.368828254793 114.97776038394929 -29.89031799545647
    vertex 4096.754717782628 115.13760105995668 -29.890317995455614
  endloop
endfacet
facet normal 0.38268343236523544 -0.9238795325112263 -4.031169602795616e-12
  outer loop
    vertex 4096.368828254793 114.97776038394929 -29.89031799545647
    vertex 4096.75471778262 115.13760105993863 -25.890317995506003
    vertex 4096.368828254784 114.97776038393124 -25.890317995506862
  endloop
endfacet
facet normal 0.608761429008274 -0.7933533402915779 -3.36303456868858e-12
  outer loop
    vertex 4096.368828254784 114.97776038393124 -25.890317995506862
    vertex 4096.037457404894 114.72349058779263 -29.890317995457753
    vertex 4096.368828254793 114.97776038394929 -29.89031799545647
  endloop
endfacet
facet normal 0.608761429008274 -0.7933533402915779 -3.36303456868858e-12
  outer loop
    vertex 4096.037457404894 114.72349058779263 -29.890317995457753
    vertex 4096.368828254784 114.97776038393124 -25.890317995506862
    vertex 4096.037457404886 114.72349058777462 -25.890317995508124
  endloop
endfacet
facet normal 0.7933533402912437 -0.6087614290087096 -2.465714286399152e-12
  outer loop
    vertex 4095.7831876087284 114.39211973787614 -25.890317995509733
    vertex 4096.037457404894 114.72349058779263 -29.890317995457753
    vertex 4096.037457404886 114.72349058777462 -25.890317995508124
  endloop
endfacet
facet normal 0.7933533402912437 -0.6087614290087096 -2.465714286399152e-12
  outer loop
    vertex 4096.037457404894 114.72349058779263 -29.890317995457753
    vertex 4095.7831876087284 114.39211973787614 -25.890317995509733
    vertex 4095.783187608737 114.39211973789415 -29.89031799545935
  endloop
endfacet
facet normal -0.13052619222016196 -0.9914448613737958 -4.516251455726138e-12
  outer loop
    vertex 4097.582938726949 166.44580218637412 -25.890317995276153
    vertex 4097.168828254792 166.5003208643297 -29.8903179952249
    vertex 4097.582938726957 166.44580218639217 -29.890317995225004
  endloop
endfacet
facet normal -0.13052619222016196 -0.9914448613737958 -4.516251455726138e-12
  outer loop
    vertex 4097.168828254792 166.5003208643297 -29.8903179952249
    vertex 4097.582938726949 166.44580218637412 -25.890317995276153
    vertex 4097.168828254785 166.50032086431167 -25.89031799527603
  endloop
endfacet
facet normal 0.9238795325112594 -0.38268343236515584 -1.4003596502792513e-12
  outer loop
    vertex 4095.6233469327212 114.00623021004016 -25.890317995511527
    vertex 4095.783187608737 114.39211973789415 -29.89031799545935
    vertex 4095.7831876087284 114.39211973787614 -25.890317995509733
  endloop
endfacet
facet normal 0.9238795325112594 -0.38268343236515584 -1.4003596502792513e-12
  outer loop
    vertex 4095.783187608737 114.39211973789415 -29.89031799545935
    vertex 4095.6233469327212 114.00623021004016 -25.890317995511527
    vertex 4095.62334693273 114.0062302100582 -29.890317995461142
  endloop
endfacet
facet normal 0.9238795325112594 -0.38268343236515584 -1.4008257398261383e-12
  outer loop
    vertex 4095.6233469327217 165.31443133647588 -25.89031799528192
    vertex 4095.783187608737 165.70032086432988 -29.89031799522898
    vertex 4095.7831876087293 165.70032086431186 -25.890317995280125
  endloop
endfacet
facet normal 0.9238795325112594 -0.38268343236515584 -1.4008257398261383e-12
  outer loop
    vertex 4095.783187608737 165.70032086432988 -29.89031799522898
    vertex 4095.6233469327217 165.31443133647588 -25.89031799528192
    vertex 4095.62334693273 165.31443133649393 -29.890317995230774
  endloop
endfacet
facet normal 0.7933533402912238 -0.6087614290087356 -2.466071929487289e-12
  outer loop
    vertex 4095.7831876087293 165.70032086431186 -25.890317995280125
    vertex 4096.037457404894 166.03169171422832 -29.890317995227402
    vertex 4096.037457404886 166.0316917142103 -25.89031799527855
  endloop
endfacet
facet normal 0.7933533402912238 -0.6087614290087356 -2.466071929487289e-12
  outer loop
    vertex 4096.037457404894 166.03169171422832 -29.890317995227402
    vertex 4095.7831876087293 165.70032086431186 -25.890317995280125
    vertex 4095.783187608737 165.70032086432988 -29.89031799522898
  endloop
endfacet
facet normal 0.991444861373774 -0.1305261922203282 -2.395728181971757e-13
  outer loop
    vertex 4095.5688282547835 113.59211973787615 -25.890317995513403
    vertex 4095.62334693273 114.0062302100582 -29.890317995461142
    vertex 4095.6233469327212 114.00623021004016 -25.890317995511527
  endloop
endfacet
facet normal 0.991444861373774 -0.1305261922203282 -2.395728181971757e-13
  outer loop
    vertex 4095.62334693273 114.0062302100582 -29.890317995461142
    vertex 4095.5688282547835 113.59211973787615 -25.890317995513403
    vertex 4095.568828254792 113.59211973789415 -29.890317995463022
  endloop
endfacet
facet normal -0.608761429008206 0.7933533402916301 3.3632593925325616e-12
  outer loop
    vertex 4097.968828254792 163.51468021827435 -29.890317995238068
    vertex 4098.300199104683 163.76895001441292 -25.89031799528797
    vertex 4098.300199104691 163.76895001443094 -29.890317995236824
  endloop
endfacet
facet normal -0.608761429008206 0.7933533402916301 3.3632593925325616e-12
  outer loop
    vertex 4098.300199104683 163.76895001441292 -25.89031799528797
    vertex 4097.968828254792 163.51468021827435 -29.890317995238068
    vertex 4097.968828254784 163.51468021825633 -25.89031799528921
  endloop
endfacet
facet normal -0.38268343236523544 -0.9238795325112263 -4.300575074221017e-12
  outer loop
    vertex 4097.968828254784 114.97776038393124 -25.89031799550632
    vertex 4097.582938726957 115.13760105995668 -29.89031799545535
    vertex 4097.968828254792 114.97776038394929 -29.89031799545593
  endloop
endfacet
facet normal -0.38268343236523544 -0.9238795325112263 -4.300575074221017e-12
  outer loop
    vertex 4097.582938726957 115.13760105995668 -29.89031799545535
    vertex 4097.968828254784 114.97776038393124 -25.89031799550632
    vertex 4097.582938726948 115.13760105993863 -25.890317995505715
  endloop
endfacet
facet normal 0.1305261922200558 -0.99144486137381 -4.424587090297206e-12
  outer loop
    vertex 4097.168828254784 115.19211973787614 -25.890317995505615
    vertex 4096.754717782628 115.13760105995668 -29.890317995455614
    vertex 4097.168828254792 115.19211973789415 -29.89031799545523
  endloop
endfacet
facet normal 0.1305261922200558 -0.99144486137381 -4.424587090297206e-12
  outer loop
    vertex 4096.754717782628 115.13760105995668 -29.890317995455614
    vertex 4097.168828254784 115.19211973787614 -25.890317995505615
    vertex 4096.75471778262 115.13760105993863 -25.890317995506003
  endloop
endfacet
facet normal -0.6087614290091767 -0.7933533402908852 -3.79113069505124e-12
  outer loop
    vertex 4098.300199104683 166.03169171420996 -25.890317995277744
    vertex 4097.968828254793 166.28596151038468 -29.89031799522557
    vertex 4098.300199104691 166.031691714228 -29.8903179952266
  endloop
endfacet
facet normal -0.6087614290091767 -0.7933533402908852 -3.79113069505124e-12
  outer loop
    vertex 4097.968828254793 166.28596151038468 -29.89031799522557
    vertex 4098.300199104683 166.03169171420996 -25.890317995277744
    vertex 4097.968828254785 166.28596151036666 -25.890317995276714
  endloop
endfacet
facet normal -0.1305261922198965 0.9914448613738309 4.424510407070554e-12
  outer loop
    vertex 4097.168828254792 163.30032086432956 -29.89031799523931
    vertex 4097.582938726949 163.35483954224898 -25.89031799529007
    vertex 4097.582938726957 163.354839542267 -29.890317995238924
  endloop
endfacet
facet normal -0.1305261922198965 0.9914448613738309 4.424510407070554e-12
  outer loop
    vertex 4097.582938726949 163.35483954224898 -25.89031799529007
    vertex 4097.168828254792 163.30032086432956 -29.89031799523931
    vertex 4097.168828254785 163.30032086431154 -25.890317995290456
  endloop
endfacet
facet normal -0.3826834323651433 0.9238795325112645 4.031246286021845e-12
  outer loop
    vertex 4097.582938726957 163.354839542267 -29.890317995238924
    vertex 4097.968828254784 163.51468021825633 -25.89031799528921
    vertex 4097.968828254792 163.51468021827435 -29.890317995238068
  endloop
endfacet
facet normal -0.3826834323651433 0.9238795325112645 4.031246286021845e-12
  outer loop
    vertex 4097.968828254784 163.51468021825633 -25.89031799528921
    vertex 4097.582938726957 163.354839542267 -29.890317995238924
    vertex 4097.582938726949 163.35483954224898 -25.89031799529007
  endloop
endfacet
facet normal 0.38268343236523544 0.9238795325112263 4.300575074221017e-12
  outer loop
    vertex 4096.368828254793 112.20647909183907 -29.89031799546897
    vertex 4096.75471778262 112.04663841581363 -25.89031799551995
    vertex 4096.754717782628 112.04663841583168 -29.890317995469573
  endloop
endfacet
facet normal 0.38268343236523544 0.9238795325112263 4.300575074221017e-12
  outer loop
    vertex 4096.75471778262 112.04663841581363 -25.89031799551995
    vertex 4096.368828254793 112.20647909183907 -29.89031799546897
    vertex 4096.368828254784 112.20647909182102 -25.89031799551936
  endloop
endfacet
facet normal -0.608761429008274 0.7933533402915779 3.36303456868858e-12
  outer loop
    vertex 4097.968828254792 112.20647909183907 -29.89031799546843
    vertex 4098.300199104682 112.46074888797769 -25.890317995517556
    vertex 4098.300199104691 112.46074888799568 -29.890317995467164
  endloop
endfacet
facet normal -0.608761429008274 0.7933533402915779 3.36303456868858e-12
  outer loop
    vertex 4098.300199104682 112.46074888797769 -25.890317995517556
    vertex 4097.968828254792 112.20647909183907 -29.89031799546843
    vertex 4097.968828254784 112.20647909182102 -25.890317995518817
  endloop
endfacet
facet normal 0.608761429008274 0.7933533402915779 3.791596784601414e-12
  outer loop
    vertex 4096.037457404894 112.46074888799568 -29.890317995467942
    vertex 4096.368828254784 112.20647909182102 -25.89031799551936
    vertex 4096.368828254793 112.20647909183907 -29.89031799546897
  endloop
endfacet
facet normal 0.608761429008274 0.7933533402915779 3.791596784601414e-12
  outer loop
    vertex 4096.368828254784 112.20647909182102 -25.89031799551936
    vertex 4096.037457404894 112.46074888799568 -29.890317995467942
    vertex 4096.037457404886 112.46074888797769 -25.890317995518327
  endloop
endfacet
facet normal 0.7933533402912437 0.6087614290087096 3.0242274400182194e-12
  outer loop
    vertex 4096.037457404894 112.46074888799568 -29.890317995467942
    vertex 4095.7831876087284 112.79211973787615 -25.890317995516924
    vertex 4096.037457404886 112.46074888797769 -25.890317995518327
  endloop
endfacet
facet normal 0.7933533402912437 0.6087614290087096 3.0242274400182194e-12
  outer loop
    vertex 4095.7831876087284 112.79211973787615 -25.890317995516924
    vertex 4096.037457404894 112.46074888799568 -29.890317995467942
    vertex 4095.783187608737 112.79211973789415 -29.89031799546655
  endloop
endfacet
facet normal 0.13052619222005576 0.9914448613738098 4.516476279570617e-12
  outer loop
    vertex 4096.754717782628 112.04663841583168 -29.890317995469573
    vertex 4097.168828254784 111.99211973787615 -25.890317995520064
    vertex 4097.168828254792 111.99211973789416 -29.89031799546968
  endloop
endfacet
facet normal 0.13052619222005576 0.9914448613738098 4.516476279570617e-12
  outer loop
    vertex 4097.168828254784 111.99211973787615 -25.890317995520064
    vertex 4096.754717782628 112.04663841583168 -29.890317995469573
    vertex 4096.75471778262 112.04663841581363 -25.89031799551995
  endloop
endfacet
facet normal -0.38268343236523544 0.9238795325112263 4.031169602795616e-12
  outer loop
    vertex 4097.582938726957 112.04663841583168 -29.890317995469285
    vertex 4097.968828254784 112.20647909182102 -25.890317995518817
    vertex 4097.968828254792 112.20647909183907 -29.89031799546843
  endloop
endfacet
facet normal -0.38268343236523544 0.9238795325112263 4.031169602795616e-12
  outer loop
    vertex 4097.968828254784 112.20647909182102 -25.890317995518817
    vertex 4097.582938726957 112.04663841583168 -29.890317995469285
    vertex 4097.582938726948 112.04663841581363 -25.890317995519673
  endloop
endfacet
facet normal -0.991444861373774 -0.1305261922203282 -9.375405055355962e-13
  outer loop
    vertex 4098.714309576847 114.00623021004016 -25.890317995510436
    vertex 4098.768828254792 113.59211973789415 -29.890317995461892
    vertex 4098.768828254784 113.59211973787615 -25.890317995512262
  endloop
endfacet
facet normal -0.991444861373774 -0.1305261922203282 -9.375405055355962e-13
  outer loop
    vertex 4098.768828254792 113.59211973789415 -29.890317995461892
    vertex 4098.714309576847 114.00623021004016 -25.890317995510436
    vertex 4098.714309576855 114.0062302100582 -29.89031799546004
  endloop
endfacet
facet normal -0.7933533402912437 0.6087614290087096 2.465714286399152e-12
  outer loop
    vertex 4098.5544689008475 112.79211973789415 -29.890317995465562
    vertex 4098.300199104682 112.46074888797769 -25.890317995517556
    vertex 4098.554468900839 112.79211973787615 -25.890317995515947
  endloop
endfacet
facet normal -0.7933533402912437 0.6087614290087096 2.465714286399152e-12
  outer loop
    vertex 4098.300199104682 112.46074888797769 -25.890317995517556
    vertex 4098.5544689008475 112.79211973789415 -29.890317995465562
    vertex 4098.300199104691 112.46074888799568 -29.890317995467164
  endloop
endfacet
facet normal -0.9238795325112594 0.38268343236515584 1.4003596502792513e-12
  outer loop
    vertex 4098.714309576855 113.17800926573014 -29.890317995463786
    vertex 4098.554468900839 112.79211973787615 -25.890317995515947
    vertex 4098.714309576847 113.17800926571209 -25.890317995514152
  endloop
endfacet
facet normal -0.9238795325112594 0.38268343236515584 1.4003596502792513e-12
  outer loop
    vertex 4098.554468900839 112.79211973787615 -25.890317995515947
    vertex 4098.714309576855 113.17800926573014 -29.890317995463786
    vertex 4098.5544689008475 112.79211973789415 -29.890317995465562
  endloop
endfacet
facet normal -0.991444861373774 0.1305261922203282 2.395728181971757e-13
  outer loop
    vertex 4098.768828254792 113.59211973789415 -29.890317995461892
    vertex 4098.714309576847 113.17800926571209 -25.890317995514152
    vertex 4098.768828254784 113.59211973787615 -25.890317995512262
  endloop
endfacet
facet normal -0.991444861373774 0.1305261922203282 2.395728181971757e-13
  outer loop
    vertex 4098.714309576847 113.17800926571209 -25.890317995514152
    vertex 4098.768828254792 113.59211973789415 -29.890317995461892
    vertex 4098.714309576855 113.17800926573014 -29.890317995463786
  endloop
endfacet
facet normal -0.1305261922200558 0.99144486137381 4.424587090297206e-12
  outer loop
    vertex 4097.168828254792 111.99211973789416 -29.89031799546968
    vertex 4097.582938726948 112.04663841581363 -25.890317995519673
    vertex 4097.582938726957 112.04663841583168 -29.890317995469285
  endloop
endfacet
facet normal -0.1305261922200558 0.99144486137381 4.424587090297206e-12
  outer loop
    vertex 4097.582938726948 112.04663841581363 -25.890317995519673
    vertex 4097.168828254792 111.99211973789416 -29.89031799546968
    vertex 4097.168828254784 111.99211973787615 -25.890317995520064
  endloop
endfacet
facet normal 0.991444861373895 0.13052619221940942 -1.3451873545424782e-13
  outer loop
    vertex 4064.7479895153783 120.17602948771533 -29.890317995440434
    vertex 4064.696878254815 120.56425805534995 -25.90071399543885
    vertex 4064.747989515381 120.1760294876975 -25.900713995440434
  endloop
endfacet
facet normal 0.991444861373895 0.13052619221940942 -1.3451873545424782e-13
  outer loop
    vertex 4064.696878254815 120.56425805534995 -25.90071399543885
    vertex 4064.7479895153783 120.17602948771533 -29.890317995440434
    vertex 4064.6968782548124 120.56425805536777 -29.89031799543896
  endloop
endfacet
facet normal 0.9914448613737192 -0.13052619222074446 -1.3006808145992371e-12
  outer loop
    vertex 4064.696878254815 120.56425805534995 -25.90071399543885
    vertex 4064.7479895153792 120.95248662302166 -29.890317995437083
    vertex 4064.747989515382 120.95248662300384 -25.9007139954371
  endloop
endfacet
facet normal 0.9914448613737192 -0.13052619222074446 -1.3006808145992371e-12
  outer loop
    vertex 4064.7479895153792 120.95248662302166 -29.890317995437083
    vertex 4064.696878254815 120.56425805534995 -25.90071399543885
    vertex 4064.6968782548124 120.56425805536777 -29.89031799543896
  endloop
endfacet
facet normal 0.923879532512443 -0.3826834323622986 -2.378205120886077e-12
  outer loop
    vertex 4064.7479895153792 120.95248662302166 -29.890317995437083
    vertex 4064.8978401491377 121.31425805535049 -25.900713995435595
    vertex 4064.747989515382 120.95248662300384 -25.9007139954371
  endloop
endfacet
facet normal 0.923879532512443 -0.3826834323622986 -2.378205120886077e-12
  outer loop
    vertex 4064.8978401491377 121.31425805535049 -25.900713995435595
    vertex 4064.7479895153792 120.95248662302166 -29.890317995437083
    vertex 4064.897840149135 121.31425805536833 -29.89031799543557
  endloop
endfacet
facet normal 0.382683432364524 0.9238795325115211 3.850131135603281e-12
  outer loop
    vertex 4065.4468782548124 119.26521994969137 -29.890317995444974
    vertex 4065.808649687161 119.11536931591698 -25.90071399544604
    vertex 4065.8086496871583 119.1153693159348 -29.89031799544604
  endloop
endfacet
facet normal 0.382683432364524 0.9238795325115211 3.850131135603281e-12
  outer loop
    vertex 4065.808649687161 119.11536931591698 -25.90071399544604
    vertex 4065.4468782548124 119.26521994969137 -29.890317995444974
    vertex 4065.446878254815 119.26521994967355 -25.900713995444974
  endloop
endfacet
facet normal 0.1305261922207445 0.9914448613737192 4.334464729536703e-12
  outer loop
    vertex 4065.8086496871583 119.1153693159348 -29.89031799544604
    vertex 4066.196878254815 119.0642580553503 -25.90071399544651
    vertex 4066.196878254812 119.06425805536811 -29.89031799544649
  endloop
endfacet
facet normal 0.1305261922207445 0.9914448613737192 4.334464729536703e-12
  outer loop
    vertex 4066.196878254815 119.0642580553503 -25.90071399544651
    vertex 4065.8086496871583 119.1153693159348 -29.89031799544604
    vertex 4065.808649687161 119.11536931591698 -25.90071399544604
  endloop
endfacet
facet normal 0.7933533402900951 -0.6087614290102065 -3.293656542827552e-12
  outer loop
    vertex 4064.8978401491377 121.31425805535049 -25.900713995435595
    vertex 4065.1362180830324 121.62491822714757 -29.89031799543434
    vertex 4065.136218083035 121.62491822712975 -25.90071399543436
  endloop
endfacet
facet normal 0.7933533402900951 -0.6087614290102065 -3.293656542827552e-12
  outer loop
    vertex 4065.1362180830324 121.62491822714757 -29.89031799543434
    vertex 4064.8978401491377 121.31425805535049 -25.900713995435595
    vertex 4064.897840149135 121.31425805536833 -29.89031799543557
  endloop
endfacet
facet normal 0.6087614290077105 -0.7933533402920104 -3.9295726483626365e-12
  outer loop
    vertex 4065.446878254815 121.86329616102635 -25.9007139954335
    vertex 4065.1362180830324 121.62491822714757 -29.89031799543434
    vertex 4065.446878254813 121.86329616104418 -29.890317995433474
  endloop
endfacet
facet normal 0.6087614290077105 -0.7933533402920104 -3.9295726483626365e-12
  outer loop
    vertex 4065.1362180830324 121.62491822714757 -29.89031799543434
    vertex 4065.446878254815 121.86329616102635 -25.9007139954335
    vertex 4065.136218083035 121.62491822712975 -25.90071399543436
  endloop
endfacet
facet normal 0.3826834323660977 -0.9238795325108694 -4.334851352793193e-12
  outer loop
    vertex 4065.808649687161 122.01314679478364 -25.900713995433264
    vertex 4065.446878254813 121.86329616104418 -29.890317995433474
    vertex 4065.808649687159 122.01314679480146 -29.890317995433236
  endloop
endfacet
facet normal 0.3826834323660977 -0.9238795325108694 -4.334851352793193e-12
  outer loop
    vertex 4065.446878254813 121.86329616104418 -29.890317995433474
    vertex 4065.808649687161 122.01314679478364 -25.900713995433264
    vertex 4065.446878254815 121.86329616102635 -25.9007139954335
  endloop
endfacet
facet normal 0.13052619221881298 -0.9914448613739736 -4.511604749173915e-12
  outer loop
    vertex 4065.808649687161 122.01314679478364 -25.900713995433264
    vertex 4066.196878254813 122.06425805536743 -29.890317995432955
    vertex 4066.1968782548156 122.06425805534961 -25.90071399543295
  endloop
endfacet
facet normal 0.13052619221881298 -0.9914448613739736 -4.511604749173915e-12
  outer loop
    vertex 4066.196878254813 122.06425805536743 -29.890317995432955
    vertex 4065.808649687161 122.01314679478364 -25.900713995433264
    vertex 4065.808649687159 122.01314679480146 -29.890317995433236
  endloop
endfacet
facet normal 0.6087614290088708 0.7933533402911199 3.158494842113358e-12
  outer loop
    vertex 4065.1362180830324 119.5035978835887 -29.890317995444
    vertex 4065.446878254815 119.26521994967355 -25.900713995444974
    vertex 4065.4468782548124 119.26521994969137 -29.890317995444974
  endloop
endfacet
facet normal 0.6087614290088708 0.7933533402911199 3.158494842113358e-12
  outer loop
    vertex 4065.446878254815 119.26521994967355 -25.900713995444974
    vertex 4065.1362180830324 119.5035978835887 -29.890317995444
    vertex 4065.1362180830342 119.50359788357086 -25.900713995443887
  endloop
endfacet
facet normal 0.9238795325107574 0.3826834323663676 1.0408100522519818e-12
  outer loop
    vertex 4064.8978401491395 119.81425805535012 -25.900713995442487
    vertex 4064.7479895153783 120.17602948771533 -29.890317995440434
    vertex 4064.747989515381 120.1760294876975 -25.900713995440434
  endloop
endfacet
facet normal 0.9238795325107574 0.3826834323663676 1.0408100522519818e-12
  outer loop
    vertex 4064.7479895153783 120.17602948771533 -29.890317995440434
    vertex 4064.8978401491395 119.81425805535012 -25.900713995442487
    vertex 4064.8978401491363 119.81425805536794 -29.890317995442484
  endloop
endfacet
facet normal 0.7933533402923211 0.6087614290073055 2.2169874797105706e-12
  outer loop
    vertex 4065.1362180830324 119.5035978835887 -29.890317995444
    vertex 4064.8978401491395 119.81425805535012 -25.900713995442487
    vertex 4065.1362180830342 119.50359788357086 -25.900713995443887
  endloop
endfacet
facet normal 0.7933533402923211 0.6087614290073055 2.2169874797105706e-12
  outer loop
    vertex 4064.8978401491395 119.81425805535012 -25.900713995442487
    vertex 4065.1362180830324 119.5035978835887 -29.890317995444
    vertex 4064.8978401491363 119.81425805536794 -29.890317995442484
  endloop
endfacet
facet normal -0.9238795325108135 -0.38268343236623276 -1.1243972351865662e-12
  outer loop
    vertex 4067.4959163604913 121.31425805535049 -25.90071399543734
    vertex 4067.6457669942465 120.95248662302166 -29.890317995439023
    vertex 4067.645766994249 120.95248662300384 -25.90071399543904
  endloop
endfacet
facet normal -0.9238795325108135 -0.38268343236623276 -1.1243972351865662e-12
  outer loop
    vertex 4067.6457669942465 120.95248662302166 -29.890317995439023
    vertex 4067.4959163604913 121.31425805535049 -25.90071399543734
    vertex 4067.4959163604885 121.31425805536833 -29.890317995437336
  endloop
endfacet
facet normal -0.9914448613738699 0.1305261922195998 1.2109811772800204e-12
  outer loop
    vertex 4067.6968782548147 120.56425805535066 -25.900713995440857
    vertex 4067.6457669942456 120.17602948771388 -29.890317995442373
    vertex 4067.645766994249 120.17602948769606 -25.900713995442374
  endloop
endfacet
facet normal -0.9914448613738699 0.1305261922195998 1.2109811772800204e-12
  outer loop
    vertex 4067.6457669942456 120.17602948771388 -29.890317995442373
    vertex 4067.6968782548147 120.56425805535066 -25.900713995440857
    vertex 4067.6968782548124 120.5642580553685 -29.890317995440974
  endloop
endfacet
facet normal -0.6087614290081557 0.7933533402916688 3.984649304864212e-12
  outer loop
    vertex 4066.946878254812 119.2652199496921 -29.89031799544609
    vertex 4067.2575384265947 119.50359788357086 -25.900713995445308
    vertex 4067.257538426592 119.5035978835887 -29.890317995445304
  endloop
endfacet
facet normal -0.6087614290081557 0.7933533402916688 3.984649304864212e-12
  outer loop
    vertex 4067.2575384265947 119.50359788357086 -25.900713995445308
    vertex 4066.946878254812 119.2652199496921 -29.89031799544609
    vertex 4066.9468782548147 119.26521994967426 -25.900713995445972
  endloop
endfacet
facet normal -0.13052619221735864 -0.991444861374165 -4.334467130842715e-12
  outer loop
    vertex 4066.1968782548156 122.06425805534961 -25.90071399543295
    vertex 4066.585106822466 122.01314679480218 -29.890317995433783
    vertex 4066.585106822469 122.01314679478436 -25.900713995433787
  endloop
endfacet
facet normal -0.13052619221735864 -0.991444861374165 -4.334467130842715e-12
  outer loop
    vertex 4066.585106822466 122.01314679480218 -29.890317995433783
    vertex 4066.1968782548156 122.06425805534961 -25.90071399543295
    vertex 4066.196878254813 122.06425805536743 -29.890317995432955
  endloop
endfacet
facet normal -0.3826834323660977 0.9238795325108692 4.404098402658184e-12
  outer loop
    vertex 4066.585106822466 119.1153693159348 -29.890317995446416
    vertex 4066.9468782548147 119.26521994967426 -25.900713995445972
    vertex 4066.946878254812 119.2652199496921 -29.89031799544609
  endloop
endfacet
facet normal -0.3826834323660977 0.9238795325108692 4.404098402658184e-12
  outer loop
    vertex 4066.9468782548147 119.26521994967426 -25.900713995445972
    vertex 4066.585106822466 119.1153693159348 -29.890317995446416
    vertex 4066.585106822469 119.11536931591698 -25.90071399544642
  endloop
endfacet
facet normal -0.1305261922207445 0.9914448613737192 4.523413400650498e-12
  outer loop
    vertex 4066.196878254812 119.06425805536811 -29.89031799544649
    vertex 4066.585106822469 119.11536931591698 -25.90071399544642
    vertex 4066.585106822466 119.1153693159348 -29.890317995446416
  endloop
endfacet
facet normal -0.1305261922207445 0.9914448613737192 4.523413400650498e-12
  outer loop
    vertex 4066.585106822469 119.11536931591698 -25.90071399544642
    vertex 4066.196878254812 119.06425805536811 -29.89031799544649
    vertex 4066.196878254815 119.0642580553503 -25.90071399544651
  endloop
endfacet
facet normal -1.301325105598655e-14 -1.0 -4.441108992259746e-12
  outer loop
    vertex 4060.1968782548142 167.5642580553563 -25.89031799532565
    vertex 4082.1968782548115 167.5642580553722 -29.890317995248036
    vertex 4082.1968782548142 167.5642580553556 -25.890317995261203
  endloop
endfacet
facet normal -1.301325105598655e-14 -1.0 -4.441108992259746e-12
  outer loop
    vertex 4082.1968782548115 167.5642580553722 -29.890317995248036
    vertex 4060.1968782548142 167.5642580553563 -25.89031799532565
    vertex 4060.196878254812 167.56425805537364 -29.890317995232213
  endloop
endfacet
facet normal -0.3826834323676714 -0.9238795325102176 -3.850130783502177e-12
  outer loop
    vertex 4066.585106822469 122.01314679478436 -25.900713995433787
    vertex 4066.946878254812 121.86329616104418 -29.890317995434476
    vertex 4066.9468782548147 121.86329616102635 -25.9007139954345
  endloop
endfacet
facet normal -0.3826834323676714 -0.9238795325102176 -3.850130783502177e-12
  outer loop
    vertex 4066.946878254812 121.86329616104418 -29.890317995434476
    vertex 4066.585106822469 122.01314679478436 -25.900713995433787
    vertex 4066.585106822466 122.01314679480218 -29.890317995433783
  endloop
endfacet
facet normal -0.9238795325115211 0.382683432364524 2.3782035973516385e-12
  outer loop
    vertex 4067.6457669942456 120.17602948771388 -29.890317995442373
    vertex 4067.495916360492 119.81425805535012 -25.900713995444082
    vertex 4067.645766994249 120.17602948769606 -25.900713995442374
  endloop
endfacet
facet normal -0.9238795325115211 0.382683432364524 2.3782035973516385e-12
  outer loop
    vertex 4067.495916360492 119.81425805535012 -25.900713995444082
    vertex 4067.6457669942456 120.17602948771388 -29.890317995442373
    vertex 4067.495916360489 119.81425805536794 -29.890317995444082
  endloop
endfacet
facet normal -0.6087614290069953 -0.7933533402925592 -3.1034169603791695e-12
  outer loop
    vertex 4066.9468782548147 121.86329616102635 -25.9007139954345
    vertex 4067.257538426592 121.6249182271483 -29.890317995435762
    vertex 4067.2575384265947 121.62491822713046 -25.90071399543564
  endloop
endfacet
facet normal -0.6087614290069953 -0.7933533402925592 -3.1034169603791695e-12
  outer loop
    vertex 4067.257538426592 121.6249182271483 -29.890317995435762
    vertex 4066.9468782548147 121.86329616102635 -25.9007139954345
    vertex 4066.946878254812 121.86329616104418 -29.890317995434476
  endloop
endfacet
facet normal 0.991444861373895 0.13052619221940945 -1.326978471715241e-13
  outer loop
    vertex 4074.7479895153783 120.17602948771533 -29.89031799544711
    vertex 4074.696878254815 120.56425805534991 -25.890317995499945
    vertex 4074.747989515381 120.17602948769746 -25.89031799550152
  endloop
endfacet
facet normal 0.991444861373895 0.13052619221940945 -1.326978471715241e-13
  outer loop
    vertex 4074.696878254815 120.56425805534991 -25.890317995499945
    vertex 4074.7479895153783 120.17602948771533 -29.89031799544711
    vertex 4074.6968782548124 120.56425805536777 -29.89031799544565
  endloop
endfacet
facet normal -0.7933533402900951 0.6087614290102065 3.2936575007746188e-12
  outer loop
    vertex 4067.495916360492 119.81425805535012 -25.900713995444082
    vertex 4067.257538426592 119.5035978835887 -29.890317995445304
    vertex 4067.2575384265947 119.50359788357086 -25.900713995445308
  endloop
endfacet
facet normal -0.7933533402900951 0.6087614290102065 3.2936575007746188e-12
  outer loop
    vertex 4067.257538426592 119.5035978835887 -29.890317995445304
    vertex 4067.495916360492 119.81425805535012 -25.900713995444082
    vertex 4067.495916360489 119.81425805536794 -29.890317995444082
  endloop
endfacet
facet normal -0.7933533402916688 -0.6087614290081557 -2.1452101582907856e-12
  outer loop
    vertex 4067.257538426592 121.6249182271483 -29.890317995435762
    vertex 4067.4959163604913 121.31425805535049 -25.90071399543734
    vertex 4067.2575384265947 121.62491822713046 -25.90071399543564
  endloop
endfacet
facet normal -0.7933533402916688 -0.6087614290081557 -2.1452101582907856e-12
  outer loop
    vertex 4067.4959163604913 121.31425805535049 -25.90071399543734
    vertex 4067.257538426592 121.6249182271483 -29.890317995435762
    vertex 4067.4959163604885 121.31425805536833 -29.890317995437336
  endloop
endfacet
facet normal -0.9914448613739264 -0.13052619221917086 -4.4880517922830775e-14
  outer loop
    vertex 4067.6457669942465 120.95248662302166 -29.890317995439023
    vertex 4067.6968782548147 120.56425805535066 -25.900713995440857
    vertex 4067.645766994249 120.95248662300384 -25.90071399543904
  endloop
endfacet
facet normal -0.9914448613739264 -0.13052619221917086 -4.4880517922830775e-14
  outer loop
    vertex 4067.6968782548147 120.56425805535066 -25.900713995440857
    vertex 4067.6457669942465 120.95248662302166 -29.890317995439023
    vertex 4067.6968782548124 120.5642580553685 -29.890317995440974
  endloop
endfacet
facet normal -0.38268343236577174 -0.9238795325110043 -3.8850793530757236e-12
  outer loop
    vertex 4076.9468782548147 121.86329616102702 -25.890317995495586
    vertex 4076.585106822466 122.01314679480218 -29.890317995440466
    vertex 4076.9468782548124 121.8632961610449 -29.890317995441166
  endloop
endfacet
facet normal -0.38268343236577174 -0.9238795325110043 -3.8850793530757236e-12
  outer loop
    vertex 4076.585106822466 122.01314679480218 -29.890317995440466
    vertex 4076.9468782548147 121.86329616102702 -25.890317995495586
    vertex 4076.585106822469 122.01314679478432 -25.890317995494872
  endloop
endfacet
facet normal -0.3826834323638723 0.9238795325117912 4.4030734089963744e-12
  outer loop
    vertex 4076.585106822466 119.1153693159348 -29.8903179954531
    vertex 4076.9468782548156 119.26521994967351 -25.890317995507058
    vertex 4076.9468782548124 119.26521994969137 -29.89031799545278
  endloop
endfacet
facet normal -0.3826834323638723 0.9238795325117912 4.4030734089963744e-12
  outer loop
    vertex 4076.9468782548156 119.26521994967351 -25.890317995507058
    vertex 4076.585106822466 119.1153693159348 -29.8903179954531
    vertex 4076.585106822469 119.11536931591694 -25.890317995507505
  endloop
endfacet
facet normal -0.9238795325115211 0.382683432364524 2.209600738289413e-12
  outer loop
    vertex 4077.6457669942465 120.17602948771388 -29.89031799544905
    vertex 4077.495916360492 119.81425805535008 -25.890317995505164
    vertex 4077.6457669942483 120.17602948769601 -25.89031799550346
  endloop
endfacet
facet normal -0.9238795325115211 0.382683432364524 2.209600738289413e-12
  outer loop
    vertex 4077.495916360492 119.81425805535008 -25.890317995505164
    vertex 4077.6457669942465 120.17602948771388 -29.89031799544905
    vertex 4077.49591636049 119.81425805536794 -29.890317995450758
  endloop
endfacet
facet normal 0.13052619222062517 -0.991444861373735 -4.511062349285563e-12
  outer loop
    vertex 4076.1968782548156 122.06425805535028 -25.890317995494048
    vertex 4075.808649687159 122.01314679480146 -29.890317995439915
    vertex 4076.1968782548133 122.06425805536816 -29.890317995439762
  endloop
endfacet
facet normal 0.13052619222062517 -0.991444861373735 -4.511062349285563e-12
  outer loop
    vertex 4075.808649687159 122.01314679480146 -29.890317995439915
    vertex 4076.1968782548156 122.06425805535028 -25.890317995494048
    vertex 4075.8086496871615 122.0131467947836 -25.890317995494357
  endloop
endfacet
facet normal 0.7933533402907784 0.6087614290093161 2.146501068842115e-12
  outer loop
    vertex 4075.136218083033 119.50359788358797 -29.890317995450697
    vertex 4074.8978401491386 119.81425805535008 -25.89031799550358
    vertex 4075.1362180830356 119.50359788357011 -25.890317995504983
  endloop
endfacet
facet normal 0.7933533402907784 0.6087614290093161 2.146501068842115e-12
  outer loop
    vertex 4074.8978401491386 119.81425805535008 -25.89031799550358
    vertex 4075.136218083033 119.50359788358797 -29.890317995450697
    vertex 4074.8978401491354 119.81425805536794 -29.890317995449163
  endloop
endfacet
facet normal -0.9238795325114653 -0.382683432364659 -1.1257908618942492e-12
  outer loop
    vertex 4077.49591636049 121.31425805536833 -29.890317995443894
    vertex 4077.6457669942492 120.9524866230038 -25.890317995500126
    vertex 4077.495916360492 121.31425805535045 -25.8903179954983
  endloop
endfacet
facet normal -0.9238795325114653 -0.382683432364659 -1.1257908618942492e-12
  outer loop
    vertex 4077.6457669942492 120.9524866230038 -25.890317995500126
    vertex 4077.49591636049 121.31425805536833 -29.890317995443894
    vertex 4077.6457669942465 120.95248662302166 -29.8903179954457
  endloop
endfacet
facet normal -0.6087614290102064 0.7933533402900953 3.983244636288694e-12
  outer loop
    vertex 4076.9468782548124 119.26521994969137 -29.89031799545278
    vertex 4077.2575384265947 119.50359788357082 -25.890317995506404
    vertex 4077.257538426592 119.5035978835887 -29.890317995451994
  endloop
endfacet
facet normal -0.6087614290102064 0.7933533402900953 3.983244636288694e-12
  outer loop
    vertex 4077.2575384265947 119.50359788357082 -25.890317995506404
    vertex 4076.9468782548124 119.26521994969137 -29.89031799545278
    vertex 4076.9468782548156 119.26521994967351 -25.890317995507058
  endloop
endfacet
facet normal -0.13052619221929013 -0.9914448613739107 -4.346162762453764e-12
  outer loop
    vertex 4076.1968782548156 122.06425805535028 -25.890317995494048
    vertex 4076.585106822466 122.01314679480218 -29.890317995440466
    vertex 4076.585106822469 122.01314679478432 -25.890317995494872
  endloop
endfacet
facet normal -0.13052619221929013 -0.9914448613739107 -4.346162762453764e-12
  outer loop
    vertex 4076.585106822466 122.01314679480218 -29.890317995440466
    vertex 4076.1968782548156 122.06425805535028 -25.890317995494048
    vertex 4076.1968782548133 122.06425805536816 -29.890317995439762
  endloop
endfacet
facet normal 0.9238795325114093 0.382683432364794 1.0424198854024306e-12
  outer loop
    vertex 4074.8978401491386 119.81425805535008 -25.89031799550358
    vertex 4074.7479895153783 120.17602948771533 -29.89031799544711
    vertex 4074.747989515381 120.17602948769746 -25.89031799550152
  endloop
endfacet
facet normal 0.9238795325114093 0.382683432364794 1.0424198854024306e-12
  outer loop
    vertex 4074.7479895153783 120.17602948771533 -29.89031799544711
    vertex 4074.8978401491386 119.81425805535008 -25.89031799550358
    vertex 4074.8978401491354 119.81425805536794 -29.890317995449163
  endloop
endfacet
facet normal -0.7933533402905404 -0.608761429009626 -2.2180898479090084e-12
  outer loop
    vertex 4077.2575384265924 121.62491822714757 -29.89031799544245
    vertex 4077.495916360492 121.31425805535045 -25.8903179954983
    vertex 4077.2575384265956 121.62491822712971 -25.890317995496737
  endloop
endfacet
facet normal -0.7933533402905404 -0.608761429009626 -2.2180898479090084e-12
  outer loop
    vertex 4077.495916360492 121.31425805535045 -25.8903179954983
    vertex 4077.2575384265924 121.62491822714757 -29.89031799544245
    vertex 4077.49591636049 121.31425805536833 -29.890317995443894
  endloop
endfacet
facet normal 0.9914448613735999 -0.13052619222165057 -1.2093063612717617e-12
  outer loop
    vertex 4074.696878254815 120.56425805534991 -25.890317995499945
    vertex 4074.7479895153797 120.95248662302166 -29.89031799544376
    vertex 4074.747989515382 120.9524866230038 -25.890317995498197
  endloop
endfacet
facet normal 0.9914448613735999 -0.13052619222165057 -1.2093063612717617e-12
  outer loop
    vertex 4074.7479895153797 120.95248662302166 -29.89031799544376
    vertex 4074.696878254815 120.56425805534991 -25.890317995499945
    vertex 4074.6968782548124 120.56425805536777 -29.89031799544565
  endloop
endfacet
facet normal -0.79335334028965 0.6087614290107864 3.2203738629965286e-12
  outer loop
    vertex 4077.49591636049 119.81425805536794 -29.890317995450758
    vertex 4077.2575384265947 119.50359788357082 -25.890317995506404
    vertex 4077.495916360492 119.81425805535008 -25.890317995505164
  endloop
endfacet
facet normal -0.79335334028965 0.6087614290107864 3.2203738629965286e-12
  outer loop
    vertex 4077.2575384265947 119.50359788357082 -25.890317995506404
    vertex 4077.49591636049 119.81425805536794 -29.890317995450758
    vertex 4077.257538426592 119.5035978835887 -29.890317995451994
  endloop
endfacet
facet normal 0.13052619222062517 0.991444861373735 4.3461634465307634e-12
  outer loop
    vertex 4075.808649687158 119.1153693159348 -29.890317995452715
    vertex 4076.1968782548147 119.06425805535025 -25.890317995507605
    vertex 4076.196878254813 119.06425805536811 -29.890317995453177
  endloop
endfacet
facet normal 0.13052619222062517 0.991444861373735 4.3461634465307634e-12
  outer loop
    vertex 4076.1968782548147 119.06425805535025 -25.890317995507605
    vertex 4075.808649687158 119.1153693159348 -29.890317995452715
    vertex 4075.808649687161 119.11536931591694 -25.890317995507132
  endloop
endfacet
facet normal -0.6087614290088709 -0.7933533402911199 -3.1592328866031602e-12
  outer loop
    vertex 4076.9468782548147 121.86329616102702 -25.890317995495586
    vertex 4077.2575384265924 121.62491822714757 -29.89031799544245
    vertex 4077.2575384265956 121.62491822712971 -25.890317995496737
  endloop
endfacet
facet normal -0.6087614290088709 -0.7933533402911199 -3.1592328866031602e-12
  outer loop
    vertex 4077.2575384265924 121.62491822714757 -29.89031799544245
    vertex 4076.9468782548147 121.86329616102702 -25.890317995495586
    vertex 4076.9468782548124 121.8632961610449 -29.890317995441166
  endloop
endfacet
facet normal -0.9238795325115468 -0.38268343236446234 -1.0943768244823762e-12
  outer loop
    vertex 4067.495916360492 171.31425805535113 -25.890317995276316
    vertex 4067.6457669942465 170.9524866230211 -29.89031799522351
    vertex 4067.645766994249 170.95248662300375 -25.89031799527788
  endloop
endfacet
facet normal -0.9238795325115468 -0.38268343236446234 -1.0943768244823762e-12
  outer loop
    vertex 4067.6457669942465 170.9524866230211 -29.89031799522351
    vertex 4067.495916360492 171.31425805535113 -25.890317995276316
    vertex 4067.495916360489 171.31425805536847 -29.890317995221924
  endloop
endfacet
facet normal 0.9238795325111951 -0.3826834323653109 -2.2929696273906698e-12
  outer loop
    vertex 4074.7479895153797 120.95248662302166 -29.89031799544376
    vertex 4074.897840149139 121.31425805534974 -25.89031799549669
    vertex 4074.747989515382 120.9524866230038 -25.890317995498197
  endloop
endfacet
facet normal 0.9238795325111951 -0.3826834323653109 -2.2929696273906698e-12
  outer loop
    vertex 4074.897840149139 121.31425805534974 -25.89031799549669
    vertex 4074.7479895153797 120.95248662302166 -29.89031799544376
    vertex 4074.8978401491363 121.3142580553676 -29.89031799544225
  endloop
endfacet
facet normal 0.7933533402919067 -0.6087614290078455 -3.2203713475974667e-12
  outer loop
    vertex 4074.8978401491363 121.3142580553676 -29.89031799544225
    vertex 4075.1362180830356 121.62491822713042 -25.89031799549546
    vertex 4074.897840149139 121.31425805534974 -25.89031799549669
  endloop
endfacet
facet normal 0.7933533402919067 -0.6087614290078455 -3.2203713475974667e-12
  outer loop
    vertex 4075.1362180830356 121.62491822713042 -25.89031799549546
    vertex 4074.8978401491363 121.3142580553676 -29.89031799544225
    vertex 4075.136218083034 121.6249182271483 -29.89031799544103
  endloop
endfacet
facet normal -0.9914448613739264 -0.13052619221917086 1.3269774098035613e-13
  outer loop
    vertex 4077.6457669942465 120.95248662302166 -29.8903179954457
    vertex 4077.696878254815 120.56425805535062 -25.890317995501956
    vertex 4077.6457669942492 120.9524866230038 -25.890317995500126
  endloop
endfacet
facet normal -0.9914448613739264 -0.13052619221917086 1.3269774098035613e-13
  outer loop
    vertex 4077.696878254815 120.56425805535062 -25.890317995501956
    vertex 4077.6457669942465 120.95248662302166 -29.8903179954457
    vertex 4077.6968782548124 120.5642580553685 -29.890317995447663
  endloop
endfacet
facet normal -0.6087614290102774 -0.7933533402900406 -3.1435125760570965e-12
  outer loop
    vertex 4066.9468782548142 171.86329616102842 -25.89031799527334
    vertex 4067.257538426592 171.6249182271477 -29.890317995220254
    vertex 4067.2575384265947 171.6249182271304 -25.89031799527462
  endloop
endfacet
facet normal -0.6087614290102774 -0.7933533402900406 -3.1435125760570965e-12
  outer loop
    vertex 4067.257538426592 171.6249182271477 -29.890317995220254
    vertex 4066.9468782548142 171.86329616102842 -25.89031799527334
    vertex 4066.946878254812 171.86329616104575 -29.890317995218968
  endloop
endfacet
facet normal 0.6087614290083307 0.7933533402915344 3.159237238429251e-12
  outer loop
    vertex 4075.136218083033 119.50359788358797 -29.890317995450697
    vertex 4075.4468782548142 119.26521994967422 -25.890317995506056
    vertex 4075.446878254812 119.2652199496921 -29.890317995451646
  endloop
endfacet
facet normal 0.6087614290083307 0.7933533402915344 3.159237238429251e-12
  outer loop
    vertex 4075.4468782548142 119.26521994967422 -25.890317995506056
    vertex 4075.136218083033 119.50359788358797 -29.890317995450697
    vertex 4075.1362180830356 119.50359788357011 -25.890317995504983
  endloop
endfacet
facet normal 0.3826834323619727 -0.9238795325125778 -4.368539333721575e-12
  outer loop
    vertex 4075.4468782548142 121.86329616102775 -25.890317995494584
    vertex 4075.808649687159 122.01314679480146 -29.890317995439915
    vertex 4075.8086496871615 122.0131467947836 -25.890317995494357
  endloop
endfacet
facet normal 0.3826834323619727 -0.9238795325125778 -4.368539333721575e-12
  outer loop
    vertex 4075.808649687159 122.01314679480146 -29.890317995439915
    vertex 4075.4468782548142 121.86329616102775 -25.890317995494584
    vertex 4075.446878254812 121.86329616104561 -29.89031799544015
  endloop
endfacet
facet normal 0.9238795325120684 0.3826834323632031 1.0943768244763862e-12
  outer loop
    vertex 4064.8978401491377 169.81425805535292 -25.890317995281322
    vertex 4064.7479895153797 170.176029487714 -29.890317995225185
    vertex 4064.747989515383 170.1760294876967 -25.890317995279556
  endloop
endfacet
facet normal 0.9238795325120684 0.3826834323632031 1.0943768244763862e-12
  outer loop
    vertex 4064.7479895153797 170.176029487714 -29.890317995225185
    vertex 4064.8978401491377 169.81425805535292 -25.890317995281322
    vertex 4064.897840149135 169.81425805537023 -29.89031799522707
  endloop
endfacet
facet normal -0.38268343236427954 -0.9238795325116222 -3.87910698917014e-12
  outer loop
    vertex 4066.9468782548142 171.86329616102842 -25.89031799527334
    vertex 4066.585106822465 172.0131467948023 -29.89031799521836
    vertex 4066.946878254812 171.86329616104575 -29.890317995218968
  endloop
endfacet
facet normal -0.38268343236427954 -0.9238795325116222 -3.87910698917014e-12
  outer loop
    vertex 4066.585106822465 172.0131467948023 -29.89031799521836
    vertex 4066.9468782548142 171.86329616102842 -25.89031799527334
    vertex 4066.5851068224683 172.013146794785 -25.890317995272618
  endloop
endfacet
facet normal 0.38268343236577174 0.9238795325110043 3.885077020587278e-12
  outer loop
    vertex 4075.446878254812 119.2652199496921 -29.890317995451646
    vertex 4075.808649687161 119.11536931591694 -25.890317995507132
    vertex 4075.808649687158 119.1153693159348 -29.890317995452715
  endloop
endfacet
facet normal 0.38268343236577174 0.9238795325110043 3.885077020587278e-12
  outer loop
    vertex 4075.808649687161 119.11536931591694 -25.890317995507132
    vertex 4075.446878254812 119.2652199496921 -29.890317995451646
    vertex 4075.4468782548142 119.26521994967422 -25.890317995506056
  endloop
endfacet
facet normal 0.6087614290110968 -0.793353340289412 -3.873375650722496e-12
  outer loop
    vertex 4075.4468782548142 121.86329616102775 -25.890317995494584
    vertex 4075.136218083034 121.6249182271483 -29.89031799544103
    vertex 4075.446878254812 121.86329616104561 -29.89031799544015
  endloop
endfacet
facet normal 0.6087614290110968 -0.793353340289412 -3.873375650722496e-12
  outer loop
    vertex 4075.136218083034 121.6249182271483 -29.89031799544103
    vertex 4075.4468782548142 121.86329616102775 -25.890317995494584
    vertex 4075.1362180830356 121.62491822713042 -25.89031799549546
  endloop
endfacet
facet normal -0.991444861373614 -0.13052619222154327 7.951929886822584e-14
  outer loop
    vertex 4067.645766994249 170.95248662300375 -25.89031799527788
    vertex 4067.6968782548133 170.5642580553679 -29.890317995225256
    vertex 4067.696878254816 170.5642580553506 -25.890317995279624
  endloop
endfacet
facet normal -0.991444861373614 -0.13052619222154327 7.951929886822584e-14
  outer loop
    vertex 4067.6968782548133 170.5642580553679 -29.890317995225256
    vertex 4067.645766994249 170.95248662300375 -25.89031799527788
    vertex 4067.6457669942465 170.9524866230211 -29.89031799522351
  endloop
endfacet
facet normal -0.9914448613738699 0.13052619221959977 1.2093062262362047e-12
  outer loop
    vertex 4077.696878254815 120.56425805535062 -25.890317995501956
    vertex 4077.6457669942465 120.17602948771388 -29.89031799544905
    vertex 4077.6457669942483 120.17602948769601 -25.89031799550346
  endloop
endfacet
facet normal -0.9914448613738699 0.13052619221959977 1.2093062262362047e-12
  outer loop
    vertex 4077.6457669942465 120.17602948771388 -29.89031799544905
    vertex 4077.696878254815 120.56425805535062 -25.890317995501956
    vertex 4077.6968782548124 120.5642580553685 -29.890317995447663
  endloop
endfacet
facet normal -0.1305261922216207 0.9914448613736039 4.525117417434515e-12
  outer loop
    vertex 4066.196878254812 169.06425805536753 -29.890317995230976
    vertex 4066.585106822469 169.1153693159169 -25.89031799528554
    vertex 4066.585106822466 169.1153693159342 -29.89031799523116
  endloop
endfacet
facet normal -0.1305261922216207 0.9914448613736039 4.525117417434515e-12
  outer loop
    vertex 4066.585106822469 169.1153693159169 -25.89031799528554
    vertex 4066.196878254812 169.06425805536753 -29.890317995230976
    vertex 4066.196878254815 169.0642580553502 -25.890317995285347
  endloop
endfacet
facet normal -0.6087614290112555 0.7933533402892902 3.958626288036127e-12
  outer loop
    vertex 4076.9468782548133 169.2652199496908 -29.89031799523092
    vertex 4077.2575384265956 169.5035978835708 -25.890317995283436
    vertex 4077.2575384265924 169.5035978835881 -29.890317995230255
  endloop
endfacet
facet normal -0.6087614290112555 0.7933533402892902 3.958626288036127e-12
  outer loop
    vertex 4077.2575384265956 169.5035978835708 -25.890317995283436
    vertex 4076.9468782548133 169.2652199496908 -29.89031799523092
    vertex 4076.9468782548156 169.26521994967345 -25.890317995284096
  endloop
endfacet
facet normal 0.923879532509568 -0.382683432369239 -2.3314244416515334e-12
  outer loop
    vertex 4064.7479895153783 170.9524866230225 -29.890317995221686
    vertex 4064.8978401491395 171.31425805534968 -25.890317995274433
    vertex 4064.747989515381 170.9524866230052 -25.89031799527594
  endloop
endfacet
facet normal 0.923879532509568 -0.382683432369239 -2.3314244416515334e-12
  outer loop
    vertex 4064.8978401491395 171.31425805534968 -25.890317995274433
    vertex 4064.7479895153783 170.9524866230225 -29.890317995221686
    vertex 4064.8978401491363 171.31425805536702 -29.890317995220187
  endloop
endfacet
facet normal -0.7933533402902065 -0.6087614290100614 -2.193692975806977e-12
  outer loop
    vertex 4067.257538426592 171.6249182271477 -29.890317995220254
    vertex 4067.495916360492 171.31425805535113 -25.890317995276316
    vertex 4067.2575384265947 171.6249182271304 -25.89031799527462
  endloop
endfacet
facet normal -0.7933533402902065 -0.6087614290100614 -2.193692975806977e-12
  outer loop
    vertex 4067.495916360492 171.31425805535113 -25.890317995276316
    vertex 4067.257538426592 171.6249182271477 -29.890317995220254
    vertex 4067.495916360489 171.31425805536847 -29.890317995221924
  endloop
endfacet
facet normal -0.13052619222086376 0.9914448613737036 4.511062337677431e-12
  outer loop
    vertex 4076.196878254813 119.06425805536811 -29.890317995453177
    vertex 4076.585106822469 119.11536931591694 -25.890317995507505
    vertex 4076.585106822466 119.1153693159348 -29.8903179954531
  endloop
endfacet
facet normal -0.13052619222086376 0.9914448613737036 4.511062337677431e-12
  outer loop
    vertex 4076.585106822469 119.11536931591694 -25.890317995507505
    vertex 4076.196878254813 119.06425805536811 -29.890317995453177
    vertex 4076.1968782548147 119.06425805535025 -25.890317995507605
  endloop
endfacet
facet normal 0.13052619222346276 0.9914448613733613 4.350346671484014e-12
  outer loop
    vertex 4065.8086496871583 169.11536931593494 -29.89031799523062
    vertex 4066.196878254815 169.0642580553502 -25.890317995285347
    vertex 4066.196878254812 169.06425805536753 -29.890317995230976
  endloop
endfacet
facet normal 0.13052619222346276 0.9914448613733613 4.350346671484014e-12
  outer loop
    vertex 4066.196878254815 169.0642580553502 -25.890317995285347
    vertex 4065.8086496871583 169.11536931593494 -29.89031799523062
    vertex 4065.808649687161 169.1153693159176 -25.89031799528501
  endloop
endfacet
facet normal -0.6087614290081319 0.7933533402916869 3.958626288044757e-12
  outer loop
    vertex 4066.9468782548124 169.26521994969224 -29.890317995230728
    vertex 4067.2575384265947 169.5035978835708 -25.890317995284427
    vertex 4067.2575384265924 169.5035978835881 -29.890317995230063
  endloop
endfacet
facet normal -0.6087614290081319 0.7933533402916869 3.958626288044757e-12
  outer loop
    vertex 4067.2575384265947 169.5035978835708 -25.890317995284427
    vertex 4066.9468782548124 169.26521994969224 -29.890317995230728
    vertex 4066.9468782548156 169.2652199496749 -25.8903179952851
  endloop
endfacet
facet normal -0.38268343236631414 0.9238795325107797 4.391508889490975e-12
  outer loop
    vertex 4066.585106822466 169.1153693159342 -29.89031799523116
    vertex 4066.9468782548156 169.2652199496749 -25.8903179952851
    vertex 4066.9468782548124 169.26521994969224 -29.890317995230728
  endloop
endfacet
facet normal -0.38268343236631414 0.9238795325107797 4.391508889490975e-12
  outer loop
    vertex 4066.9468782548156 169.2652199496749 -25.8903179952851
    vertex 4066.585106822466 169.1153693159342 -29.89031799523116
    vertex 4066.585106822469 169.1153693159169 -25.89031799528554
  endloop
endfacet
facet normal -0.7933533402916765 0.6087614290081456 3.2559698470006708e-12
  outer loop
    vertex 4067.495916360492 169.81425805535147 -25.890317995283205
    vertex 4067.2575384265924 169.5035978835881 -29.890317995230063
    vertex 4067.2575384265947 169.5035978835708 -25.890317995284427
  endloop
endfacet
facet normal -0.7933533402916765 0.6087614290081456 3.2559698470006708e-12
  outer loop
    vertex 4067.2575384265924 169.5035978835881 -29.890317995230063
    vertex 4067.495916360492 169.81425805535147 -25.890317995283205
    vertex 4067.495916360489 169.8142580553688 -29.890317995228834
  endloop
endfacet
facet normal 0.9914448613740474 -0.13052619221825276 -1.2479963134210493e-12
  outer loop
    vertex 4064.696878254815 170.5642580553513 -25.890317995277755
    vertex 4064.7479895153783 170.9524866230225 -29.890317995221686
    vertex 4064.747989515381 170.9524866230052 -25.89031799527594
  endloop
endfacet
facet normal 0.9914448613740474 -0.13052619221825276 -1.2479963134210493e-12
  outer loop
    vertex 4064.7479895153783 170.9524866230225 -29.890317995221686
    vertex 4064.696878254815 170.5642580553513 -25.890317995277755
    vertex 4064.6968782548124 170.56425805536864 -29.89031799522339
  endloop
endfacet
facet normal 0.7933533402920412 0.6087614290076702 2.193692975795046e-12
  outer loop
    vertex 4065.136218083035 169.5035978835708 -25.890317995283006
    vertex 4064.897840149135 169.81425805537023 -29.89031799522707
    vertex 4064.8978401491377 169.81425805535292 -25.890317995281322
  endloop
endfacet
facet normal 0.7933533402920412 0.6087614290076702 2.193692975795046e-12
  outer loop
    vertex 4064.897840149135 169.81425805537023 -29.89031799522707
    vertex 4065.136218083035 169.5035978835708 -25.890317995283006
    vertex 4065.136218083033 169.5035978835881 -29.890317995228642
  endloop
endfacet
facet normal -0.38268343236582525 -0.9238795325109822 -3.879106989166243e-12
  outer loop
    vertex 4076.585106822469 172.01314679478426 -25.89031799527175
    vertex 4076.9468782548133 171.8632961610436 -29.890317995219284
    vertex 4076.946878254816 171.86329616102626 -25.890317995272337
  endloop
endfacet
facet normal -0.38268343236582525 -0.9238795325109822 -3.879106989166243e-12
  outer loop
    vertex 4076.9468782548133 171.8632961610436 -29.890317995219284
    vertex 4076.585106822469 172.01314679478426 -25.89031799527175
    vertex 4076.585106822466 172.0131467948016 -29.890317995218556
  endloop
endfacet
facet normal 0.9914448613736156 0.13052619222153122 -7.951929886828106e-14
  outer loop
    vertex 4064.747989515383 170.1760294876967 -25.890317995279556
    vertex 4064.6968782548124 170.56425805536864 -29.89031799522339
    vertex 4064.696878254815 170.5642580553513 -25.890317995277755
  endloop
endfacet
facet normal 0.9914448613736156 0.13052619222153122 -7.951929886828106e-14
  outer loop
    vertex 4064.6968782548124 170.56425805536864 -29.89031799522339
    vertex 4064.747989515383 170.1760294876967 -25.890317995279556
    vertex 4064.7479895153797 170.176029487714 -29.890317995225185
  endloop
endfacet
facet normal -0.13052619222080414 -0.9914448613737115 -4.350346671487367e-12
  outer loop
    vertex 4076.1968782548147 172.06425805535096 -25.890317995271083
    vertex 4076.585106822466 172.0131467948016 -29.890317995218556
    vertex 4076.585106822469 172.01314679478426 -25.89031799527175
  endloop
endfacet
facet normal -0.13052619222080414 -0.9914448613737115 -4.350346671487367e-12
  outer loop
    vertex 4076.585106822466 172.0131467948016 -29.890317995218556
    vertex 4076.1968782548147 172.06425805535096 -25.890317995271083
    vertex 4076.196878254812 172.0642580553683 -29.890317995217902
  endloop
endfacet
facet normal -0.13052619221841388 -0.991444861374026 -4.35034667149037e-12
  outer loop
    vertex 4066.1968782548156 172.06425805535096 -25.890317995272078
    vertex 4066.585106822465 172.0131467948023 -29.89031799521836
    vertex 4066.5851068224683 172.013146794785 -25.890317995272618
  endloop
endfacet
facet normal -0.13052619221841388 -0.991444861374026 -4.35034667149037e-12
  outer loop
    vertex 4066.585106822465 172.0131467948023 -29.89031799521836
    vertex 4066.1968782548156 172.06425805535096 -25.890317995272078
    vertex 4066.196878254813 172.0642580553683 -29.890317995217707
  endloop
endfacet
endsolid antenna_tracker
