solid antenna_tracker
facet normal 0.9999999999863562 -6.51430504287903e-07 -5.182988845221627e-06
  outer loop
    vertex 3739.9924269615885 173.40924111779924 37.19620148361163
    vertex 3739.9944277288655 110.41124192654485 83.69820229236961
    vertex 3739.9924279001057 110.41124192651505 37.19620148361163
  endloop
endfacet
facet normal 0.9999999999863562 -6.51430504287903e-07 -5.182988845221627e-06
  outer loop
    vertex 3739.9944277729455 107.41123393194138 20.360186349368636
    vertex 3739.9944280293944 90.2102922902895 130.36018639837366
    vertex 3739.9944280293944 90.21029229023428 20.36018639837372
  endloop
endfacet
facet normal 0.9999999999863562 -6.51430504287903e-07 -5.182988845221627e-06
  outer loop
    vertex 3739.9944280293944 90.2102922902895 130.36018639837366
    vertex 3739.9944277729455 107.41123393194138 20.360186349368636
    vertex 3739.9944277729455 107.41124192654485 83.69818728910923
  endloop
endfacet
facet normal 0.9999999999863562 -6.51430504287903e-07 -5.182988845221627e-06
  outer loop
    vertex 3739.9944280293944 90.2102922902895 130.36018639837366
    vertex 3739.9944277729455 107.41124192654485 83.69818728910923
    vertex 3739.99442648786 193.61029229028955 130.36018639832147
  endloop
endfacet
facet normal 0.9999999999863562 -6.51430504287903e-07 -5.182988845221627e-06
  outer loop
    vertex 3739.99442648786 193.61029229028955 130.36018639832147
    vertex 3739.9944277729455 107.41124192654485 83.69818728910923
    vertex 3739.9944277288655 110.41124192654485 83.69820229236961
  endloop
endfacet
facet normal 0.9999999999863562 -6.51430504287903e-07 -5.182988845221627e-06
  outer loop
    vertex 3739.99442648786 193.61029229028955 130.36018639832147
    vertex 3739.9944277288655 110.41124192654485 83.69820229236961
    vertex 3739.994426790348 173.40924111782897 83.69820229236961
  endloop
endfacet
facet normal 0.9999999999863562 -6.51430504287903e-07 -5.182988845221627e-06
  outer loop
    vertex 3739.994426790348 173.40924111782897 83.69820229236961
    vertex 3739.9944277288655 110.41124192654485 83.69820229236961
    vertex 3739.9924269615885 173.40924111779924 37.19620148361163
  endloop
endfacet
facet normal 0.9999999999863562 -6.51430504287903e-07 -5.182988845221627e-06
  outer loop
    vertex 3739.99442648786 193.61029229028955 130.36018639832147
    vertex 3739.994426790348 173.40924111782897 83.69820229236961
    vertex 3739.9944267442693 176.41124192654485 83.69818728910889
  endloop
endfacet
facet normal 0.9999999999863562 -6.51430504287903e-07 -5.182988845221627e-06
  outer loop
    vertex 3739.99442648786 193.61029229028955 130.36018639832147
    vertex 3739.9944267442693 176.41124192654485 83.69818728910889
    vertex 3739.9939809172593 176.4112421779071 20.36587787204768
  endloop
endfacet
facet normal 0.9999999999863562 -6.51430504287903e-07 -5.182988845221627e-06
  outer loop
    vertex 3739.99442648786 193.61029229028955 130.36018639832147
    vertex 3739.9939809172593 176.4112421779071 20.36587787204768
    vertex 3739.99442648786 193.6102922902344 20.360186398321517
  endloop
endfacet
facet normal 0.643077563050138 1.0922559729723672e-05 -0.7658010497395478
  outer loop
    vertex 3757.0989672784517 176.4112421931852 20.360186398339778
    vertex 3757.5581275810546 151.09124249337714 20.74618799492991
    vertex 3757.0987973998554 166.30191295772565 20.36018639833619
  endloop
endfacet
facet normal 0.643077563050138 1.0922559729723672e-05 -0.7658010497395478
  outer loop
    vertex 3757.5581275810546 151.09124249337714 20.74618799492991
    vertex 3757.0989672784517 176.4112421931852 20.360186398339778
    vertex 3759.2701272175154 176.4112421779071 22.183377133180468
  endloop
endfacet
facet normal 0.643077563050138 1.0922559729723672e-05 -0.7658010497395478
  outer loop
    vertex 3757.5581275810546 151.09124249337714 20.74618799492991
    vertex 3759.2701272175154 176.4112421779071 22.183377133180468
    vertex 3758.2481279659887 128.27724237395674 21.323187673777216
  endloop
endfacet
facet normal 0.643077563050138 1.0922559729723672e-05 -0.7658010497395478
  outer loop
    vertex 3758.2481279659887 128.27724237395674 21.323187673777216
    vertex 3759.2701272175154 176.4112421779071 22.183377133180468
    vertex 3758.256128019515 117.75924177135376 21.33118709411182
  endloop
endfacet
facet normal 0.643077563050138 1.0922559729723672e-05 -0.7658010497395478
  outer loop
    vertex 3758.2181280434625 117.02924222855134 21.299187505298338
    vertex 3759.2701281714776 110.25837203548335 22.183306561281057
    vertex 3758.1551280875824 116.57524175459035 21.246188007510746
  endloop
endfacet
facet normal 0.643077563050138 1.0922559729723672e-05 -0.7658010497395478
  outer loop
    vertex 3759.2701281714776 110.25837203548335 22.183306561281057
    vertex 3758.2181280434625 117.02924222855134 21.299187505298338
    vertex 3758.256128019515 117.75924177135376 21.33118709411182
  endloop
endfacet
facet normal 0.643077563050138 1.0922559729723672e-05 -0.7658010497395478
  outer loop
    vertex 3759.2701281714776 110.25837203548335 22.183306561281057
    vertex 3758.256128019515 117.75924177135376 21.33118709411182
    vertex 3759.2701272175154 176.4112421779071 22.183377133180468
  endloop
endfacet
facet normal -1.0922987444790173e-08 1.0 1.0947258458388693e-09
  outer loop
    vertex 3739.9939809172593 176.4112421779071 20.36587787204768
    vertex 3759.2701272175154 176.4112421779071 22.183377133180468
    vertex 3757.0989672784517 176.4112421931852 20.360186398339778
  endloop
endfacet
facet normal -1.0922987444790173e-08 1.0 1.0947258458388693e-09
  outer loop
    vertex 3759.2701272175154 176.4112421779071 22.183377133180468
    vertex 3739.9939809172593 176.4112421779071 20.36587787204768
    vertex 3739.9944267442693 176.41124192654485 83.69818728910889
  endloop
endfacet
facet normal -1.0922987444790173e-08 1.0 1.0947258458388693e-09
  outer loop
    vertex 3759.2701272175154 176.4112421779071 22.183377133180468
    vertex 3739.9944267442693 176.41124192654485 83.69818728910889
    vertex 3759.2701272175154 176.4112421779071 83.69818769531422
  endloop
endfacet
facet normal 0.6431107445724554 1.5567408180819675e-05 -0.7657731844176303
  outer loop
    vertex 3757.0994781502104 113.90632312924456 20.36018639835052
    vertex 3759.2701281806985 107.41123393194138 22.18335079296437
    vertex 3757.098968238346 107.41123393194138 20.360186398339778
  endloop
endfacet
facet normal 0.6431107445724554 1.5567408180819675e-05 -0.7657731844176303
  outer loop
    vertex 3759.2701281806985 107.41123393194138 22.18335079296437
    vertex 3757.0994781502104 113.90632312924456 20.36018639835052
    vertex 3757.12812819449 113.9472414798911 20.384186566800963
  endloop
endfacet
facet normal 0.6431107445724554 1.5567408180819675e-05 -0.7657731844176303
  outer loop
    vertex 3759.2701281806985 107.41123393194138 22.18335079296437
    vertex 3757.12812819449 113.9472414798911 20.384186566800963
    vertex 3757.448128113811 114.50124233915051 20.65318758062452
  endloop
endfacet
facet normal 0.6431107445724554 1.5567408180819675e-05 -0.7657731844176303
  outer loop
    vertex 3759.2701281806985 107.41123393194138 22.18335079296437
    vertex 3757.448128113811 114.50124233915051 20.65318758062452
    vertex 3757.687128184202 114.99724263262806 20.854187799284126
  endloop
endfacet
facet normal 0.6431107445724554 1.5567408180819675e-05 -0.7657731844176303
  outer loop
    vertex 3759.2701281806985 107.41123393194138 22.18335079296437
    vertex 3757.687128184202 114.99724263262806 20.854187799284126
    vertex 3757.8221281671977 115.33724278722711 20.968188122563603
  endloop
endfacet
facet normal 0.6431107445724554 1.5567408180819675e-05 -0.7657731844176303
  outer loop
    vertex 3759.2701281806985 107.41123393194138 22.18335079296437
    vertex 3757.8221281671977 115.33724278722711 20.968188122563603
    vertex 3759.2701281761138 109.9472415118017 22.183287487794733
  endloop
endfacet
facet normal 0.6431107445724554 1.5567408180819675e-05 -0.7657731844176303
  outer loop
    vertex 3759.2701281806985 107.41123393194138 22.18335079296437
    vertex 3759.2701281761138 109.9472415118017 22.183287487794733
    vertex 3759.2701281806985 109.6393494112009 22.18335079296437
  endloop
endfacet
facet normal 0.9999999999999998 1.5076118472302508e-08 1.9269471470701566e-08
  outer loop
    vertex 3759.2701281806985 109.6393494112009 22.18335079296437
    vertex 3759.2701281806985 107.41123393194138 83.69818764471697
    vertex 3759.2701281806985 107.41123393194138 22.18335079296437
  endloop
endfacet
facet normal 0.9999999999999998 1.5076118472302508e-08 1.9269471470701566e-08
  outer loop
    vertex 3759.2701281806985 107.41123393194138 83.69818764471697
    vertex 3759.2701281806985 109.6393494112009 22.18335079296437
    vertex 3759.270126885888 109.53745147273922 83.69818769531422
  endloop
endfacet
facet normal 0.9999999999999998 1.5076118472302508e-08 1.9269471470701566e-08
  outer loop
    vertex 3759.270126885888 109.53745147273922 83.69818769531422
    vertex 3759.2701281806985 109.6393494112009 22.18335079296437
    vertex 3759.2701268490837 112.12192222164055 83.61760603027517
  endloop
endfacet
facet normal 0.9999999999999998 1.5076118472302508e-08 1.9269471470701566e-08
  outer loop
    vertex 3759.2701268490837 112.12192222164055 83.61760603027517
    vertex 3759.2701281806985 109.6393494112009 22.18335079296437
    vertex 3759.2701281761138 109.9472415118017 22.183287487794733
  endloop
endfacet
facet normal 0.9999999999999998 1.5076118472302508e-08 1.9269471470701566e-08
  outer loop
    vertex 3759.2701268490837 112.12192222164055 83.61760603027517
    vertex 3759.2701281761138 109.9472415118017 22.183287487794733
    vertex 3759.2701281727973 110.16980239437008 22.183306561281057
  endloop
endfacet
facet normal 0.9999999999999998 1.5076118472302508e-08 1.9269471470701566e-08
  outer loop
    vertex 3759.2701268490837 112.12192222164055 83.61760603027517
    vertex 3759.2701281727973 110.16980239437008 22.183306561281057
    vertex 3759.2701281714776 110.25837203548335 22.183306561281057
  endloop
endfacet
facet normal 0.9999999999999998 1.5076118472302508e-08 1.9269471470701566e-08
  outer loop
    vertex 3759.2701268490837 112.12192222164055 83.61760603027517
    vertex 3759.2701281714776 110.25837203548335 22.183306561281057
    vertex 3759.2701270633443 115.19308158443354 71.27915655212577
  endloop
endfacet
facet normal 0.9999999999999998 1.5076118472302508e-08 1.9269471470701566e-08
  outer loop
    vertex 3759.2701270633443 115.19308158443354 71.27915655212577
    vertex 3759.2701281714776 110.25837203548335 22.183306561281057
    vertex 3759.2701270640005 115.21541282222653 71.23226820068534
  endloop
endfacet
facet normal 0.9999999999999998 1.5076118472302508e-08 1.9269471470701566e-08
  outer loop
    vertex 3759.2701270640005 115.21541282222653 71.23226820068534
    vertex 3759.2701281714776 110.25837203548335 22.183306561281057
    vertex 3759.270127080772 116.18530150936031 69.75074659424004
  endloop
endfacet
facet normal 0.9999999999999998 1.5076118472302508e-08 1.9269471470701566e-08
  outer loop
    vertex 3759.270127080772 116.18530150936031 69.75074659424004
    vertex 3759.2701281714776 110.25837203548335 22.183306561281057
    vertex 3759.270127328337 132.54815265224357 46.43549732999975
  endloop
endfacet
facet normal 0.9999999999999998 1.5076118472302508e-08 1.9269471470701566e-08
  outer loop
    vertex 3759.270127328337 132.54815265224357 46.43549732999975
    vertex 3759.2701281714776 110.25837203548335 22.183306561281057
    vertex 3759.2701273331954 132.87436267421623 45.97433732586081
  endloop
endfacet
facet normal 0.9999999999999998 1.5076118472302508e-08 1.9269471470701566e-08
  outer loop
    vertex 3759.2701273331954 132.87436267421623 45.97433732586081
    vertex 3759.2701281714776 110.25837203548335 22.183306561281057
    vertex 3759.270127337764 133.2587525515356 45.48583732681449
  endloop
endfacet
facet normal 0.9999999999999998 1.5076118472302508e-08 1.9269471470701566e-08
  outer loop
    vertex 3759.270127337764 133.2587525515356 45.48583732681449
    vertex 3759.2701281714776 110.25837203548335 22.183306561281057
    vertex 3759.270127341201 133.62973186061762 45.060477362443756
  endloop
endfacet
facet normal 0.9999999999999998 1.5076118472302508e-08 1.9269471470701566e-08
  outer loop
    vertex 3759.270127341201 133.62973186061762 45.060477362443756
    vertex 3759.2701281714776 110.25837203548335 22.183306561281057
    vertex 3759.270127344027 134.04542228267573 44.63250742988761
  endloop
endfacet
facet normal 0.9999999999999998 1.5076118472302508e-08 1.9269471470701566e-08
  outer loop
    vertex 3759.270127344027 134.04542228267573 44.63250742988761
    vertex 3759.2701281714776 110.25837203548335 22.183306561281057
    vertex 3759.2701273458974 134.46101209209343 44.249927388002234
  endloop
endfacet
facet normal 0.9999999999999998 1.5076118472302508e-08 1.9269471470701566e-08
  outer loop
    vertex 3759.2701273458974 134.46101209209343 44.249927388002234
    vertex 3759.2701281714776 110.25837203548335 22.183306561281057
    vertex 3759.270127347059 134.89419242427726 43.88860736923392
  endloop
endfacet
facet normal 0.9999999999999998 1.5076118472302508e-08 1.9269471470701566e-08
  outer loop
    vertex 3759.270127347059 134.89419242427726 43.88860736923392
    vertex 3759.2701281714776 110.25837203548335 22.183306561281057
    vertex 3759.270127347537 135.34255239055537 43.548957215120154
  endloop
endfacet
facet normal 0.9999999999999998 1.5076118472302508e-08 1.9269471470701566e-08
  outer loop
    vertex 3759.270127347537 135.34255239055537 43.548957215120154
    vertex 3759.2701281714776 110.25837203548335 22.183306561281057
    vertex 3759.270127347215 135.8105122713842 43.23342739181693
  endloop
endfacet
facet normal 0.9999999999999998 1.5076118472302508e-08 1.9269471470701566e-08
  outer loop
    vertex 3759.270127347215 135.8105122713842 43.23342739181693
    vertex 3759.2701281714776 110.25837203548335 22.183306561281057
    vertex 3759.270127346036 136.37585231349848 42.88969741897758
  endloop
endfacet
facet normal 0.9999999999999998 1.5076118472302508e-08 1.9269471470701566e-08
  outer loop
    vertex 3759.270127346036 136.37585231349848 42.88969741897758
    vertex 3759.2701281714776 110.25837203548335 22.183306561281057
    vertex 3759.2701273442444 136.87117215679072 42.62455736236747
  endloop
endfacet
facet normal 0.9999999999999998 1.5076118472302508e-08 1.9269471470701566e-08
  outer loop
    vertex 3759.2701273442444 136.87117215679072 42.62455736236747
    vertex 3759.2701281714776 110.25837203548335 22.183306561281057
    vertex 3759.2701272175154 176.4112421779071 22.183377133180468
  endloop
endfacet
facet normal 0.9999999999999998 1.5076118472302508e-08 1.9269471470701566e-08
  outer loop
    vertex 3759.2701268490837 112.12192222164055 83.61760603027517
    vertex 3759.2701270633443 115.19308158443354 71.27915655212577
    vertex 3759.2701268485857 112.15544196651362 83.6175488098162
  endloop
endfacet
facet normal 0.9999999999999998 1.5076118472302508e-08 1.9269471470701566e-08
  outer loop
    vertex 3759.2701268485857 112.15544196651362 83.6175488098162
    vertex 3759.2701270633443 115.19308158443354 71.27915655212577
    vertex 3759.27012684826 112.18426200435543 83.61262785034353
  endloop
endfacet
facet normal 0.9999999999999998 1.5076118472302508e-08 1.9269471470701566e-08
  outer loop
    vertex 3759.27012684826 112.18426200435543 83.61262785034353
    vertex 3759.2701270633443 115.19308158443354 71.27915655212577
    vertex 3759.270127045891 114.98289176509762 72.25595747070486
  endloop
endfacet
facet normal 0.9999999999999998 1.5076118472302508e-08 1.9269471470701566e-08
  outer loop
    vertex 3759.27012684826 112.18426200435543 83.61262785034353
    vertex 3759.270127045891 114.98289176509762 72.25595747070486
    vertex 3759.2701268414035 113.24754210994622 83.1863163574236
  endloop
endfacet
facet normal 0.9999999999999998 1.5076118472302508e-08 1.9269471470701566e-08
  outer loop
    vertex 3759.2701268414035 113.24754210994622 83.1863163574236
    vertex 3759.270127045891 114.98289176509762 72.25595747070486
    vertex 3759.270126841298 113.2819525866308 83.16703687744315
  endloop
endfacet
facet normal 0.9999999999999998 1.5076118472302508e-08 1.9269471470701566e-08
  outer loop
    vertex 3759.270126841298 113.2819525866308 83.16703687744315
    vertex 3759.270127045891 114.98289176509762 72.25595747070486
    vertex 3759.270126842079 113.96854278133297 82.6445683105486
  endloop
endfacet
facet normal 0.9999999999999998 1.5076118472302508e-08 1.9269471470701566e-08
  outer loop
    vertex 3759.270126842079 113.96854278133297 82.6445683105486
    vertex 3759.270127045891 114.98289176509762 72.25595747070486
    vertex 3759.270126845949 114.33246299312495 82.20363889770682
  endloop
endfacet
facet normal 0.9999999999999998 1.5076118472302508e-08 1.9269471470701566e-08
  outer loop
    vertex 3759.270126845949 114.33246299312495 82.20363889770682
    vertex 3759.270127045891 114.98289176509762 72.25595747070486
    vertex 3759.270126849909 114.54610129878901 81.86470686035331
  endloop
endfacet
facet normal 0.9999999999999998 1.5076118472302508e-08 1.9269471470701566e-08
  outer loop
    vertex 3759.270126849909 114.54610129878901 81.86470686035331
    vertex 3759.270127045891 114.98289176509762 72.25595747070486
    vertex 3759.270127039865 114.9712416796484 72.55012785034351
  endloop
endfacet
facet normal 0.9999999999999998 1.5076118472302508e-08 1.9269471470701566e-08
  outer loop
    vertex 3759.270126849909 114.54610129878901 81.86470686035331
    vertex 3759.270127039865 114.9712416796484 72.55012785034351
    vertex 3759.2701268582455 114.79271194026849 81.29478727417165
  endloop
endfacet
facet normal 0.9999999999999998 1.5076118472302508e-08 1.9269471470701566e-08
  outer loop
    vertex 3759.2701268582455 114.79271194026849 81.29478727417165
    vertex 3759.270127039865 114.9712416796484 72.55012785034351
    vertex 3759.2701268782403 114.96838256404781 80.22176633911306
  endloop
endfacet
facet normal 0.9999999999999998 1.5076118472302508e-08 1.9269471470701566e-08
  outer loop
    vertex 3759.270127080772 116.18530150936031 69.75074659424004
    vertex 3759.270127328337 132.54815265224357 46.43549732999975
    vertex 3759.270127079475 117.25452300594233 69.05638776855643
  endloop
endfacet
facet normal 0.9999999999999998 1.5076118472302508e-08 1.9269471470701566e-08
  outer loop
    vertex 3759.270127079475 117.25452300594233 69.05638776855643
    vertex 3759.270127328337 132.54815265224357 46.43549732999975
    vertex 3759.2701270794037 117.27735206172848 69.04365812378104
  endloop
endfacet
facet normal 0.9999999999999998 1.5076118472302508e-08 1.9269471470701566e-08
  outer loop
    vertex 3759.2701270794037 117.27735206172848 69.04365812378104
    vertex 3759.270127328337 132.54815265224357 46.43549732999975
    vertex 3759.2701273228245 132.24524184749507 46.911217318345855
  endloop
endfacet
facet normal 0.9999999999999998 1.5076118472302508e-08 1.9269471470701566e-08
  outer loop
    vertex 3759.2701270794037 117.27735206172848 69.04365812378104
    vertex 3759.2701273228245 132.24524184749507 46.911217318345855
    vertex 3759.270127309287 131.701242175559 47.93818734722313
  endloop
endfacet
facet normal 0.9999999999999998 1.5076118472302508e-08 1.9269471470701566e-08
  outer loop
    vertex 3759.2701270794037 117.27735206172848 69.04365812378104
    vertex 3759.270127309287 131.701242175559 47.93818734722313
    vertex 3759.2701270177013 121.90578147457025 68.69963728027518
  endloop
endfacet
facet normal 0.9999999999999998 1.5076118472302508e-08 1.9269471470701566e-08
  outer loop
    vertex 3759.2701270177013 121.90578147457025 68.69963728027518
    vertex 3759.270127309287 131.701242175559 47.93818734722313
    vertex 3759.2701270160323 122.02124282405755 68.69718824463067
  endloop
endfacet
facet normal 0.9999999999999998 1.5076118472302508e-08 1.9269471470701566e-08
  outer loop
    vertex 3759.2701273331954 132.87436267421623 45.97433732586081
    vertex 3759.270127337764 133.2587525515356 45.48583732681449
    vertex 3759.2701273372813 133.22414180324455 45.53317736225302
  endloop
endfacet
facet normal 0.9999999999999998 1.5076118472302508e-08 1.9269471470701566e-08
  outer loop
    vertex 3759.270127347215 135.8105122713842 43.23342739181693
    vertex 3759.270127346036 136.37585231349848 42.88969741897758
    vertex 3759.2701273460802 136.29652234599968 42.943687306215125
  endloop
endfacet
facet normal 0.9999999999999998 1.5076118472302508e-08 1.9269471470701566e-08
  outer loop
    vertex 3759.2701273442444 136.87117215679072 42.62455736236747
    vertex 3759.2701272175154 176.4112421779071 22.183377133180468
    vertex 3759.2701273417097 137.38196202800654 42.38372741775687
  endloop
endfacet
facet normal 0.9999999999999998 1.5076118472302508e-08 1.9269471470701566e-08
  outer loop
    vertex 3759.2701273417097 137.38196202800654 42.38372741775687
    vertex 3759.2701272175154 176.4112421779071 22.183377133180468
    vertex 3759.2701273415587 137.40883227870845 42.37189756469901
  endloop
endfacet
facet normal 0.9999999999999998 1.5076118472302508e-08 1.9269471470701566e-08
  outer loop
    vertex 3759.2701273415587 137.40883227870845 42.37189756469901
    vertex 3759.2701272175154 176.4112421779071 22.183377133180468
    vertex 3759.2701273382286 137.9332422880926 42.15921722488578
  endloop
endfacet
facet normal 0.9999999999999998 1.5076118472302508e-08 1.9269471470701566e-08
  outer loop
    vertex 3759.2701273382286 137.9332422880926 42.15921722488578
    vertex 3759.2701272175154 176.4112421779071 22.183377133180468
    vertex 3759.2701273292423 139.03724214122673 41.80518709259208
  endloop
endfacet
facet normal 0.9999999999999998 1.5076118472302508e-08 1.9269471470701566e-08
  outer loop
    vertex 3759.2701273292423 139.03724214122673 41.80518709259208
    vertex 3759.2701272175154 176.4112421779071 22.183377133180468
    vertex 3759.270127317283 140.17524227188014 41.56818710403617
  endloop
endfacet
facet normal 0.9999999999999998 1.5076118472302508e-08 1.9269471470701566e-08
  outer loop
    vertex 3759.270127317283 140.17524227188014 41.56818710403617
    vertex 3759.2701272175154 176.4112421779071 22.183377133180468
    vertex 3759.270127300849 141.43774220035453 41.45553718643364
  endloop
endfacet
facet normal 0.9999999999999998 1.5076118472302508e-08 1.9269471470701566e-08
  outer loop
    vertex 3759.270127300849 141.43774220035453 41.45553718643364
    vertex 3759.2701272175154 176.4112421779071 22.183377133180468
    vertex 3759.2701273001853 141.4877722232141 41.451637135316695
  endloop
endfacet
facet normal 0.9999999999999998 1.5076118472302508e-08 1.9269471470701566e-08
  outer loop
    vertex 3759.2701273001853 141.4877722232141 41.451637135316695
    vertex 3759.2701272175154 176.4112421779071 22.183377133180468
    vertex 3759.2701272732716 143.20075222537895 41.51782737808403
  endloop
endfacet
facet normal 0.9999999999999998 1.5076118472302508e-08 1.9269471470701566e-08
  outer loop
    vertex 3759.2701272732716 143.20075222537895 41.51782737808403
    vertex 3759.2701272175154 176.4112421779071 22.183377133180468
    vertex 3759.2701272722084 143.25853225276845 41.52743755417044
  endloop
endfacet
facet normal 0.9999999999999998 1.5076118472302508e-08 1.9269471470701566e-08
  outer loop
    vertex 3759.2701272722084 143.25853225276845 41.52743755417044
    vertex 3759.2701272175154 176.4112421779071 22.183377133180468
    vertex 3759.2701272436407 144.78324219272517 41.80518709259208
  endloop
endfacet
facet normal 0.9999999999999998 1.5076118472302508e-08 1.9269471470701566e-08
  outer loop
    vertex 3759.2701272436407 144.78324219272517 41.80518709259208
    vertex 3759.2701272175154 176.4112421779071 22.183377133180468
    vertex 3759.2701272197323 145.88724228427785 42.15921722488578
  endloop
endfacet
facet normal 0.9999999999999998 1.5076118472302508e-08 1.9269471470701566e-08
  outer loop
    vertex 3759.2701272197323 145.88724228427785 42.15921722488578
    vertex 3759.2701272175154 176.4112421779071 22.183377133180468
    vertex 3759.2701271947603 146.9221722750463 42.61260734634574
  endloop
endfacet
facet normal 0.9999999999999998 1.5076118472302508e-08 1.9269471470701566e-08
  outer loop
    vertex 3759.2701271947603 146.9221722750463 42.61260734634574
    vertex 3759.2701272175154 176.4112421779071 22.183377133180468
    vertex 3759.2701271938167 146.9607021479406 42.63014732437308
  endloop
endfacet
facet normal 0.9999999999999998 1.5076118472302508e-08 1.9269471470701566e-08
  outer loop
    vertex 3759.2701271938167 146.9607021479406 42.63014732437308
    vertex 3759.2701272175154 176.4112421779071 22.183377133180468
    vertex 3759.270127167526 147.94127198741813 43.18451725082572
  endloop
endfacet
facet normal 0.9999999999999998 1.5076118472302508e-08 1.9269471470701566e-08
  outer loop
    vertex 3759.270127167526 147.94127198741813 43.18451725082572
    vertex 3759.2701272175154 176.4112421779071 22.183377133180468
    vertex 3759.270127153906 148.40923234508415 43.50004731254752
  endloop
endfacet
facet normal 0.9999999999999998 1.5076118472302508e-08 1.9269471470701566e-08
  outer loop
    vertex 3759.270127153906 148.40923234508415 43.50004731254752
    vertex 3759.2701272175154 176.4112421779071 22.183377133180468
    vertex 3759.270127140049 148.85824224040888 43.84015737610037
  endloop
endfacet
facet normal 0.9999999999999998 1.5076118472302508e-08 1.9269471470701566e-08
  outer loop
    vertex 3759.270127140049 148.85824224040888 43.84015737610037
    vertex 3759.2701272175154 176.4112421779071 22.183377133180468
    vertex 3759.270127138015 148.92626210735224 43.88860736923392
  endloop
endfacet
facet normal 0.9999999999999998 1.5076118472302508e-08 1.9269471470701566e-08
  outer loop
    vertex 3759.270127138015 148.92626210735224 43.88860736923392
    vertex 3759.2701272175154 176.4112421779071 22.183377133180468
    vertex 3759.2701271168357 149.56624242351435 44.441187248994666
  endloop
endfacet
facet normal 0.9999999999999998 1.5076118472302508e-08 1.9269471470701566e-08
  outer loop
    vertex 3759.2701271168357 149.56624242351435 44.441187248994666
    vertex 3759.2701272175154 176.4112421779071 22.183377133180468
    vertex 3759.2701270808448 150.53835174129387 45.46185730533774
  endloop
endfacet
facet normal 0.9999999999999998 1.5076118472302508e-08 1.9269471470701566e-08
  outer loop
    vertex 3759.2701270808448 150.53835174129387 45.46185730533774
    vertex 3759.2701272175154 176.4112421779071 22.183377133180468
    vertex 3759.2701270799907 150.5617320208349 45.48583732681449
  endloop
endfacet
facet normal 0.9999999999999998 1.5076118472302508e-08 1.9269471470701566e-08
  outer loop
    vertex 3759.2701270799907 150.5617320208349 45.48583732681449
    vertex 3759.2701272175154 176.4112421779071 22.183377133180468
    vertex 3759.2701270784783 150.59634181545158 45.53317736225302
  endloop
endfacet
facet normal 0.9999999999999998 1.5076118472302508e-08 1.9269471470701566e-08
  outer loop
    vertex 3759.2701270784783 150.59634181545158 45.53317736225302
    vertex 3759.2701272175154 176.4112421779071 22.183377133180468
    vertex 3759.27012706397 150.94612189815425 45.97433732586081
  endloop
endfacet
facet normal 0.9999999999999998 1.5076118472302508e-08 1.9269471470701566e-08
  outer loop
    vertex 3759.27012706397 150.94612189815425 45.97433732586081
    vertex 3759.2701272175154 176.4112421779071 22.183377133180468
    vertex 3759.270127034855 151.5752417712011 46.911217318345855
  endloop
endfacet
facet normal 0.9999999999999998 1.5076118472302508e-08 1.9269471470701566e-08
  outer loop
    vertex 3759.270127034855 151.5752417712011 46.911217318345855
    vertex 3759.2701272175154 176.4112421779071 22.183377133180468
    vertex 3759.270127005109 152.11924239681147 47.93818734722313
  endloop
endfacet
facet normal 0.9999999999999998 1.5076118472302508e-08 1.9269471470701566e-08
  outer loop
    vertex 3759.270127005109 152.11924239681147 47.93818734722313
    vertex 3759.2701272175154 176.4112421779071 22.183377133180468
    vertex 3759.270126423437 161.79924270198723 68.69718824463067
  endloop
endfacet
facet normal 0.9999999999999998 1.5076118472302508e-08 1.9269471470701566e-08
  outer loop
    vertex 3759.270126423437 161.79924270198723 68.69718824463067
    vertex 3759.2701272175154 176.4112421779071 22.183377133180468
    vertex 3759.2701263748127 165.0535113482275 68.70398794250663
  endloop
endfacet
facet normal 0.9999999999999998 1.5076118472302508e-08 1.9269471470701566e-08
  outer loop
    vertex 3759.2701263748127 165.0535113482275 68.70398794250663
    vertex 3759.2701272175154 176.4112421779071 22.183377133180468
    vertex 3759.2701263733916 165.1488024859228 68.70406805114922
  endloop
endfacet
facet normal 0.9999999999999998 1.5076118472302508e-08 1.9269471470701566e-08
  outer loop
    vertex 3759.2701263733916 165.1488024859228 68.70406805114922
    vertex 3759.2701272175154 176.4112421779071 22.183377133180468
    vertex 3759.2701263642125 165.68389197872062 68.76136671142753
  endloop
endfacet
facet normal 0.9999999999999998 1.5076118472302508e-08 1.9269471470701566e-08
  outer loop
    vertex 3759.2701263642125 165.68389197872062 68.76136671142753
    vertex 3759.2701272175154 176.4112421779071 22.183377133180468
    vertex 3759.2701263484373 166.4276225237646 68.98418699340996
  endloop
endfacet
facet normal 0.9999999999999998 1.5076118472302508e-08 1.9269471470701566e-08
  outer loop
    vertex 3759.2701263484373 166.4276225237646 68.98418699340996
    vertex 3759.2701272175154 176.4112421779071 22.183377133180468
    vertex 3759.270126347825 166.45493194148918 68.99390684204278
  endloop
endfacet
facet normal 0.9999999999999998 1.5076118472302508e-08 1.9269471470701566e-08
  outer loop
    vertex 3759.270126347825 166.45493194148918 68.99390684204278
    vertex 3759.2701272175154 176.4112421779071 22.183377133180468
    vertex 3759.270126323751 167.33186217830564 69.51637731628593
  endloop
endfacet
facet normal 0.9999999999999998 1.5076118472302508e-08 1.9269471470701566e-08
  outer loop
    vertex 3759.270126323751 167.33186217830564 69.51637731628593
    vertex 3759.2701272175154 176.4112421779071 22.183377133180468
    vertex 3759.270126322753 167.3640124468603 69.54099737243828
  endloop
endfacet
facet normal 0.9999999999999998 1.5076118472302508e-08 1.9269471470701566e-08
  outer loop
    vertex 3759.270126322753 167.3640124468603 69.54099737243828
    vertex 3759.2701272175154 176.4112421779071 22.183377133180468
    vertex 3759.2701262969695 168.0874526171484 70.25307737426934
  endloop
endfacet
facet normal 0.9999999999999998 1.5076118472302508e-08 1.9269471470701566e-08
  outer loop
    vertex 3759.2701262969695 168.0874526171484 70.25307737426934
    vertex 3759.2701272175154 176.4112421779071 22.183377133180468
    vertex 3759.2701262753344 168.50240203426264 70.98638807373221
  endloop
endfacet
facet normal 0.9999999999999998 1.5076118472302508e-08 1.9269471470701566e-08
  outer loop
    vertex 3759.2701262753344 168.50240203426264 70.98638807373221
    vertex 3759.2701272175154 176.4112421779071 22.183377133180468
    vertex 3759.2701262746878 168.51086303279783 71.0111263854998
  endloop
endfacet
facet normal 0.9999999999999998 1.5076118472302508e-08 1.9269471470701566e-08
  outer loop
    vertex 3759.2701262746878 168.51086303279783 71.0111263854998
    vertex 3759.2701272175154 176.4112421779071 22.183377133180468
    vertex 3759.270126248581 168.80996200130366 72.03850828247245
  endloop
endfacet
facet normal 0.9999999999999998 1.5076118472302508e-08 1.9269471470701566e-08
  outer loop
    vertex 3759.270126248581 168.80996200130366 72.03850828247245
    vertex 3759.2701272175154 176.4112421779071 22.183377133180468
    vertex 3759.2701262372148 168.8492419390478 72.55012785034351
  endloop
endfacet
facet normal 0.9999999999999998 1.5076118472302508e-08 1.9269471470701566e-08
  outer loop
    vertex 3759.2701262372148 168.8492419390478 72.55012785034351
    vertex 3759.2701272175154 176.4112421779071 22.183377133180468
    vertex 3759.270126057684 168.95170280025383 80.99698911743339
  endloop
endfacet
facet normal 0.9999999999999998 1.5076118472302508e-08 1.9269471470701566e-08
  outer loop
    vertex 3759.270126057684 168.95170280025383 80.99698911743339
    vertex 3759.2701272175154 176.4112421779071 22.183377133180468
    vertex 3759.2701260395606 169.19156142757316 81.68740736084158
  endloop
endfacet
facet normal 0.9999999999999998 1.5076118472302508e-08 1.9269471470701566e-08
  outer loop
    vertex 3759.2701260395606 169.19156142757316 81.68740736084158
    vertex 3759.2701272175154 176.4112421779071 22.183377133180468
    vertex 3759.2701260241997 169.48904296443843 82.20605741577322
  endloop
endfacet
facet normal 0.9999999999999998 1.5076118472302508e-08 1.9269471470701566e-08
  outer loop
    vertex 3759.2701260241997 169.48904296443843 82.20605741577322
    vertex 3759.2701272175154 176.4112421779071 22.183377133180468
    vertex 3759.270126023346 169.5096728472509 82.23194776611501
  endloop
endfacet
facet normal 0.9999999999999998 1.5076118472302508e-08 1.9269471470701566e-08
  outer loop
    vertex 3759.270126023346 169.5096728472509 82.23194776611501
    vertex 3759.2701272175154 176.4112421779071 22.183377133180468
    vertex 3759.270126006255 169.9466826586523 82.73402677612476
  endloop
endfacet
facet normal 0.9999999999999998 1.5076118472302508e-08 1.9269471470701566e-08
  outer loop
    vertex 3759.270126006255 169.9466826586523 82.73402677612476
    vertex 3759.2701272175154 176.4112421779071 22.183377133180468
    vertex 3759.270125988792 170.50897285030265 83.16521726684743
  endloop
endfacet
facet normal 0.9999999999999998 1.5076118472302508e-08 1.9269471470701566e-08
  outer loop
    vertex 3759.270125988792 170.50897285030265 83.16521726684743
    vertex 3759.2701272175154 176.4112421779071 22.183377133180468
    vertex 3759.2701259880673 170.53353187129875 83.18223844604665
  endloop
endfacet
facet normal 0.9999999999999998 1.5076118472302508e-08 1.9269471470701566e-08
  outer loop
    vertex 3759.2701259880673 170.53353187129875 83.18223844604665
    vertex 3759.2701272175154 176.4112421779071 22.183377133180468
    vertex 3759.270125964782 171.51419135616203 83.59392820434743
  endloop
endfacet
facet normal 0.9999999999999998 1.5076118472302508e-08 1.9269471470701566e-08
  outer loop
    vertex 3759.270125964782 171.51419135616203 83.59392820434743
    vertex 3759.2701272175154 176.4112421779071 22.183377133180468
    vertex 3759.270125954935 172.05660316036125 83.67777906494312
  endloop
endfacet
facet normal 0.9999999999999998 1.5076118472302508e-08 1.9269471470701566e-08
  outer loop
    vertex 3759.270125954935 172.05660316036125 83.67777906494312
    vertex 3759.2701272175154 176.4112421779071 22.183377133180468
    vertex 3759.270125953982 172.11506148860832 83.6816776855486
  endloop
endfacet
facet normal 0.9999999999999998 1.5076118472302508e-08 1.9269471470701566e-08
  outer loop
    vertex 3759.270125953982 172.11506148860832 83.6816776855486
    vertex 3759.2701272175154 176.4112421779071 22.183377133180468
    vertex 3759.270125921336 174.2830340533056 83.69818769531422
  endloop
endfacet
facet normal 0.9999999999999998 1.5076118472302508e-08 1.9269471470701566e-08
  outer loop
    vertex 3759.270125921336 174.2830340533056 83.69818769531422
    vertex 3759.2701272175154 176.4112421779071 22.183377133180468
    vertex 3759.2701272175154 176.4112421779071 83.69818769531422
  endloop
endfacet
facet normal 0.9999999999999998 1.5076118472302508e-08 1.9269471470701566e-08
  outer loop
    vertex 3759.270126057684 168.95170280025383 80.99698911743339
    vertex 3759.2701260760437 168.84924193904777 80.19818769531423
    vertex 3759.2701262372148 168.8492419390478 72.55012785034351
  endloop
endfacet
facet normal -1.8213544361086153e-07 -0.999999999999982 5.3271368463897525e-08
  outer loop
    vertex 3757.098968238346 107.41123393194138 20.360186398339778
    vertex 3739.9944277729455 107.41124192654485 83.69818728910923
    vertex 3739.9944277729455 107.41123393194138 20.360186349368636
  endloop
endfacet
facet normal -1.8213544361086153e-07 -0.999999999999982 5.3271368463897525e-08
  outer loop
    vertex 3739.9944277729455 107.41124192654485 83.69818728910923
    vertex 3757.098968238346 107.41123393194138 20.360186398339778
    vertex 3759.2701281806985 107.41123393194138 22.18335079296437
  endloop
endfacet
facet normal -1.8213544361086153e-07 -0.999999999999982 5.3271368463897525e-08
  outer loop
    vertex 3739.9944277729455 107.41124192654485 83.69818728910923
    vertex 3759.2701281806985 107.41123393194138 22.18335079296437
    vertex 3759.2701281806985 107.41123393194138 83.69818764471697
  endloop
endfacet
facet normal 0.0 1.0 0.0
  outer loop
    vertex 3739.993937978034 109.34925331227183 34.878886259041955
    vertex 3754.513128015539 109.34925331227183 20.360186343847264
    vertex 3739.993937978034 109.34925331227183 20.360186343847264
  endloop
endfacet
facet normal 1.4897573003752368e-08 -1.0 -1.4180101688406041e-15
  outer loop
    vertex 3755.8721269124026 173.40924135436825 37.19618681499093
    vertex 3739.9924269615885 173.40924111779924 37.19620148361163
    vertex 3740.3411267750735 173.40924112299405 37.19618648769955
  endloop
endfacet
facet normal 1.4897573003752368e-08 -1.0 -1.4180101688406041e-15
  outer loop
    vertex 3739.9924269615885 173.40924111779924 37.19620148361163
    vertex 3755.8721269124026 173.40924135436825 37.19618681499093
    vertex 3755.870125838986 173.40924135433838 83.69818762366461
  endloop
endfacet
facet normal 1.4897573003752368e-08 -1.0 -1.4180101688406041e-15
  outer loop
    vertex 3739.9924269615885 173.40924111779924 37.19620148361163
    vertex 3755.870125838986 173.40924135433838 83.69818762366461
    vertex 3739.994426790348 173.40924111782897 83.69820229236961
  endloop
endfacet
facet normal -2.1073426226259057e-08 -3.1406312419921295e-16 0.9999999999999998
  outer loop
    vertex 3739.9924279001057 110.41124192651505 37.19620148361163
    vertex 3740.3411267750735 173.40924112299405 37.19618648769955
    vertex 3739.9924269615885 173.40924111779924 37.19620148361163
  endloop
endfacet
facet normal -2.1073426226259057e-08 -3.1406312419921295e-16 0.9999999999999998
  outer loop
    vertex 3740.3411267750735 173.40924112299405 37.19618648769955
    vertex 3739.9924279001057 110.41124192651505 37.19620148361163
    vertex 3740.341127713591 110.41124193170985 37.19618648769955
  endloop
endfacet
facet normal -2.1073426226259057e-08 -3.1406312419921295e-16 0.9999999999999998
  outer loop
    vertex 3740.3411267750735 173.40924112299405 37.19618648769955
    vertex 3740.341127713591 110.41124193170985 37.19618648769955
    vertex 3744.2811274533697 163.72724197514748 37.19618657072886
  endloop
endfacet
facet normal -1.489757300375334e-08 1.0 -3.739364628026438e-17
  outer loop
    vertex 3739.9924279001057 110.41124192651505 37.19620148361163
    vertex 3755.8721278509197 110.41124216308404 37.19618681499093
    vertex 3740.341127713591 110.41124193170985 37.19618648769955
  endloop
endfacet
facet normal -1.489757300375334e-08 1.0 -3.739364628026438e-17
  outer loop
    vertex 3755.8721278509197 110.41124216308404 37.19618681499093
    vertex 3739.9924279001057 110.41124192651505 37.19620148361163
    vertex 3755.870126777503 110.41124216305424 83.69818762366461
  endloop
endfacet
facet normal -1.489757300375334e-08 1.0 -3.739364628026438e-17
  outer loop
    vertex 3755.870126777503 110.41124216305424 83.69818762366461
    vertex 3739.9924279001057 110.41124192651505 37.19620148361163
    vertex 3739.9944277288655 110.41124192654485 83.69820229236961
  endloop
endfacet
facet normal 3.700553599892383e-07 -1.8397631013360432e-06 0.9999999999982392
  outer loop
    vertex 3739.9944277729455 107.41124192654485 83.69818728910923
    vertex 3755.870126777503 110.41124216305424 83.69818762366461
    vertex 3739.9944277288655 110.41124192654485 83.69820229236961
  endloop
endfacet
facet normal 3.700553599892383e-07 -1.8397631013360432e-06 0.9999999999982392
  outer loop
    vertex 3755.870126777503 110.41124216305424 83.69818762366461
    vertex 3739.9944277729455 107.41124192654485 83.69818728910923
    vertex 3759.2701281806985 107.41123393194138 83.69818764471697
  endloop
endfacet
facet normal 3.700553599892383e-07 -1.8397631013360432e-06 0.9999999999982392
  outer loop
    vertex 3755.870126777503 110.41124216305424 83.69818762366461
    vertex 3759.2701281806985 107.41123393194138 83.69818764471697
    vertex 3759.270126885888 109.53745147273922 83.69818769531422
  endloop
endfacet
facet normal 0.0013716681071590663 -0.0006787816898301322 0.999998828890325
  outer loop
    vertex 3753.5311268844744 169.90524160941 37.197187170015944
    vertex 3755.8721269124026 173.40924135436825 37.19618681499093
    vertex 3752.821126840705 170.281242956865 37.198187559411714
  endloop
endfacet
facet normal 0.0013716681071590663 -0.0006787816898301322 0.999998828890325
  outer loop
    vertex 3755.8721269124026 173.40924135436825 37.19618681499093
    vertex 3753.5311268844744 169.90524160941 37.197187170015944
    vertex 3753.9321269113457 169.63924277505188 37.19618677410848
  endloop
endfacet
facet normal -0.29486336516777595 -0.9555363150457855 -0.0024385468328569702
  outer loop
    vertex 3752.821126840705 170.281242956865 37.198187559411714
    vertex 3752.3531472393215 170.4631124567291 22.520167072254868
    vertex 3752.384747238606 170.4534421996315 22.488568028120973
  endloop
endfacet
facet normal -0.29486336516777595 -0.9555363150457855 -0.0024385468328569702
  outer loop
    vertex 3752.3531472393215 170.4631124567291 22.520167072254868
    vertex 3752.821126840705 170.281242956865 37.198187559411714
    vertex 3751.4471267619506 170.70524272277262 37.19618672174101
  endloop
endfacet
facet normal -2.1073426226259057e-08 -3.1406312419921295e-16 0.9999999999999998
  outer loop
    vertex 3755.8721269124026 173.40924135436825 37.19618681499093
    vertex 3753.9321269113457 169.63924277505188 37.19618677410848
    vertex 3754.186127101156 169.4452425346953 37.19618677946114
  endloop
endfacet
facet normal -0.6962768165427276 -0.7177726780707319 -0.0009886153421652703
  outer loop
    vertex 3754.7654874722157 168.90642227660268 20.36018634916536
    vertex 3754.367447168749 169.2923418415957 20.505867722002876
    vertex 3754.5131271246355 169.1512228404701 20.360186343847264
  endloop
endfacet
facet normal -0.6962768165427276 -0.7177726780707319 -0.0009886153421652703
  outer loop
    vertex 3754.367447168749 169.2923418415957 20.505867722002876
    vertex 3754.7654874722157 168.90642227660268 20.36018634916536
    vertex 3754.186127101156 169.4452425346953 37.19618677946114
  endloop
endfacet
facet normal -0.6804033912695443 -0.7328377880332939 3.974131831872116e-05
  outer loop
    vertex 3754.773127002422 168.9002424671462 37.198187600547044
    vertex 3754.186127101156 169.4452425346953 37.19618677946114
    vertex 3754.7654874722157 168.90642227660268 20.36018634916536
  endloop
endfacet
facet normal -0.667346146523344 0.7447465328995068 0.0013124231815079212
  outer loop
    vertex 3755.8721278198436 112.49724260558894 37.19618681499093
    vertex 3756.2621981305347 112.87644259308946 20.36018638070616
    vertex 3755.520158221541 112.21152177515013 20.360186365068838
  endloop
endfacet
facet normal -0.7099673056076853 0.704234392647705 -0.0005875204522546042
  outer loop
    vertex 3756.2621981305347 112.87644259308946 20.36018638070616
    vertex 3755.8721278198436 112.49724260558894 37.19618681499093
    vertex 3755.8701276754487 112.49724260555914 39.61318710868048
  endloop
endfacet
facet normal -0.3823304265697678 0.9240245701175648 -0.001427843839176023
  outer loop
    vertex 3754.5951278826064 111.61024154896711 37.198187596795975
    vertex 3754.3473879671515 111.48197234971968 20.525927307151417
    vertex 3753.244128058802 111.05124151358167 37.197187163967875
  endloop
endfacet
facet normal 8.489043316162284e-05 -0.0015365861866048092 0.9999988158475518
  outer loop
    vertex 3755.8721278509197 110.41124216308404 37.19618681499093
    vertex 3753.244128058802 111.05124151358167 37.197187163967875
    vertex 3751.8051279330653 110.78524265181203 37.19718713364321
  endloop
endfacet
facet normal 8.489043316162284e-05 -0.0015365861866048092 0.9999988158475518
  outer loop
    vertex 3753.244128058802 111.05124151358167 37.197187163967875
    vertex 3755.8721278509197 110.41124216308404 37.19618681499093
    vertex 3754.5951278826064 111.61024154896711 37.198187596795975
  endloop
endfacet
facet normal -0.6109992321212634 0.7916309121909968 -0.0006612192350694593
  outer loop
    vertex 3755.219127949401 111.99324288577779 37.19718720558789
    vertex 3755.8721278198436 112.49724260558894 37.19618681499093
    vertex 3755.520158221541 112.21152177515013 20.360186365068838
  endloop
endfacet
facet normal -0.9999981677765777 0.0018968005112399429 -0.0002580529175378719
  outer loop
    vertex 3755.8721259651697 171.40224138488577 83.56418875285712
    vertex 3755.870126141888 168.84924188839602 72.54818800513432
    vertex 3755.8711260503997 170.84624162901153 83.35218695229894
  endloop
endfacet
facet normal -0.9999999883885968 -0.00010428001740469438 0.00011112373366109058
  outer loop
    vertex 3755.871126105065 169.2802416442703 81.8651874405802
    vertex 3755.8711260503997 170.84624162901153 83.35218695229894
    vertex 3755.870126141888 168.84924188839602 72.54818800513432
  endloop
endfacet
facet normal -0.9999999883885968 -0.00010428001740469438 0.00011112373366109058
  outer loop
    vertex 3755.8711260503997 170.84624162901153 83.35218695229894
    vertex 3755.871126105065 169.2802416442703 81.8651874405802
    vertex 3755.8711260755103 169.99524179685818 82.76218679971106
  endloop
endfacet
facet normal -0.46800332688864366 -0.8837267019312006 4.8114079832040664e-05
  outer loop
    vertex 3752.821126840705 170.281242956865 37.198187559411714
    vertex 3753.2721474137415 170.04154264620126 21.60116646601101
    vertex 3753.5311268844744 169.90524160941 37.197187170015944
  endloop
endfacet
facet normal -0.00869963659660786 0.20179794920295793 -0.9793885357816721
  outer loop
    vertex 3744.2561276145148 123.47224281400847 30.85418656257261
    vertex 3744.141147882024 122.87508247294008 30.73216679238837
    vertex 3744.0838778266652 123.1505722792158 30.789436841230323
  endloop
endfacet
facet normal -0.00869963659660786 0.20179794920295793 -0.9793885357816721
  outer loop
    vertex 3744.141147882024 122.87508247294008 30.73216679238837
    vertex 3744.2561276145148 123.47224281400847 30.85418656257261
    vertex 3744.256127624692 122.94324157804655 30.74518731025328
  endloop
endfacet
facet normal -0.564907827270205 -0.8251527882633283 0.0014222201344718762
  outer loop
    vertex 3754.186127101156 169.4452425346953 37.19618677946114
    vertex 3753.2952573272996 170.02822172369395 21.57806656720602
    vertex 3754.367447168749 169.2923418415957 20.505867722002876
  endloop
endfacet
facet normal -0.4268780136293946 0.9043090092583742 -0.0006142100294633741
  outer loop
    vertex 3754.5951278826064 111.61024154896711 37.198187596795975
    vertex 3754.3870183807644 111.50065292281987 20.486296418093996
    vertex 3754.3473879671515 111.48197234971968 20.525927307151417
  endloop
endfacet
facet normal 0.9999960689038789 0.001443866996552731 -0.002403627443028838
  outer loop
    vertex 3744.2639478384563 117.47205207926169 30.609367875298446
    vertex 3744.2561276145148 123.47224281400847 30.85418656257261
    vertex 3744.280127741966 117.21124122745195 37.197186975065684
  endloop
endfacet
facet normal 0.9999960689038789 0.001443866996552731 -0.002403627443028838
  outer loop
    vertex 3744.2561276145148 123.47224281400847 30.85418656257261
    vertex 3744.2639478384563 117.47205207926169 30.609367875298446
    vertex 3744.256127624692 122.94324157804655 30.74518731025328
  endloop
endfacet
facet normal 0.9999960689038789 0.001443866996552731 -0.002403627443028838
  outer loop
    vertex 3744.256127624692 122.94324157804655 30.74518731025328
    vertex 3744.2639478384563 117.47205207926169 30.609367875298446
    vertex 3744.256408012878 122.59193275541888 30.61690762428506
  endloop
endfacet
facet normal -0.09645848203414178 0.34132947553032655 -0.9349812566986898
  outer loop
    vertex 3744.256408012878 122.59193275541888 30.61690762428506
    vertex 3744.141147882024 122.87508247294008 30.73216679238837
    vertex 3744.256127624692 122.94324157804655 30.74518731025328
  endloop
endfacet
facet normal -0.8191161737690595 0.5736274906301679 -0.00044256442774990863
  outer loop
    vertex 3757.12812819449 113.9472414798911 20.384186566800963
    vertex 3756.86792817688 113.57567279620517 20.360186393470972
    vertex 3756.7541277459054 113.42724292390437 38.59918766518169
  endloop
endfacet
facet normal -0.8191161737690595 0.5736274906301679 -0.00044256442774990863
  outer loop
    vertex 3756.86792817688 113.57567279620517 20.360186393470972
    vertex 3757.12812819449 113.9472414798911 20.384186566800963
    vertex 3757.0994781502104 113.90632312924456 20.36018639835052
  endloop
endfacet
facet normal -0.004058479220087802 -0.9236758899378598 0.3831532057727342
  outer loop
    vertex 3755.871126105065 169.2802416442703 81.8651874405802
    vertex 3755.8711261234607 169.00024286497344 81.19018820351967
    vertex 3759.2701260395606 169.19156142757316 81.68740736084158
  endloop
endfacet
facet normal -0.9999913650934014 0.0038385303215824184 -0.00159230135534272
  outer loop
    vertex 3755.871126105065 169.2802416442703 81.8651874405802
    vertex 3755.8721260741363 168.84924188842584 80.19818762370673
    vertex 3755.8711261234607 169.00024286497344 81.19018820351967
  endloop
endfacet
facet normal -0.0009675934849035317 0.001583398754900029 0.9999982783041335
  outer loop
    vertex 3755.8721269124026 173.40924135436825 37.19618681499093
    vertex 3751.4471267619506 170.70524272277262 37.19618672174101
    vertex 3752.821126840705 170.281242956865 37.198187559411714
  endloop
endfacet
facet normal -2.1073426226259057e-08 -3.1406312419921295e-16 0.9999999999999998
  outer loop
    vertex 3755.8721269124026 173.40924135436825 37.19618681499093
    vertex 3750.171126737558 170.80624253591665 37.19618669485131
    vertex 3751.4471267619506 170.70524272277262 37.19618672174101
  endloop
endfacet
facet normal -0.19585952338254195 -0.9806234449344483 0.00408733963093949
  outer loop
    vertex 3751.4471267619506 170.70524272277262 37.19618672174101
    vertex 3750.7490574637072 170.7901826690381 24.12425677538967
    vertex 3752.3531472393215 170.4631124567291 22.520167072254868
  endloop
endfacet
facet normal -0.6069781934985843 -0.7947030171168314 0.004958548436824186
  outer loop
    vertex 3754.186127101156 169.4452425346953 37.19618677946114
    vertex 3753.9321269113457 169.63924277505188 37.19618677410848
    vertex 3753.2952573272996 170.02822172369395 21.57806656720602
  endloop
endfacet
facet normal 0.0015639628058650979 3.2448706497670326e-06 0.9999987770041586
  outer loop
    vertex 3755.8721278509197 110.41124216308404 37.19618681499093
    vertex 3755.219127949401 111.99324288577779 37.19718720558789
    vertex 3754.5951278826064 111.61024154896711 37.198187596795975
  endloop
endfacet
facet normal 0.0015639628058650979 3.2448706497670326e-06 0.9999987770041586
  outer loop
    vertex 3755.219127949401 111.99324288577779 37.19718720558789
    vertex 3755.8721278509197 110.41124216308404 37.19618681499093
    vertex 3755.8721278198436 112.49724260558894 37.19618681499093
  endloop
endfacet
facet normal -0.5231064009471179 0.8522668813121221 0.0009253683926358964
  outer loop
    vertex 3754.5951278826064 111.61024154896711 37.198187596795975
    vertex 3755.219127949401 111.99324288577779 37.19718720558789
    vertex 3754.3870183807644 111.50065292281987 20.486296418093996
  endloop
endfacet
facet normal -0.5527747711995539 -0.8333287836061591 0.0017862639111161985
  outer loop
    vertex 3753.5311268844744 169.90524160941 37.197187170015944
    vertex 3753.2952573272996 170.02822172369395 21.57806656720602
    vertex 3753.9321269113457 169.63924277505188 37.19618677410848
  endloop
endfacet
facet normal -0.056398636059125505 0.2259577733455403 -0.9725030994888376
  outer loop
    vertex 3744.2561276145148 123.47224281400847 30.85418656257261
    vertex 3744.0838778266652 123.1505722792158 30.789436841230323
    vertex 3743.9846775698643 123.5527615324987 30.888637087858093
  endloop
endfacet
facet normal -0.38867690337260824 0.9213721247794647 -0.001916367411124656
  outer loop
    vertex 3753.244128058802 111.05124151358167 37.197187163967875
    vertex 3754.3473879671515 111.48197234971968 20.525927307151417
    vertex 3753.5848180515236 111.16187155405753 21.288496718571704
  endloop
endfacet
facet normal -0.999994417235092 -0.0033312391472228643 0.0002614276056266559
  outer loop
    vertex 3755.871126105065 169.2802416442703 81.8651874405802
    vertex 3755.870126141888 168.84924188839602 72.54818800513432
    vertex 3755.8721260741363 168.84924188842584 80.19818762370673
  endloop
endfacet
facet normal -0.49886024481474706 -0.866682152116761 0.0007094685547997154
  outer loop
    vertex 3753.5311268844744 169.90524160941 37.197187170015944
    vertex 3753.2721474137415 170.04154264620126 21.60116646601101
    vertex 3753.2952573272996 170.02822172369395 21.57806656720602
  endloop
endfacet
facet normal -0.41952282875679353 -0.9077429630443384 0.0018191193976390817
  outer loop
    vertex 3752.821126840705 170.281242956865 37.198187559411714
    vertex 3752.384747238606 170.4534421996315 22.488568028120973
    vertex 3753.2721474137415 170.04154264620126 21.60116646601101
  endloop
endfacet
facet normal -0.011328285309985333 -0.5697257394815634 0.8217568081398058
  outer loop
    vertex 3755.8711260755103 169.99524179685818 82.76218679971106
    vertex 3759.2701259880673 170.53353187129875 83.18223844604665
    vertex 3755.8711260503997 170.84624162901153 83.35218695229894
  endloop
endfacet
facet normal -0.011328285309985333 -0.5697257394815634 0.8217568081398058
  outer loop
    vertex 3759.2701259880673 170.53353187129875 83.18223844604665
    vertex 3755.8711260755103 169.99524179685818 82.76218679971106
    vertex 3759.270125988792 170.50897285030265 83.16521726684743
  endloop
endfacet
facet normal -0.0024435880056407513 0.0010393175109334144 0.99999647434217
  outer loop
    vertex 3755.8721269124026 173.40924135436825 37.19618681499093
    vertex 3754.186127101156 169.4452425346953 37.19618677946114
    vertex 3754.773127002422 168.9002424671462 37.198187600547044
  endloop
endfacet
facet normal 0.005163331320423574 -0.9446059154903231 0.3281661232217066
  outer loop
    vertex 3759.2701260395606 169.19156142757316 81.68740736084158
    vertex 3755.8711261234607 169.00024286497344 81.19018820351967
    vertex 3759.270126057684 168.95170280025383 80.99698911743339
  endloop
endfacet
facet normal -0.9999989841304454 -0.001385754785289996 -0.0003337989700456066
  outer loop
    vertex 3755.8721269124026 173.40924135436825 37.19618681499093
    vertex 3755.872126360118 165.80124155273248 68.78218725749579
    vertex 3755.871126418176 166.47224298704376 68.99218634194737
  endloop
endfacet
facet normal -0.01447167887802082 -0.7818911598748197 0.6232469692024666
  outer loop
    vertex 3759.2701260241997 169.48904296443843 82.20605741577322
    vertex 3755.8711260755103 169.99524179685818 82.76218679971106
    vertex 3755.871126105065 169.2802416442703 81.8651874405802
  endloop
endfacet
facet normal -0.01447167887802082 -0.7818911598748197 0.6232469692024666
  outer loop
    vertex 3755.8711260755103 169.99524179685818 82.76218679971106
    vertex 3759.2701260241997 169.48904296443843 82.20605741577322
    vertex 3759.270126023346 169.5096728472509 82.23194776611501
  endloop
endfacet
facet normal -0.2052765317256244 0.9787010462794867 0.0024098825981819106
  outer loop
    vertex 3753.244128058802 111.05124151358167 37.197187163967875
    vertex 3753.5848180515236 111.16187155405753 21.288496718571704
    vertex 3751.8363281634843 110.79083118377096 23.036987968956478
  endloop
endfacet
facet normal -0.18177041193452445 0.9833409974106727 -1.2511472461366482e-05
  outer loop
    vertex 3751.806108131192 110.78524265182665 23.06720800005791
    vertex 3753.244128058802 111.05124151358167 37.197187163967875
    vertex 3751.8363281634843 110.79083118377096 23.036987968956478
  endloop
endfacet
facet normal -0.18177041193452445 0.9833409974106727 -1.2511472461366482e-05
  outer loop
    vertex 3753.244128058802 111.05124151358167 37.197187163967875
    vertex 3751.806108131192 110.78524265182665 23.06720800005791
    vertex 3751.8051279330653 110.78524265181203 37.19718713364321
  endloop
endfacet
facet normal -2.1084651281697848e-08 0.0007538841949493673 0.9999997158292698
  outer loop
    vertex 3755.8721269124026 173.40924135436825 37.19618681499093
    vertex 3740.3411267750735 173.40924112299405 37.19618648769955
    vertex 3749.5321267993104 170.7552419313044 37.19818749010122
  endloop
endfacet
facet normal -0.0005380371120546575 -0.0011093063774399465 0.9999992399774248
  outer loop
    vertex 3749.5321267993104 170.7552419313044 37.19818749010122
    vertex 3740.3411267750735 173.40924112299405 37.19618648769955
    vertex 3748.2871269182124 170.4572415770635 37.197187059506895
  endloop
endfacet
facet normal -0.0030572740708184535 -0.9812442911317205 0.19274411585483786
  outer loop
    vertex 3755.8711261234607 169.00024286497344 81.19018820351967
    vertex 3755.871126139589 168.86824289549105 80.51818731850989
    vertex 3759.270126057684 168.95170280025383 80.99698911743339
  endloop
endfacet
facet normal -0.999946667800946 -0.010109900588057228 -0.0021098492562873624
  outer loop
    vertex 3755.8721269124026 173.40924135436825 37.19618681499093
    vertex 3755.8721263389234 166.74724260558892 69.11918715068427
    vertex 3755.870126240809 166.92524210201907 69.21418646399663
  endloop
endfacet
facet normal -0.022063335331520512 -0.470922176589185 0.8818988109928221
  outer loop
    vertex 3759.270126323751 167.33186217830564 69.51637731628593
    vertex 3755.870126240809 166.92524210201907 69.21418646399663
    vertex 3755.8721263389234 166.74724260558892 69.11918715068427
  endloop
endfacet
facet normal 0.006432845553743574 -0.9918532428437277 0.1272232807251214
  outer loop
    vertex 3759.270126057684 168.95170280025383 80.99698911743339
    vertex 3755.871126139589 168.86824289549105 80.51818731850989
    vertex 3759.2701260760437 168.84924193904777 80.19818769531423
  endloop
endfacet
facet normal -0.9999988198056073 -0.001503599592511508 -0.0003155561086713382
  outer loop
    vertex 3755.8721269124026 173.40924135436825 37.19618681499093
    vertex 3755.871126395822 167.3022429107498 69.4661872727335
    vertex 3755.8701262108916 167.86124292599368 69.97218779151127
  endloop
endfacet
facet normal -0.9999970960371093 0.002373407512232675 0.0004181556280308006
  outer loop
    vertex 3755.8721269124026 173.40924135436825 37.19618681499093
    vertex 3755.870126240809 166.92524210201907 69.21418646399663
    vertex 3755.871126395822 167.3022429107498 69.4661872727335
  endloop
endfacet
facet normal 1.3622276172665861e-08 -0.9982417624532274 0.05927380276542228
  outer loop
    vertex 3755.871126139589 168.86824289549105 80.51818731850989
    vertex 3755.8721260741363 168.84924188842584 80.19818762370673
    vertex 3759.2701260760437 168.84924193904777 80.19818769531423
  endloop
endfacet
facet normal -0.9997301546864242 0.022794088180300424 -0.00447742723973277
  outer loop
    vertex 3755.8711261234607 169.00024286497344 81.19018820351967
    vertex 3755.8721260741363 168.84924188842584 80.19818762370673
    vertex 3755.871126139589 168.86824289549105 80.51818731850989
  endloop
endfacet
facet normal -0.11685867834129586 0.0307603136373245 -0.9926720769726823
  outer loop
    vertex 3744.2561276145148 123.47224281400847 30.85418656257261
    vertex 3743.9846775698643 123.5527615324987 30.888637087858093
    vertex 3743.9699175458977 123.97301147124365 30.90339710494207
  endloop
endfacet
facet normal 0.003794260576822191 -0.008310107631678233 0.9999582719782987
  outer loop
    vertex 3755.8721269124026 173.40924135436825 37.19618681499093
    vertex 3749.5321267993104 170.7552419313044 37.19818749010122
    vertex 3750.171126737558 170.80624253591665 37.19618669485131
  endloop
endfacet
facet normal 1.4897571752403632e-08 -0.9999999999999999 -1.202449245341099e-19
  outer loop
    vertex 3759.2701262372148 168.8492419390478 72.55012785034351
    vertex 3755.8721260741363 168.84924188842584 80.19818762370673
    vertex 3755.870126141888 168.84924188839602 72.54818800513432
  endloop
endfacet
facet normal 1.4897571752403632e-08 -0.9999999999999999 -1.202449245341099e-19
  outer loop
    vertex 3755.8721260741363 168.84924188842584 80.19818762370673
    vertex 3759.2701262372148 168.8492419390478 72.55012785034351
    vertex 3759.2701260760437 168.84924193904777 80.19818769531423
  endloop
endfacet
facet normal 0.010489443458460904 -0.3870615448562815 0.921994214770028
  outer loop
    vertex 3759.2701259880673 170.53353187129875 83.18223844604665
    vertex 3759.270125964782 171.51419135616203 83.59392820434743
    vertex 3755.8711260503997 170.84624162901153 83.35218695229894
  endloop
endfacet
facet normal -0.02720403362007923 0.0823536884971352 -0.9962318056284464
  outer loop
    vertex 3744.2561276000215 124.34324119657683 30.926187066112654
    vertex 3743.9699175458977 123.97301147124365 30.90339710494207
    vertex 3743.92282795993 124.52708289693372 30.950486680670927
  endloop
endfacet
facet normal -0.02720403362007923 0.0823536884971352 -0.9962318056284464
  outer loop
    vertex 3743.9699175458977 123.97301147124365 30.90339710494207
    vertex 3744.2561276000215 124.34324119657683 30.926187066112654
    vertex 3744.2561276145148 123.47224281400847 30.85418656257261
  endloop
endfacet
facet normal -0.0021192233785378846 -0.6085202503818674 0.7935355151267406
  outer loop
    vertex 3759.270126006255 169.9466826586523 82.73402677612476
    vertex 3759.270125988792 170.50897285030265 83.16521726684743
    vertex 3755.8711260755103 169.99524179685818 82.76218679971106
  endloop
endfacet
facet normal -0.9999942611092779 0.0033164382028324536 0.0006920882576589722
  outer loop
    vertex 3755.8721269124026 173.40924135436825 37.19618681499093
    vertex 3755.871126418176 166.47224298704376 68.99218634194737
    vertex 3755.8721263389234 166.74724260558892 69.11918715068427
  endloop
endfacet
facet normal -0.002594828874626088 -0.4192610101976039 0.9078620336764811
  outer loop
    vertex 3759.270126347825 166.45493194148918 68.99390684204278
    vertex 3755.8721263389234 166.74724260558892 69.11918715068427
    vertex 3755.871126418176 166.47224298704376 68.99218634194737
  endloop
endfacet
facet normal -0.002978288511846797 0.9999955648889137 -2.0660315145596766e-07
  outer loop
    vertex 3751.8051279330653 110.78524265181203 37.19718713364321
    vertex 3751.806108131192 110.78524265182665 23.06720800005791
    vertex 3750.8223577671824 110.78231294967117 24.050957368975368
  endloop
endfacet
facet normal 0.02598291811772656 0.9996600417457494 -0.002165387488270916
  outer loop
    vertex 3750.787418000501 110.78329141899926 24.085898087843564
    vertex 3751.8051279330653 110.78524265181203 37.19718713364321
    vertex 3750.8223577671824 110.78231294967117 24.050957368975368
  endloop
endfacet
facet normal 0.02598291811772656 0.9996600417457494 -0.002165387488270916
  outer loop
    vertex 3751.8051279330653 110.78524265181203 37.19718713364321
    vertex 3750.787418000501 110.78329141899926 24.085898087843564
    vertex 3750.3431275624735 110.82324273684333 37.19718710283385
  endloop
endfacet
facet normal -0.0230511905706063 -0.2286907834790597 0.9732261649611624
  outer loop
    vertex 3759.2701272722084 143.25853225276845 41.52743755417044
    vertex 3755.870127148273 144.78324214207342 41.805187020942434
    vertex 3755.870127159508 144.2172421573322 41.67218712393925
  endloop
endfacet
facet normal -0.005336709132657243 -0.7542827307755957 0.6565280508777547
  outer loop
    vertex 3755.8711260755103 169.99524179685818 82.76218679971106
    vertex 3759.270126023346 169.5096728472509 82.23194776611501
    vertex 3759.270126006255 169.9466826586523 82.73402677612476
  endloop
endfacet
facet normal 0.9858742697010084 0.1673074213168652 0.007755714912521236
  outer loop
    vertex 3744.2639478384563 117.47205207926169 30.609367875298446
    vertex 3744.410127869883 116.30524109205955 37.198187382163134
    vertex 3744.273957605164 117.41353271600747 30.599356202535756
  endloop
endfacet
facet normal -0.8783522992641593 -0.4780138446856071 5.163573756626505e-05
  outer loop
    vertex 3755.5521270614327 167.88524308910291 37.19718721260535
    vertex 3755.5511372638875 167.88524308908822 20.360186365721706
    vertex 3755.8721270034566 167.29724184264947 37.19618681499093
  endloop
endfacet
facet normal 0.003126227920130726 4.657320463427073e-11 0.9999951133375561
  outer loop
    vertex 3755.8721270034566 167.29724184264947 37.19618681499093
    vertex 3755.8721269124026 173.40924135436825 37.19618681499093
    vertex 3755.5521270614327 167.88524308910291 37.19718721260535
  endloop
endfacet
facet normal 0.0014134713142833107 9.92190753694161e-05 0.9999989961267056
  outer loop
    vertex 3755.8721269124026 173.40924135436825 37.19618681499093
    vertex 3754.773127002422 168.9002424671462 37.198187600547044
    vertex 3755.5521270614327 167.88524308910291 37.19718721260535
  endloop
endfacet
facet normal -0.0016749178596462732 -0.2986799742330441 0.9543518573578151
  outer loop
    vertex 3759.2701263484373 166.4276225237646 68.98418699340996
    vertex 3755.871126418176 166.47224298704376 68.99218634194737
    vertex 3755.872126360118 165.80124155273248 68.78218725749579
  endloop
endfacet
facet normal 0.07958244049759383 -0.9967963863229877 0.007974921810285503
  outer loop
    vertex 3749.5321267993104 170.7552419313044 37.19818749010122
    vertex 3748.767656934897 170.6054616464781 26.105656269767593
    vertex 3750.171126737558 170.80624253591665 37.19618669485131
  endloop
endfacet
facet normal -0.004121562512952017 -0.6710856643663695 0.7413683590526374
  outer loop
    vertex 3759.270126322753 167.3640124468603 69.54099737243828
    vertex 3755.8701262108916 167.86124292599368 69.97218779151127
    vertex 3755.871126395822 167.3022429107498 69.4661872727335
  endloop
endfacet
facet normal -0.007433581551638724 -0.5556890029173618 0.8313570074895764
  outer loop
    vertex 3759.270126323751 167.33186217830564 69.51637731628593
    vertex 3755.871126395822 167.3022429107498 69.4661872727335
    vertex 3755.870126240809 166.92524210201907 69.21418646399663
  endloop
endfacet
facet normal -0.4673394087739381 -0.8840414753965715 -0.008034101410820161
  outer loop
    vertex 3753.244127707696 134.61924230703875 37.197187163967875
    vertex 3754.5131276467923 134.101411954087 20.360186343847264
    vertex 3754.758757913009 133.97156204701025 20.360186349023532
  endloop
endfacet
facet normal -0.9999993252632445 -0.0011402022470755834 0.00022228785732307865
  outer loop
    vertex 3755.871127150004 117.34824243772734 68.99218634194737
    vertex 3755.8701276754487 112.49724260555914 39.61318710868048
    vertex 3755.872127080015 116.55724207153132 69.43318632670967
  endloop
endfacet
facet normal -0.9999968240705945 -0.002480929130943402 0.00044366583337691407
  outer loop
    vertex 3755.8701269812636 117.72724214779548 68.85718802039311
    vertex 3755.8701276754487 112.49724260555914 39.61318710868048
    vertex 3755.871127150004 117.34824243772734 68.99218634194737
  endloop
endfacet
facet normal -0.932613264006797 0.36087463809088854 -0.001412579682255021
  outer loop
    vertex 3757.9701278204816 115.78324193493975 37.19618685920297
    vertex 3757.8221281671977 115.33724278722711 20.968188122563603
    vertex 3757.594127779035 114.81324261598375 37.63118727089606
  endloop
endfacet
facet normal -0.9292892067417193 0.36935126784883776 -0.001100532508444462
  outer loop
    vertex 3757.8221281671977 115.33724278722711 20.968188122563603
    vertex 3757.687128184202 114.99724263262806 20.854187799284126
    vertex 3757.594127779035 114.81324261598375 37.63118727089606
  endloop
endfacet
facet normal -0.9008334252342737 0.43416481453094846 -0.00023195687890594413
  outer loop
    vertex 3757.687128184202 114.99724263262806 20.854187799284126
    vertex 3757.448128113811 114.50124233915051 20.65318758062452
    vertex 3757.594127779035 114.81324261598375 37.63118727089606
  endloop
endfacet
facet normal 0.00028147693622148826 -0.17245044327989204 0.9850181548495963
  outer loop
    vertex 3759.270125954935 172.05660316036125 83.67777906494312
    vertex 3755.871126025121 172.07624307859646 83.68218878335364
    vertex 3755.8721259651697 171.40224138488577 83.56418875285712
  endloop
endfacet
facet normal -0.0036160072593845725 -0.1527732301683709 0.9882546557620774
  outer loop
    vertex 3759.270125964782 171.51419135616203 83.59392820434743
    vertex 3759.270125954935 172.05660316036125 83.67777906494312
    vertex 3755.8721259651697 171.40224138488577 83.56418875285712
  endloop
endfacet
facet normal 0.998662393293367 0.051579892143026225 -0.0035970749336280516
  outer loop
    vertex 3744.2173572854053 164.50586174043286 30.655966308764885
    vertex 3744.215127449547 165.00524185209397 37.19818737805382
    vertex 3744.2811274533697 163.72724197514748 37.19618657072886
  endloop
endfacet
facet normal 0.998662393293367 0.051579892143026225 -0.0035970749336280516
  outer loop
    vertex 3744.215127449547 165.00524185209397 37.19818737805382
    vertex 3744.2173572854053 164.50586174043286 30.655966308764885
    vertex 3744.214176780574 164.56759117153783 30.65913727579991
  endloop
endfacet
facet normal -0.00440635641363777 -0.0017931177192921646 0.999988684311978
  outer loop
    vertex 3744.2811274533697 163.72724197514748 37.19618657072886
    vertex 3744.215127449547 165.00524185209397 37.19818737805382
    vertex 3740.3411267750735 173.40924112299405 37.19618648769955
  endloop
endfacet
facet normal -0.5216638907051122 -0.8531510361614414 -0.0003076216245361384
  outer loop
    vertex 3754.988127677563 133.8252417074097 37.19718720071993
    vertex 3754.758757913009 133.97156204701025 20.360186349023532
    vertex 3755.0691979793132 133.78174176202324 20.360186355565567
  endloop
endfacet
facet normal 0.0009099878326234993 -0.06654275109789642 0.99778315990924
  outer loop
    vertex 3759.270125954935 172.05660316036125 83.67777906494312
    vertex 3759.270125953982 172.11506148860832 83.6816776855486
    vertex 3755.871126025121 172.07624307859646 83.68218878335364
  endloop
endfacet
facet normal 0.639212560490953 -0.0016936419937427136 -0.7690282401104637
  outer loop
    vertex 3757.9411281180014 115.68424291107023 21.066187697825264
    vertex 3759.2701281761138 109.9472415118017 22.183287487794733
    vertex 3757.8221281671977 115.33724278722711 20.968188122563603
  endloop
endfacet
facet normal 0.639212560490953 -0.0016936419937427136 -0.7690282401104637
  outer loop
    vertex 3759.2701281761138 109.9472415118017 22.183287487794733
    vertex 3757.9411281180014 115.68424291107023 21.066187697825264
    vertex 3759.2701281727973 110.16980239437008 22.183306561281057
  endloop
endfacet
facet normal -0.8655539081064303 0.500812673743118 -0.001760107938381583
  outer loop
    vertex 3757.594127779035 114.81324261598375 37.63118727089606
    vertex 3757.448128113811 114.50124233915051 20.65318758062452
    vertex 3757.12812819449 113.9472414798911 20.384186566800963
  endloop
endfacet
facet normal -0.8560667882864279 0.5168575140731237 -0.002822080635147786
  outer loop
    vertex 3757.594127779035 114.81324261598375 37.63118727089606
    vertex 3757.12812819449 113.9472414798911 20.384186566800963
    vertex 3756.7541277459054 113.42724292390437 38.59918766518169
  endloop
endfacet
facet normal -0.9458968781457074 0.3244672731224424 -0.00029083791182950395
  outer loop
    vertex 3757.9701278204816 115.78324193493975 37.19618685920297
    vertex 3757.9411281180014 115.68424291107023 21.066187697825264
    vertex 3757.8221281671977 115.33724278722711 20.968188122563603
  endloop
endfacet
facet normal 0.9961796484055244 0.08732492049790247 0.0006829075201529049
  outer loop
    vertex 3744.2173572854053 164.50586174043286 30.655966308764885
    vertex 3744.2811274533697 163.72724197514748 37.19618657072886
    vertex 3744.28398766159 163.74628112924285 30.589327363635814
  endloop
endfacet
facet normal -0.7566079823494094 5.304328975479522e-05 -0.6538687622386967
  outer loop
    vertex 3757.70412756036 130.6302420530473 37.50518686885623
    vertex 3757.9701278204816 115.78324193493975 37.19618685920297
    vertex 3757.594127779035 114.81324261598375 37.63118727089606
  endloop
endfacet
facet normal 0.00028741491329007627 -0.012001065800449387 0.9999279433100772
  outer loop
    vertex 3759.270125953982 172.11506148860832 83.6816776855486
    vertex 3755.870125838986 173.40924135433838 83.69818762366461
    vertex 3755.871126025121 172.07624307859646 83.68218878335364
  endloop
endfacet
facet normal 0.0019570635555834722 -0.00761517909848598 0.9999690889970236
  outer loop
    vertex 3759.270125953982 172.11506148860832 83.6816776855486
    vertex 3759.270125921336 174.2830340533056 83.69818769531422
    vertex 3755.870125838986 173.40924135433838 83.69818762366461
  endloop
endfacet
facet normal 0.6461713370231021 0.0001456126096277896 -0.7631923623875863
  outer loop
    vertex 3757.5581275810546 151.09124249337714 20.74618799492991
    vertex 3757.0990375035667 165.214392358364 20.360186398341256
    vertex 3757.0987973998554 166.30191295772565 20.36018639833619
  endloop
endfacet
facet normal 0.6461713370231021 0.0001456126096277896 -0.7631923623875863
  outer loop
    vertex 3757.0990375035667 165.214392358364 20.360186398341256
    vertex 3757.5581275810546 151.09124249337714 20.74618799492991
    vertex 3758.0401278855516 129.6322419130944 21.150187333700586
  endloop
endfacet
facet normal -0.5684985611995212 -0.8226840289925544 -0.0006118452843438714
  outer loop
    vertex 3754.988127677563 133.8252417074097 37.19718720071993
    vertex 3755.0691979793132 133.78174176202324 20.360186355565567
    vertex 3755.366767734117 133.5761124177014 20.360186361836384
  endloop
endfacet
facet normal -0.739178774137033 -0.6735087116588192 0.0008690137805107745
  outer loop
    vertex 3755.9393578536883 133.11392179817986 20.360186373902817
    vertex 3756.8679279009903 132.09481208606115 20.360186393470972
    vertex 3756.7541274655923 132.24324195497124 38.59918766518169
  endloop
endfacet
facet normal 0.003560308869144979 -0.3562809578017383 0.934372090394738
  outer loop
    vertex 3759.270125964782 171.51419135616203 83.59392820434743
    vertex 3755.8721259651697 171.40224138488577 83.56418875285712
    vertex 3755.8711260503997 170.84624162901153 83.35218695229894
  endloop
endfacet
facet normal 0.6434986316862352 9.586567040176597e-09 -0.7654472620748886
  outer loop
    vertex 3757.754127864261 130.50324219875068 20.911187007239004
    vertex 3757.098707793404 131.68078201442597 20.360186398334296
    vertex 3757.0987073320694 162.6478716674411 20.360186398334296
  endloop
endfacet
facet normal -0.9999986027418752 -0.0015794519812511577 0.0005475817166726734
  outer loop
    vertex 3755.871126025121 172.07624307859646 83.68218878335364
    vertex 3755.870126141888 168.84924188839602 72.54818800513432
    vertex 3755.8721259651697 171.40224138488577 83.56418875285712
  endloop
endfacet
facet normal -0.9999999887602802 0.00014673783366100994 -3.0780637647897e-05
  outer loop
    vertex 3755.871126025121 172.07624307859646 83.68218878335364
    vertex 3755.8721269124026 173.40924135436825 37.19618681499093
    vertex 3755.870126141888 168.84924188839602 72.54818800513432
  endloop
endfacet
facet normal -0.9999999887602802 0.00014673783366100994 -3.0780637647897e-05
  outer loop
    vertex 3755.8721269124026 173.40924135436825 37.19618681499093
    vertex 3755.871126025121 172.07624307859646 83.68218878335364
    vertex 3755.870125838986 173.40924135433838 83.69818762366461
  endloop
endfacet
facet normal -0.5841601678912323 0.8116381579141038 0.0006315592513312632
  outer loop
    vertex 3754.245127257385 159.98124183366988 37.197187185062376
    vertex 3754.382707525688 160.09326232827325 20.49060702591333
    vertex 3753.410947242661 159.3931013335718 21.462376338320745
  endloop
endfacet
facet normal -0.9999953410080477 0.00303287499718707 -0.00034587779638563997
  outer loop
    vertex 3755.872127080015 116.55724207153132 69.43318632670967
    vertex 3755.8701276754487 112.49724260555914 39.61318710868048
    vertex 3755.870126984106 115.95924249874763 69.97218779151127
  endloop
endfacet
facet normal -0.628101831589647 -0.7781311165998547 0.00023352257754042995
  outer loop
    vertex 3755.8721275118214 133.1732422470074 37.19618681499093
    vertex 3755.366767734117 133.5761124177014 20.360186361836384
    vertex 3755.9393578536883 133.11392179817986 20.360186373902817
  endloop
endfacet
facet normal -0.003070788497923028 0.4869495383372085 0.8734247061831837
  outer loop
    vertex 3755.872127080015 116.55724207153132 69.43318632670967
    vertex 3759.2701270794037 117.27735206172848 69.04365812378104
    vertex 3755.871127150004 117.34824243772734 68.99218634194737
  endloop
endfacet
facet normal -0.003070788497923028 0.4869495383372085 0.8734247061831837
  outer loop
    vertex 3759.2701270794037 117.27735206172848 69.04365812378104
    vertex 3755.872127080015 116.55724207153132 69.43318632670967
    vertex 3759.270127079475 117.25452300594233 69.05638776855643
  endloop
endfacet
facet normal -0.9999999999999997 -1.4897571752403628e-08 -2.1073426226259073e-08
  outer loop
    vertex 3755.870126984106 115.95924249874763 69.97218779151127
    vertex 3755.8701276754487 112.49724260555914 39.61318710868048
    vertex 3755.8701269828684 115.82724252926518 70.12418631140872
  endloop
endfacet
facet normal 0.5534953396880324 0.8328511265362724 0.0013820169651458443
  outer loop
    vertex 3747.269127434149 159.3812413482747 37.198187442412056
    vertex 3747.405387672961 159.30683186544138 27.467926596284514
    vertex 3746.631327399676 159.81997157864123 28.241987782975347
  endloop
endfacet
facet normal 0.4459062538135169 0.8950794669743772 -0.0006005088344690917
  outer loop
    vertex 3747.269127434149 159.3812413482747 37.198187442412056
    vertex 3747.8218877763866 159.09906247772534 27.051426513508883
    vertex 3747.405387672961 159.30683186544138 27.467926596284514
  endloop
endfacet
facet normal 0.9740322524522425 0.22640675223871584 0.0010741152304117858
  outer loop
    vertex 3744.28398766159 163.74628112924285 30.589327363635814
    vertex 3744.2811274533697 163.72724197514748 37.19618657072886
    vertex 3744.4952971125545 162.838201985052 30.378017935105426
  endloop
endfacet
facet normal -0.9998959525638819 -0.014339966833780676 0.0015650551342816896
  outer loop
    vertex 3755.8701269828684 115.82724252926518 70.12418631140872
    vertex 3755.8701276754487 112.49724260555914 39.61318710868048
    vertex 3755.8721270747747 115.70524278869439 70.28418806621163
  endloop
endfacet
facet normal -0.0046125318363452236 0.7253336552264805 0.688382025583071
  outer loop
    vertex 3755.8711269114847 113.74324289549101 82.85918692178136
    vertex 3759.270126842079 113.96854278133297 82.6445683105486
    vertex 3755.87112691516 114.24624124754179 82.32918814248448
  endloop
endfacet
facet normal 0.010169891307493803 0.6056844247773353 0.7956399631070215
  outer loop
    vertex 3759.270126841298 113.2819525866308 83.16703687744315
    vertex 3755.8711269114847 113.74324289549101 82.85918692178136
    vertex 3755.871126911141 113.45224252928007 83.08118704385167
  endloop
endfacet
facet normal 0.010169891307493803 0.6056844247773353 0.7956399631070215
  outer loop
    vertex 3755.8711269114847 113.74324289549101 82.85918692178136
    vertex 3759.270126841298 113.2819525866308 83.16703687744315
    vertex 3759.270126842079 113.96854278133297 82.6445683105486
  endloop
endfacet
facet normal 0.003948088985750297 0.7712354981183561 0.6365376807664194
  outer loop
    vertex 3759.270126842079 113.96854278133297 82.6445683105486
    vertex 3759.270126845949 114.33246299312495 82.20363889770682
    vertex 3755.87112691516 114.24624124754179 82.32918814248448
  endloop
endfacet
facet normal -0.006218564692731938 -0.8741412656405974 0.48563193589118187
  outer loop
    vertex 3759.2701262753344 168.50240203426264 70.98638807373221
    vertex 3755.8721262758318 168.47424188842578 70.89218786784737
    vertex 3755.8721262887752 168.22924295654104 70.45118788310616
  endloop
endfacet
facet normal -0.9999996575958073 -1.4897566651412506e-08 -0.0008275314301470261
  outer loop
    vertex 3755.8721278198436 112.49724260558894 37.19618681499093
    vertex 3755.8721278509197 110.41124216308404 37.19618681499093
    vertex 3755.8701276754487 112.49724260555914 39.61318710868048
  endloop
endfacet
facet normal 0.5991107145847527 0.8006587874368595 -0.0034435112726564085
  outer loop
    vertex 3746.5903976040427 159.85077144375413 28.282917576424342
    vertex 3747.269127434149 159.3812413482747 37.198187442412056
    vertex 3746.631327399676 159.81997157864123 28.241987782975347
  endloop
endfacet
facet normal 0.5991107145847527 0.8006587874368595 -0.0034435112726564085
  outer loop
    vertex 3747.269127434149 159.3812413482747 37.198187442412056
    vertex 3746.5903976040427 159.85077144375413 28.282917576424342
    vertex 3746.1171269941033 160.24324275018012 37.19618660941964
  endloop
endfacet
facet normal -0.005849727742013468 0.8459519322686626 0.5332270707459073
  outer loop
    vertex 3759.270126845949 114.33246299312495 82.20363889770682
    vertex 3759.270126849909 114.54610129878901 81.86470686035331
    vertex 3755.8711269218074 114.57524172056425 81.78118780679112
  endloop
endfacet
facet normal -0.9999999999999997 -1.4897571752403628e-08 -2.1073426226259073e-08
  outer loop
    vertex 3755.8721262758318 168.47424188842578 70.89218786784737
    vertex 3755.8721269124026 173.40924135436825 37.19618681499093
    vertex 3755.8721262887752 168.22924295654104 70.45118788310616
  endloop
endfacet
facet normal -0.9999999999999997 -1.4897571752403628e-08 -2.1073426226259073e-08
  outer loop
    vertex 3755.8721269124026 173.40924135436825 37.19618681499093
    vertex 3755.8721262758318 168.47424188842578 70.89218786784737
    vertex 3755.8721262534073 168.76724306335257 71.74918631145087
  endloop
endfacet
facet normal 0.0038645024779502607 0.6695026981657293 0.7427995710616736
  outer loop
    vertex 3759.270127080772 116.18530150936031 69.75074659424004
    vertex 3755.872127080015 116.55724207153132 69.43318632670967
    vertex 3755.870126984106 115.95924249874763 69.97218779151127
  endloop
endfacet
facet normal -0.05463042810506775 0.7936903951583625 0.6058639063010929
  outer loop
    vertex 3759.2701270640005 115.21541282222653 71.23226820068534
    vertex 3755.8701269828684 115.82724252926518 70.12418631140872
    vertex 3755.8721270747747 115.70524278869439 70.28418806621163
  endloop
endfacet
facet normal 0.009800201428116408 0.9868146733774221 0.1615572853788409
  outer loop
    vertex 3759.2701268582455 114.79271194026849 81.29478727417165
    vertex 3759.2701268782403 114.96838256404781 80.22176633911306
    vertex 3755.8711269335245 114.87224260557402 81.0151889664591
  endloop
endfacet
facet normal 0.3698114844784702 0.9290893778710442 -0.005691561738784356
  outer loop
    vertex 3747.8218877763866 159.09906247772534 27.051426513508883
    vertex 3748.9021268640195 158.7312417540722 37.197187072467045
    vertex 3747.871777342252 159.07890180341974 27.00153790372037
  endloop
endfacet
facet normal 0.3698114844784702 0.9290893778710442 -0.005691561738784356
  outer loop
    vertex 3748.9021268640195 158.7312417540722 37.197187072467045
    vertex 3747.8218877763866 159.09906247772534 27.051426513508883
    vertex 3747.269127434149 159.3812413482747 37.198187442412056
  endloop
endfacet
facet normal -0.9999432039626768 -0.010562908922642705 -0.0014190856029804332
  outer loop
    vertex 3755.8721269124026 173.40924135436825 37.19618681499093
    vertex 3755.8721262534073 168.76724306335257 71.74918631145087
    vertex 3755.870126141888 168.84924188839602 72.54818800513432
  endloop
endfacet
facet normal -0.0018898545167615615 0.9177621348834877 0.39712604072763646
  outer loop
    vertex 3759.270126849909 114.54610129878901 81.86470686035331
    vertex 3759.2701268582455 114.79271194026849 81.29478727417165
    vertex 3755.8711269218074 114.57524172056425 81.78118780679112
  endloop
endfacet
facet normal -0.999999445387366 -0.001050240250912068 7.88693601015397e-05
  outer loop
    vertex 3755.870126944539 114.97124162899667 72.54818800513432
    vertex 3755.8701276754487 112.49724260555914 39.61318710868048
    vertex 3755.8721278509197 110.41124216308404 37.19618681499093
  endloop
endfacet
facet normal 0.003912603498716849 0.0020416826451870214 0.9999902614854997
  outer loop
    vertex 3744.3111271554426 165.80124138050166 37.196186571361046
    vertex 3740.3411267750735 173.40924112299405 37.19618648769955
    vertex 3744.215127449547 165.00524185209397 37.19818737805382
  endloop
endfacet
facet normal -0.0010024770191015453 0.4436269630225953 0.8962109755627717
  outer loop
    vertex 3759.2701268414035 113.24754210994622 83.1863163574236
    vertex 3755.871126911141 113.45224252928007 83.08118704385167
    vertex 3755.872126842686 112.55124155273246 83.52718618938056
  endloop
endfacet
facet normal 0.01684984117477932 0.3720898397059425 0.9280437673084125
  outer loop
    vertex 3759.27012684826 112.18426200435543 83.61262785034353
    vertex 3759.2701268414035 113.24754210994622 83.1863163574236
    vertex 3755.872126842686 112.55124155273246 83.52718618938056
  endloop
endfacet
facet normal 0.0024537312627940008 0.4887874204321249 0.872399470902063
  outer loop
    vertex 3759.2701268414035 113.24754210994622 83.1863163574236
    vertex 3759.270126841298 113.2819525866308 83.16703687744315
    vertex 3755.871126911141 113.45224252928007 83.08118704385167
  endloop
endfacet
facet normal 0.3103707110723658 0.950615022084814 0.0010495213779360387
  outer loop
    vertex 3748.9021268640195 158.7312417540722 37.197187072467045
    vertex 3749.053617315818 158.69434218967862 25.819697032019345
    vertex 3747.871777342252 159.07890180341974 27.00153790372037
  endloop
endfacet
facet normal -0.9999999385960878 -7.145960295344266e-05 -0.00034307629699393026
  outer loop
    vertex 3755.8701272219155 140.1752422212284 41.56818703238652
    vertex 3755.8721275118214 133.1732422470074 37.19618681499093
    vertex 3755.870127233874 139.037242090575 41.805187020942434
  endloop
endfacet
facet normal -0.9999974062766309 0.0009938932054397148 -0.002049296539584814
  outer loop
    vertex 3755.8721272923876 141.90924216298907 41.43318728038399
    vertex 3755.8721275118214 133.1732422470074 37.19618681499093
    vertex 3755.8701272219155 140.1752422212284 41.56818703238652
  endloop
endfacet
facet normal 0.14742942156637556 -0.9890725710321125 -0.00012201856811753782
  outer loop
    vertex 3750.073127701155 134.80224187069936 37.197187097144045
    vertex 3749.9845173116005 134.79055220644597 24.88879647790612
    vertex 3750.513267741185 134.86943204754448 24.360047023106322
  endloop
endfacet
facet normal 0.2574603371597305 -0.9662884140286206 -0.0009357903884405834
  outer loop
    vertex 3750.073127701155 134.80224187069936 37.197187097144045
    vertex 3748.9503776607485 134.51401191165135 25.9229379966406
    vertex 3749.9845173116005 134.79055220644597 24.88879647790612
  endloop
endfacet
facet normal -0.006425288293063004 -0.6079758989829536 0.7939294817086847
  outer loop
    vertex 3759.270126323751 167.33186217830564 69.51637731628593
    vertex 3759.270126322753 167.3640124468603 69.54099737243828
    vertex 3755.871126395822 167.3022429107498 69.4661872727335
  endloop
endfacet
facet normal -0.07759144213099775 0.7527537982600935 0.6537134596388807
  outer loop
    vertex 3759.2701270640005 115.21541282222653 71.23226820068534
    vertex 3755.870126984106 115.95924249874763 69.97218779151127
    vertex 3755.8701269828684 115.82724252926518 70.12418631140872
  endloop
endfacet
facet normal -0.0007222892389226757 0.22041025173097972 0.975406991583586
  outer loop
    vertex 3759.27012684826 112.18426200435543 83.61262785034353
    vertex 3755.872126842686 112.55124155273246 83.52718618938056
    vertex 3755.8711269214905 111.9272429107498 83.6681888443888
  endloop
endfacet
facet normal 0.0671975325534331 -0.997735423057424 -0.0029184234020230367
  outer loop
    vertex 3751.4391273984234 134.89424189867884 37.197187125930334
    vertex 3750.513267741185 134.86943204754448 24.360047023106322
    vertex 3750.546777949986 134.87179191513965 24.32652727893945
  endloop
endfacet
facet normal 0.0671975325534331 -0.997735423057424 -0.0029184234020230367
  outer loop
    vertex 3750.513267741185 134.86943204754448 24.360047023106322
    vertex 3751.4391273984234 134.89424189867884 37.197187125930334
    vertex 3750.073127701155 134.80224187069936 37.197187097144045
  endloop
endfacet
facet normal -0.9999977031099219 -0.00173363664259291 -0.0012602693650287581
  outer loop
    vertex 3755.872126876787 114.97124162902644 80.19818762370673
    vertex 3755.872126842686 112.55124155273246 83.52718618938056
    vertex 3755.871126911141 113.45224252928007 83.08118704385167
  endloop
endfacet
facet normal -0.999998159763561 -0.0013847246766075265 0.0013277827614816408
  outer loop
    vertex 3755.870127233874 139.037242090575 41.805187020942434
    vertex 3755.8721275118214 133.1732422470074 37.19618681499093
    vertex 3755.8721273363003 137.93324223747067 42.16018704005806
  endloop
endfacet
facet normal 0.9969809123431599 -0.07748322150436494 0.005040913479365353
  outer loop
    vertex 3744.300757042375 165.6759915176763 30.572557954809515
    vertex 3744.215127449547 165.00524185209397 37.19818737805382
    vertex 3744.214176780574 164.56759117153783 30.65913727579991
  endloop
endfacet
facet normal 0.0038127948525788487 -0.9947669267613063 0.10209908920885613
  outer loop
    vertex 3755.870126141888 168.84924188839602 72.54818800513432
    vertex 3755.8721262534073 168.76724306335257 71.74918631145087
    vertex 3759.270126248581 168.80996200130366 72.03850828247245
  endloop
endfacet
facet normal -0.7251397790121549 -0.6886015326192917 -0.0004797588623720505
  outer loop
    vertex 3755.8701273674264 133.17324224697757 39.61318710868048
    vertex 3755.9393578536883 133.11392179817986 20.360186373902817
    vertex 3756.7541274655923 132.24324195497124 38.59918766518169
  endloop
endfacet
facet normal -0.7251397790121549 -0.6886015326192917 -0.0004797588623720505
  outer loop
    vertex 3755.9393578536883 133.11392179817986 20.360186373902817
    vertex 3755.8701273674264 133.17324224697757 39.61318710868048
    vertex 3755.8721275118214 133.1732422470074 37.19618681499093
  endloop
endfacet
facet normal -0.999999316094159 0.000852109651181997 -0.0008010745012172307
  outer loop
    vertex 3755.8711274140096 137.00224224317782 42.57018736428626
    vertex 3755.8721275118214 133.1732422470074 37.19618681499093
    vertex 3755.8701273674264 133.17324224697757 39.61318710868048
  endloop
endfacet
facet normal -0.999999316094159 0.000852109651181997 -0.0008010745012172307
  outer loop
    vertex 3755.8721275118214 133.1732422470074 37.19618681499093
    vertex 3755.8711274140096 137.00224224317782 42.57018736428626
    vertex 3755.8721273363003 137.93324223747067 42.16018704005806
  endloop
endfacet
facet normal -0.9999781585656302 0.0065060364951707314 -0.0011635638421935133
  outer loop
    vertex 3755.872127071924 118.0212427734356 68.78218725749579
    vertex 3755.8701276754487 112.49724260555914 39.61318710868048
    vertex 3755.8701269812636 117.72724214779548 68.85718802039311
  endloop
endfacet
facet normal -0.999999996613175 -3.119382840149799e-05 7.616163813227051e-05
  outer loop
    vertex 3755.872127071924 118.0212427734356 68.78218725749579
    vertex 3755.8701272139197 131.7012421249073 47.93818727557347
    vertex 3755.8701276754487 112.49724260555914 39.61318710868048
  endloop
endfacet
facet normal -0.999999996613175 -3.119382840149799e-05 7.616163813227051e-05
  outer loop
    vertex 3755.8701272139197 131.7012421249073 47.93818727557347
    vertex 3755.872127071924 118.0212427734356 68.78218725749579
    vertex 3755.872127069754 118.21924272765924 68.74518660136786
  endloop
endfacet
facet normal -0.999999996613175 -3.119382840149799e-05 7.616163813227051e-05
  outer loop
    vertex 3755.8701272139197 131.7012421249073 47.93818727557347
    vertex 3755.872127069754 118.21924272765924 68.74518660136786
    vertex 3755.872127067302 118.41924158325006 68.72018698283759
  endloop
endfacet
facet normal -0.999999996613175 -3.119382840149799e-05 7.616163813227051e-05
  outer loop
    vertex 3755.8701272139197 131.7012421249073 47.93818727557347
    vertex 3755.872127067302 118.41924158325006 68.72018698283759
    vertex 3755.87212706468 118.61924234618951 68.70318678447335
  endloop
endfacet
facet normal -0.999999996613175 -3.119382840149799e-05 7.616163813227051e-05
  outer loop
    vertex 3755.8701272139197 131.7012421249073 47.93818727557347
    vertex 3755.87212706468 118.61924234618951 68.70318678447335
    vertex 3755.872127014125 122.02124277343562 68.69718817302316
  endloop
endfacet
facet normal -0.007267305519898223 0.335519647632027 0.9420051763782199
  outer loop
    vertex 3759.2701270794037 117.27735206172848 69.04365812378104
    vertex 3755.8701269812636 117.72724214779548 68.85718802039311
    vertex 3755.871127150004 117.34824243772734 68.99218634194737
  endloop
endfacet
facet normal 0.9928058398512584 -0.1197332895939242 0.0007097325236473128
  outer loop
    vertex 3744.300757042375 165.6759915176763 30.572557954809515
    vertex 3744.3111271554426 165.80124138050166 37.196186571361046
    vertex 3744.215127449547 165.00524185209397 37.19818737805382
  endloop
endfacet
facet normal 0.9928058398512584 -0.1197332895939242 0.0007097325236473128
  outer loop
    vertex 3744.3111271554426 165.80124138050166 37.196186571361046
    vertex 3744.300757042375 165.6759915176763 30.572557954809515
    vertex 3744.3054166946076 165.71460197611972 30.567896394849107
  endloop
endfacet
facet normal 0.10621512761264522 0.9943418406190493 0.001628084933607404
  outer loop
    vertex 3749.8521266753996 158.5892415698606 37.1971870924868
    vertex 3750.3192776304404 158.5600419766003 24.554037726415746
    vertex 3749.0793274223142 158.6904626429425 25.79398788033947
  endloop
endfacet
facet normal 0.14783158012524572 0.9890117733425184 -0.0012393980635549647
  outer loop
    vertex 3749.053617315818 158.69434218967862 25.819697032019345
    vertex 3749.8521266753996 158.5892415698606 37.1971870924868
    vertex 3749.0793274223142 158.6904626429425 25.79398788033947
  endloop
endfacet
facet normal 0.14783158012524572 0.9890117733425184 -0.0012393980635549647
  outer loop
    vertex 3749.8521266753996 158.5892415698606 37.1971870924868
    vertex 3749.053617315818 158.69434218967862 25.819697032019345
    vertex 3748.9021268640195 158.7312417540722 37.197187072467045
  endloop
endfacet
facet normal 0.026386809715094488 0.7833168061563776 0.6210624102825991
  outer loop
    vertex 3755.8721273208967 132.24524179687313 46.91218725272743
    vertex 3759.2701273331954 132.87436267421623 45.97433732586081
    vertex 3759.2701273372813 133.22414180324455 45.53317736225302
  endloop
endfacet
facet normal -0.020410855878472887 0.24726648440794122 0.9687325134684217
  outer loop
    vertex 3759.2701270794037 117.27735206172848 69.04365812378104
    vertex 3755.872127071924 118.0212427734356 68.78218725749579
    vertex 3755.8701269812636 117.72724214779548 68.85718802039311
  endloop
endfacet
facet normal 0.006956730469433299 0.8072472354651362 0.5901724364413089
  outer loop
    vertex 3755.8721273208967 132.24524179687313 46.91218725272743
    vertex 3759.270127337764 133.2587525515356 45.48583732681449
    vertex 3755.871127410074 133.44424215543978 45.27218726701148
  endloop
endfacet
facet normal 0.006956730469433299 0.8072472354651362 0.5901724364413089
  outer loop
    vertex 3759.270127337764 133.2587525515356 45.48583732681449
    vertex 3755.8721273208967 132.24524179687313 46.91218725272743
    vertex 3759.2701273372813 133.22414180324455 45.53317736225302
  endloop
endfacet
facet normal -0.7537725202236791 -1.1229380208570952e-08 -0.657135440952353
  outer loop
    vertex 3755.8701273674264 133.17324224697757 39.61318710868048
    vertex 3756.7541274655923 132.24324195497124 38.59918766518169
    vertex 3755.8701276754487 112.49724260555914 39.61318710868048
  endloop
endfacet
facet normal 0.6490842357324766 0.7607159238200701 0.0009685918460128923
  outer loop
    vertex 3746.1171269941033 160.24324275018012 37.19618660941964
    vertex 3746.5903976040427 159.85077144375413 28.282917576424342
    vertex 3746.005547273016 160.3490529139231 28.867767875378828
  endloop
endfacet
facet normal 0.7263196278896484 0.6873563866410185 -0.0009979409028176651
  outer loop
    vertex 3746.005547273016 160.3490529139231 28.867767875378828
    vertex 3745.676127002399 160.70924234688175 37.19718700448417
    vertex 3746.1171269941033 160.24324275018012 37.19618660941964
  endloop
endfacet
facet normal 0.7263196278896484 0.6873563866410185 -0.0009979409028176651
  outer loop
    vertex 3745.676127002399 160.70924234688175 37.19718700448417
    vertex 3746.005547273016 160.3490529139231 28.867767875378828
    vertex 3745.988107430149 160.36751223373167 28.88521630030429
  endloop
endfacet
facet normal -0.012356109231419074 -0.5117978790385092 0.8590170298523452
  outer loop
    vertex 3759.270126347825 166.45493194148918 68.99390684204278
    vertex 3759.270126323751 167.33186217830564 69.51637731628593
    vertex 3755.8721263389234 166.74724260558892 69.11918715068427
  endloop
endfacet
facet normal 0.00823684756142878 0.8163681824067971 0.5774730687192888
  outer loop
    vertex 3755.8721273208967 132.24524179687313 46.91218725272743
    vertex 3759.270127328337 132.54815265224357 46.43549732999975
    vertex 3759.2701273331954 132.87436267421623 45.97433732586081
  endloop
endfacet
facet normal -0.042971768436300496 0.9990686946389714 -0.003894933868334462
  outer loop
    vertex 3750.3192776304404 158.5600419766003 24.554037726415746
    vertex 3751.2471271322697 158.64924296393374 37.19718712188424
    vertex 3750.354167806021 158.56141145343847 24.519146598610966
  endloop
endfacet
facet normal -0.042971768436300496 0.9990686946389714 -0.003894933868334462
  outer loop
    vertex 3751.2471271322697 158.64924296393374 37.19718712188424
    vertex 3750.3192776304404 158.5600419766003 24.554037726415746
    vertex 3749.8521266753996 158.5892415698606 37.1971870924868
  endloop
endfacet
facet normal -0.8319840526644293 -0.5547991339225055 -0.0006760997783715074
  outer loop
    vertex 3756.7541274655923 132.24324195497124 38.59918766518169
    vertex 3756.8679279009903 132.09481208606115 20.360186393470972
    vertex 3757.3121275793565 131.40724247445354 37.955187623534904
  endloop
endfacet
facet normal 0.2219378938795884 -0.9750567079157904 0.0028262357852343865
  outer loop
    vertex 3750.073127701155 134.80224187069936 37.197187097144045
    vertex 3748.9298975044403 134.50940184970077 25.94341719847952
    vertex 3748.9503776607485 134.51401191165135 25.9229379966406
  endloop
endfacet
facet normal 0.2219378938795884 -0.9750567079157904 0.0028262357852343865
  outer loop
    vertex 3748.9298975044403 134.50940184970077 25.94341719847952
    vertex 3750.073127701155 134.80224187069936 37.197187097144045
    vertex 3749.2691278030425 134.61924224782084 37.198187484558915
  endloop
endfacet
facet normal -0.9905023110446579 0.13749548563286854 -0.000404036847012111
  outer loop
    vertex 3758.2181280434625 117.02924222855134 21.299187505298338
    vertex 3758.1551280875824 116.57524175459035 21.246188007510746
    vertex 3758.136127818564 116.48524160171937 37.198187671416996
  endloop
endfacet
facet normal 0.6416700087548979 -0.0005207786260687932 -0.7669806572881172
  outer loop
    vertex 3759.2701281714776 110.25837203548335 22.183306561281057
    vertex 3758.07112810366 116.17124242472565 21.176186403567726
    vertex 3758.1551280875824 116.57524175459035 21.246188007510746
  endloop
endfacet
facet normal -0.9999971904093259 0.0019173957772095748 0.0013938317287945621
  outer loop
    vertex 3755.872126876787 114.97124162902644 80.19818762370673
    vertex 3755.8711269214905 111.9272429107498 83.6681888443888
    vertex 3755.872126842686 112.55124155273246 83.52718618938056
  endloop
endfacet
facet normal -0.9986477511752769 0.05198716292713243 -6.29551429112128e-05
  outer loop
    vertex 3758.256128019515 117.75924177135376 21.33118709411182
    vertex 3758.2181280434625 117.02924222855134 21.299187505298338
    vertex 3758.2551277576226 117.75924177133886 37.198187673924714
  endloop
endfacet
facet normal 0.0022739651362915663 5.206288215582094e-06 0.9999974145243844
  outer loop
    vertex 3746.180127129381 132.72624159908008 37.19618661074726
    vertex 3746.1171269941033 160.24324275018012 37.19618660941964
    vertex 3745.676127002399 160.70924234688175 37.19718700448417
  endloop
endfacet
facet normal -0.7556417492836854 0.00019409497940066838 -0.6549851212559189
  outer loop
    vertex 3756.7541274655923 132.24324195497124 38.59918766518169
    vertex 3757.3121275793565 131.40724247445354 37.955187623534904
    vertex 3755.8701276754487 112.49724260555914 39.61318710868048
  endloop
endfacet
facet normal -0.9999002873068286 0.014081778214170428 -0.001057811915556402
  outer loop
    vertex 3755.872127053615 115.0532423614483 71.74918631145087
    vertex 3755.8701276754487 112.49724260555914 39.61318710868048
    vertex 3755.870126944539 114.97124162899667 72.54818800513432
  endloop
endfacet
facet normal -0.0017661749874114665 -2.92783389824734e-06 0.9999984403074547
  outer loop
    vertex 3746.180127129381 132.72624159908008 37.19618661074726
    vertex 3747.269127434149 159.3812413482747 37.198187442412056
    vertex 3746.1171269941033 160.24324275018012 37.19618660941964
  endloop
endfacet
facet normal -0.0017661749874114665 -2.92783389824734e-06 0.9999984403074547
  outer loop
    vertex 3747.269127434149 159.3812413482747 37.198187442412056
    vertex 3746.180127129381 132.72624159908008 37.19618661074726
    vertex 3747.293127031249 133.67724182928413 37.198187442917806
  endloop
endfacet
facet normal -0.9999996689477284 -0.0008081870526131711 -9.45416391627091e-05
  outer loop
    vertex 3758.246127537988 128.27724237392695 37.19818767373506
    vertex 3758.256128019515 117.75924177135376 21.33118709411182
    vertex 3758.2551277576226 117.75924177133886 37.198187673924714
  endloop
endfacet
facet normal -0.9999996689477284 -0.0008081870526131711 -9.45416391627091e-05
  outer loop
    vertex 3758.256128019515 117.75924177135376 21.33118709411182
    vertex 3758.246127537988 128.27724237392695 37.19818767373506
    vertex 3758.2481279659887 128.27724237395674 21.323187673777216
  endloop
endfacet
facet normal -0.011728430893011932 -0.9600730326030777 0.2795035169315717
  outer loop
    vertex 3759.270126248581 168.80996200130366 72.03850828247245
    vertex 3755.8721262534073 168.76724306335257 71.74918631145087
    vertex 3759.2701262746878 168.51086303279783 71.0111263854998
  endloop
endfacet
facet normal -0.9999999733565778 3.2364345842506202e-06 0.00023081674423464186
  outer loop
    vertex 3755.8721273208967 132.24524179687313 46.91218725272743
    vertex 3755.8701273674264 133.17324224697757 39.61318710868048
    vertex 3755.8701276754487 112.49724260555914 39.61318710868048
  endloop
endfacet
facet normal -0.9999999733565778 3.2364345842506202e-06 0.00023081674423464186
  outer loop
    vertex 3755.8701273674264 133.17324224697757 39.61318710868048
    vertex 3755.8721273208967 132.24524179687313 46.91218725272743
    vertex 3755.871127410074 133.44424215543978 45.27218726701148
  endloop
endfacet
facet normal -0.9999999733565778 3.2364345842506202e-06 0.00023081674423464186
  outer loop
    vertex 3755.8701273674264 133.17324224697757 39.61318710868048
    vertex 3755.871127410074 133.44424215543978 45.27218726701148
    vertex 3755.871127415534 134.25324217069854 44.44118717736609
  endloop
endfacet
facet normal -0.9999999733565778 3.2364345842506202e-06 0.00023081674423464186
  outer loop
    vertex 3755.8701273674264 133.17324224697757 39.61318710868048
    vertex 3755.871127415534 134.25324217069854 44.44118717736609
    vertex 3755.8711274140096 137.00224224317782 42.57018736428626
  endloop
endfacet
facet normal -4.3660413631999703e-05 -0.9970657126716884 0.07655039326003944
  outer loop
    vertex 3759.2701262372148 168.8492419390478 72.55012785034351
    vertex 3755.870126141888 168.84924188839602 72.54818800513432
    vertex 3759.270126248581 168.80996200130366 72.03850828247245
  endloop
endfacet
facet normal 0.0071290688083655695 2.180995259095411e-06 -0.9999745878636962
  outer loop
    vertex 3758.246127537988 128.27724237392695 37.19818767373506
    vertex 3757.9701278204816 115.78324193493975 37.19618685920297
    vertex 3757.9701276103656 129.8872420264925 37.19618685920297
  endloop
endfacet
facet normal 0.0071290688083655695 2.180995259095411e-06 -0.9999745878636962
  outer loop
    vertex 3757.9701278204816 115.78324193493975 37.19618685920297
    vertex 3758.246127537988 128.27724237392695 37.19818767373506
    vertex 3758.2551277576226 117.75924177133886 37.198187673924714
  endloop
endfacet
facet normal 0.01991872392204153 -0.0018605369780487636 -0.999799871394006
  outer loop
    vertex 3758.2551277576226 117.75924177133886 37.198187673924714
    vertex 3758.136127818564 116.48524160171937 37.198187671416996
    vertex 3757.9701278204816 115.78324193493975 37.19618685920297
  endloop
endfacet
facet normal 0.003385967987476522 0.16831095891083062 0.9857281351018163
  outer loop
    vertex 3759.2701268485857 112.15544196651362 83.6175488098162
    vertex 3759.27012684826 112.18426200435543 83.61262785034353
    vertex 3755.8711269214905 111.9272429107498 83.6681888443888
  endloop
endfacet
facet normal -0.0001876020575044822 0.753638713150641 0.6572888671247323
  outer loop
    vertex 3759.270127337764 133.2587525515356 45.48583732681449
    vertex 3759.270127341201 133.62973186061762 45.060477362443756
    vertex 3755.871127410074 133.44424215543978 45.27218726701148
  endloop
endfacet
facet normal -2.1073426226259057e-08 -3.1406312419921295e-16 0.9999999999999998
  outer loop
    vertex 3740.3411267750735 173.40924112299405 37.19618648769955
    vertex 3744.5071272430646 166.5772423599841 37.19618657549144
    vertex 3744.951127471861 167.60724114589544 37.19618658484805
  endloop
endfacet
facet normal -2.1073426226259057e-08 -3.1406312419921295e-16 0.9999999999999998
  outer loop
    vertex 3744.5071272430646 166.5772423599841 37.19618657549144
    vertex 3740.3411267750735 173.40924112299405 37.19618648769955
    vertex 3744.3111271554426 165.80124138050166 37.196186571361046
  endloop
endfacet
facet normal 0.008008792356497102 0.03116303114062317 0.9994822283238053
  outer loop
    vertex 3759.270126885888 109.53745147273922 83.69818769531422
    vertex 3759.2701268490837 112.12192222164055 83.61760603027517
    vertex 3755.870126777503 110.41124216305424 83.69818762366461
  endloop
endfacet
facet normal 0.02283063258032215 0.0017163644081484278 0.9997378737995278
  outer loop
    vertex 3759.2701268490837 112.12192222164055 83.61760603027517
    vertex 3755.871126926337 111.562241232283 83.6961887223185
    vertex 3755.870126777503 110.41124216305424 83.69818762366461
  endloop
endfacet
facet normal 0.02283063258032215 0.0017163644081484278 0.9997378737995278
  outer loop
    vertex 3755.871126926337 111.562241232283 83.6961887223185
    vertex 3759.2701268490837 112.12192222164055 83.61760603027517
    vertex 3759.2701268485857 112.15544196651362 83.6175488098162
  endloop
endfacet
facet normal 0.969549017756761 -0.244885903659127 0.002365661842489505
  outer loop
    vertex 3744.314547172168 165.75066230950767 30.55876782448489
    vertex 3744.3111271554426 165.80124138050166 37.196186571361046
    vertex 3744.3054166946076 165.71460197611972 30.567896394849107
  endloop
endfacet
facet normal 0.969549017756761 -0.244885903659127 0.002365661842489505
  outer loop
    vertex 3744.3111271554426 165.80124138050166 37.196186571361046
    vertex 3744.314547172168 165.75066230950767 30.55876782448489
    vertex 3744.5071272430646 166.5772423599841 37.19618657549144
  endloop
endfacet
facet normal -0.0011302910805184377 -0.0009082593837430699 0.99999894875293
  outer loop
    vertex 3755.8721264215296 161.79924265136526 68.69718817302316
    vertex 3759.2701263733916 165.1488024859228 68.70406805114922
    vertex 3755.872126372289 165.1002413391094 68.70018652507392
  endloop
endfacet
facet normal -0.0011302910805184377 -0.0009082593837430699 0.99999894875293
  outer loop
    vertex 3759.2701263733916 165.1488024859228 68.70406805114922
    vertex 3755.8721264215296 161.79924265136526 68.69718817302316
    vertex 3759.2701263748127 165.0535113482275 68.70398794250663
  endloop
endfacet
facet normal -2.1073426226259057e-08 -3.1406312419921295e-16 0.9999999999999998
  outer loop
    vertex 3749.2691278030425 134.61924224782084 37.198187484558915
    vertex 3747.269127434149 159.3812413482747 37.198187442412056
    vertex 3747.293127031249 133.67724182928413 37.198187442917806
  endloop
endfacet
facet normal -0.004041766169069195 -0.28699234550896835 0.9579243486546813
  outer loop
    vertex 3759.2701263642125 165.68389197872062 68.76136671142753
    vertex 3759.2701263484373 166.4276225237646 68.98418699340996
    vertex 3755.872126360118 165.80124155273248 68.78218725749579
  endloop
endfacet
facet normal 0.0020733723747397253 -0.11618429994894683 0.9932255079146773
  outer loop
    vertex 3759.2701263642125 165.68389197872062 68.76136671142753
    vertex 3755.872126360118 165.80124155273248 68.78218725749579
    vertex 3755.872126372289 165.1002413391094 68.70018652507392
  endloop
endfacet
facet normal 0.6496093827988975 -0.7602681433413052 1.3689495170777722e-08
  outer loop
    vertex 3747.293127031249 133.67724182928413 37.198187442917806
    vertex 3746.1801273085694 132.72624159908008 28.693186351347865
    vertex 3747.2931272339324 133.67724182928413 27.580187412400246
  endloop
endfacet
facet normal 0.6496093827988975 -0.7602681433413052 1.3689495170777722e-08
  outer loop
    vertex 3746.1801273085694 132.72624159908008 28.693186351347865
    vertex 3747.293127031249 133.67724182928413 37.198187442917806
    vertex 3746.180127129381 132.72624159908008 37.19618661074726
  endloop
endfacet
facet normal 0.0003858217392281853 -0.10647367174443245 0.9943154471126577
  outer loop
    vertex 3759.2701263733916 165.1488024859228 68.70406805114922
    vertex 3759.2701263642125 165.68389197872062 68.76136671142753
    vertex 3755.872126372289 165.1002413391094 68.70018652507392
  endloop
endfacet
facet normal -0.9999985076637552 0.000687121283110952 -0.0015850976642166655
  outer loop
    vertex 3755.8721273208967 132.24524179687313 46.91218725272743
    vertex 3755.8701276754487 112.49724260555914 39.61318710868048
    vertex 3755.8701272139197 131.7012421249073 47.93818727557347
  endloop
endfacet
facet normal 0.004420483770729025 0.7167250203681951 0.697341884947006
  outer loop
    vertex 3755.871127410074 133.44424215543978 45.27218726701148
    vertex 3759.270127344027 134.04542228267573 44.63250742988761
    vertex 3755.871127415534 134.25324217069854 44.44118717736609
  endloop
endfacet
facet normal 0.004420483770729025 0.7167250203681951 0.697341884947006
  outer loop
    vertex 3759.270127344027 134.04542228267573 44.63250742988761
    vertex 3755.871127410074 133.44424215543978 45.27218726701148
    vertex 3759.270127341201 133.62973186061762 45.060477362443756
  endloop
endfacet
facet normal -0.002184601135055185 -0.33531000771841 0.9421053158971987
  outer loop
    vertex 3759.2701263484373 166.4276225237646 68.98418699340996
    vertex 3759.270126347825 166.45493194148918 68.99390684204278
    vertex 3755.871126418176 166.47224298704376 68.99218634194737
  endloop
endfacet
facet normal -0.9790174399881854 0.20377272136113234 -0.0012370238713406876
  outer loop
    vertex 3758.1551280875824 116.57524175459035 21.246188007510746
    vertex 3758.07112810366 116.17124242472565 21.176186403567726
    vertex 3757.9701278204816 115.78324193493975 37.19618685920297
  endloop
endfacet
facet normal 0.9755571325012442 -0.21974393795507616 -0.0009396584195853027
  outer loop
    vertex 3744.5071272430646 166.5772423599841 37.19618657549144
    vertex 3744.314547172168 165.75066230950767 30.55876782448489
    vertex 3744.4842468333945 166.50477264833953 30.389067205502446
  endloop
endfacet
facet normal 0.001143774353645775 -1.5149578373323467e-05 0.9999993457751453
  outer loop
    vertex 3746.180127129381 132.72624159908008 37.19618661074726
    vertex 3745.676127002399 160.70924234688175 37.19718700448417
    vertex 3745.2901277569927 131.56624173840913 37.19718699634985
  endloop
endfacet
facet normal -0.9731620944301642 0.23012066093041394 0.0001392021762814864
  outer loop
    vertex 3758.1551280875824 116.57524175459035 21.246188007510746
    vertex 3757.9701278204816 115.78324193493975 37.19618685920297
    vertex 3758.136127818564 116.48524160171937 37.198187671416996
  endloop
endfacet
facet normal -0.08061303943593756 0.08441960780329415 0.993164068868401
  outer loop
    vertex 3759.2701270177013 121.90578147457025 68.69963728027518
    vertex 3755.87212706468 118.61924234618951 68.70318678447335
    vertex 3755.872127067302 118.41924158325006 68.72018698283759
  endloop
endfacet
facet normal -0.1203826701819849 0.12313154201543047 0.9850617422683504
  outer loop
    vertex 3759.2701270177013 121.90578147457025 68.69963728027518
    vertex 3755.872127067302 118.41924158325006 68.72018698283759
    vertex 3755.872127069754 118.21924272765924 68.74518660136786
  endloop
endfacet
facet normal -0.0006608343066233228 0.0017632569160971423 0.999998227109962
  outer loop
    vertex 3759.2701270177013 121.90578147457025 68.69963728027518
    vertex 3755.872127014125 122.02124277343562 68.69718817302316
    vertex 3755.87212706468 118.61924234618951 68.70318678447335
  endloop
endfacet
facet normal -0.755299763164839 3.191063121398218e-05 -0.6553794830057239
  outer loop
    vertex 3757.70412756036 130.6302420530473 37.50518686885623
    vertex 3757.594127779035 114.81324261598375 37.63118727089606
    vertex 3756.7541277459054 113.42724292390437 38.59918766518169
  endloop
endfacet
facet normal 0.988360141272125 -0.15210398535317493 0.002934072975684272
  outer loop
    vertex 3744.43079775401 129.41957233778984 30.442516835113384
    vertex 3744.3191271264554 128.82424209778392 37.19718697588753
    vertex 3744.2846881840396 128.47298191202918 30.588627366702312
  endloop
endfacet
facet normal 0.9994316328969166 -0.03353617784315721 -0.0034257759231004293
  outer loop
    vertex 3744.3191271264554 128.82424209778392 37.19718697588753
    vertex 3744.2625772543975 127.8117823419976 30.61073735158793
    vertex 3744.2846881840396 128.47298191202918 30.588627366702312
  endloop
endfacet
facet normal 0.03845066771297794 0.5586417430548554 0.8285173197158038
  outer loop
    vertex 3759.270127347537 135.34255239055537 43.548957215120154
    vertex 3759.270127347215 135.8105122713842 43.23342739181693
    vertex 3755.871127415534 134.25324217069854 44.44118717736609
  endloop
endfacet
facet normal 0.01571857016156694 0.6037644639717065 0.7970077782537848
  outer loop
    vertex 3759.270127347537 135.34255239055537 43.548957215120154
    vertex 3755.871127415534 134.25324217069854 44.44118717736609
    vertex 3759.270127347059 134.89419242427726 43.88860736923392
  endloop
endfacet
facet normal 0.0053673500242026806 0.9947591919939877 0.10210456158853373
  outer loop
    vertex 3755.870126944539 114.97124162899667 72.54818800513432
    vertex 3759.270127045891 114.98289176509762 72.25595747070486
    vertex 3755.872127053615 115.0532423614483 71.74918631145087
  endloop
endfacet
facet normal 0.9812891892643427 -0.19253822942510526 -0.0007464869553336442
  outer loop
    vertex 3744.43079775401 129.41957233778984 30.442516835113384
    vertex 3744.4951277081645 129.72124241321106 37.19818738395438
    vertex 3744.3191271264554 128.82424209778392 37.19718697588753
  endloop
endfacet
facet normal 0.9812891892643427 -0.19253822942510526 -0.0007464869553336442
  outer loop
    vertex 3744.4951277081645 129.72124241321106 37.19818738395438
    vertex 3744.43079775401 129.41957233778984 30.442516835113384
    vertex 3744.4682380519416 129.6105322687675 30.40507748958889
  endloop
endfacet
facet normal -0.18297170308284932 0.18059113381863873 0.9663892581444913
  outer loop
    vertex 3759.2701270177013 121.90578147457025 68.69963728027518
    vertex 3755.872127069754 118.21924272765924 68.74518660136786
    vertex 3755.872127071924 118.0212427734356 68.78218725749579
  endloop
endfacet
facet normal 0.2757493398675436 -0.9612106958742672 -0.006024923196263327
  outer loop
    vertex 3749.5321267993104 170.7552419313044 37.19818749010122
    vertex 3748.469067223488 170.5179315059214 26.40424787724482
    vertex 3748.767656934897 170.6054616464781 26.105656269767593
  endloop
endfacet
facet normal 0.23278335312416681 -0.9725273908172398 -0.0015442209949345898
  outer loop
    vertex 3749.5321267993104 170.7552419313044 37.19818749010122
    vertex 3748.43448699217 170.50959257718364 26.438826199880356
    vertex 3748.469067223488 170.5179315059214 26.40424787724482
  endloop
endfacet
facet normal 0.23278335312416681 -0.9725273908172398 -0.0015442209949345898
  outer loop
    vertex 3748.43448699217 170.50959257718364 26.438826199880356
    vertex 3749.5321267993104 170.7552419313044 37.19818749010122
    vertex 3748.2871269182124 170.4572415770635 37.197187059506895
  endloop
endfacet
facet normal 0.009719295635435493 0.07648330869540365 0.9970234895845507
  outer loop
    vertex 3759.2701268485857 112.15544196651362 83.6175488098162
    vertex 3755.8711269214905 111.9272429107498 83.6681888443888
    vertex 3755.871126926337 111.562241232283 83.6961887223185
  endloop
endfacet
facet normal -1.5655257968639457e-06 0.6772841313234341 0.7357215542955164
  outer loop
    vertex 3759.2701273458974 134.46101209209343 44.249927388002234
    vertex 3755.871127415534 134.25324217069854 44.44118717736609
    vertex 3759.270127344027 134.04542228267573 44.63250742988761
  endloop
endfacet
facet normal 0.02597142483108913 0.562465585684999 0.8264126995710279
  outer loop
    vertex 3755.871127415534 134.25324217069854 44.44118717736609
    vertex 3759.270127346036 136.37585231349848 42.88969741897758
    vertex 3755.8711274140096 137.00224224317782 42.57018736428626
  endloop
endfacet
facet normal 0.02597142483108913 0.562465585684999 0.8264126995710279
  outer loop
    vertex 3759.270127346036 136.37585231349848 42.88969741897758
    vertex 3755.871127415534 134.25324217069854 44.44118717736609
    vertex 3759.2701273460802 136.29652234599968 42.943687306215125
  endloop
endfacet
facet normal 0.004056910977613288 0.6405310198345634 0.7679215806988459
  outer loop
    vertex 3759.270127347059 134.89419242427726 43.88860736923392
    vertex 3755.871127415534 134.25324217069854 44.44118717736609
    vertex 3759.2701273458974 134.46101209209343 44.249927388002234
  endloop
endfacet
facet normal -0.995664050514508 0.0930015271305428 -0.0019530653931832743
  outer loop
    vertex 3758.2551277576226 117.75924177133886 37.198187673924714
    vertex 3758.2181280434625 117.02924222855134 21.299187505298338
    vertex 3758.136127818564 116.48524160171937 37.198187671416996
  endloop
endfacet
facet normal 0.0704245864444302 0.510797446402857 0.8568117333302874
  outer loop
    vertex 3759.270127347215 135.8105122713842 43.23342739181693
    vertex 3759.2701273460802 136.29652234599968 42.943687306215125
    vertex 3755.871127415534 134.25324217069854 44.44118717736609
  endloop
endfacet
facet normal 0.23303674284163184 0.9724679308263908 3.13829092240935e-08
  outer loop
    vertex 3748.9201284123237 111.16424231891558 25.953186637970905
    vertex 3750.3431275624735 110.82324273684333 37.19718710283385
    vertex 3748.956688471819 111.15548186718969 25.916626580147607
  endloop
endfacet
facet normal 0.23303674284163184 0.9724679308263908 3.13829092240935e-08
  outer loop
    vertex 3750.3431275624735 110.82324273684333 37.19718710283385
    vertex 3748.9201284123237 111.16424231891558 25.953186637970905
    vertex 3748.9201281753744 111.16424231891558 37.19718707284638
  endloop
endfacet
facet normal 0.9082454410851093 0.41843460651430775 0.0016428083674132152
  outer loop
    vertex 3744.5733675036286 115.68024109449141 30.29994634251234
    vertex 3744.59912801013 115.59724281911835 37.198187386146024
    vertex 3745.2946781576507 114.1174111339237 29.578636695847592
  endloop
endfacet
facet normal 0.7933859748975908 -0.6087171679967229 0.001450593619548274
  outer loop
    vertex 3745.2660381044434 131.5167517630747 29.607277442314366
    vertex 3745.2901277569927 131.56624173840913 37.19718699634985
    vertex 3745.232648059221 131.4733223878824 29.640667486776742
  endloop
endfacet
facet normal 0.7933859748975908 -0.6087171679967229 0.001450593619548274
  outer loop
    vertex 3745.2901277569927 131.56624173840913 37.19718699634985
    vertex 3745.2660381044434 131.5167517630747 29.607277442314366
    vertex 3746.180127129381 132.72624159908008 37.19618661074726
  endloop
endfacet
facet normal 0.7977872346484127 -0.6029390750582004 1.6812110252231636e-08
  outer loop
    vertex 3746.180127129381 132.72624159908008 37.19618661074726
    vertex 3745.2660381044434 131.5167517630747 29.607277442314366
    vertex 3746.1801273085694 132.72624159908008 28.693186351347865
  endloop
endfacet
facet normal 0.00030796312409763627 0.0011679019769617893 0.9999992705815773
  outer loop
    vertex 3748.2871269182124 170.4572415770635 37.197187059506895
    vertex 3740.3411267750735 173.40924112299405 37.19618648769955
    vertex 3747.1321271934435 169.90524151408042 37.198187439525014
  endloop
endfacet
facet normal 0.9999612490039788 -0.0035254027149934013 -0.008066723380656386
  outer loop
    vertex 3744.2571279819576 126.2868017968725 30.616186646517033
    vertex 3744.3191271264554 128.82424209778392 37.19718697588753
    vertex 3744.25712798241 126.21824215026608 30.643187073763123
  endloop
endfacet
facet normal 0.9999612490039788 -0.0035254027149934013 -0.008066723380656386
  outer loop
    vertex 3744.3191271264554 128.82424209778392 37.19718697588753
    vertex 3744.2571279819576 126.2868017968725 30.616186646517033
    vertex 3744.2625772543975 127.8117823419976 30.61073735158793
  endloop
endfacet
facet normal -0.4143525216940683 -0.9101136520169707 -0.002264548100383449
  outer loop
    vertex 3754.988127677563 133.8252417074097 37.19718720071993
    vertex 3753.244127707696 134.61924230703875 37.197187163967875
    vertex 3754.758757913009 133.97156204701025 20.360186349023532
  endloop
endfacet
facet normal -8.537041409968205e-05 -0.0003561648337857109 0.9999999329292496
  outer loop
    vertex 3750.3431275624735 110.82324273684333 37.19718710283385
    vertex 3748.9201281753744 111.16424231891558 37.19718707284638
    vertex 3740.341127713591 110.41124193170985 37.19618648769955
  endloop
endfacet
facet normal 0.9428891611352563 -0.33310231560759285 0.0016962165288138575
  outer loop
    vertex 3744.541407758656 129.81728218593423 30.33190778287888
    vertex 3744.4951277081645 129.72124241321106 37.19818738395438
    vertex 3744.4682380519416 129.6105322687675 30.40507748958889
  endloop
endfacet
facet normal 0.9428891611352563 -0.33310231560759285 0.0016962165288138575
  outer loop
    vertex 3744.4951277081645 129.72124241321106 37.19818738395438
    vertex 3744.541407758656 129.81728218593423 30.33190778287888
    vertex 3744.8611278682483 130.7572417167593 37.196186582951434
  endloop
endfacet
facet normal -0.00011119173264322641 8.578537177999074e-05 0.9999999901386344
  outer loop
    vertex 3745.676126883933 168.6612420111884 37.19718700448417
    vertex 3740.3411267750735 173.40924112299405 37.19618648769955
    vertex 3745.284126693137 168.1532425851825 37.197186996223394
  endloop
endfacet
facet normal -0.0013046221918067182 -0.0010365756788416594 0.9999986117349359
  outer loop
    vertex 3745.284126693137 168.1532425851825 37.197186996223394
    vertex 3740.3411267750735 173.40924112299405 37.19618648769955
    vertex 3744.951127471861 167.60724114589544 37.19618658484805
  endloop
endfacet
facet normal -0.08550364109543859 -0.14865173357596412 -0.9851861699517931
  outer loop
    vertex 3744.25712798241 126.21824215026608 30.643187073763123
    vertex 3744.2264082253555 126.21126220748661 30.646906402949746
    vertex 3744.2571279819576 126.2868017968725 30.616186646517033
  endloop
endfacet
facet normal -0.018759398050224585 0.5445422372986544 0.8385236053818458
  outer loop
    vertex 3759.270127080772 116.18530150936031 69.75074659424004
    vertex 3759.270127079475 117.25452300594233 69.05638776855643
    vertex 3755.872127080015 116.55724207153132 69.43318632670967
  endloop
endfacet
facet normal -0.019950571917101652 0.8364921769863374 0.5476155700131607
  outer loop
    vertex 3759.2701270640005 115.21541282222653 71.23226820068534
    vertex 3759.270127080772 116.18530150936031 69.75074659424004
    vertex 3755.870126984106 115.95924249874763 69.97218779151127
  endloop
endfacet
facet normal -0.1506150905094689 -0.9885840082299414 -0.0040930652142145
  outer loop
    vertex 3753.244127707696 134.61924230703875 37.197187163967875
    vertex 3751.9750778839543 134.87179193641785 22.898226451494676
    vertex 3752.014587658129 134.86593208516928 22.85872716949037
  endloop
endfacet
facet normal -0.1506150905094689 -0.9885840082299414 -0.0040930652142145
  outer loop
    vertex 3751.9750778839543 134.87179193641785 22.898226451494676
    vertex 3753.244127707696 134.61924230703875 37.197187163967875
    vertex 3751.4391273984234 134.89424189867884 37.197187125930334
  endloop
endfacet
facet normal -0.19671547328223832 -0.980460617552457 -4.145469321703411e-09
  outer loop
    vertex 3753.244127707696 134.61924230703875 37.197187163967875
    vertex 3752.014587658129 134.86593208516928 22.85872716949037
    vertex 3753.244128035767 134.61924230703875 21.629187324185168
  endloop
endfacet
facet normal 0.9853576140558982 0.17049258315974702 -0.0016283456588633584
  outer loop
    vertex 3744.273957605164 117.41353271600747 30.599356202535756
    vertex 3744.59912801013 115.59724281911835 37.198187386146024
    vertex 3744.5733675036286 115.68024109449141 30.29994634251234
  endloop
endfacet
facet normal 1.9391725270620174e-05 -0.0015497277093121558 0.9999987989832729
  outer loop
    vertex 3748.9201281753744 111.16424231891558 37.19718707284638
    vertex 3747.600127517484 111.79324200933375 37.19818744938736
    vertex 3740.341127713591 110.41124193170985 37.19618648769955
  endloop
endfacet
facet normal 0.43120692981598785 -0.9022530596670859 -2.2770495445847535e-07
  outer loop
    vertex 3748.2871269182124 170.4572415770635 37.197187059506895
    vertex 3747.132127392735 169.90524151408042 27.741186707103132
    vertex 3747.1673771033097 169.92209293977646 27.70593699776295
  endloop
endfacet
facet normal 0.43120692981598785 -0.9022530596670859 -2.2770495445847535e-07
  outer loop
    vertex 3747.132127392735 169.90524151408042 27.741186707103132
    vertex 3748.2871269182124 170.4572415770635 37.197187059506895
    vertex 3747.1321271934435 169.90524151408042 37.198187439525014
  endloop
endfacet
facet normal 0.8834692005723641 -0.4684882621793902 -0.0009590829800600063
  outer loop
    vertex 3745.213737651334 131.43761205282289 29.65957694072394
    vertex 3745.2901277569927 131.56624173840913 37.19718699634985
    vertex 3744.8611278682483 130.7572417167593 37.196186582951434
  endloop
endfacet
facet normal 0.8834692005723641 -0.4684882621793902 -0.0009590829800600063
  outer loop
    vertex 3745.2901277569927 131.56624173840913 37.19718699634985
    vertex 3745.213737651334 131.43761205282289 29.65957694072394
    vertex 3745.232648059221 131.4733223878824 29.640667486776742
  endloop
endfacet
facet normal 0.000935295219298419 0.0012616505408794732 0.9999987667296223
  outer loop
    vertex 3746.117126861753 169.1272416210297 37.19618660941964
    vertex 3740.3411267750735 173.40924112299405 37.19618648769955
    vertex 3745.676126883933 168.6612420111884 37.19718700448417
  endloop
endfacet
facet normal -0.035809738131686586 -0.9993585999063606 0.00022682182212642178
  outer loop
    vertex 3751.4391273984234 134.89424189867884 37.197187125930334
    vertex 3751.0818273992572 134.90400227314723 23.791487388481368
    vertex 3751.9750778839543 134.87179193641785 22.898226451494676
  endloop
endfacet
facet normal -3.871666629003123e-05 -0.001488759067111948 0.999998891048115
  outer loop
    vertex 3751.8051279330653 110.78524265181203 37.19718713364321
    vertex 3750.3431275624735 110.82324273684333 37.19718710283385
    vertex 3740.341127713591 110.41124193170985 37.19618648769955
  endloop
endfacet
facet normal -2.1033501851711244e-08 -0.002674864464332096 0.9999964225436495
  outer loop
    vertex 3755.8721278509197 110.41124216308404 37.19618681499093
    vertex 3751.8051279330653 110.78524265181203 37.19718713364321
    vertex 3740.341127713591 110.41124193170985 37.19618648769955
  endloop
endfacet
facet normal 0.969408428441895 -0.24517999573959234 -0.011578797646949038
  outer loop
    vertex 3744.8611278682483 130.7572417167593 37.196186582951434
    vertex 3744.541407758656 129.81728218593423 30.33190778287888
    vertex 3744.5693275268673 129.92899178107672 30.3039861068315
  endloop
endfacet
facet normal -0.0023916972430587323 3.167776747320088e-05 0.9999971393863168
  outer loop
    vertex 3745.676127002399 160.70924234688175 37.19718700448417
    vertex 3744.8611278682483 130.7572417167593 37.196186582951434
    vertex 3745.2901277569927 131.56624173840913 37.19718699634985
  endloop
endfacet
facet normal 0.42606204532617864 -0.9046552304692351 -0.008369439475150574
  outer loop
    vertex 3747.293127031249 133.67724182928413 37.198187442917806
    vertex 3748.053717796478 134.1314721491478 26.819597828819123
    vertex 3748.3716775863645 134.28416208766149 26.50163709638388
  endloop
endfacet
facet normal 0.4303199038404366 -0.9026668639557583 -0.004160898344549615
  outer loop
    vertex 3749.2691278030425 134.61924224782084 37.198187484558915
    vertex 3748.8655273482113 134.47842221541052 26.00778639878318
    vertex 3748.9298975044403 134.50940184970077 25.94341719847952
  endloop
endfacet
facet normal 0.4303199038404366 -0.9026668639557583 -0.004160898344549615
  outer loop
    vertex 3748.8655273482113 134.47842221541052 26.00778639878318
    vertex 3749.2691278030425 134.61924224782084 37.198187484558915
    vertex 3747.293127031249 133.67724182928413 37.198187442917806
  endloop
endfacet
facet normal -0.8743731990940987 -0.48524440560372506 0.0030619497447316795
  outer loop
    vertex 3757.098707793404 131.68078201442597 20.360186398334296
    vertex 3757.754127864261 130.50324219875068 20.911187007239004
    vertex 3757.3121275793565 131.40724247445354 37.955187623534904
  endloop
endfacet
facet normal 0.9529885526108912 0.3028556142493013 -0.009554868407122673
  outer loop
    vertex 3744.5198570889047 162.76016281610637 30.353466544021433
    vertex 3744.2811274533697 163.72724197514748 37.19618657072886
    vertex 3744.8131270663 162.05324219669603 37.197186986297815
  endloop
endfacet
facet normal 0.9529885526108912 0.3028556142493013 -0.009554868407122673
  outer loop
    vertex 3744.2811274533697 163.72724197514748 37.19618657072886
    vertex 3744.5198570889047 162.76016281610637 30.353466544021433
    vertex 3744.4952971125545 162.838201985052 30.378017935105426
  endloop
endfacet
facet normal 0.5127317532374124 -0.8585488624546009 1.0805014510312738e-08
  outer loop
    vertex 3747.293127031249 133.67724182928413 37.198187442917806
    vertex 3747.2931272339324 133.67724182928413 27.580187412400246
    vertex 3748.053717796478 134.1314721491478 26.819597828819123
  endloop
endfacet
facet normal 0.9299404819169818 -0.367709229794921 0.0007889332278697252
  outer loop
    vertex 3744.7864671729303 167.26844262049326 30.08684782100212
    vertex 3744.5071272430646 166.5772423599841 37.19618657549144
    vertex 3744.4842468333945 166.50477264833953 30.389067205502446
  endloop
endfacet
facet normal 0.3505481569270035 -0.9363758532716259 -0.017783449747319973
  outer loop
    vertex 3747.293127031249 133.67724182928413 37.198187442917806
    vertex 3748.3716775863645 134.28416208766149 26.50163709638388
    vertex 3748.8655273482113 134.47842221541052 26.00778639878318
  endloop
endfacet
facet normal -2.2592498008646687e-05 0.99921671467963 0.03957216944300409
  outer loop
    vertex 3759.270127039865 114.9712416796484 72.55012785034351
    vertex 3759.270127045891 114.98289176509762 72.25595747070486
    vertex 3755.870126944539 114.97124162899667 72.54818800513432
  endloop
endfacet
facet normal -0.004795936904237199 -0.7160887953599242 0.6979927192666003
  outer loop
    vertex 3759.2701270808448 150.53835174129387 45.46185730533774
    vertex 3755.871127157828 150.376242315657 45.27218726701148
    vertex 3755.871127187408 149.5662423728775 44.44118717736609
  endloop
endfacet
facet normal -0.004795936904237199 -0.7160887953599242 0.6979927192666003
  outer loop
    vertex 3755.871127157828 150.376242315657 45.27218726701148
    vertex 3759.2701270808448 150.53835174129387 45.46185730533774
    vertex 3759.2701270799907 150.5617320208349 45.48583732681449
  endloop
endfacet
facet normal 0.006956673778790909 -0.807247465601153 0.5901721223257251
  outer loop
    vertex 3759.2701270799907 150.5617320208349 45.48583732681449
    vertex 3755.872127032927 151.57524172057916 46.91218725272743
    vertex 3755.871127157828 150.376242315657 45.27218726701148
  endloop
endfacet
facet normal 0.006956673778790909 -0.807247465601153 0.5901721223257251
  outer loop
    vertex 3755.872127032927 151.57524172057916 46.91218725272743
    vertex 3759.2701270799907 150.5617320208349 45.48583732681449
    vertex 3759.2701270784783 150.59634181545158 45.53317736225302
  endloop
endfacet
facet normal 0.9207995624658133 -0.3899565540670456 0.007877290328675504
  outer loop
    vertex 3745.213737651334 131.43761205282289 29.65957694072394
    vertex 3744.8611278682483 130.7572417167593 37.196186582951434
    vertex 3744.5693275268673 129.92899178107672 30.3039861068315
  endloop
endfacet
facet normal -0.3636817082893817 -0.931523276711708 -7.664019942033264e-09
  outer loop
    vertex 3753.244127707696 134.61924230703875 37.197187163967875
    vertex 3753.244128035767 134.61924230703875 21.629187324185168
    vertex 3754.34738762888 134.1885119806096 20.525927307151417
  endloop
endfacet
facet normal -0.4717814044498453 -0.8816751355236792 -0.00844167131754465
  outer loop
    vertex 3753.244127707696 134.61924230703875 37.197187163967875
    vertex 3754.34738762888 134.1885119806096 20.525927307151417
    vertex 3754.5131276467923 134.101411954087 20.360186343847264
  endloop
endfacet
facet normal 0.05783161015464442 -0.9983237751284834 -0.0022682328219690603
  outer loop
    vertex 3751.4391273984234 134.89424189867884 37.197187125930334
    vertex 3750.546777949986 134.87179191513965 24.32652727893945
    vertex 3751.0818273992572 134.90400227314723 23.791487388481368
  endloop
endfacet
facet normal 0.0012218002872145205 9.868521366352095e-05 0.9999992487323611
  outer loop
    vertex 3750.073127701155 134.80224187069936 37.197187097144045
    vertex 3747.269127434149 159.3812413482747 37.198187442412056
    vertex 3749.2691278030425 134.61924224782084 37.198187484558915
  endloop
endfacet
facet normal 0.026387492028489758 -0.7833159673807517 0.6210634391998967
  outer loop
    vertex 3755.872127032927 151.57524172057916 46.91218725272743
    vertex 3759.2701270784783 150.59634181545158 45.53317736225302
    vertex 3759.27012706397 150.94612189815425 45.97433732586081
  endloop
endfacet
facet normal -0.0014511023481589835 0.961298067547594 0.2755066598673008
  outer loop
    vertex 3755.872127053615 115.0532423614483 71.74918631145087
    vertex 3759.2701270633443 115.19308158443354 71.27915655212577
    vertex 3755.8721270617652 115.19224230041316 71.26418760844794
  endloop
endfacet
facet normal -0.9025959439810248 -0.43048804010253616 -0.000780536789895818
  outer loop
    vertex 3755.5511372638875 167.88524308908822 20.360186365721706
    vertex 3756.1033774144225 166.72737185097736 20.360186377359284
    vertex 3756.1251270340404 166.6512419379713 37.19718722468041
  endloop
endfacet
facet normal -0.8140388174521843 0.5808102914998572 -0.00045713116337829597
  outer loop
    vertex 3755.544217498318 161.490193040157 20.360186365575878
    vertex 3754.987057609286 160.7093016133996 20.3601863538346
    vertex 3754.9811273074997 160.7142416462703 37.197187200572415
  endloop
endfacet
facet normal -0.9311272956085564 -0.3646598300754351 0.005016742175040079
  outer loop
    vertex 3755.5511372638875 167.88524308908822 20.360186365721706
    vertex 3756.1251270340404 166.6512419379713 37.19718722468041
    vertex 3755.8721270034566 167.29724184264947 37.19618681499093
  endloop
endfacet
facet normal -0.30937022197553365 0.9509416242044667 0.0003051396078114377
  outer loop
    vertex 3752.3751269108993 158.91324291970304 37.19718714565506
    vertex 3752.522777464834 158.96604214675617 22.350546561913543
    vertex 3751.9282773903406 158.77244243697186 22.945036600654912
  endloop
endfacet
facet normal -0.41568415786616686 0.9095085880326687 -0.0008995520647758789
  outer loop
    vertex 3752.522777464834 158.96604214675617 22.350546561913543
    vertex 3753.2481270499134 159.31224119320666 37.19718716405215
    vertex 3752.541287329906 158.97448216473214 22.332028114427633
  endloop
endfacet
facet normal -0.41568415786616686 0.9095085880326687 -0.0008995520647758789
  outer loop
    vertex 3753.2481270499134 159.31224119320666 37.19718716405215
    vertex 3752.522777464834 158.96604214675617 22.350546561913543
    vertex 3752.3751269108993 158.91324291970304 37.19718714565506
  endloop
endfacet
facet normal 0.9999691677426411 -0.0033581485509348295 -0.0070983380026520965
  outer loop
    vertex 3744.3191271264554 128.82424209778392 37.19718697588753
    vertex 3744.280127741966 117.21124122745195 37.197186975065684
    vertex 3744.2561276145148 123.47224281400847 30.85418656257261
  endloop
endfacet
facet normal 0.9999426179053822 0.000882560483412805 -0.01067623451990588
  outer loop
    vertex 3744.3191271264554 128.82424209778392 37.19718697588753
    vertex 3744.2561276145148 123.47224281400847 30.85418656257261
    vertex 3744.2561276000215 124.34324119657683 30.926187066112654
  endloop
endfacet
facet normal 0.0002644785152941408 0.3758290669236545 0.9266889675108959
  outer loop
    vertex 3759.2701273415587 137.40883227870845 42.37189756469901
    vertex 3759.2701273382286 137.9332422880926 42.15921722488578
    vertex 3755.8721273363003 137.93324223747067 42.16018704005806
  endloop
endfacet
facet normal 0.00011443110026437062 0.30568582254057025 0.9521324302864693
  outer loop
    vertex 3755.8721273363003 137.93324223747067 42.16018704005806
    vertex 3759.2701273292423 139.03724214122673 41.80518709259208
    vertex 3755.870127233874 139.037242090575 41.805187020942434
  endloop
endfacet
facet normal 0.00011443110026437062 0.30568582254057025 0.9521324302864693
  outer loop
    vertex 3759.2701273292423 139.03724214122673 41.80518709259208
    vertex 3755.8721273363003 137.93324223747067 42.16018704005806
    vertex 3759.2701273382286 137.9332422880926 42.15921722488578
  endloop
endfacet
facet normal 0.005179506981382829 0.40302520339601156 0.9151742228313873
  outer loop
    vertex 3759.2701273417097 137.38196202800654 42.38372741775687
    vertex 3755.8721273363003 137.93324223747067 42.16018704005806
    vertex 3755.8711274140096 137.00224224317782 42.57018736428626
  endloop
endfacet
facet normal 0.005179506981382829 0.40302520339601156 0.9151742228313873
  outer loop
    vertex 3755.8721273363003 137.93324223747067 42.16018704005806
    vertex 3759.2701273417097 137.38196202800654 42.38372741775687
    vertex 3759.2701273415587 137.40883227870845 42.37189756469901
  endloop
endfacet
facet normal 0.9999602362296137 -0.0018502099615120683 -0.008723685156712471
  outer loop
    vertex 3744.3191271264554 128.82424209778392 37.19718697588753
    vertex 3744.2561276000215 124.34324119657683 30.926187066112654
    vertex 3744.25712798241 126.21824215026608 30.643187073763123
  endloop
endfacet
facet normal -0.4062048119411391 0.9137809123334799 -0.0014474152330391662
  outer loop
    vertex 3753.2481270499134 159.31224119320666 37.19718716405215
    vertex 3753.115957653013 159.22903119978258 21.757347798168762
    vertex 3752.541287329906 158.97448216473214 22.332028114427633
  endloop
endfacet
facet normal 0.0019765578601858135 0.4264604213466113 0.904504064249518
  outer loop
    vertex 3759.2701273442444 136.87117215679072 42.62455736236747
    vertex 3759.2701273417097 137.38196202800654 42.38372741775687
    vertex 3755.8711274140096 137.00224224317782 42.57018736428626
  endloop
endfacet
facet normal -0.16488619412883782 -0.1471144573128906 -0.9752793853226065
  outer loop
    vertex 3744.2561276000215 124.34324119657683 30.926187066112654
    vertex 3743.956437347712 124.74085281015414 30.9168772911204
    vertex 3744.217417937873 126.17848156007486 30.655897644215376
  endloop
endfacet
facet normal -0.48105277359593096 0.8766914284961013 -0.0006068089709003572
  outer loop
    vertex 3753.2481270499134 159.31224119320666 37.19718716405215
    vertex 3753.3910574108977 159.3797918545157 21.4822566327014
    vertex 3753.115957653013 159.22903119978258 21.757347798168762
  endloop
endfacet
facet normal -0.9999831959939776 -0.0025298521559929624 0.005216088356161027
  outer loop
    vertex 3755.8701271851305 142.7802421806972 41.472187314674116
    vertex 3755.8721275118214 133.1732422470074 37.19618681499093
    vertex 3755.8721272923876 141.90924216298907 41.43318728038399
  endloop
endfacet
facet normal -0.007875277955587548 -0.04474800022567667 0.998967264965637
  outer loop
    vertex 3759.2701272732716 143.20075222537895 41.51782737808403
    vertex 3755.8701271851305 142.7802421806972 41.472187314674116
    vertex 3755.8721272923876 141.90924216298907 41.43318728038399
  endloop
endfacet
facet normal -0.9914512445699872 0.13047506328629507 -0.000829156837121051
  outer loop
    vertex 3756.4521269684165 164.52524249215918 37.19818763592934
    vertex 3756.4176074179404 164.15593211261663 20.360186383981187
    vertex 3756.285127170448 163.2562414825912 37.197187228052165
  endloop
endfacet
facet normal -0.9994510285472819 0.033104251881814664 0.001322891955414085
  outer loop
    vertex 3756.4460373901998 165.01426188598938 20.360186384580302
    vertex 3756.4176074179404 164.15593211261663 20.360186383981187
    vertex 3756.4521269684165 164.52524249215918 37.19818763592934
  endloop
endfacet
facet normal -0.14505873870890687 -0.14778439321477455 -0.9783239419774628
  outer loop
    vertex 3744.2264082253555 126.21126220748661 30.646906402949746
    vertex 3744.2561276000215 124.34324119657683 30.926187066112654
    vertex 3744.217417937873 126.17848156007486 30.655897644215376
  endloop
endfacet
facet normal -0.14505873870890687 -0.14778439321477455 -0.9783239419774628
  outer loop
    vertex 3744.2561276000215 124.34324119657683 30.926187066112654
    vertex 3744.2264082253555 126.21126220748661 30.646906402949746
    vertex 3744.25712798241 126.21824215026608 30.643187073763123
  endloop
endfacet
facet normal -0.5571959840335886 0.8303796662018151 -0.0014984443276848086
  outer loop
    vertex 3753.3910574108977 159.3797918545157 21.4822566327014
    vertex 3754.245127257385 159.98124183366988 37.197187185062376
    vertex 3753.410947242661 159.3931013335718 21.462376338320745
  endloop
endfacet
facet normal -0.5571959840335886 0.8303796662018151 -0.0014984443276848086
  outer loop
    vertex 3754.245127257385 159.98124183366988 37.197187185062376
    vertex 3753.3910574108977 159.3797918545157 21.4822566327014
    vertex 3753.2481270499134 159.31224119320666 37.19718716405215
  endloop
endfacet
facet normal -0.7138962884507712 0.7002512981388026 -0.0004569366860380224
  outer loop
    vertex 3754.9811273074997 160.7142416462703 37.197187200572415
    vertex 3754.5131272575977 160.22613205067515 20.360186343847264
    vertex 3754.382707525688 160.09326232827325 20.49060702591333
  endloop
endfacet
facet normal -0.7138962884507712 0.7002512981388026 -0.0004569366860380224
  outer loop
    vertex 3754.5131272575977 160.22613205067515 20.360186343847264
    vertex 3754.9811273074997 160.7142416462703 37.197187200572415
    vertex 3754.987057609286 160.7093016133996 20.3601863538346
  endloop
endfacet
facet normal 0.007050216686279485 -0.16406552816535278 0.9864242479341738
  outer loop
    vertex 3759.2701272732716 143.20075222537895 41.51782737808403
    vertex 3759.2701272722084 143.25853225276845 41.52743755417044
    vertex 3755.8701271851305 142.7802421806972 41.472187314674116
  endloop
endfacet
facet normal 0.005049848883277928 -0.41441690425097055 0.9100731445863559
  outer loop
    vertex 3755.872127217805 145.88724223365594 42.16018704005806
    vertex 3759.2701271938167 146.9607021479406 42.63014732437308
    vertex 3755.871127257904 147.20924202192532 42.762187276548225
  endloop
endfacet
facet normal 0.005049848883277928 -0.41441690425097055 0.9100731445863559
  outer loop
    vertex 3759.2701271938167 146.9607021479406 42.63014732437308
    vertex 3755.872127217805 145.88724223365594 42.16018704005806
    vertex 3759.2701271947603 146.9221722750463 42.61260734634574
  endloop
endfacet
facet normal -0.0021700693949040293 -0.49214679067578804 0.8705095216172788
  outer loop
    vertex 3759.2701271938167 146.9607021479406 42.63014732437308
    vertex 3759.270127167526 147.94127198741813 43.18451725082572
    vertex 3755.871127257904 147.20924202192532 42.762187276548225
  endloop
endfacet
facet normal 0.023163098483943812 -0.5800359297988993 0.8142615003860552
  outer loop
    vertex 3755.871127257904 147.20924202192532 42.762187276548225
    vertex 3759.270127138015 148.92626210735224 43.88860736923392
    vertex 3755.871127187408 149.5662423728775 44.44118717736609
  endloop
endfacet
facet normal 0.023163098483943812 -0.5800359297988993 0.8142615003860552
  outer loop
    vertex 3759.270127138015 148.92626210735224 43.88860736923392
    vertex 3755.871127257904 147.20924202192532 42.762187276548225
    vertex 3759.270127140049 148.85824224040888 43.84015737610037
  endloop
endfacet
facet normal 0.00026142782321201397 -0.40127061492905675 0.9159595107044581
  outer loop
    vertex 3759.2701272197323 145.88724228427785 42.15921722488578
    vertex 3759.2701271947603 146.9221722750463 42.61260734634574
    vertex 3755.872127217805 145.88724223365594 42.16018704005806
  endloop
endfacet
facet normal -0.9841998889774966 0.17705262262892854 0.0017167867956288001
  outer loop
    vertex 3756.4176074179404 164.15593211261663 20.360186383981187
    vertex 3756.198387513075 162.9373327898928 20.360186379361473
    vertex 3756.285127170448 163.2562414825912 37.197187228052165
  endloop
endfacet
facet normal -6.214428376727442e-09 -0.653531534441943 0.7568992888687104
  outer loop
    vertex 3759.270127138015 148.92626210735224 43.88860736923392
    vertex 3759.2701271168357 149.56624242351435 44.441187248994666
    vertex 3755.871127187408 149.5662423728775 44.44118717736609
  endloop
endfacet
facet normal -0.1440662396739143 -0.13155082495040762 -0.9807850422192856
  outer loop
    vertex 3744.2561276000215 124.34324119657683 30.926187066112654
    vertex 3743.92282795993 124.52708289693372 30.950486680670927
    vertex 3743.956437347712 124.74085281015414 30.9168772911204
  endloop
endfacet
facet normal -0.9618203674313074 -0.27368153165584286 4.981643517602023e-06
  outer loop
    vertex 3756.1033774144225 166.72737185097736 20.360186377359284
    vertex 3756.3224573972057 165.95744196837686 20.36018638197606
    vertex 3756.1251270340404 166.6512419379713 37.19718722468041
  endloop
endfacet
facet normal -0.9661776685750837 0.2578772749400922 0.00015432526742390897
  outer loop
    vertex 3758.07112810366 116.17124242472565 21.176186403567726
    vertex 3757.9411281180014 115.68424291107023 21.066187697825264
    vertex 3757.9701278204816 115.78324193493975 37.19618685920297
  endloop
endfacet
facet normal -2.2407758651153385e-08 0.9063091539496171 0.42261533037400406
  outer loop
    vertex 3755.872127014125 122.02124277343562 68.69718817302316
    vertex 3759.270127309287 131.701242175559 47.93818734722313
    vertex 3755.8701272139197 131.7012421249073 47.93818727557347
  endloop
endfacet
facet normal -2.2407758651153385e-08 0.9063091539496171 0.42261533037400406
  outer loop
    vertex 3759.270127309287 131.701242175559 47.93818734722313
    vertex 3755.872127014125 122.02124277343562 68.69718817302316
    vertex 3759.2701270160323 122.02124282405755 68.69718824463067
  endloop
endfacet
facet normal 0.004095741199167207 0.4719271889441087 0.8816280129620095
  outer loop
    vertex 3759.270127346036 136.37585231349848 42.88969741897758
    vertex 3759.2701273442444 136.87117215679072 42.62455736236747
    vertex 3755.8711274140096 137.00224224317782 42.57018736428626
  endloop
endfacet
facet normal 0.003391377713840201 -0.8674372578451157 0.49753502616333284
  outer loop
    vertex 3759.2701260241997 169.48904296443843 82.20605741577322
    vertex 3755.871126105065 169.2802416442703 81.8651874405802
    vertex 3759.2701260395606 169.19156142757316 81.68740736084158
  endloop
endfacet
facet normal -2.3668172466631284e-08 0.2038855141263558 0.9789947380499199
  outer loop
    vertex 3755.870127233874 139.037242090575 41.805187020942434
    vertex 3759.270127317283 140.17524227188014 41.56818710403617
    vertex 3755.8701272219155 140.1752422212284 41.56818703238652
  endloop
endfacet
facet normal -2.3668172466631284e-08 0.2038855141263558 0.9789947380499199
  outer loop
    vertex 3759.270127317283 140.17524227188014 41.56818710403617
    vertex 3755.870127233874 139.037242090575 41.805187020942434
    vertex 3759.2701273292423 139.03724214122673 41.80518709259208
  endloop
endfacet
facet normal -2.1384606743221413e-08 0.021206099958452157 0.9997751253779781
  outer loop
    vertex 3759.2701270177013 121.90578147457025 68.69963728027518
    vertex 3759.2701270160323 122.02124282405755 68.69718824463067
    vertex 3755.872127014125 122.02124277343562 68.69718817302316
  endloop
endfacet
facet normal -2.2314050331784764e-08 0.08887457313199511 0.9960428255103317
  outer loop
    vertex 3759.270127317283 140.17524227188014 41.56818710403617
    vertex 3759.270127300849 141.43774220035453 41.45553718643364
    vertex 3755.8701272219155 140.1752422212284 41.56818703238652
  endloop
endfacet
facet normal -0.9915250970348095 -0.12991438944880626 0.00048307789790756633
  outer loop
    vertex 3756.3224573972057 165.95744196837686 20.36018638197606
    vertex 3756.4460373901998 165.01426188598938 20.360186384580302
    vertex 3756.3511271172542 165.8012415598684 37.19818763380091
  endloop
endfacet
facet normal 0.004212872728230235 0.07761421454313262 0.9969745660769028
  outer loop
    vertex 3759.270127300849 141.43774220035453 41.45553718643364
    vertex 3755.8721272923876 141.90924216298907 41.43318728038399
    vertex 3755.8701272219155 140.1752422212284 41.56818703238652
  endloop
endfacet
facet normal 0.004212872728230235 0.07761421454313262 0.9969745660769028
  outer loop
    vertex 3755.8721272923876 141.90924216298907 41.43318728038399
    vertex 3759.270127300849 141.43774220035453 41.45553718643364
    vertex 3759.2701273001853 141.4877722232141 41.451637135316695
  endloop
endfacet
facet normal 0.644744488044579 0.0005381621888015903 -0.7643979693311544
  outer loop
    vertex 3758.07112810366 116.17124242472565 21.176186403567726
    vertex 3759.2701281727973 110.16980239437008 22.183306561281057
    vertex 3757.9411281180014 115.68424291107023 21.066187697825264
  endloop
endfacet
facet normal 0.644744488044579 0.0005381621888015903 -0.7643979693311544
  outer loop
    vertex 3759.2701281727973 110.16980239437008 22.183306561281057
    vertex 3758.07112810366 116.17124242472565 21.176186403567726
    vertex 3759.2701281714776 110.25837203548335 22.183306561281057
  endloop
endfacet
facet normal -0.060399223244837055 0.07398797431227933 0.9954284070130739
  outer loop
    vertex 3759.2701270794037 117.27735206172848 69.04365812378104
    vertex 3759.2701270177013 121.90578147457025 68.69963728027518
    vertex 3755.872127071924 118.0212427734356 68.78218725749579
  endloop
endfacet
facet normal -2.1042252257402508e-08 -0.0020894657976458105 0.9999978170639575
  outer loop
    vertex 3759.270126423437 161.79924270198723 68.69718824463067
    vertex 3759.2701263748127 165.0535113482275 68.70398794250663
    vertex 3755.8721264215296 161.79924265136526 68.69718817302316
  endloop
endfacet
facet normal 0.0011556935344356908 3.28265320897643e-05 0.9999993316472134
  outer loop
    vertex 3755.8721275118214 133.1732422470074 37.19618681499093
    vertex 3754.245127257385 159.98124183366988 37.197187185062376
    vertex 3754.988127677563 133.8252417074097 37.19718720071993
  endloop
endfacet
facet normal 6.656950004651268e-05 -1.5270451969378273e-06 0.9999999977830849
  outer loop
    vertex 3750.073127701155 134.80224187069936 37.197187097144045
    vertex 3748.9021268640195 158.7312417540722 37.197187072467045
    vertex 3747.269127434149 159.3812413482747 37.198187442412056
  endloop
endfacet
facet normal 6.656950004651268e-05 -1.5270451969378273e-06 0.9999999977830849
  outer loop
    vertex 3748.9021268640195 158.7312417540722 37.197187072467045
    vertex 3750.073127701155 134.80224187069936 37.197187097144045
    vertex 3749.8521266753996 158.5892415698606 37.1971870924868
  endloop
endfacet
facet normal 6.656950004651268e-05 -1.5270451969378273e-06 0.9999999977830849
  outer loop
    vertex 3749.8521266753996 158.5892415698606 37.1971870924868
    vertex 3750.073127701155 134.80224187069936 37.197187097144045
    vertex 3751.2471271322697 158.64924296393374 37.19718712188424
  endloop
endfacet
facet normal 6.656950004651268e-05 -1.5270451969378273e-06 0.9999999977830849
  outer loop
    vertex 3751.2471271322697 158.64924296393374 37.19718712188424
    vertex 3750.073127701155 134.80224187069936 37.197187097144045
    vertex 3751.4391273984234 134.89424189867884 37.197187125930334
  endloop
endfacet
facet normal 6.656950004651268e-05 -1.5270451969378273e-06 0.9999999977830849
  outer loop
    vertex 3751.2471271322697 158.64924296393374 37.19718712188424
    vertex 3751.4391273984234 134.89424189867884 37.197187125930334
    vertex 3752.3751269108993 158.91324291970304 37.19718714565506
  endloop
endfacet
facet normal 6.656950004651268e-05 -1.5270451969378273e-06 0.9999999977830849
  outer loop
    vertex 3752.3751269108993 158.91324291970304 37.19718714565506
    vertex 3751.4391273984234 134.89424189867884 37.197187125930334
    vertex 3753.244127707696 134.61924230703875 37.197187163967875
  endloop
endfacet
facet normal 6.656950004651268e-05 -1.5270451969378273e-06 0.9999999977830849
  outer loop
    vertex 3752.3751269108993 158.91324291970304 37.19718714565506
    vertex 3753.244127707696 134.61924230703875 37.197187163967875
    vertex 3753.2481270499134 159.31224119320666 37.19718716405215
  endloop
endfacet
facet normal 6.656950004651268e-05 -1.5270451969378273e-06 0.9999999977830849
  outer loop
    vertex 3753.2481270499134 159.31224119320666 37.19718716405215
    vertex 3753.244127707696 134.61924230703875 37.197187163967875
    vertex 3754.988127677563 133.8252417074097 37.19718720071993
  endloop
endfacet
facet normal 6.656950004651268e-05 -1.5270451969378273e-06 0.9999999977830849
  outer loop
    vertex 3753.2481270499134 159.31224119320666 37.19718716405215
    vertex 3754.988127677563 133.8252417074097 37.19718720071993
    vertex 3754.245127257385 159.98124183366988 37.197187185062376
  endloop
endfacet
facet normal -0.07890633241525116 -0.9968794645494117 -0.0022635954701356615
  outer loop
    vertex 3751.4471267619506 170.70524272277262 37.19618672174101
    vertex 3750.717517546014 170.79260118663464 24.15579669171721
    vertex 3750.7490574637072 170.7901826690381 24.12425677538967
  endloop
endfacet
facet normal -0.07890633241525116 -0.9968794645494117 -0.0022635954701356615
  outer loop
    vertex 3750.717517546014 170.79260118663464 24.15579669171721
    vertex 3751.4471267619506 170.70524272277262 37.19618672174101
    vertex 3750.171126737558 170.80624253591665 37.19618669485131
  endloop
endfacet
facet normal -0.8926354304888243 -0.4507786709090478 0.0007603219738285274
  outer loop
    vertex 3757.3121275793565 131.40724247445354 37.955187623534904
    vertex 3757.754127864261 130.50324219875068 20.911187007239004
    vertex 3757.70412756036 130.6302420530473 37.50518686885623
  endloop
endfacet
facet normal -0.7537926092344637 -0.00014616663874269663 -0.6571123807225161
  outer loop
    vertex 3757.3121275793565 131.40724247445354 37.955187623534904
    vertex 3756.7541277459054 113.42724292390437 38.59918766518169
    vertex 3755.8701276754487 112.49724260555914 39.61318710868048
  endloop
endfacet
facet normal -0.7537926092344637 -0.00014616663874269663 -0.6571123807225161
  outer loop
    vertex 3756.7541277459054 113.42724292390437 38.59918766518169
    vertex 3757.3121275793565 131.40724247445354 37.955187623534904
    vertex 3757.70412756036 130.6302420530473 37.50518686885623
  endloop
endfacet
facet normal -0.0016847372404619478 0.8859538386210168 0.46377037151279527
  outer loop
    vertex 3755.8721270617652 115.19224230041316 71.26418760844794
    vertex 3759.2701270640005 115.21541282222653 71.23226820068534
    vertex 3755.8721270747747 115.70524278869439 70.28418806621163
  endloop
endfacet
facet normal 5.679026414498045e-05 -0.8835988110696898 0.4682447414025025
  outer loop
    vertex 3759.270127005109 152.11924239681147 47.93818734722313
    vertex 3755.872127032927 151.57524172057916 46.91218725272743
    vertex 3759.270127034855 151.5752417712011 46.911217318345855
  endloop
endfacet
facet normal 5.679026414498045e-05 -0.8835988110696898 0.4682447414025025
  outer loop
    vertex 3755.872127032927 151.57524172057916 46.91218725272743
    vertex 3759.270127005109 152.11924239681147 47.93818734722313
    vertex 3755.870126909742 152.11924234615975 47.93818727557347
  endloop
endfacet
facet normal 0.0001591404307816035 -0.8301916425518332 0.5574780814627717
  outer loop
    vertex 3755.872127032927 151.57524172057916 46.91218725272743
    vertex 3759.27012706397 150.94612189815425 45.97433732586081
    vertex 3759.270127034855 151.5752417712011 46.911217318345855
  endloop
endfacet
facet normal 0.13169663170656684 0.9912890181189229 0.001442135210954117
  outer loop
    vertex 3750.3431275624735 110.82324273684333 37.19718710283385
    vertex 3750.787418000501 110.78329141899926 24.085898087843564
    vertex 3749.8160282076215 110.91093117503573 25.057287837880864
  endloop
endfacet
facet normal 0.3738480797557016 -0.9274897542595224 0.0006074591223068506
  outer loop
    vertex 3748.2871269182124 170.4572415770635 37.197187059506895
    vertex 3747.7141672333837 170.2197213506323 27.15914783997419
    vertex 3748.43448699217 170.50959257718364 26.438826199880356
  endloop
endfacet
facet normal 0.47330570814735573 -0.880876613246588 -0.00617242823783161
  outer loop
    vertex 3748.2871269182124 170.4572415770635 37.197187059506895
    vertex 3747.1673771033097 169.92209293977646 27.70593699776295
    vertex 3747.7141672333837 170.2197213506323 27.15914783997419
  endloop
endfacet
facet normal 0.7603148101183435 0.6495465863800003 -0.0032590852699059874
  outer loop
    vertex 3746.189668161477 112.93469287027935 28.683636256944425
    vertex 3745.490127831009 113.7962422372993 37.196186596206616
    vertex 3746.4401276568196 112.68424273973322 37.19718702058427
  endloop
endfacet
facet normal 0.7603148101183435 0.6495465863800003 -0.0032590852699059874
  outer loop
    vertex 3745.490127831009 113.7962422372993 37.196186596206616
    vertex 3746.189668161477 112.93469287027935 28.683636256944425
    vertex 3746.151837807234 112.97917223983296 28.721476145673577
  endloop
endfacet
facet normal -0.00038702332230071185 0.0005908172337328737 0.9999997505739411
  outer loop
    vertex 3740.341127713591 110.41124193170985 37.19618648769955
    vertex 3746.4401276568196 112.68424273973322 37.19718702058427
    vertex 3745.490127831009 113.7962422372993 37.196186596206616
  endloop
endfacet
facet normal -0.00038702332230071185 0.0005908172337328737 0.9999997505739411
  outer loop
    vertex 3746.4401276568196 112.68424273973322 37.19718702058427
    vertex 3740.341127713591 110.41124193170985 37.19618648769955
    vertex 3747.600127517484 111.79324200933375 37.19818744938736
  endloop
endfacet
facet normal -0.5935718218480304 -0.8047797319125289 -0.0014406286156348987
  outer loop
    vertex 3754.988127677563 133.8252417074097 37.19718720071993
    vertex 3755.366767734117 133.5761124177014 20.360186361836384
    vertex 3755.8721275118214 133.1732422470074 37.19618681499093
  endloop
endfacet
facet normal 4.595851776928794e-09 -0.9063091380021535 0.4226153645737381
  outer loop
    vertex 3759.270127005109 152.11924239681147 47.93818734722313
    vertex 3755.8721264215296 161.79924265136526 68.69718817302316
    vertex 3755.870126909742 152.11924234615975 47.93818727557347
  endloop
endfacet
facet normal 4.595851776928794e-09 -0.9063091380021535 0.4226153645737381
  outer loop
    vertex 3755.8721264215296 161.79924265136526 68.69718817302316
    vertex 3759.270127005109 152.11924239681147 47.93818734722313
    vertex 3759.270126423437 161.79924270198723 68.69718824463067
  endloop
endfacet
facet normal 0.7915625607952849 -0.6108132536363733 0.018327070943240757
  outer loop
    vertex 3744.835237123509 167.3567128085977 30.03807691748886
    vertex 3745.284126693137 168.1532425851825 37.197186996223394
    vertex 3744.820477106082 167.33803223586807 30.052837888247137
  endloop
endfacet
facet normal 0.7915625607952849 -0.6108132536363733 0.018327070943240757
  outer loop
    vertex 3745.284126693137 168.1532425851825 37.197186996223394
    vertex 3744.835237123509 167.3567128085977 30.03807691748886
    vertex 3745.676126883933 168.6612420111884 37.19718700448417
  endloop
endfacet
facet normal -0.9999999919706904 0.00011501475558051349 5.3199860590575836e-05
  outer loop
    vertex 3755.8701276754487 112.49724260555914 39.61318710868048
    vertex 3755.8721270617652 115.19224230041316 71.26418760844794
    vertex 3755.8721270747747 115.70524278869439 70.28418806621163
  endloop
endfacet
facet normal -0.9999999919706904 0.00011501475558051349 5.3199860590575836e-05
  outer loop
    vertex 3755.8721270617652 115.19224230041316 71.26418760844794
    vertex 3755.8701276754487 112.49724260555914 39.61318710868048
    vertex 3755.872127053615 115.0532423614483 71.74918631145087
  endloop
endfacet
facet normal -0.9999984125263928 -0.0012102990117141695 -0.0013077159465656259
  outer loop
    vertex 3755.8721270812816 162.073242819212 37.19618681499093
    vertex 3755.872127032927 151.57524172057916 46.91218725272743
    vertex 3755.870126909742 152.11924234615975 47.93818727557347
  endloop
endfacet
facet normal -0.9999999992987869 2.8471449636672722e-05 -2.4326993951525737e-05
  outer loop
    vertex 3755.871127257904 147.20924202192532 42.762187276548225
    vertex 3755.8721270812816 162.073242819212 37.19618681499093
    vertex 3755.872127217805 145.88724223365594 42.16018704005806
  endloop
endfacet
facet normal -0.9999999992987869 2.8471449636672722e-05 -2.4326993951525737e-05
  outer loop
    vertex 3755.8721270812816 162.073242819212 37.19618681499093
    vertex 3755.871127257904 147.20924202192532 42.762187276548225
    vertex 3755.871127187408 149.5662423728775 44.44118717736609
  endloop
endfacet
facet normal -0.9999999992987869 2.8471449636672722e-05 -2.4326993951525737e-05
  outer loop
    vertex 3755.8721270812816 162.073242819212 37.19618681499093
    vertex 3755.871127187408 149.5662423728775 44.44118717736609
    vertex 3755.871127157828 150.376242315657 45.27218726701148
  endloop
endfacet
facet normal -0.9999999992987869 2.8471449636672722e-05 -2.4326993951525737e-05
  outer loop
    vertex 3755.8721270812816 162.073242819212 37.19618681499093
    vertex 3755.871127157828 150.376242315657 45.27218726701148
    vertex 3755.872127032927 151.57524172057916 46.91218725272743
  endloop
endfacet
facet normal 0.6726177798968239 0.7399874304987615 0.001981128594659514
  outer loop
    vertex 3746.4401276568196 112.68424273973322 37.19718702058427
    vertex 3746.9092478830116 112.28255130995441 27.964068019544968
    vertex 3746.189668161477 112.93469287027935 28.683636256944425
  endloop
endfacet
facet normal 0.6091473381199537 0.793049117825033 -0.0035520667663030336
  outer loop
    vertex 3746.9092478830116 112.28255130995441 27.964068019544968
    vertex 3747.600127517484 111.79324200933375 37.19818744938736
    vertex 3746.9490380378115 112.25181247998079 27.924276913205738
  endloop
endfacet
facet normal 0.6091473381199537 0.793049117825033 -0.0035520667663030336
  outer loop
    vertex 3747.600127517484 111.79324200933375 37.19818744938736
    vertex 3746.9092478830116 112.28255130995441 27.964068019544968
    vertex 3746.4401276568196 112.68424273973322 37.19718702058427
  endloop
endfacet
facet normal 0.8234893266770561 -0.567292822786617 0.0066469589859588524
  outer loop
    vertex 3745.9372268691873 168.94346285553226 28.93608719461781
    vertex 3745.676126883933 168.6612420111884 37.19718700448417
    vertex 3744.835237123509 167.3567128085977 30.03807691748886
  endloop
endfacet
facet normal 3.996049892631147e-05 -3.4933862278795084e-05 0.999999998591392
  outer loop
    vertex 3755.8721275118214 133.1732422470074 37.19618681499093
    vertex 3754.9811273074997 160.7142416462703 37.197187200572415
    vertex 3754.245127257385 159.98124183366988 37.197187185062376
  endloop
endfacet
facet normal 3.996049892631147e-05 -3.4933862278795084e-05 0.999999998591392
  outer loop
    vertex 3754.9811273074997 160.7142416462703 37.197187200572415
    vertex 3755.8721275118214 133.1732422470074 37.19618681499093
    vertex 3755.5521271567627 161.48624292125623 37.19718721260535
  endloop
endfacet
facet normal 0.0031262279201307273 4.6573204637289996e-11 0.9999951133375561
  outer loop
    vertex 3755.8721275118214 133.1732422470074 37.19618681499093
    vertex 3755.8721270812816 162.073242819212 37.19618681499093
    vertex 3755.5521271567627 161.48624292125623 37.19718721260535
  endloop
endfacet
facet normal 0.7922570356141908 0.610179976845659 0.0030307385974958335
  outer loop
    vertex 3745.334747739786 114.03602266100991 29.538567116613876
    vertex 3745.490127831009 113.7962422372993 37.196186596206616
    vertex 3746.151837807234 112.97917223983296 28.721476145673577
  endloop
endfacet
facet normal 0.2693236273745202 0.9630380779855623 -0.00473751915085328
  outer loop
    vertex 3750.3431275624735 110.82324273684333 37.19718710283385
    vertex 3749.8160282076215 110.91093117503573 25.057287837880864
    vertex 3748.956688471819 111.15548186718969 25.916626580147607
  endloop
endfacet
facet normal 0.8520310546432002 0.5234904756638206 -0.0008965561126186877
  outer loop
    vertex 3745.334747739786 114.03602266100991 29.538567116613876
    vertex 3745.1061279971323 114.42124223157866 37.19818739683024
    vertex 3745.490127831009 113.7962422372993 37.196186596206616
  endloop
endfacet
facet normal 0.8520310546432002 0.5234904756638206 -0.0008965561126186877
  outer loop
    vertex 3745.1061279971323 114.42124223157866 37.19818739683024
    vertex 3745.334747739786 114.03602266100991 29.538567116613876
    vertex 3745.3186077549226 114.06232118371871 29.554707100404602
  endloop
endfacet
facet normal 0.8537365354170865 -0.5206897905046753 0.004008760185788321
  outer loop
    vertex 3744.820477106082 167.33803223586807 30.052837888247137
    vertex 3744.951127471861 167.60724114589544 37.19618658484805
    vertex 3744.80675754741 167.3156323333199 30.066557446673848
  endloop
endfacet
facet normal 0.8537365354170865 -0.5206897905046753 0.004008760185788321
  outer loop
    vertex 3744.951127471861 167.60724114589544 37.19618658484805
    vertex 3744.820477106082 167.33803223586807 30.052837888247137
    vertex 3745.284126693137 168.1532425851825 37.197186996223394
  endloop
endfacet
facet normal -0.8039817452813436 0.5946537528291422 0.0005172045846088937
  outer loop
    vertex 3755.544217498318 161.490193040157 20.360186365575878
    vertex 3754.9811273074997 160.7142416462703 37.197187200572415
    vertex 3755.5521271567627 161.48624292125623 37.19718721260535
  endloop
endfacet
facet normal -0.011132743507116495 0.9775619830548924 0.21035358639155874
  outer loop
    vertex 3759.270127045891 114.98289176509762 72.25595747070486
    vertex 3759.2701270633443 115.19308158443354 71.27915655212577
    vertex 3755.872127053615 115.0532423614483 71.74918631145087
  endloop
endfacet
facet normal 0.9182727221448596 0.3958877188824352 0.006936988015842396
  outer loop
    vertex 3745.2946781576507 114.1174111339237 29.578636695847592
    vertex 3745.1061279971323 114.42124223157866 37.19818739683024
    vertex 3745.3186077549226 114.06232118371871 29.554707100404602
  endloop
endfacet
facet normal 0.9182727221448596 0.3958877188824352 0.006936988015842396
  outer loop
    vertex 3745.1061279971323 114.42124223157866 37.19818739683024
    vertex 3745.2946781576507 114.1174111339237 29.578636695847592
    vertex 3744.59912801013 115.59724281911835 37.198187386146024
  endloop
endfacet
facet normal -0.999999995123754 9.800943746986341e-05 1.2109586964854605e-05
  outer loop
    vertex 3755.8721264215296 161.79924265136526 68.69718817302316
    vertex 3755.8721270812816 162.073242819212 37.19618681499093
    vertex 3755.870126909742 152.11924234615975 47.93818727557347
  endloop
endfacet
facet normal -0.999999995123754 9.800943746986341e-05 1.2109586964854605e-05
  outer loop
    vertex 3755.8721270812816 162.073242819212 37.19618681499093
    vertex 3755.8721264215296 161.79924265136526 68.69718817302316
    vertex 3755.872126372289 165.1002413391094 68.70018652507392
  endloop
endfacet
facet normal -0.999999995123754 9.800943746986341e-05 1.2109586964854605e-05
  outer loop
    vertex 3755.8721270812816 162.073242819212 37.19618681499093
    vertex 3755.872126372289 165.1002413391094 68.70018652507392
    vertex 3755.8721270034566 167.29724184264947 37.19618681499093
  endloop
endfacet
facet normal -0.999999995123754 9.800943746986341e-05 1.2109586964854605e-05
  outer loop
    vertex 3755.8721270034566 167.29724184264947 37.19618681499093
    vertex 3755.872126372289 165.1002413391094 68.70018652507392
    vertex 3755.872126360118 165.80124155273248 68.78218725749579
  endloop
endfacet
facet normal -0.999999995123754 9.800943746986341e-05 1.2109586964854605e-05
  outer loop
    vertex 3755.8721270034566 167.29724184264947 37.19618681499093
    vertex 3755.872126360118 165.80124155273248 68.78218725749579
    vertex 3755.8721269124026 173.40924135436825 37.19618681499093
  endloop
endfacet
facet normal -0.7056607409284553 0.7085490770613777 -0.0010602394886621022
  outer loop
    vertex 3754.9811273074997 160.7142416462703 37.197187200572415
    vertex 3754.382707525688 160.09326232827325 20.49060702591333
    vertex 3754.245127257385 159.98124183366988 37.197187185062376
  endloop
endfacet
facet normal 5.686130139758487e-07 0.992738345161214 0.12029371573881648
  outer loop
    vertex 3755.8711269335245 114.87224260557402 81.0151889664591
    vertex 3759.2701268782403 114.96838256404781 80.22176633911306
    vertex 3755.872126876787 114.97124162902644 80.19818762370673
  endloop
endfacet
facet normal -0.9999878744106393 -0.004591478022127408 -0.001780269997497148
  outer loop
    vertex 3755.872126876787 114.97124162902644 80.19818762370673
    vertex 3755.8711269218074 114.57524172056425 81.78118780679112
    vertex 3755.8711269335245 114.87224260557402 81.0151889664591
  endloop
endfacet
facet normal -0.757869818043972 -1.1290419993212706e-08 -0.6524058084490025
  outer loop
    vertex 3757.70412756036 130.6302420530473 37.50518686885623
    vertex 3757.9701276103656 129.8872420264925 37.19618685920297
    vertex 3757.9701278204816 115.78324193493975 37.19618685920297
  endloop
endfacet
facet normal -0.9999998997758454 4.006490007049333e-07 -0.0004477143494320187
  outer loop
    vertex 3755.8701271851305 142.7802421806972 41.472187314674116
    vertex 3755.8721270812816 162.073242819212 37.19618681499093
    vertex 3755.8721275118214 133.1732422470074 37.19618681499093
  endloop
endfacet
facet normal -0.9999998997758454 4.006490007049333e-07 -0.0004477143494320187
  outer loop
    vertex 3755.8721270812816 162.073242819212 37.19618681499093
    vertex 3755.8701271851305 142.7802421806972 41.472187314674116
    vertex 3755.870127159508 144.2172421573322 41.67218712393925
  endloop
endfacet
facet normal -0.9999998997758454 4.006490007049333e-07 -0.0004477143494320187
  outer loop
    vertex 3755.8721270812816 162.073242819212 37.19618681499093
    vertex 3755.870127159508 144.2172421573322 41.67218712393925
    vertex 3755.870127148273 144.78324214207342 41.805187020942434
  endloop
endfacet
facet normal -0.8780093890779066 0.478643121034664 0.0005247639824906856
  outer loop
    vertex 3755.8721270812816 162.073242819212 37.19618681499093
    vertex 3755.544217498318 161.490193040157 20.360186365575878
    vertex 3755.5521271567627 161.48624292125623 37.19718721260535
  endloop
endfacet
facet normal -0.7254671194806044 0.6882557485013272 -0.0012178700227668733
  outer loop
    vertex 3756.7541277459054 113.42724292390437 38.59918766518169
    vertex 3756.2621981305347 112.87644259308946 20.36018638070616
    vertex 3755.8701276754487 112.49724260555914 39.61318710868048
  endloop
endfacet
facet normal 0.004163204042911907 -3.7201120471271273e-06 -0.9999913338215777
  outer loop
    vertex 3756.1251270340404 166.6512419379713 37.19718722468041
    vertex 3755.8721270812816 162.073242819212 37.19618681499093
    vertex 3755.8721270034566 167.29724184264947 37.19618681499093
  endloop
endfacet
facet normal 0.004163204042911907 -3.7201120471271273e-06 -0.9999913338215777
  outer loop
    vertex 3755.8721270812816 162.073242819212 37.19618681499093
    vertex 3756.1251270340404 166.6512419379713 37.19718722468041
    vertex 3756.3511271172542 165.8012415598684 37.19818763380091
  endloop
endfacet
facet normal 0.6410913342803951 -8.359544885062568e-05 -0.7674645881878744
  outer loop
    vertex 3757.0990375035667 165.214392358364 20.360186398341256
    vertex 3757.754127864261 130.50324219875068 20.911187007239004
    vertex 3757.0987073320694 162.6478716674411 20.360186398334296
  endloop
endfacet
facet normal 0.6410913342803951 -8.359544885062568e-05 -0.7674645881878744
  outer loop
    vertex 3757.754127864261 130.50324219875068 20.911187007239004
    vertex 3757.0990375035667 165.214392358364 20.360186398341256
    vertex 3758.0401278855516 129.6322419130944 21.150187333700586
  endloop
endfacet
facet normal 0.0004197418783093376 0.9999998944584638 0.00018681492739353343
  outer loop
    vertex 3755.872126876787 114.97124162902644 80.19818762370673
    vertex 3759.270127039865 114.9712416796484 72.55012785034351
    vertex 3755.870126944539 114.97124162899667 72.54818800513432
  endloop
endfacet
facet normal 0.0004197418783093376 0.9999998944584638 0.00018681492739353343
  outer loop
    vertex 3759.270127039865 114.9712416796484 72.55012785034351
    vertex 3755.872126876787 114.97124162902644 80.19818762370673
    vertex 3759.2701268782403 114.96838256404781 80.22176633911306
  endloop
endfacet
facet normal 3.6946332231333724e-07 1.8323778870845813e-06 0.999999999998253
  outer loop
    vertex 3739.994426790348 173.40924111782897 83.69820229236961
    vertex 3759.2701272175154 176.4112421779071 83.69818769531422
    vertex 3739.9944267442693 176.41124192654485 83.69818728910889
  endloop
endfacet
facet normal 3.6946332231333724e-07 1.8323778870845813e-06 0.999999999998253
  outer loop
    vertex 3759.2701272175154 176.4112421779071 83.69818769531422
    vertex 3739.994426790348 173.40924111782897 83.69820229236961
    vertex 3755.870125838986 173.40924135433838 83.69818762366461
  endloop
endfacet
facet normal 3.6946332231333724e-07 1.8323778870845813e-06 0.999999999998253
  outer loop
    vertex 3759.2701272175154 176.4112421779071 83.69818769531422
    vertex 3755.870125838986 173.40924135433838 83.69818762366461
    vertex 3759.270125921336 174.2830340533056 83.69818769531422
  endloop
endfacet
facet normal 0.4301721402866948 0.9027468802057221 9.065201144412937e-09
  outer loop
    vertex 3747.6001277266378 111.79324200933375 27.273186304978196
    vertex 3748.9201281753744 111.16424231891558 37.19718707284638
    vertex 3748.9201284123237 111.16424231891558 25.953186637970905
  endloop
endfacet
facet normal 0.4301721402866948 0.9027468802057221 9.065201144412937e-09
  outer loop
    vertex 3748.9201281753744 111.16424231891558 37.19718707284638
    vertex 3747.6001277266378 111.79324200933375 27.273186304978196
    vertex 3747.600127517484 111.79324200933375 37.19818744938736
  endloop
endfacet
facet normal 0.7263203645658187 -0.6873561313756961 -0.0005260011530894102
  outer loop
    vertex 3745.9372268691873 168.94346285553226 28.93608719461781
    vertex 3746.117126861753 169.1272416210297 37.19618660941964
    vertex 3745.676126883933 168.6612420111884 37.19718700448417
  endloop
endfacet
facet normal 0.7263203645658187 -0.6873561313756961 -0.0005260011530894102
  outer loop
    vertex 3746.117126861753 169.1272416210297 37.19618660941964
    vertex 3745.9372268691873 168.94346285553226 28.93608719461781
    vertex 3745.9545570389573 168.96179247615174 28.918757025305275
  endloop
endfacet
facet normal -0.9999999978379692 6.0758059951735135e-05 -2.514994736137018e-05
  outer loop
    vertex 3755.871126926337 111.562241232283 83.6961887223185
    vertex 3755.8721278509197 110.41124216308404 37.19618681499093
    vertex 3755.870126777503 110.41124216305424 83.69818762366461
  endloop
endfacet
facet normal -0.9999999978379692 6.0758059951735135e-05 -2.514994736137018e-05
  outer loop
    vertex 3755.8721278509197 110.41124216308404 37.19618681499093
    vertex 3755.871126926337 111.562241232283 83.6961887223185
    vertex 3755.870126944539 114.97124162899667 72.54818800513432
  endloop
endfacet
facet normal -0.9999999978379692 6.0758059951735135e-05 -2.514994736137018e-05
  outer loop
    vertex 3755.870126944539 114.97124162899667 72.54818800513432
    vertex 3755.871126926337 111.562241232283 83.6961887223185
    vertex 3755.8711269214905 111.9272429107498 83.6681888443888
  endloop
endfacet
facet normal -0.9999999978379692 6.0758059951735135e-05 -2.514994736137018e-05
  outer loop
    vertex 3755.870126944539 114.97124162899667 72.54818800513432
    vertex 3755.8711269214905 111.9272429107498 83.6681888443888
    vertex 3755.872126876787 114.97124162902644 80.19818762370673
  endloop
endfacet
facet normal 0.5758261413448872 0.8175721710918604 1.2134629962963668e-08
  outer loop
    vertex 3747.600127517484 111.79324200933375 37.19818744938736
    vertex 3747.6001277266378 111.79324200933375 27.273186304978196
    vertex 3746.9490380378115 112.25181247998079 27.924276913205738
  endloop
endfacet
facet normal 0.5672637187264551 -0.8235362004287566 1.1954189866423659e-08
  outer loop
    vertex 3747.1321271934435 169.90524151408042 37.198187439525014
    vertex 3746.6231075355468 169.5546212367219 28.250206548060913
    vertex 3747.132127392735 169.90524151408042 27.741186707103132
  endloop
endfacet
facet normal 0.6616303676106153 -0.7497846762580268 -0.008258081138376689
  outer loop
    vertex 3747.1321271934435 169.90524151408042 37.198187439525014
    vertex 3745.9885173816942 168.98765230942132 28.884796683613708
    vertex 3746.6231075355468 169.5546212367219 28.250206548060913
  endloop
endfacet
facet normal 0.6083397036762647 -0.7936671022824408 0.0039160803960540695
  outer loop
    vertex 3747.1321271934435 169.90524151408042 37.198187439525014
    vertex 3745.9545570389573 168.96179247615174 28.918757025305275
    vertex 3745.9885173816942 168.98765230942132 28.884796683613708
  endloop
endfacet
facet normal 0.6083397036762647 -0.7936671022824408 0.0039160803960540695
  outer loop
    vertex 3745.9545570389573 168.96179247615174 28.918757025305275
    vertex 3747.1321271934435 169.90524151408042 37.198187439525014
    vertex 3746.117126861753 169.1272416210297 37.19618660941964
  endloop
endfacet
facet normal 0.9183099906806451 -0.3958547460647327 -0.0024043781190838305
  outer loop
    vertex 3744.7864671729303 167.26844262049326 30.08684782100212
    vertex 3744.951127471861 167.60724114589544 37.19618658484805
    vertex 3744.5071272430646 166.5772423599841 37.19618657549144
  endloop
endfacet
facet normal 0.9183099906806451 -0.3958547460647327 -0.0024043781190838305
  outer loop
    vertex 3744.951127471861 167.60724114589544 37.19618658484805
    vertex 3744.7864671729303 167.26844262049326 30.08684782100212
    vertex 3744.80675754741 167.3156323333199 30.066557446673848
  endloop
endfacet
facet normal -0.999997787000974 -0.0018037011982309718 -0.0010828920270278951
  outer loop
    vertex 3755.872126876787 114.97124162902644 80.19818762370673
    vertex 3755.87112691516 114.24624124754179 82.32918814248448
    vertex 3755.8711269218074 114.57524172056425 81.78118780679112
  endloop
endfacet
facet normal -0.9999995492597084 -0.0006554577999297659 -0.0006869173549505749
  outer loop
    vertex 3755.8711269114847 113.74324289549101 82.85918692178136
    vertex 3755.872126876787 114.97124162902644 80.19818762370673
    vertex 3755.871126911141 113.45224252928007 83.08118704385167
  endloop
endfacet
facet normal -0.9999995492597084 -0.0006554577999297659 -0.0006869173549505749
  outer loop
    vertex 3755.872126876787 114.97124162902644 80.19818762370673
    vertex 3755.8711269114847 113.74324289549101 82.85918692178136
    vertex 3755.87112691516 114.24624124754179 82.32918814248448
  endloop
endfacet
facet normal -0.0009691942556998639 -0.0013073201859118814 0.9999986757873364
  outer loop
    vertex 3747.1321271934435 169.90524151408042 37.198187439525014
    vertex 3740.3411267750735 173.40924112299405 37.19618648769955
    vertex 3746.117126861753 169.1272416210297 37.19618660941964
  endloop
endfacet
facet normal -0.9441179464295516 0.32960491663115166 -0.001379188971094903
  outer loop
    vertex 3756.285127170448 163.2562414825912 37.197187228052165
    vertex 3756.198387513075 162.9373327898928 20.360186379361473
    vertex 3755.8721270812816 162.073242819212 37.19618681499093
  endloop
endfacet
facet normal 0.92113421295146 0.3892444255779125 0.0007340891060803166
  outer loop
    vertex 3744.5198570889047 162.76016281610637 30.353466544021433
    vertex 3744.8131270663 162.05324219669603 37.197186986297815
    vertex 3744.907697381737 161.8430828963471 29.9656167444553
  endloop
endfacet
facet normal -0.00031881528397699255 -0.00012140640592032426 0.9999999418086479
  outer loop
    vertex 3740.341127713591 110.41124193170985 37.19618648769955
    vertex 3744.4951279133334 115.94924210040591 37.19818738395438
    vertex 3744.410127869883 116.30524109205955 37.198187382163134
  endloop
endfacet
facet normal -0.00031881528397699255 -0.00012140640592032426 0.9999999418086479
  outer loop
    vertex 3744.4951279133334 115.94924210040591 37.19818738395438
    vertex 3740.341127713591 110.41124193170985 37.19618648769955
    vertex 3744.59912801013 115.59724281911835 37.198187386146024
  endloop
endfacet
facet normal -0.00031881528397699255 -0.00012140640592032426 0.9999999418086479
  outer loop
    vertex 3744.59912801013 115.59724281911835 37.198187386146024
    vertex 3740.341127713591 110.41124193170985 37.19618648769955
    vertex 3745.1061279971323 114.42124223157866 37.19818739683024
  endloop
endfacet
facet normal 0.7659441413095814 0.6429029499837841 0.00231717407116865
  outer loop
    vertex 3745.3439976792256 161.13257264894068 29.529316475939677
    vertex 3745.676127002399 160.70924234688175 37.19718700448417
    vertex 3745.988107430149 160.36751223373167 28.88521630030429
  endloop
endfacet
facet normal -0.007921197936342581 0.9323398829553219 0.3614963309275909
  outer loop
    vertex 3755.8711269218074 114.57524172056425 81.78118780679112
    vertex 3759.2701268582455 114.79271194026849 81.29478727417165
    vertex 3755.8711269335245 114.87224260557402 81.0151889664591
  endloop
endfacet
facet normal -0.0017313391176718453 0.000855773520005216 0.9999981350565321
  outer loop
    vertex 3744.410127869883 116.30524109205955 37.198187382163134
    vertex 3744.280127741966 117.21124122745195 37.197186975065684
    vertex 3740.341127713591 110.41124193170985 37.19618648769955
  endloop
endfacet
facet normal 0.0014990417786972772 -0.002280258228766817 0.9999962766411463
  outer loop
    vertex 3745.490127831009 113.7962422372993 37.196186596206616
    vertex 3745.1061279971323 114.42124223157866 37.19818739683024
    vertex 3740.341127713591 110.41124193170985 37.19618648769955
  endloop
endfacet
facet normal 0.9585649214696924 0.2832132052128193 0.030717612551824907
  outer loop
    vertex 3744.273957605164 117.41353271600747 30.599356202535756
    vertex 3744.4951279133334 115.94924210040591 37.19818738395438
    vertex 3744.59912801013 115.59724281911835 37.198187386146024
  endloop
endfacet
facet normal 0.841444666279631 0.540302766620879 -0.006617701367147587
  outer loop
    vertex 3745.3439976792256 161.13257264894068 29.529316475939677
    vertex 3744.8131270663 162.05324219669603 37.197186986297815
    vertex 3745.676127002399 160.70924234688175 37.19718700448417
  endloop
endfacet
facet normal 0.841444666279631 0.540302766620879 -0.006617701367147587
  outer loop
    vertex 3744.8131270663 162.05324219669603 37.197186986297815
    vertex 3745.3439976792256 161.13257264894068 29.529316475939677
    vertex 3745.307017048615 161.19061135993763 29.566296150453343
  endloop
endfacet
facet normal -0.00035461160773758173 1.3559043672073772e-05 0.9999999370333781
  outer loop
    vertex 3740.341127713591 110.41124193170985 37.19618648769955
    vertex 3744.3191271264554 128.82424209778392 37.19718697588753
    vertex 3744.8131270663 162.05324219669603 37.197186986297815
  endloop
endfacet
facet normal -0.00035461160773758173 1.3559043672073772e-05 0.9999999370333781
  outer loop
    vertex 3744.3191271264554 128.82424209778392 37.19718697588753
    vertex 3740.341127713591 110.41124193170985 37.19618648769955
    vertex 3744.280127741966 117.21124122745195 37.197186975065684
  endloop
endfacet
facet normal -0.00035461160773758173 1.3559043672073772e-05 0.9999999370333781
  outer loop
    vertex 3744.8131270663 162.05324219669603 37.197186986297815
    vertex 3744.3191271264554 128.82424209778392 37.19718697588753
    vertex 3744.4951277081645 129.72124241321106 37.19818738395438
  endloop
endfacet
facet normal -0.00035461160773758173 1.3559043672073772e-05 0.9999999370333781
  outer loop
    vertex 3744.8131270663 162.05324219669603 37.197186986297815
    vertex 3744.4951277081645 129.72124241321106 37.19818738395438
    vertex 3745.676127002399 160.70924234688175 37.19718700448417
  endloop
endfacet
facet normal -0.0011262711261541263 -0.94622504996308 0.32350716581818945
  outer loop
    vertex 3759.2701262753344 168.50240203426264 70.98638807373221
    vertex 3755.8721262534073 168.76724306335257 71.74918631145087
    vertex 3755.8721262758318 168.47424188842578 70.89218786784737
  endloop
endfacet
facet normal -0.0011262711261541263 -0.94622504996308 0.32350716581818945
  outer loop
    vertex 3755.8721262534073 168.76724306335257 71.74918631145087
    vertex 3759.2701262753344 168.50240203426264 70.98638807373221
    vertex 3759.2701262746878 168.51086303279783 71.0111263854998
  endloop
endfacet
facet normal -0.0027358354394383714 0.8573514533111689 0.5147241986828237
  outer loop
    vertex 3755.87112691516 114.24624124754179 82.32918814248448
    vertex 3759.270126845949 114.33246299312495 82.20363889770682
    vertex 3755.8711269218074 114.57524172056425 81.78118780679112
  endloop
endfacet
facet normal -0.8734688867909439 -0.4868705669362442 0.0030256998148323823
  outer loop
    vertex 3756.8679279009903 132.09481208606115 20.360186393470972
    vertex 3757.098707793404 131.68078201442597 20.360186398334296
    vertex 3757.3121275793565 131.40724247445354 37.955187623534904
  endloop
endfacet
facet normal -0.7558330822165643 0.6547640617823784 0.0006125563241967888
  outer loop
    vertex 3756.86792817688 113.57567279620517 20.360186393470972
    vertex 3756.2621981305347 112.87644259308946 20.36018638070616
    vertex 3756.7541277459054 113.42724292390437 38.59918766518169
  endloop
endfacet
facet normal 0.8518184456444171 0.5238212116440752 -0.004083367686398864
  outer loop
    vertex 3744.8131270663 162.05324219669603 37.197186986297815
    vertex 3745.307017048615 161.19061135993763 29.566296150453343
    vertex 3744.907697381737 161.8430828963471 29.9656167444553
  endloop
endfacet
facet normal -0.5313373082273475 0.8471590565470914 0.0014824965291529368
  outer loop
    vertex 3754.3870183807644 111.50065292281987 20.486296418093996
    vertex 3755.520158221541 112.21152177515013 20.360186365068838
    vertex 3754.5131279823095 111.57983268849254 20.360186343847264
  endloop
endfacet
facet normal -0.5313373082273475 0.8471590565470914 0.0014824965291529368
  outer loop
    vertex 3755.520158221541 112.21152177515013 20.360186365068838
    vertex 3754.3870183807644 111.50065292281987 20.486296418093996
    vertex 3755.219127949401 111.99324288577779 37.19718720558789
  endloop
endfacet
facet normal -0.9427611800936584 0.33346667597521956 -0.0011546958259780384
  outer loop
    vertex 3756.198387513075 162.9373327898928 20.360186379361473
    vertex 3755.9868174974954 162.33919207018815 20.360186374902963
    vertex 3755.8721270812816 162.073242819212 37.19618681499093
  endloop
endfacet
facet normal 0.00026350452711212865 0.0007536655592174273 -0.9999996812767439
  outer loop
    vertex 3756.4521269684165 164.52524249215918 37.19818763592934
    vertex 3756.285127170448 163.2562414825912 37.197187228052165
    vertex 3755.8721270812816 162.073242819212 37.19618681499093
  endloop
endfacet
facet normal 0.9898563443422889 0.14203601050637704 0.0031920659067075437
  outer loop
    vertex 3744.2639478384563 117.47205207926169 30.609367875298446
    vertex 3744.280127741966 117.21124122745195 37.197186975065684
    vertex 3744.410127869883 116.30524109205955 37.198187382163134
  endloop
endfacet
facet normal 0.0060251756974412825 -0.00019734629427883323 0.9999818289910348
  outer loop
    vertex 3745.676127002399 160.70924234688175 37.19718700448417
    vertex 3744.4951277081645 129.72124241321106 37.19818738395438
    vertex 3744.8611278682483 130.7572417167593 37.196186582951434
  endloop
endfacet
facet normal -0.996880142984762 -0.07890659846114816 -0.001931124535495036
  outer loop
    vertex 3756.3511271172542 165.8012415598684 37.19818763380091
    vertex 3756.4460373901998 165.01426188598938 20.360186384580302
    vertex 3756.4521269684165 164.52524249215918 37.19818763592934
  endloop
endfacet
facet normal 0.002584754860272956 0.0002045908452289953 -0.9999966385867997
  outer loop
    vertex 3756.4521269684165 164.52524249215918 37.19818763592934
    vertex 3755.8721270812816 162.073242819212 37.19618681499093
    vertex 3756.3511271172542 165.8012415598684 37.19818763380091
  endloop
endfacet
facet normal 0.9724849767190175 0.2321952231550276 0.01893009244032222
  outer loop
    vertex 3744.273957605164 117.41353271600747 30.599356202535756
    vertex 3744.410127869883 116.30524109205955 37.198187382163134
    vertex 3744.4951279133334 115.94924210040591 37.19818738395438
  endloop
endfacet
facet normal -0.0015257084373526963 0.00011274678918217548 0.9999988297502782
  outer loop
    vertex 3744.8131270663 162.05324219669603 37.197186986297815
    vertex 3744.2811274533697 163.72724197514748 37.19618657072886
    vertex 3740.341127713591 110.41124193170985 37.19618648769955
  endloop
endfacet
facet normal 0.0032968968232664248 -0.13784924240214586 0.9904477355421089
  outer loop
    vertex 3759.2701272722084 143.25853225276845 41.52743755417044
    vertex 3755.870127159508 144.2172421573322 41.67218712393925
    vertex 3755.8701271851305 142.7802421806972 41.472187314674116
  endloop
endfacet
facet normal -0.9999954510962871 0.0008843753757438308 0.0028836898113635615
  outer loop
    vertex 3755.8721270812816 162.073242819212 37.19618681499093
    vertex 3755.870127148273 144.78324214207342 41.805187020942434
    vertex 3755.872127217805 145.88724223365594 42.16018704005806
  endloop
endfacet
facet normal -0.9664229147923941 -0.25695564763611956 -0.0007381816005464928
  outer loop
    vertex 3756.1251270340404 166.6512419379713 37.19718722468041
    vertex 3756.3224573972057 165.95744196837686 20.36018638197606
    vertex 3756.3511271172542 165.8012415598684 37.19818763380091
  endloop
endfacet
facet normal 0.00011444625536307267 -0.3056857786058135 0.9521324443900714
  outer loop
    vertex 3759.2701272436407 144.78324219272517 41.80518709259208
    vertex 3755.872127217805 145.88724223365594 42.16018704005806
    vertex 3755.870127148273 144.78324214207342 41.805187020942434
  endloop
endfacet
facet normal 0.00011444625536307267 -0.3056857786058135 0.9521324443900714
  outer loop
    vertex 3755.872127217805 145.88724223365594 42.16018704005806
    vertex 3759.2701272436407 144.78324219272517 41.80518709259208
    vertex 3759.2701272197323 145.88724228427785 42.15921722488578
  endloop
endfacet
facet normal -0.8867365859652268 0.46227333403752835 0.0012616451806643741
  outer loop
    vertex 3755.9868174974954 162.33919207018815 20.360186374902963
    vertex 3755.544217498318 161.490193040157 20.360186365575878
    vertex 3755.8721270812816 162.073242819212 37.19618681499093
  endloop
endfacet
facet normal -1.806235557039136e-08 -0.17921618251695648 0.9838097173356486
  outer loop
    vertex 3759.2701272722084 143.25853225276845 41.52743755417044
    vertex 3759.2701272436407 144.78324219272517 41.80518709259208
    vertex 3755.870127148273 144.78324214207342 41.805187020942434
  endloop
endfacet
facet normal -0.7929316739991391 -0.6093105546593942 9.137606244660456e-05
  outer loop
    vertex 3755.5521270614327 167.88524308910291 37.19718721260535
    vertex 3754.7654874722157 168.90642227660268 20.36018634916536
    vertex 3755.5511372638875 167.88524308908822 20.360186365721706
  endloop
endfacet
facet normal -0.7929316739991391 -0.6093105546593942 9.137606244660456e-05
  outer loop
    vertex 3754.7654874722157 168.90642227660268 20.36018634916536
    vertex 3755.5521270614327 167.88524308910291 37.19718721260535
    vertex 3754.773127002422 168.9002424671462 37.198187600547044
  endloop
endfacet
facet normal 5.676176087392467e-05 0.8835991534060328 0.4682440954013674
  outer loop
    vertex 3755.8721273208967 132.24524179687313 46.91218725272743
    vertex 3759.270127309287 131.701242175559 47.93818734722313
    vertex 3759.2701273228245 132.24524184749507 46.911217318345855
  endloop
endfacet
facet normal 5.676176087392467e-05 0.8835991534060328 0.4682440954013674
  outer loop
    vertex 3759.270127309287 131.701242175559 47.93818734722313
    vertex 3755.8721273208967 132.24524179687313 46.91218725272743
    vertex 3755.8701272139197 131.7012421249073 47.93818727557347
  endloop
endfacet
facet normal -0.22788375905650243 0.9736852005808656 -0.0024743742800074054
  outer loop
    vertex 3751.902007477158 158.76636180913908 22.971306512821045
    vertex 3752.3751269108993 158.91324291970304 37.19718714565506
    vertex 3751.9282773903406 158.77244243697186 22.945036600654912
  endloop
endfacet
facet normal -0.22788375905650243 0.9736852005808656 -0.0024743742800074054
  outer loop
    vertex 3752.3751269108993 158.91324291970304 37.19718714565506
    vertex 3751.902007477158 158.76636180913908 22.971306512821045
    vertex 3751.2471271322697 158.64924296393374 37.19718712188424
  endloop
endfacet
facet normal -0.1832372346410607 0.9830686644404314 -0.0003418134043730377
  outer loop
    vertex 3751.2471271322697 158.64924296393374 37.19718712188424
    vertex 3751.902007477158 158.76636180913908 22.971306512821045
    vertex 3750.9787377115717 158.59459169955943 23.8945776725638
  endloop
endfacet
facet normal -3.746059440298689e-09 -0.7241228382703264 0.6896710194689399
  outer loop
    vertex 3759.2701270808448 150.53835174129387 45.46185730533774
    vertex 3755.871127187408 149.5662423728775 44.44118717736609
    vertex 3759.2701271168357 149.56624242351435 44.441187248994666
  endloop
endfacet
facet normal -0.01021421756379522 -0.03860957757250226 0.9992021668707651
  outer loop
    vertex 3759.2701273001853 141.4877722232141 41.451637135316695
    vertex 3759.2701272732716 143.20075222537895 41.51782737808403
    vertex 3755.8721272923876 141.90924216298907 41.43318728038399
  endloop
endfacet
facet normal -0.0560130491445002 0.9984256141945961 -0.0029717411864686447
  outer loop
    vertex 3751.2471271322697 158.64924296393374 37.19718712188424
    vertex 3750.9787377115717 158.59459169955943 23.8945776725638
    vertex 3750.354167806021 158.56141145343847 24.519146598610966
  endloop
endfacet
facet normal 0.040092430780343094 -0.6033170023443382 0.7964930581470032
  outer loop
    vertex 3759.270127153906 148.40923234508415 43.50004731254752
    vertex 3759.270127140049 148.85824224040888 43.84015737610037
    vertex 3755.871127257904 147.20924202192532 42.762187276548225
  endloop
endfacet
facet normal 0.01737848265920573 -0.5589706360175157 0.829005317480315
  outer loop
    vertex 3759.270127167526 147.94127198741813 43.18451725082572
    vertex 3759.270127153906 148.40923234508415 43.50004731254752
    vertex 3755.871127257904 147.20924202192532 42.762187276548225
  endloop
endfacet
facet normal 0.00015329943917147845 0.8435169622509675 0.5371025143249489
  outer loop
    vertex 3755.8721273208967 132.24524179687313 46.91218725272743
    vertex 3759.2701273228245 132.24524184749507 46.911217318345855
    vertex 3759.270127328337 132.54815265224357 46.43549732999975
  endloop
endfacet
facet normal -0.0021171810095560683 0.902832697314102 0.42998678840763904
  outer loop
    vertex 3759.2701270633443 115.19308158443354 71.27915655212577
    vertex 3759.2701270640005 115.21541282222653 71.23226820068534
    vertex 3755.8721270617652 115.19224230041316 71.26418760844794
  endloop
endfacet
facet normal -0.9883840990389502 -0.1519647159576928 -0.0018968054356458086
  outer loop
    vertex 3757.9701276103656 129.8872420264925 37.19618685920297
    vertex 3758.0401278855516 129.6322419130944 21.150187333700586
    vertex 3758.2481279659887 128.27724237395674 21.323187673777216
  endloop
endfacet
facet normal -0.9856222228139454 -0.1689639561261329 -0.00012419945182323003
  outer loop
    vertex 3757.9701276103656 129.8872420264925 37.19618685920297
    vertex 3758.2481279659887 128.27724237395674 21.323187673777216
    vertex 3758.246127537988 128.27724237392695 37.19818767373506
  endloop
endfacet
facet normal -0.9501573400863964 -0.31176974469651514 0.0008095503776587947
  outer loop
    vertex 3757.754127864261 130.50324219875068 20.911187007239004
    vertex 3758.0401278855516 129.6322419130944 21.150187333700586
    vertex 3757.9701276103656 129.8872420264925 37.19618685920297
  endloop
endfacet
facet normal -0.9415176213957798 -0.33696365088711877 -0.00025803499261447144
  outer loop
    vertex 3757.70412756036 130.6302420530473 37.50518686885623
    vertex 3757.754127864261 130.50324219875068 20.911187007239004
    vertex 3757.9701276103656 129.8872420264925 37.19618685920297
  endloop
endfacet
facet normal 0.6389554971341486 -0.00013035081522561515 -0.7692436907058245
  outer loop
    vertex 3758.2481279659887 128.27724237395674 21.323187673777216
    vertex 3758.0401278855516 129.6322419130944 21.150187333700586
    vertex 3757.5581275810546 151.09124249337714 20.74618799492991
  endloop
endfacet
facet normal -0.0076037196723301986 -0.8702989030088509 0.49246523011146226
  outer loop
    vertex 3759.2701262753344 168.50240203426264 70.98638807373221
    vertex 3755.8721262887752 168.22924295654104 70.45118788310616
    vertex 3759.2701262969695 168.0874526171484 70.25307737426934
  endloop
endfacet
facet normal -0.012205219175079385 -0.7014367868097009 0.712627158291747
  outer loop
    vertex 3759.270126322753 167.3640124468603 69.54099737243828
    vertex 3759.2701262969695 168.0874526171484 70.25307737426934
    vertex 3755.8701262108916 167.86124292599368 69.97218779151127
  endloop
endfacet
facet normal 0.002429143412267009 -0.7929956966718649 0.6092223931555588
  outer loop
    vertex 3755.8721262887752 168.22924295654104 70.45118788310616
    vertex 3755.8701262108916 167.86124292599368 69.97218779151127
    vertex 3759.2701262969695 168.0874526171484 70.25307737426934
  endloop
endfacet
facet normal -0.9999895425552429 0.004518779750578934 0.0007038534805425873
  outer loop
    vertex 3755.8721269124026 173.40924135436825 37.19618681499093
    vertex 3755.8701262108916 167.86124292599368 69.97218779151127
    vertex 3755.8721262887752 168.22924295654104 70.45118788310616
  endloop
endfacet
facet normal 0.10074827524243322 -0.994898032696232 0.005262088258691159
  outer loop
    vertex 3750.171126737558 170.80624253591665 37.19618669485131
    vertex 3748.767656934897 170.6054616464781 26.105656269767593
    vertex 3750.717517546014 170.79260118663464 24.15579669171721
  endloop
endfacet
facet normal 0.9999999998744988 -4.1006210960646765e-06 -1.5303186249014105e-05
  outer loop
    vertex 3739.9939809172593 174.1442705546187 20.36587787204768
    vertex 3739.993937978034 109.34925331227183 34.878886259041955
    vertex 3739.993937978034 109.34925331227183 20.360186343847264
  endloop
endfacet
facet normal 0.9999999998744988 -4.1006210960646765e-06 -1.5303186249014105e-05
  outer loop
    vertex 3739.993937978034 109.34925331227183 34.878886259041955
    vertex 3739.9939809172593 174.1442705546187 20.36587787204768
    vertex 3739.994426772648 174.5077209767985 34.87888724670312
  endloop
endfacet
facet normal -0.7071059424226501 2.000027474987281e-07 -0.7071076199494217
  outer loop
    vertex 3739.993937978034 109.34925331227183 34.878886259041955
    vertex 3748.9201284123237 111.16424231891558 25.953186637970905
    vertex 3754.513128015539 109.34925331227183 20.360186343847264
  endloop
endfacet
facet normal -0.7071059424226501 2.000027474987281e-07 -0.7071076199494217
  outer loop
    vertex 3748.9201284123237 111.16424231891558 25.953186637970905
    vertex 3739.993937978034 109.34925331227183 34.878886259041955
    vertex 3747.6001277266378 111.79324200933375 27.273186304978196
  endloop
endfacet
facet normal -0.7071059424226501 2.000027474987281e-07 -0.7071076199494217
  outer loop
    vertex 3747.6001277266378 111.79324200933375 27.273186304978196
    vertex 3739.993937978034 109.34925331227183 34.878886259041955
    vertex 3746.9490380378115 112.25181247998079 27.924276913205738
  endloop
endfacet
facet normal -0.7071059424226501 2.000027474987281e-07 -0.7071076199494217
  outer loop
    vertex 3746.9490380378115 112.25181247998079 27.924276913205738
    vertex 3739.993937978034 109.34925331227183 34.878886259041955
    vertex 3746.9092478830116 112.28255130995441 27.964068019544968
  endloop
endfacet
facet normal -0.7071059424226501 2.000027474987281e-07 -0.7071076199494217
  outer loop
    vertex 3746.9092478830116 112.28255130995441 27.964068019544968
    vertex 3739.993937978034 109.34925331227183 34.878886259041955
    vertex 3746.189668161477 112.93469287027935 28.683636256944425
  endloop
endfacet
facet normal -0.7071059424226501 2.000027474987281e-07 -0.7071076199494217
  outer loop
    vertex 3746.189668161477 112.93469287027935 28.683636256944425
    vertex 3739.993937978034 109.34925331227183 34.878886259041955
    vertex 3746.151837807234 112.97917223983296 28.721476145673577
  endloop
endfacet
facet normal -0.7071059424226501 2.000027474987281e-07 -0.7071076199494217
  outer loop
    vertex 3746.151837807234 112.97917223983296 28.721476145673577
    vertex 3739.993937978034 109.34925331227183 34.878886259041955
    vertex 3745.334747739786 114.03602266100991 29.538567116613876
  endloop
endfacet
facet normal -0.7071059424226501 2.000027474987281e-07 -0.7071076199494217
  outer loop
    vertex 3745.334747739786 114.03602266100991 29.538567116613876
    vertex 3739.993937978034 109.34925331227183 34.878886259041955
    vertex 3745.3186077549226 114.06232118371871 29.554707100404602
  endloop
endfacet
facet normal -0.7071059424226501 2.000027474987281e-07 -0.7071076199494217
  outer loop
    vertex 3745.3186077549226 114.06232118371871 29.554707100404602
    vertex 3739.993937978034 109.34925331227183 34.878886259041955
    vertex 3744.5733675036286 115.68024109449141 30.29994634251234
  endloop
endfacet
facet normal -0.7071059424226501 2.000027474987281e-07 -0.7071076199494217
  outer loop
    vertex 3744.5733675036286 115.68024109449141 30.29994634251234
    vertex 3739.993937978034 109.34925331227183 34.878886259041955
    vertex 3744.273957605164 117.41353271600747 30.599356202535756
  endloop
endfacet
facet normal -0.7071059424226501 2.000027474987281e-07 -0.7071076199494217
  outer loop
    vertex 3744.273957605164 117.41353271600747 30.599356202535756
    vertex 3739.993937978034 109.34925331227183 34.878886259041955
    vertex 3744.2639478384563 117.47205207926169 30.609367875298446
  endloop
endfacet
facet normal -0.7071059424226501 2.000027474987281e-07 -0.7071076199494217
  outer loop
    vertex 3744.2639478384563 117.47205207926169 30.609367875298446
    vertex 3739.993937978034 109.34925331227183 34.878886259041955
    vertex 3739.994426772648 174.5077209767985 34.87888724670312
  endloop
endfacet
facet normal -0.7071059424226501 2.000027474987281e-07 -0.7071076199494217
  outer loop
    vertex 3744.2639478384563 117.47205207926169 30.609367875298446
    vertex 3739.994426772648 174.5077209767985 34.87888724670312
    vertex 3743.92282795993 124.52708289693372 30.950486680670927
  endloop
endfacet
facet normal -0.7071059424226501 2.000027474987281e-07 -0.7071076199494217
  outer loop
    vertex 3744.2639478384563 117.47205207926169 30.609367875298446
    vertex 3743.92282795993 124.52708289693372 30.950486680670927
    vertex 3743.9846775698643 123.5527615324987 30.888637087858093
  endloop
endfacet
facet normal -0.7071059424226501 2.000027474987281e-07 -0.7071076199494217
  outer loop
    vertex 3743.9846775698643 123.5527615324987 30.888637087858093
    vertex 3743.92282795993 124.52708289693372 30.950486680670927
    vertex 3743.9699175458977 123.97301147124365 30.90339710494207
  endloop
endfacet
facet normal -0.7071059424226501 2.000027474987281e-07 -0.7071076199494217
  outer loop
    vertex 3744.2639478384563 117.47205207926169 30.609367875298446
    vertex 3743.9846775698643 123.5527615324987 30.888637087858093
    vertex 3744.0838778266652 123.1505722792158 30.789436841230323
  endloop
endfacet
facet normal -0.7071059424226501 2.000027474987281e-07 -0.7071076199494217
  outer loop
    vertex 3744.2639478384563 117.47205207926169 30.609367875298446
    vertex 3744.0838778266652 123.1505722792158 30.789436841230323
    vertex 3744.141147882024 122.87508247294008 30.73216679238837
  endloop
endfacet
facet normal -0.7071059424226501 2.000027474987281e-07 -0.7071076199494217
  outer loop
    vertex 3744.2639478384563 117.47205207926169 30.609367875298446
    vertex 3744.141147882024 122.87508247294008 30.73216679238837
    vertex 3744.256408012878 122.59193275541888 30.61690762428506
  endloop
endfacet
facet normal -0.7071059424226501 2.000027474987281e-07 -0.7071076199494217
  outer loop
    vertex 3745.3186077549226 114.06232118371871 29.554707100404602
    vertex 3744.5733675036286 115.68024109449141 30.29994634251234
    vertex 3745.2946781576507 114.1174111339237 29.578636695847592
  endloop
endfacet
facet normal -0.7071059424226501 2.000027474987281e-07 -0.7071076199494217
  outer loop
    vertex 3754.513128015539 109.34925331227183 20.360186343847264
    vertex 3748.9201284123237 111.16424231891558 25.953186637970905
    vertex 3748.956688471819 111.15548186718969 25.916626580147607
  endloop
endfacet
facet normal -0.7071059424226501 2.000027474987281e-07 -0.7071076199494217
  outer loop
    vertex 3754.513128015539 109.34925331227183 20.360186343847264
    vertex 3748.956688471819 111.15548186718969 25.916626580147607
    vertex 3749.8160282076215 110.91093117503573 25.057287837880864
  endloop
endfacet
facet normal -0.7071059424226501 2.000027474987281e-07 -0.7071076199494217
  outer loop
    vertex 3754.513128015539 109.34925331227183 20.360186343847264
    vertex 3749.8160282076215 110.91093117503573 25.057287837880864
    vertex 3750.787418000501 110.78329141899926 24.085898087843564
  endloop
endfacet
facet normal -0.7071059424226501 2.000027474987281e-07 -0.7071076199494217
  outer loop
    vertex 3754.513128015539 109.34925331227183 20.360186343847264
    vertex 3750.787418000501 110.78329141899926 24.085898087843564
    vertex 3750.8223577671824 110.78231294967117 24.050957368975368
  endloop
endfacet
facet normal -0.7071059424226501 2.000027474987281e-07 -0.7071076199494217
  outer loop
    vertex 3754.513128015539 109.34925331227183 20.360186343847264
    vertex 3750.8223577671824 110.78231294967117 24.050957368975368
    vertex 3751.806108131192 110.78524265182665 23.06720800005791
  endloop
endfacet
facet normal -0.7071059424226501 2.000027474987281e-07 -0.7071076199494217
  outer loop
    vertex 3754.513128015539 109.34925331227183 20.360186343847264
    vertex 3751.806108131192 110.78524265182665 23.06720800005791
    vertex 3751.8363281634843 110.79083118377096 23.036987968956478
  endloop
endfacet
facet normal -0.7071059424226501 2.000027474987281e-07 -0.7071076199494217
  outer loop
    vertex 3754.513128015539 109.34925331227183 20.360186343847264
    vertex 3751.8363281634843 110.79083118377096 23.036987968956478
    vertex 3753.5848180515236 111.16187155405753 21.288496718571704
  endloop
endfacet
facet normal -0.7071059424226501 2.000027474987281e-07 -0.7071076199494217
  outer loop
    vertex 3754.513128015539 109.34925331227183 20.360186343847264
    vertex 3753.5848180515236 111.16187155405753 21.288496718571704
    vertex 3754.3473879671515 111.48197234971968 20.525927307151417
  endloop
endfacet
facet normal -0.7071059424226501 2.000027474987281e-07 -0.7071076199494217
  outer loop
    vertex 3754.513128015539 109.34925331227183 20.360186343847264
    vertex 3754.3473879671515 111.48197234971968 20.525927307151417
    vertex 3754.3870183807644 111.50065292281987 20.486296418093996
  endloop
endfacet
facet normal -0.7071059424226501 2.000027474987281e-07 -0.7071076199494217
  outer loop
    vertex 3754.513128015539 109.34925331227183 20.360186343847264
    vertex 3754.3870183807644 111.50065292281987 20.486296418093996
    vertex 3754.5131279823095 111.57983268849254 20.360186343847264
  endloop
endfacet
facet normal -0.7071059424226501 2.000027474987281e-07 -0.7071076199494217
  outer loop
    vertex 3739.994426772648 174.5077209767985 34.87888724670312
    vertex 3744.214176780574 164.56759117153783 30.65913727579991
    vertex 3743.92282795993 124.52708289693372 30.950486680670927
  endloop
endfacet
facet normal -0.7071059424226501 2.000027474987281e-07 -0.7071076199494217
  outer loop
    vertex 3744.214176780574 164.56759117153783 30.65913727579991
    vertex 3739.994426772648 174.5077209767985 34.87888724670312
    vertex 3744.300757042375 165.6759915176763 30.572557954809515
  endloop
endfacet
facet normal -0.7071059424226501 2.000027474987281e-07 -0.7071076199494217
  outer loop
    vertex 3744.300757042375 165.6759915176763 30.572557954809515
    vertex 3739.994426772648 174.5077209767985 34.87888724670312
    vertex 3744.3054166946076 165.71460197611972 30.567896394849107
  endloop
endfacet
facet normal -0.7071059424226501 2.000027474987281e-07 -0.7071076199494217
  outer loop
    vertex 3744.3054166946076 165.71460197611972 30.567896394849107
    vertex 3739.994426772648 174.5077209767985 34.87888724670312
    vertex 3744.4842468333945 166.50477264833953 30.389067205502446
  endloop
endfacet
facet normal -0.7071059424226501 2.000027474987281e-07 -0.7071076199494217
  outer loop
    vertex 3744.4842468333945 166.50477264833953 30.389067205502446
    vertex 3739.994426772648 174.5077209767985 34.87888724670312
    vertex 3744.7864671729303 167.26844262049326 30.08684782100212
  endloop
endfacet
facet normal -0.7071059424226501 2.000027474987281e-07 -0.7071076199494217
  outer loop
    vertex 3744.7864671729303 167.26844262049326 30.08684782100212
    vertex 3739.994426772648 174.5077209767985 34.87888724670312
    vertex 3744.80675754741 167.3156323333199 30.066557446673848
  endloop
endfacet
facet normal -0.7071059424226501 2.000027474987281e-07 -0.7071076199494217
  outer loop
    vertex 3744.80675754741 167.3156323333199 30.066557446673848
    vertex 3739.994426772648 174.5077209767985 34.87888724670312
    vertex 3744.820477106082 167.33803223586807 30.052837888247137
  endloop
endfacet
facet normal -0.7071059424226501 2.000027474987281e-07 -0.7071076199494217
  outer loop
    vertex 3744.820477106082 167.33803223586807 30.052837888247137
    vertex 3739.994426772648 174.5077209767985 34.87888724670312
    vertex 3745.9372268691873 168.94346285553226 28.93608719461781
  endloop
endfacet
facet normal -0.7071059424226501 2.000027474987281e-07 -0.7071076199494217
  outer loop
    vertex 3745.9372268691873 168.94346285553226 28.93608719461781
    vertex 3739.994426772648 174.5077209767985 34.87888724670312
    vertex 3745.9545570389573 168.96179247615174 28.918757025305275
  endloop
endfacet
facet normal -0.7071059424226501 2.000027474987281e-07 -0.7071076199494217
  outer loop
    vertex 3745.9545570389573 168.96179247615174 28.918757025305275
    vertex 3739.994426772648 174.5077209767985 34.87888724670312
    vertex 3746.6231075355468 169.5546212367219 28.250206548060913
  endloop
endfacet
facet normal -0.7071059424226501 2.000027474987281e-07 -0.7071076199494217
  outer loop
    vertex 3746.6231075355468 169.5546212367219 28.250206548060913
    vertex 3739.994426772648 174.5077209767985 34.87888724670312
    vertex 3747.132127392735 169.90524151408042 27.741186707103132
  endloop
endfacet
facet normal -0.7071059424226501 2.000027474987281e-07 -0.7071076199494217
  outer loop
    vertex 3747.132127392735 169.90524151408042 27.741186707103132
    vertex 3739.994426772648 174.5077209767985 34.87888724670312
    vertex 3754.50743742916 174.1442705546187 20.36587787204768
  endloop
endfacet
facet normal -0.7071059424226501 2.000027474987281e-07 -0.7071076199494217
  outer loop
    vertex 3743.92282795993 124.52708289693372 30.950486680670927
    vertex 3744.214176780574 164.56759117153783 30.65913727579991
    vertex 3743.956437347712 124.74085281015414 30.9168772911204
  endloop
endfacet
facet normal -0.7071059424226501 2.000027474987281e-07 -0.7071076199494217
  outer loop
    vertex 3744.3054166946076 165.71460197611972 30.567896394849107
    vertex 3744.4842468333945 166.50477264833953 30.389067205502446
    vertex 3744.314547172168 165.75066230950767 30.55876782448489
  endloop
endfacet
facet normal -0.7071059424226501 2.000027474987281e-07 -0.7071076199494217
  outer loop
    vertex 3744.820477106082 167.33803223586807 30.052837888247137
    vertex 3745.9372268691873 168.94346285553226 28.93608719461781
    vertex 3744.835237123509 167.3567128085977 30.03807691748886
  endloop
endfacet
facet normal -0.7071059424226501 2.000027474987281e-07 -0.7071076199494217
  outer loop
    vertex 3745.9545570389573 168.96179247615174 28.918757025305275
    vertex 3746.6231075355468 169.5546212367219 28.250206548060913
    vertex 3745.9885173816942 168.98765230942132 28.884796683613708
  endloop
endfacet
facet normal -0.7071059424226501 2.000027474987281e-07 -0.7071076199494217
  outer loop
    vertex 3747.132127392735 169.90524151408042 27.741186707103132
    vertex 3754.50743742916 174.1442705546187 20.36587787204768
    vertex 3747.1673771033097 169.92209293977646 27.70593699776295
  endloop
endfacet
facet normal -0.7071059424226501 2.000027474987281e-07 -0.7071076199494217
  outer loop
    vertex 3747.1673771033097 169.92209293977646 27.70593699776295
    vertex 3754.50743742916 174.1442705546187 20.36587787204768
    vertex 3747.7141672333837 170.2197213506323 27.15914783997419
  endloop
endfacet
facet normal -0.7071059424226501 2.000027474987281e-07 -0.7071076199494217
  outer loop
    vertex 3747.7141672333837 170.2197213506323 27.15914783997419
    vertex 3754.50743742916 174.1442705546187 20.36587787204768
    vertex 3748.43448699217 170.50959257718364 26.438826199880356
  endloop
endfacet
facet normal -0.7071059424226501 2.000027474987281e-07 -0.7071076199494217
  outer loop
    vertex 3748.43448699217 170.50959257718364 26.438826199880356
    vertex 3754.50743742916 174.1442705546187 20.36587787204768
    vertex 3748.469067223488 170.5179315059214 26.40424787724482
  endloop
endfacet
facet normal -0.7071059424226501 2.000027474987281e-07 -0.7071076199494217
  outer loop
    vertex 3748.469067223488 170.5179315059214 26.40424787724482
    vertex 3754.50743742916 174.1442705546187 20.36587787204768
    vertex 3748.767656934897 170.6054616464781 26.105656269767593
  endloop
endfacet
facet normal -0.7071059424226501 2.000027474987281e-07 -0.7071076199494217
  outer loop
    vertex 3748.767656934897 170.6054616464781 26.105656269767593
    vertex 3754.50743742916 174.1442705546187 20.36587787204768
    vertex 3750.717517546014 170.79260118663464 24.15579669171721
  endloop
endfacet
facet normal -0.7071059424226501 2.000027474987281e-07 -0.7071076199494217
  outer loop
    vertex 3750.717517546014 170.79260118663464 24.15579669171721
    vertex 3754.50743742916 174.1442705546187 20.36587787204768
    vertex 3750.7490574637072 170.7901826690381 24.12425677538967
  endloop
endfacet
facet normal -0.7071059424226501 2.000027474987281e-07 -0.7071076199494217
  outer loop
    vertex 3750.7490574637072 170.7901826690381 24.12425677538967
    vertex 3754.50743742916 174.1442705546187 20.36587787204768
    vertex 3752.3531472393215 170.4631124567291 22.520167072254868
  endloop
endfacet
facet normal -0.7071059424226501 2.000027474987281e-07 -0.7071076199494217
  outer loop
    vertex 3752.3531472393215 170.4631124567291 22.520167072254868
    vertex 3754.50743742916 174.1442705546187 20.36587787204768
    vertex 3752.384747238606 170.4534421996315 22.488568028120973
  endloop
endfacet
facet normal -0.7071059424226501 2.000027474987281e-07 -0.7071076199494217
  outer loop
    vertex 3752.384747238606 170.4534421996315 22.488568028120973
    vertex 3754.50743742916 174.1442705546187 20.36587787204768
    vertex 3753.2721474137415 170.04154264620126 21.60116646601101
  endloop
endfacet
facet normal -0.7071059424226501 2.000027474987281e-07 -0.7071076199494217
  outer loop
    vertex 3753.2721474137415 170.04154264620126 21.60116646601101
    vertex 3754.50743742916 174.1442705546187 20.36587787204768
    vertex 3753.2952573272996 170.02822172369395 21.57806656720602
  endloop
endfacet
facet normal -0.7071059424226501 2.000027474987281e-07 -0.7071076199494217
  outer loop
    vertex 3753.2952573272996 170.02822172369395 21.57806656720602
    vertex 3754.50743742916 174.1442705546187 20.36587787204768
    vertex 3754.367447168749 169.2923418415957 20.505867722002876
  endloop
endfacet
facet normal -0.7071059424226501 2.000027474987281e-07 -0.7071076199494217
  outer loop
    vertex 3754.367447168749 169.2923418415957 20.505867722002876
    vertex 3754.50743742916 174.1442705546187 20.36587787204768
    vertex 3754.5131271246355 169.1512228404701 20.360186343847264
  endloop
endfacet
facet normal -0.7071059424226501 2.000027474987281e-07 -0.7071076199494217
  outer loop
    vertex 3744.214176780574 164.56759117153783 30.65913727579991
    vertex 3744.217417937873 126.17848156007486 30.655897644215376
    vertex 3743.956437347712 124.74085281015414 30.9168772911204
  endloop
endfacet
facet normal -0.7071059424226501 2.000027474987281e-07 -0.7071076199494217
  outer loop
    vertex 3744.217417937873 126.17848156007486 30.655897644215376
    vertex 3744.214176780574 164.56759117153783 30.65913727579991
    vertex 3744.2173572854053 164.50586174043286 30.655966308764885
  endloop
endfacet
facet normal -0.7071059424226501 2.000027474987281e-07 -0.7071076199494217
  outer loop
    vertex 3744.217417937873 126.17848156007486 30.655897644215376
    vertex 3744.2173572854053 164.50586174043286 30.655966308764885
    vertex 3744.28398766159 163.74628112924285 30.589327363635814
  endloop
endfacet
facet normal -0.7071059424226501 2.000027474987281e-07 -0.7071076199494217
  outer loop
    vertex 3744.217417937873 126.17848156007486 30.655897644215376
    vertex 3744.28398766159 163.74628112924285 30.589327363635814
    vertex 3744.2264082253555 126.21126220748661 30.646906402949746
  endloop
endfacet
facet normal -0.7071059424226501 2.000027474987281e-07 -0.7071076199494217
  outer loop
    vertex 3744.2264082253555 126.21126220748661 30.646906402949746
    vertex 3744.28398766159 163.74628112924285 30.589327363635814
    vertex 3744.2571279819576 126.2868017968725 30.616186646517033
  endloop
endfacet
facet normal -0.7071059424226501 2.000027474987281e-07 -0.7071076199494217
  outer loop
    vertex 3744.2571279819576 126.2868017968725 30.616186646517033
    vertex 3744.28398766159 163.74628112924285 30.589327363635814
    vertex 3744.2625772543975 127.8117823419976 30.61073735158793
  endloop
endfacet
facet normal -0.7071059424226501 2.000027474987281e-07 -0.7071076199494217
  outer loop
    vertex 3744.2625772543975 127.8117823419976 30.61073735158793
    vertex 3744.28398766159 163.74628112924285 30.589327363635814
    vertex 3744.2846881840396 128.47298191202918 30.588627366702312
  endloop
endfacet
facet normal -0.7071059424226501 2.000027474987281e-07 -0.7071076199494217
  outer loop
    vertex 3744.2846881840396 128.47298191202918 30.588627366702312
    vertex 3744.28398766159 163.74628112924285 30.589327363635814
    vertex 3744.4952971125545 162.838201985052 30.378017935105426
  endloop
endfacet
facet normal -0.7071059424226501 2.000027474987281e-07 -0.7071076199494217
  outer loop
    vertex 3744.2846881840396 128.47298191202918 30.588627366702312
    vertex 3744.4952971125545 162.838201985052 30.378017935105426
    vertex 3744.43079775401 129.41957233778984 30.442516835113384
  endloop
endfacet
facet normal -0.7071059424226501 2.000027474987281e-07 -0.7071076199494217
  outer loop
    vertex 3744.43079775401 129.41957233778984 30.442516835113384
    vertex 3744.4952971125545 162.838201985052 30.378017935105426
    vertex 3744.4682380519416 129.6105322687675 30.40507748958889
  endloop
endfacet
facet normal -0.7071059424226501 2.000027474987281e-07 -0.7071076199494217
  outer loop
    vertex 3744.4682380519416 129.6105322687675 30.40507748958889
    vertex 3744.4952971125545 162.838201985052 30.378017935105426
    vertex 3744.541407758656 129.81728218593423 30.33190778287888
  endloop
endfacet
facet normal -0.7071059424226501 2.000027474987281e-07 -0.7071076199494217
  outer loop
    vertex 3744.541407758656 129.81728218593423 30.33190778287888
    vertex 3744.4952971125545 162.838201985052 30.378017935105426
    vertex 3744.5198570889047 162.76016281610637 30.353466544021433
  endloop
endfacet
facet normal -0.7071059424226501 2.000027474987281e-07 -0.7071076199494217
  outer loop
    vertex 3744.541407758656 129.81728218593423 30.33190778287888
    vertex 3744.5198570889047 162.76016281610637 30.353466544021433
    vertex 3744.907697381737 161.8430828963471 29.9656167444553
  endloop
endfacet
facet normal -0.7071059424226501 2.000027474987281e-07 -0.7071076199494217
  outer loop
    vertex 3744.541407758656 129.81728218593423 30.33190778287888
    vertex 3744.907697381737 161.8430828963471 29.9656167444553
    vertex 3744.5693275268673 129.92899178107672 30.3039861068315
  endloop
endfacet
facet normal -0.7071059424226501 2.000027474987281e-07 -0.7071076199494217
  outer loop
    vertex 3744.5693275268673 129.92899178107672 30.3039861068315
    vertex 3744.907697381737 161.8430828963471 29.9656167444553
    vertex 3745.213737651334 131.43761205282289 29.65957694072394
  endloop
endfacet
facet normal -0.7071059424226501 2.000027474987281e-07 -0.7071076199494217
  outer loop
    vertex 3745.213737651334 131.43761205282289 29.65957694072394
    vertex 3744.907697381737 161.8430828963471 29.9656167444553
    vertex 3745.307017048615 161.19061135993763 29.566296150453343
  endloop
endfacet
facet normal -0.7071059424226501 2.000027474987281e-07 -0.7071076199494217
  outer loop
    vertex 3745.213737651334 131.43761205282289 29.65957694072394
    vertex 3745.307017048615 161.19061135993763 29.566296150453343
    vertex 3745.232648059221 131.4733223878824 29.640667486776742
  endloop
endfacet
facet normal -0.7071059424226501 2.000027474987281e-07 -0.7071076199494217
  outer loop
    vertex 3745.232648059221 131.4733223878824 29.640667486776742
    vertex 3745.307017048615 161.19061135993763 29.566296150453343
    vertex 3745.2660381044434 131.5167517630747 29.607277442314366
  endloop
endfacet
facet normal -0.7071059424226501 2.000027474987281e-07 -0.7071076199494217
  outer loop
    vertex 3745.2660381044434 131.5167517630747 29.607277442314366
    vertex 3745.307017048615 161.19061135993763 29.566296150453343
    vertex 3746.1801273085694 132.72624159908008 28.693186351347865
  endloop
endfacet
facet normal -0.7071059424226501 2.000027474987281e-07 -0.7071076199494217
  outer loop
    vertex 3746.1801273085694 132.72624159908008 28.693186351347865
    vertex 3745.307017048615 161.19061135993763 29.566296150453343
    vertex 3745.3439976792256 161.13257264894068 29.529316475939677
  endloop
endfacet
facet normal -0.7071059424226501 2.000027474987281e-07 -0.7071076199494217
  outer loop
    vertex 3746.1801273085694 132.72624159908008 28.693186351347865
    vertex 3745.3439976792256 161.13257264894068 29.529316475939677
    vertex 3745.988107430149 160.36751223373167 28.88521630030429
  endloop
endfacet
facet normal -0.7071059424226501 2.000027474987281e-07 -0.7071076199494217
  outer loop
    vertex 3746.1801273085694 132.72624159908008 28.693186351347865
    vertex 3745.988107430149 160.36751223373167 28.88521630030429
    vertex 3746.005547273016 160.3490529139231 28.867767875378828
  endloop
endfacet
facet normal -0.7071059424226501 2.000027474987281e-07 -0.7071076199494217
  outer loop
    vertex 3746.1801273085694 132.72624159908008 28.693186351347865
    vertex 3746.005547273016 160.3490529139231 28.867767875378828
    vertex 3746.5903976040427 159.85077144375413 28.282917576424342
  endloop
endfacet
facet normal -0.7071059424226501 2.000027474987281e-07 -0.7071076199494217
  outer loop
    vertex 3746.1801273085694 132.72624159908008 28.693186351347865
    vertex 3746.5903976040427 159.85077144375413 28.282917576424342
    vertex 3747.2931272339324 133.67724182928413 27.580187412400246
  endloop
endfacet
facet normal -0.7071059424226501 2.000027474987281e-07 -0.7071076199494217
  outer loop
    vertex 3747.2931272339324 133.67724182928413 27.580187412400246
    vertex 3746.5903976040427 159.85077144375413 28.282917576424342
    vertex 3746.631327399676 159.81997157864123 28.241987782975347
  endloop
endfacet
facet normal -0.7071059424226501 2.000027474987281e-07 -0.7071076199494217
  outer loop
    vertex 3747.2931272339324 133.67724182928413 27.580187412400246
    vertex 3746.631327399676 159.81997157864123 28.241987782975347
    vertex 3747.405387672961 159.30683186544138 27.467926596284514
  endloop
endfacet
facet normal -0.7071059424226501 2.000027474987281e-07 -0.7071076199494217
  outer loop
    vertex 3747.2931272339324 133.67724182928413 27.580187412400246
    vertex 3747.405387672961 159.30683186544138 27.467926596284514
    vertex 3748.053717796478 134.1314721491478 26.819597828819123
  endloop
endfacet
facet normal -0.7071059424226501 2.000027474987281e-07 -0.7071076199494217
  outer loop
    vertex 3748.053717796478 134.1314721491478 26.819597828819123
    vertex 3747.405387672961 159.30683186544138 27.467926596284514
    vertex 3747.8218877763866 159.09906247772534 27.051426513508883
  endloop
endfacet
facet normal -0.7071059424226501 2.000027474987281e-07 -0.7071076199494217
  outer loop
    vertex 3748.053717796478 134.1314721491478 26.819597828819123
    vertex 3747.8218877763866 159.09906247772534 27.051426513508883
    vertex 3747.871777342252 159.07890180341974 27.00153790372037
  endloop
endfacet
facet normal -0.7071059424226501 2.000027474987281e-07 -0.7071076199494217
  outer loop
    vertex 3748.053717796478 134.1314721491478 26.819597828819123
    vertex 3747.871777342252 159.07890180341974 27.00153790372037
    vertex 3749.053617315818 158.69434218967862 25.819697032019345
  endloop
endfacet
facet normal -0.7071059424226501 2.000027474987281e-07 -0.7071076199494217
  outer loop
    vertex 3748.053717796478 134.1314721491478 26.819597828819123
    vertex 3749.053617315818 158.69434218967862 25.819697032019345
    vertex 3748.3716775863645 134.28416208766149 26.50163709638388
  endloop
endfacet
facet normal -0.7071059424226501 2.000027474987281e-07 -0.7071076199494217
  outer loop
    vertex 3748.3716775863645 134.28416208766149 26.50163709638388
    vertex 3749.053617315818 158.69434218967862 25.819697032019345
    vertex 3748.8655273482113 134.47842221541052 26.00778639878318
  endloop
endfacet
facet normal -0.7071059424226501 2.000027474987281e-07 -0.7071076199494217
  outer loop
    vertex 3748.8655273482113 134.47842221541052 26.00778639878318
    vertex 3749.053617315818 158.69434218967862 25.819697032019345
    vertex 3748.9298975044403 134.50940184970077 25.94341719847952
  endloop
endfacet
facet normal -0.7071059424226501 2.000027474987281e-07 -0.7071076199494217
  outer loop
    vertex 3748.9298975044403 134.50940184970077 25.94341719847952
    vertex 3749.053617315818 158.69434218967862 25.819697032019345
    vertex 3748.9503776607485 134.51401191165135 25.9229379966406
  endloop
endfacet
facet normal -0.7071059424226501 2.000027474987281e-07 -0.7071076199494217
  outer loop
    vertex 3748.9503776607485 134.51401191165135 25.9229379966406
    vertex 3749.053617315818 158.69434218967862 25.819697032019345
    vertex 3749.9845173116005 134.79055220644597 24.88879647790612
  endloop
endfacet
facet normal -0.7071059424226501 2.000027474987281e-07 -0.7071076199494217
  outer loop
    vertex 3749.9845173116005 134.79055220644597 24.88879647790612
    vertex 3749.053617315818 158.69434218967862 25.819697032019345
    vertex 3749.0793274223142 158.6904626429425 25.79398788033947
  endloop
endfacet
facet normal -0.7071059424226501 2.000027474987281e-07 -0.7071076199494217
  outer loop
    vertex 3749.9845173116005 134.79055220644597 24.88879647790612
    vertex 3749.0793274223142 158.6904626429425 25.79398788033947
    vertex 3750.3192776304404 158.5600419766003 24.554037726415746
  endloop
endfacet
facet normal -0.7071059424226501 2.000027474987281e-07 -0.7071076199494217
  outer loop
    vertex 3749.9845173116005 134.79055220644597 24.88879647790612
    vertex 3750.3192776304404 158.5600419766003 24.554037726415746
    vertex 3750.513267741185 134.86943204754448 24.360047023106322
  endloop
endfacet
facet normal -0.7071059424226501 2.000027474987281e-07 -0.7071076199494217
  outer loop
    vertex 3750.513267741185 134.86943204754448 24.360047023106322
    vertex 3750.3192776304404 158.5600419766003 24.554037726415746
    vertex 3750.354167806021 158.56141145343847 24.519146598610966
  endloop
endfacet
facet normal -0.7071059424226501 2.000027474987281e-07 -0.7071076199494217
  outer loop
    vertex 3750.513267741185 134.86943204754448 24.360047023106322
    vertex 3750.354167806021 158.56141145343847 24.519146598610966
    vertex 3750.9787377115717 158.59459169955943 23.8945776725638
  endloop
endfacet
facet normal -0.7071059424226501 2.000027474987281e-07 -0.7071076199494217
  outer loop
    vertex 3750.513267741185 134.86943204754448 24.360047023106322
    vertex 3750.9787377115717 158.59459169955943 23.8945776725638
    vertex 3750.546777949986 134.87179191513965 24.32652727893945
  endloop
endfacet
facet normal -0.7071059424226501 2.000027474987281e-07 -0.7071076199494217
  outer loop
    vertex 3750.546777949986 134.87179191513965 24.32652727893945
    vertex 3750.9787377115717 158.59459169955943 23.8945776725638
    vertex 3751.0818273992572 134.90400227314723 23.791487388481368
  endloop
endfacet
facet normal -0.7071059424226501 2.000027474987281e-07 -0.7071076199494217
  outer loop
    vertex 3751.0818273992572 134.90400227314723 23.791487388481368
    vertex 3750.9787377115717 158.59459169955943 23.8945776725638
    vertex 3751.902007477158 158.76636180913908 22.971306512821045
  endloop
endfacet
facet normal -0.7071059424226501 2.000027474987281e-07 -0.7071076199494217
  outer loop
    vertex 3751.0818273992572 134.90400227314723 23.791487388481368
    vertex 3751.902007477158 158.76636180913908 22.971306512821045
    vertex 3751.9750778839543 134.87179193641785 22.898226451494676
  endloop
endfacet
facet normal -0.7071059424226501 2.000027474987281e-07 -0.7071076199494217
  outer loop
    vertex 3751.9750778839543 134.87179193641785 22.898226451494676
    vertex 3751.902007477158 158.76636180913908 22.971306512821045
    vertex 3751.9282773903406 158.77244243697186 22.945036600654912
  endloop
endfacet
facet normal -0.7071059424226501 2.000027474987281e-07 -0.7071076199494217
  outer loop
    vertex 3751.9750778839543 134.87179193641785 22.898226451494676
    vertex 3751.9282773903406 158.77244243697186 22.945036600654912
    vertex 3752.522777464834 158.96604214675617 22.350546561913543
  endloop
endfacet
facet normal -0.7071059424226501 2.000027474987281e-07 -0.7071076199494217
  outer loop
    vertex 3751.9750778839543 134.87179193641785 22.898226451494676
    vertex 3752.522777464834 158.96604214675617 22.350546561913543
    vertex 3752.014587658129 134.86593208516928 22.85872716949037
  endloop
endfacet
facet normal -0.7071059424226501 2.000027474987281e-07 -0.7071076199494217
  outer loop
    vertex 3752.014587658129 134.86593208516928 22.85872716949037
    vertex 3752.522777464834 158.96604214675617 22.350546561913543
    vertex 3753.244128035767 134.61924230703875 21.629187324185168
  endloop
endfacet
facet normal -0.7071059424226501 2.000027474987281e-07 -0.7071076199494217
  outer loop
    vertex 3753.244128035767 134.61924230703875 21.629187324185168
    vertex 3752.522777464834 158.96604214675617 22.350546561913543
    vertex 3752.541287329906 158.97448216473214 22.332028114427633
  endloop
endfacet
facet normal -0.7071059424226501 2.000027474987281e-07 -0.7071076199494217
  outer loop
    vertex 3753.244128035767 134.61924230703875 21.629187324185168
    vertex 3752.541287329906 158.97448216473214 22.332028114427633
    vertex 3753.115957653013 159.22903119978258 21.757347798168762
  endloop
endfacet
facet normal -0.7071059424226501 2.000027474987281e-07 -0.7071076199494217
  outer loop
    vertex 3753.244128035767 134.61924230703875 21.629187324185168
    vertex 3753.115957653013 159.22903119978258 21.757347798168762
    vertex 3753.3910574108977 159.3797918545157 21.4822566327014
  endloop
endfacet
facet normal -0.7071059424226501 2.000027474987281e-07 -0.7071076199494217
  outer loop
    vertex 3753.244128035767 134.61924230703875 21.629187324185168
    vertex 3753.3910574108977 159.3797918545157 21.4822566327014
    vertex 3754.34738762888 134.1885119806096 20.525927307151417
  endloop
endfacet
facet normal -0.7071059424226501 2.000027474987281e-07 -0.7071076199494217
  outer loop
    vertex 3754.34738762888 134.1885119806096 20.525927307151417
    vertex 3753.3910574108977 159.3797918545157 21.4822566327014
    vertex 3753.410947242661 159.3931013335718 21.462376338320745
  endloop
endfacet
facet normal -0.7071059424226501 2.000027474987281e-07 -0.7071076199494217
  outer loop
    vertex 3754.34738762888 134.1885119806096 20.525927307151417
    vertex 3753.410947242661 159.3931013335718 21.462376338320745
    vertex 3754.382707525688 160.09326232827325 20.49060702591333
  endloop
endfacet
facet normal -0.7071059424226501 2.000027474987281e-07 -0.7071076199494217
  outer loop
    vertex 3754.34738762888 134.1885119806096 20.525927307151417
    vertex 3754.382707525688 160.09326232827325 20.49060702591333
    vertex 3754.5131276467923 134.101411954087 20.360186343847264
  endloop
endfacet
facet normal -0.7071059424226501 2.000027474987281e-07 -0.7071076199494217
  outer loop
    vertex 3754.5131276467923 134.101411954087 20.360186343847264
    vertex 3754.382707525688 160.09326232827325 20.49060702591333
    vertex 3754.5131272575977 160.22613205067515 20.360186343847264
  endloop
endfacet
facet normal 6.101035950701444e-18 -0.9996865695479412 0.025035228488460466
  outer loop
    vertex 3739.994426772648 174.5077209767985 34.87888724670312
    vertex 3739.9939809172593 174.1442705546187 20.36587787204768
    vertex 3754.50743742916 174.1442705546187 20.36587787204768
  endloop
endfacet
facet normal -0.002510030865507137 0.0011370260422104257 -0.9999962034512099
  outer loop
    vertex 3756.7718472098823 174.1374804272201 20.360186391446234
    vertex 3754.5131271246355 169.1512228404701 20.360186343847264
    vertex 3754.50743742916 174.1442705546187 20.36587787204768
  endloop
endfacet
facet normal -1.0 0.0 0.0
  outer loop
    vertex 3728.974126068317 93.2102920770201 106.63585828670506
    vertex 3728.974126068317 90.21029212598161 64.0358582867051
    vertex 3728.974126068317 90.21029212598161 106.63585828670506
  endloop
endfacet
facet normal -1.0 0.0 0.0
  outer loop
    vertex 3728.974126068317 90.21029212598161 64.0358582867051
    vertex 3728.974126068317 93.2102920770201 106.63585828670506
    vertex 3728.974126068317 93.2102920770201 64.0358582867051
  endloop
endfacet
facet normal -0.9914448613737145 1.2410498260463054e-15 -0.13052619222078174
  outer loop
    vertex 3715.423014807751 90.2102921259818 109.22408685435886
    vertex 3715.474126068317 93.21029200292239 108.83585828670492
    vertex 3715.474126068317 90.2102921259817 108.83585828670506
  endloop
endfacet
facet normal -0.9914448613737145 1.2410498260463054e-15 -0.13052619222078174
  outer loop
    vertex 3715.474126068317 93.21029200292239 108.83585828670492
    vertex 3715.423014807751 90.2102921259818 109.22408685435886
    vertex 3715.423014807751 93.21029200292249 109.22408685435867
  endloop
endfacet
facet normal -0.9238795325113051 3.6385739834029065e-15 -0.3826834323650461
  outer loop
    vertex 3715.2731641739933 93.21029200292222 109.58585828670493
    vertex 3715.423014807751 90.2102921259818 109.22408685435886
    vertex 3715.2731641739933 90.21029212598151 109.58585828670508
  endloop
endfacet
facet normal -0.9238795325113051 3.6385739834029065e-15 -0.3826834323650461
  outer loop
    vertex 3715.423014807751 90.2102921259818 109.22408685435886
    vertex 3715.2731641739933 93.21029200292222 109.58585828670493
    vertex 3715.423014807751 93.21029200292249 109.22408685435867
  endloop
endfacet
facet normal -0.7933533402910741 5.788135336828155e-15 -0.6087614290089306
  outer loop
    vertex 3715.0347862400968 90.21029212598161 109.8965184584849
    vertex 3715.2731641739933 93.21029200292222 109.58585828670493
    vertex 3715.2731641739933 90.21029212598151 109.58585828670508
  endloop
endfacet
facet normal -0.7933533402910741 5.788135336828155e-15 -0.6087614290089306
  outer loop
    vertex 3715.2731641739933 93.21029200292222 109.58585828670493
    vertex 3715.0347862400968 90.21029212598161 109.8965184584849
    vertex 3715.0347862400968 93.2102920029223 109.89651845848472
  endloop
endfacet
facet normal -0.608761429009036 7.5432448323879e-15 -0.7933533402909932
  outer loop
    vertex 3715.0347862400968 93.2102920029223 109.89651845848472
    vertex 3714.7241260683168 90.2102921259818 110.13489639238178
    vertex 3714.7241260683168 93.21029200292249 110.13489639238159
  endloop
endfacet
facet normal -0.608761429009036 7.5432448323879e-15 -0.7933533402909932
  outer loop
    vertex 3714.7241260683168 90.2102921259818 110.13489639238178
    vertex 3715.0347862400968 93.2102920029223 109.89651845848472
    vertex 3715.0347862400968 90.21029212598161 109.8965184584849
  endloop
endfacet
facet normal -0.38268343236493574 8.784294658428945e-15 -0.9238795325113506
  outer loop
    vertex 3714.7241260683168 93.21029200292249 110.13489639238159
    vertex 3714.362354635971 90.2102921259817 110.28474702613866
    vertex 3714.362354635971 93.21029200292239 110.28474702613853
  endloop
endfacet
facet normal -0.38268343236493574 8.784294658428945e-15 -0.9238795325113506
  outer loop
    vertex 3714.362354635971 90.2102921259817 110.28474702613866
    vertex 3714.7241260683168 93.21029200292249 110.13489639238159
    vertex 3714.7241260683168 90.2102921259818 110.13489639238178
  endloop
endfacet
facet normal -0.13052619222017817 9.426709320227727e-15 -0.991444861373794
  outer loop
    vertex 3714.362354635971 93.21029200292239 110.28474702613853
    vertex 3713.974126068317 90.2102921259818 110.33585828670512
    vertex 3713.974126068317 93.21029200292249 110.33585828670499
  endloop
endfacet
facet normal -0.13052619222017817 9.426709320227727e-15 -0.991444861373794
  outer loop
    vertex 3713.974126068317 90.2102921259818 110.33585828670512
    vertex 3714.362354635971 93.21029200292239 110.28474702613853
    vertex 3714.362354635971 90.2102921259817 110.28474702613866
  endloop
endfacet
facet normal 0.13052619222029743 9.426709320227315e-15 -0.9914448613737782
  outer loop
    vertex 3713.974126068317 93.21029200292249 110.33585828670499
    vertex 3713.585897500663 90.2102921259817 110.28474702613866
    vertex 3713.585897500663 93.21029200292239 110.28474702613853
  endloop
endfacet
facet normal 0.13052619222029743 9.426709320227315e-15 -0.9914448613737782
  outer loop
    vertex 3713.585897500663 90.2102921259817 110.28474702613866
    vertex 3713.974126068317 93.21029200292249 110.33585828670499
    vertex 3713.974126068317 90.2102921259818 110.33585828670512
  endloop
endfacet
facet normal 0.38268343236493574 8.784294658428175e-15 -0.9238795325113506
  outer loop
    vertex 3713.585897500663 93.21029200292239 110.28474702613853
    vertex 3713.224126068317 90.2102921259818 110.13489639238178
    vertex 3713.224126068317 93.21029200292249 110.13489639238159
  endloop
endfacet
facet normal 0.38268343236493574 8.784294658428175e-15 -0.9238795325113506
  outer loop
    vertex 3713.224126068317 90.2102921259818 110.13489639238178
    vertex 3713.585897500663 93.21029200292239 110.28474702613853
    vertex 3713.585897500663 90.2102921259817 110.28474702613866
  endloop
endfacet
facet normal 0.6087614290085908 7.543244832389923e-15 -0.7933533402913349
  outer loop
    vertex 3713.224126068317 93.21029200292249 110.13489639238159
    vertex 3712.913465896537 90.21029212598161 109.8965184584849
    vertex 3712.913465896537 93.2102920029223 109.89651845848472
  endloop
endfacet
facet normal 0.6087614290085908 7.543244832389923e-15 -0.7933533402913349
  outer loop
    vertex 3712.913465896537 90.21029212598161 109.8965184584849
    vertex 3713.224126068317 93.21029200292249 110.13489639238159
    vertex 3713.224126068317 90.2102921259818 110.13489639238178
  endloop
endfacet
facet normal 0.7933533402915193 5.7881353368210415e-15 -0.6087614290083504
  outer loop
    vertex 3712.6750879626406 93.21029200292222 109.58585828670493
    vertex 3712.913465896537 90.21029212598161 109.8965184584849
    vertex 3712.6750879626406 90.21029212598151 109.58585828670508
  endloop
endfacet
facet normal 0.7933533402915193 5.7881353368210415e-15 -0.6087614290083504
  outer loop
    vertex 3712.913465896537 90.21029212598161 109.8965184584849
    vertex 3712.6750879626406 93.21029200292222 109.58585828670493
    vertex 3712.913465896537 93.2102920029223 109.89651845848472
  endloop
endfacet
facet normal 0.9238795325113051 3.638573983401049e-15 -0.3826834323650461
  outer loop
    vertex 3712.5252373288836 90.2102921259818 109.22408685435886
    vertex 3712.6750879626406 93.21029200292222 109.58585828670493
    vertex 3712.6750879626406 90.21029212598151 109.58585828670508
  endloop
endfacet
facet normal 0.9238795325113051 3.638573983401049e-15 -0.3826834323650461
  outer loop
    vertex 3712.6750879626406 93.21029200292222 109.58585828670493
    vertex 3712.5252373288836 90.2102921259818 109.22408685435886
    vertex 3712.5252373288836 93.21029200292249 109.22408685435867
  endloop
endfacet
facet normal 0.9914448613738337 1.2410498260356966e-15 -0.13052619221987566
  outer loop
    vertex 3712.474126068317 93.21029200292239 108.83585828670492
    vertex 3712.5252373288836 90.2102921259818 109.22408685435886
    vertex 3712.474126068317 90.2102921259817 108.83585828670506
  endloop
endfacet
facet normal 0.9914448613738337 1.2410498260356966e-15 -0.13052619221987566
  outer loop
    vertex 3712.5252373288836 90.2102921259818 109.22408685435886
    vertex 3712.474126068317 93.21029200292239 108.83585828670492
    vertex 3712.5252373288836 93.21029200292249 109.22408685435867
  endloop
endfacet
facet normal 0.9914448613738346 -1.2410498260376193e-15 0.1305261922198682
  outer loop
    vertex 3712.5252373288836 90.2102921259818 108.44762971905126
    vertex 3712.474126068317 93.21029200292239 108.83585828670492
    vertex 3712.474126068317 90.2102921259817 108.83585828670506
  endloop
endfacet
facet normal 0.9914448613738346 -1.2410498260376193e-15 0.1305261922198682
  outer loop
    vertex 3712.474126068317 93.21029200292239 108.83585828670492
    vertex 3712.5252373288836 90.2102921259818 108.44762971905126
    vertex 3712.5252373288836 93.21029200292249 108.44762971905112
  endloop
endfacet
facet normal 0.9238795325112966 -3.6385739834031005e-15 0.38268343236506647
  outer loop
    vertex 3712.6750879626406 93.2102920029223 108.08585828670492
    vertex 3712.5252373288836 90.2102921259818 108.44762971905126
    vertex 3712.6750879626406 90.21029212598161 108.08585828670505
  endloop
endfacet
facet normal 0.9238795325112966 -3.6385739834031005e-15 0.38268343236506647
  outer loop
    vertex 3712.5252373288836 90.2102921259818 108.44762971905126
    vertex 3712.6750879626406 93.2102920029223 108.08585828670492
    vertex 3712.5252373288836 93.21029200292249 108.44762971905112
  endloop
endfacet
facet normal 0.793353340291498 -5.7881353368229024e-15 0.6087614290083783
  outer loop
    vertex 3712.913465896537 90.2102921259818 107.77519811492526
    vertex 3712.6750879626406 93.2102920029223 108.08585828670492
    vertex 3712.6750879626406 90.21029212598161 108.08585828670505
  endloop
endfacet
facet normal 0.793353340291498 -5.7881353368229024e-15 0.6087614290083783
  outer loop
    vertex 3712.6750879626406 93.2102920029223 108.08585828670492
    vertex 3712.913465896537 90.2102921259818 107.77519811492526
    vertex 3712.913465896537 93.21029200292249 107.77519811492512
  endloop
endfacet
facet normal 0.6087614290085183 -7.543244832391678e-15 0.7933533402913905
  outer loop
    vertex 3713.224126068317 90.2102921259818 107.53682018102843
    vertex 3712.913465896537 93.21029200292249 107.77519811492512
    vertex 3712.913465896537 90.2102921259818 107.77519811492526
  endloop
endfacet
facet normal 0.6087614290085183 -7.543244832391678e-15 0.7933533402913905
  outer loop
    vertex 3712.913465896537 93.21029200292249 107.77519811492512
    vertex 3713.224126068317 90.2102921259818 107.53682018102843
    vertex 3713.224126068317 93.21029200292249 107.5368201810283
  endloop
endfacet
facet normal 0.38268343236518165 -8.784294658427978e-15 0.9238795325112488
  outer loop
    vertex 3713.585897500663 90.21029212598161 107.3869695472714
    vertex 3713.224126068317 93.21029200292249 107.5368201810283
    vertex 3713.224126068317 90.2102921259818 107.53682018102843
  endloop
endfacet
facet normal 0.38268343236518165 -8.784294658427978e-15 0.9238795325112488
  outer loop
    vertex 3713.224126068317 93.21029200292249 107.5368201810283
    vertex 3713.585897500663 90.21029212598161 107.3869695472714
    vertex 3713.585897500663 93.2102920029223 107.38696954727128
  endloop
endfacet
facet normal 0.13052619222007092 -9.42670932022786e-15 0.9914448613738079
  outer loop
    vertex 3713.974126068317 90.2102921259818 107.33585828670505
    vertex 3713.585897500663 93.2102920029223 107.38696954727128
    vertex 3713.585897500663 90.21029212598161 107.3869695472714
  endloop
endfacet
facet normal 0.13052619222007092 -9.42670932022786e-15 0.9914448613738079
  outer loop
    vertex 3713.585897500663 93.2102920029223 107.38696954727128
    vertex 3713.974126068317 90.2102921259818 107.33585828670505
    vertex 3713.974126068317 93.21029200292249 107.3358582867049
  endloop
endfacet
facet normal -0.13052619221995165 -9.426709320227747e-15 0.9914448613738237
  outer loop
    vertex 3714.362354635971 90.21029212598161 107.3869695472714
    vertex 3713.974126068317 93.21029200292249 107.3358582867049
    vertex 3713.974126068317 90.2102921259818 107.33585828670505
  endloop
endfacet
facet normal -0.13052619221995165 -9.426709320227747e-15 0.9914448613738237
  outer loop
    vertex 3713.974126068317 93.21029200292249 107.3358582867049
    vertex 3714.362354635971 90.21029212598161 107.3869695472714
    vertex 3714.362354635971 93.2102920029223 107.38696954727128
  endloop
endfacet
facet normal -0.38268343236518165 -8.784294658427207e-15 0.9238795325112488
  outer loop
    vertex 3714.7241260683168 90.2102921259818 107.53682018102843
    vertex 3714.362354635971 93.2102920029223 107.38696954727128
    vertex 3714.362354635971 90.21029212598161 107.3869695472714
  endloop
endfacet
facet normal -0.38268343236518165 -8.784294658427207e-15 0.9238795325112488
  outer loop
    vertex 3714.362354635971 93.2102920029223 107.38696954727128
    vertex 3714.7241260683168 90.2102921259818 107.53682018102843
    vertex 3714.7241260683168 93.21029200292249 107.5368201810283
  endloop
endfacet
facet normal -0.6087614290089635 -7.543244832387203e-15 0.7933533402910489
  outer loop
    vertex 3715.0347862400968 90.2102921259818 107.77519811492526
    vertex 3714.7241260683168 93.21029200292249 107.5368201810283
    vertex 3714.7241260683168 90.2102921259818 107.53682018102843
  endloop
endfacet
facet normal -0.6087614290089635 -7.543244832387203e-15 0.7933533402910489
  outer loop
    vertex 3714.7241260683168 93.21029200292249 107.5368201810283
    vertex 3715.0347862400968 90.2102921259818 107.77519811492526
    vertex 3715.0347862400968 93.21029200292249 107.77519811492512
  endloop
endfacet
facet normal -0.7933533402910529 -5.788135336826824e-15 0.6087614290089585
  outer loop
    vertex 3715.2731641739933 93.2102920029223 108.08585828670492
    vertex 3715.0347862400968 90.2102921259818 107.77519811492526
    vertex 3715.2731641739933 90.21029212598161 108.08585828670505
  endloop
endfacet
facet normal -0.7933533402910529 -5.788135336826824e-15 0.6087614290089585
  outer loop
    vertex 3715.0347862400968 90.2102921259818 107.77519811492526
    vertex 3715.2731641739933 93.2102920029223 108.08585828670492
    vertex 3715.0347862400968 93.21029200292249 107.77519811492512
  endloop
endfacet
facet normal -0.9238795325112966 -3.638573983401242e-15 0.38268343236506647
  outer loop
    vertex 3715.423014807751 90.2102921259818 108.44762971905126
    vertex 3715.2731641739933 93.2102920029223 108.08585828670492
    vertex 3715.2731641739933 90.21029212598161 108.08585828670505
  endloop
endfacet
facet normal -0.9238795325112966 -3.638573983401242e-15 0.38268343236506647
  outer loop
    vertex 3715.2731641739933 93.2102920029223 108.08585828670492
    vertex 3715.423014807751 90.2102921259818 108.44762971905126
    vertex 3715.423014807751 93.21029200292249 108.44762971905112
  endloop
endfacet
facet normal -0.9914448613737153 -1.241049826044241e-15 0.13052619222077427
  outer loop
    vertex 3715.474126068317 93.21029200292239 108.83585828670492
    vertex 3715.423014807751 90.2102921259818 108.44762971905126
    vertex 3715.474126068317 90.2102921259817 108.83585828670506
  endloop
endfacet
facet normal -0.9914448613737153 -1.241049826044241e-15 0.13052619222077427
  outer loop
    vertex 3715.423014807751 90.2102921259818 108.44762971905126
    vertex 3715.474126068317 93.21029200292239 108.83585828670492
    vertex 3715.423014807751 93.21029200292249 108.44762971905112
  endloop
endfacet
facet normal -0.9914448613738357 2.3083446034024598e-17 0.13052619221986075
  outer loop
    vertex 3725.474126068317 93.21029209193895 108.83585828670506
    vertex 3725.423014807751 90.2102921259818 108.44762971905126
    vertex 3725.474126068317 90.2102921259817 108.83585828670506
  endloop
endfacet
facet normal -0.9914448613738357 2.3083446034024598e-17 0.13052619221986075
  outer loop
    vertex 3725.423014807751 90.2102921259818 108.44762971905126
    vertex 3725.474126068317 93.21029209193895 108.83585828670506
    vertex 3725.423014807751 93.21029209193904 108.44762971905126
  endloop
endfacet
facet normal -0.9914448613738327 -2.3083446034028554e-17 -0.13052619221988312
  outer loop
    vertex 3725.423014807751 90.2102921259818 109.22408685435882
    vertex 3725.474126068317 93.21029209193895 108.83585828670506
    vertex 3725.474126068317 90.2102921259817 108.83585828670506
  endloop
endfacet
facet normal -0.9914448613738327 -2.3083446034028554e-17 -0.13052619221988312
  outer loop
    vertex 3725.474126068317 93.21029209193895 108.83585828670506
    vertex 3725.423014807751 90.2102921259818 109.22408685435882
    vertex 3725.423014807751 93.21029209193904 109.22408685435882
  endloop
endfacet
facet normal -0.9238795325113133 -6.767723940214086e-17 -0.3826834323650256
  outer loop
    vertex 3725.2731641739942 93.21029209193877 109.58585828670508
    vertex 3725.423014807751 90.2102921259818 109.22408685435882
    vertex 3725.2731641739942 90.21029212598151 109.58585828670508
  endloop
endfacet
facet normal -0.9238795325113133 -6.767723940214086e-17 -0.3826834323650256
  outer loop
    vertex 3725.423014807751 90.2102921259818 109.22408685435882
    vertex 3725.2731641739942 93.21029209193877 109.58585828670508
    vertex 3725.423014807751 93.21029209193904 109.22408685435882
  endloop
endfacet
facet normal -0.7933533402910529 -1.0765894074695761e-16 -0.6087614290089585
  outer loop
    vertex 3725.0347862400968 90.21029212598161 109.89651845848486
    vertex 3725.2731641739942 93.21029209193877 109.58585828670508
    vertex 3725.2731641739942 90.21029212598151 109.58585828670508
  endloop
endfacet
facet normal -0.7933533402910529 -1.0765894074695761e-16 -0.6087614290089585
  outer loop
    vertex 3725.2731641739942 93.21029209193877 109.58585828670508
    vertex 3725.0347862400968 90.21029212598161 109.89651845848486
    vertex 3725.0347862400968 93.21029209193887 109.89651845848486
  endloop
endfacet
facet normal -0.608761429009036 -1.403038631945455e-16 -0.7933533402909932
  outer loop
    vertex 3725.0347862400968 93.21029209193887 109.89651845848486
    vertex 3724.7241260683177 90.2102921259818 110.13489639238173
    vertex 3724.7241260683177 93.21029209193904 110.13489639238173
  endloop
endfacet
facet normal -0.608761429009036 -1.403038631945455e-16 -0.7933533402909932
  outer loop
    vertex 3724.7241260683177 90.2102921259818 110.13489639238173
    vertex 3725.0347862400968 93.21029209193887 109.89651845848486
    vertex 3725.0347862400968 90.21029212598161 109.89651845848486
  endloop
endfacet
facet normal -0.382683432364985 -1.6338730922865437e-16 -0.9238795325113303
  outer loop
    vertex 3724.7241260683177 93.21029209193904 110.13489639238173
    vertex 3724.362354635971 90.2102921259818 110.28474702613866
    vertex 3724.362354635971 93.21029209193904 110.28474702613866
  endloop
endfacet
facet normal -0.382683432364985 -1.6338730922865437e-16 -0.9238795325113303
  outer loop
    vertex 3724.362354635971 90.2102921259818 110.28474702613866
    vertex 3724.7241260683177 93.21029209193904 110.13489639238173
    vertex 3724.7241260683177 90.2102921259818 110.13489639238173
  endloop
endfacet
facet normal -0.1305261922200649 -1.7533618014906745e-16 -0.9914448613738087
  outer loop
    vertex 3724.362354635971 93.21029209193904 110.28474702613866
    vertex 3723.9741260683168 90.2102921259818 110.33585828670508
    vertex 3723.9741260683168 93.21029209193904 110.33585828670508
  endloop
endfacet
facet normal -0.1305261922200649 -1.7533618014906745e-16 -0.9914448613738087
  outer loop
    vertex 3723.9741260683168 90.2102921259818 110.33585828670508
    vertex 3724.362354635971 93.21029209193904 110.28474702613866
    vertex 3724.362354635971 90.2102921259818 110.28474702613866
  endloop
endfacet
facet normal 0.1305261922200649 -1.7533618014906745e-16 -0.9914448613738087
  outer loop
    vertex 3723.9741260683168 93.21029209193904 110.33585828670508
    vertex 3723.585897500663 90.2102921259818 110.28474702613866
    vertex 3723.585897500663 93.21029209193904 110.28474702613866
  endloop
endfacet
facet normal 0.1305261922200649 -1.7533618014906745e-16 -0.9914448613738087
  outer loop
    vertex 3723.585897500663 90.2102921259818 110.28474702613866
    vertex 3723.9741260683168 93.21029209193904 110.33585828670508
    vertex 3723.9741260683168 90.2102921259818 110.33585828670508
  endloop
endfacet
facet normal 0.382683432364985 -1.6338730922865437e-16 -0.9238795325113303
  outer loop
    vertex 3723.585897500663 93.21029209193904 110.28474702613866
    vertex 3723.224126068317 90.2102921259818 110.13489639238173
    vertex 3723.224126068317 93.21029209193904 110.13489639238173
  endloop
endfacet
facet normal 0.382683432364985 -1.6338730922865437e-16 -0.9238795325113303
  outer loop
    vertex 3723.224126068317 90.2102921259818 110.13489639238173
    vertex 3723.585897500663 93.21029209193904 110.28474702613866
    vertex 3723.585897500663 90.2102921259818 110.28474702613866
  endloop
endfacet
facet normal 0.608761429009036 -1.403038631945455e-16 -0.7933533402909932
  outer loop
    vertex 3723.224126068317 93.21029209193904 110.13489639238173
    vertex 3722.913465896537 90.21029212598161 109.89651845848486
    vertex 3722.913465896537 93.21029209193887 109.89651845848486
  endloop
endfacet
facet normal 0.608761429009036 -1.403038631945455e-16 -0.7933533402909932
  outer loop
    vertex 3722.913465896537 90.21029212598161 109.89651845848486
    vertex 3723.224126068317 93.21029209193904 110.13489639238173
    vertex 3723.224126068317 90.2102921259818 110.13489639238173
  endloop
endfacet
facet normal 0.7933533402910529 -1.0765894074695761e-16 -0.6087614290089585
  outer loop
    vertex 3722.6750879626406 93.21029209193877 109.58585828670508
    vertex 3722.913465896537 90.21029212598161 109.89651845848486
    vertex 3722.6750879626406 90.21029212598151 109.58585828670508
  endloop
endfacet
facet normal 0.7933533402910529 -1.0765894074695761e-16 -0.6087614290089585
  outer loop
    vertex 3722.913465896537 90.21029212598161 109.89651845848486
    vertex 3722.6750879626406 93.21029209193877 109.58585828670508
    vertex 3722.913465896537 93.21029209193887 109.89651845848486
  endloop
endfacet
facet normal 0.9238795325113133 -6.767723940214086e-17 -0.3826834323650256
  outer loop
    vertex 3722.525237328883 90.2102921259818 109.22408685435882
    vertex 3722.6750879626406 93.21029209193877 109.58585828670508
    vertex 3722.6750879626406 90.21029212598151 109.58585828670508
  endloop
endfacet
facet normal 0.9238795325113133 -6.767723940214086e-17 -0.3826834323650256
  outer loop
    vertex 3722.6750879626406 93.21029209193877 109.58585828670508
    vertex 3722.525237328883 90.2102921259818 109.22408685435882
    vertex 3722.525237328883 93.21029209193904 109.22408685435882
  endloop
endfacet
facet normal 0.9914448613738327 -2.3083446034028554e-17 -0.13052619221988312
  outer loop
    vertex 3722.474126068317 93.21029209193895 108.83585828670506
    vertex 3722.525237328883 90.2102921259818 109.22408685435882
    vertex 3722.474126068317 90.2102921259817 108.83585828670506
  endloop
endfacet
facet normal 0.9914448613738327 -2.3083446034028554e-17 -0.13052619221988312
  outer loop
    vertex 3722.525237328883 90.2102921259818 109.22408685435882
    vertex 3722.474126068317 93.21029209193895 108.83585828670506
    vertex 3722.525237328883 93.21029209193904 109.22408685435882
  endloop
endfacet
facet normal 0.9914448613738357 2.3083446034024598e-17 0.13052619221986075
  outer loop
    vertex 3722.525237328883 90.2102921259818 108.44762971905126
    vertex 3722.474126068317 93.21029209193895 108.83585828670506
    vertex 3722.474126068317 90.2102921259817 108.83585828670506
  endloop
endfacet
facet normal 0.9914448613738357 2.3083446034024598e-17 0.13052619221986075
  outer loop
    vertex 3722.474126068317 93.21029209193895 108.83585828670506
    vertex 3722.525237328883 90.2102921259818 108.44762971905126
    vertex 3722.525237328883 93.21029209193904 108.44762971905126
  endloop
endfacet
facet normal 0.9238795325112882 6.767723940215168e-17 0.38268343236508684
  outer loop
    vertex 3722.6750879626406 93.21029209193887 108.08585828670505
    vertex 3722.525237328883 90.2102921259818 108.44762971905126
    vertex 3722.6750879626406 90.21029212598161 108.08585828670505
  endloop
endfacet
facet normal 0.9238795325112882 6.767723940215168e-17 0.38268343236508684
  outer loop
    vertex 3722.525237328883 90.2102921259818 108.44762971905126
    vertex 3722.6750879626406 93.21029209193887 108.08585828670505
    vertex 3722.525237328883 93.21029209193904 108.44762971905126
  endloop
endfacet
facet normal 0.7933533402910529 1.0765894074695761e-16 0.6087614290089585
  outer loop
    vertex 3722.913465896537 90.2102921259818 107.77519811492526
    vertex 3722.6750879626406 93.21029209193887 108.08585828670505
    vertex 3722.6750879626406 90.21029212598161 108.08585828670505
  endloop
endfacet
facet normal 0.7933533402910529 1.0765894074695761e-16 0.6087614290089585
  outer loop
    vertex 3722.6750879626406 93.21029209193887 108.08585828670505
    vertex 3722.913465896537 90.2102921259818 107.77519811492526
    vertex 3722.913465896537 93.21029209193904 107.77519811492526
  endloop
endfacet
facet normal 0.6087614290089998 1.4030386319455044e-16 0.7933533402910212
  outer loop
    vertex 3723.224126068317 90.2102921259818 107.53682018102843
    vertex 3722.913465896537 93.21029209193904 107.77519811492526
    vertex 3722.913465896537 90.2102921259818 107.77519811492526
  endloop
endfacet
facet normal 0.6087614290089998 1.4030386319455044e-16 0.7933533402910212
  outer loop
    vertex 3722.913465896537 93.21029209193904 107.77519811492526
    vertex 3723.224126068317 90.2102921259818 107.53682018102843
    vertex 3723.224126068317 93.21029209193904 107.53682018102843
  endloop
endfacet
facet normal 0.38268343236513247 1.6338730922864354e-16 0.9238795325112692
  outer loop
    vertex 3723.585897500663 90.21029212598161 107.3869695472714
    vertex 3723.224126068317 93.21029209193904 107.53682018102843
    vertex 3723.224126068317 90.2102921259818 107.53682018102843
  endloop
endfacet
facet normal 0.38268343236513247 1.6338730922864354e-16 0.9238795325112692
  outer loop
    vertex 3723.224126068317 93.21029209193904 107.53682018102843
    vertex 3723.585897500663 90.21029212598161 107.3869695472714
    vertex 3723.585897500663 93.21029209193887 107.3869695472714
  endloop
endfacet
facet normal 0.13052619221995165 1.753361801490701e-16 0.9914448613738237
  outer loop
    vertex 3723.9741260683168 90.2102921259818 107.33585828670505
    vertex 3723.585897500663 93.21029209193887 107.3869695472714
    vertex 3723.585897500663 90.21029212598161 107.3869695472714
  endloop
endfacet
facet normal 0.13052619221995165 1.753361801490701e-16 0.9914448613738237
  outer loop
    vertex 3723.585897500663 93.21029209193887 107.3869695472714
    vertex 3723.9741260683168 90.2102921259818 107.33585828670505
    vertex 3723.9741260683168 93.21029209193904 107.33585828670505
  endloop
endfacet
facet normal -0.13052619221995165 1.753361801490701e-16 0.9914448613738237
  outer loop
    vertex 3724.362354635971 90.21029212598161 107.3869695472714
    vertex 3723.9741260683168 93.21029209193904 107.33585828670505
    vertex 3723.9741260683168 90.2102921259818 107.33585828670505
  endloop
endfacet
facet normal -0.13052619221995165 1.753361801490701e-16 0.9914448613738237
  outer loop
    vertex 3723.9741260683168 93.21029209193904 107.33585828670505
    vertex 3724.362354635971 90.21029212598161 107.3869695472714
    vertex 3724.362354635971 93.21029209193887 107.3869695472714
  endloop
endfacet
facet normal -0.38268343236513247 1.6338730922864354e-16 0.9238795325112692
  outer loop
    vertex 3724.7241260683177 90.2102921259818 107.53682018102843
    vertex 3724.362354635971 93.21029209193887 107.3869695472714
    vertex 3724.362354635971 90.21029212598161 107.3869695472714
  endloop
endfacet
facet normal -0.38268343236513247 1.6338730922864354e-16 0.9238795325112692
  outer loop
    vertex 3724.362354635971 93.21029209193887 107.3869695472714
    vertex 3724.7241260683177 90.2102921259818 107.53682018102843
    vertex 3724.7241260683177 93.21029209193904 107.53682018102843
  endloop
endfacet
facet normal -0.6087614290089998 1.4030386319455044e-16 0.7933533402910212
  outer loop
    vertex 3725.0347862400968 90.2102921259818 107.77519811492526
    vertex 3724.7241260683177 93.21029209193904 107.53682018102843
    vertex 3724.7241260683177 90.2102921259818 107.53682018102843
  endloop
endfacet
facet normal -0.6087614290089998 1.4030386319455044e-16 0.7933533402910212
  outer loop
    vertex 3724.7241260683177 93.21029209193904 107.53682018102843
    vertex 3725.0347862400968 90.2102921259818 107.77519811492526
    vertex 3725.0347862400968 93.21029209193904 107.77519811492526
  endloop
endfacet
facet normal -0.7933533402910529 1.0765894074695761e-16 0.6087614290089585
  outer loop
    vertex 3725.2731641739942 93.21029209193887 108.08585828670505
    vertex 3725.0347862400968 90.2102921259818 107.77519811492526
    vertex 3725.2731641739942 90.21029212598161 108.08585828670505
  endloop
endfacet
facet normal -0.7933533402910529 1.0765894074695761e-16 0.6087614290089585
  outer loop
    vertex 3725.0347862400968 90.2102921259818 107.77519811492526
    vertex 3725.2731641739942 93.21029209193887 108.08585828670505
    vertex 3725.0347862400968 93.21029209193904 107.77519811492526
  endloop
endfacet
facet normal -0.9238795325112882 6.767723940215168e-17 0.38268343236508684
  outer loop
    vertex 3725.423014807751 90.2102921259818 108.44762971905126
    vertex 3725.2731641739942 93.21029209193887 108.08585828670505
    vertex 3725.2731641739942 90.21029212598161 108.08585828670505
  endloop
endfacet
facet normal -0.9238795325112882 6.767723940215168e-17 0.38268343236508684
  outer loop
    vertex 3725.2731641739942 93.21029209193887 108.08585828670505
    vertex 3725.423014807751 90.2102921259818 108.44762971905126
    vertex 3725.423014807751 93.21029209193904 108.44762971905126
  endloop
endfacet
facet normal 0.608761429008482 1.6616719802445847e-14 -0.7933533402914182
  outer loop
    vertex 3713.224126068317 93.19933380027128 63.13489639238172
    vertex 3712.913465896537 90.21029212598161 62.89651845848491
    vertex 3712.913465896537 93.19933380027118 62.89651845848491
  endloop
endfacet
facet normal 0.608761429008482 1.6616719802445847e-14 -0.7933533402914182
  outer loop
    vertex 3712.913465896537 90.21029212598161 62.89651845848491
    vertex 3713.224126068317 93.19933380027128 63.13489639238172
    vertex 3713.224126068317 90.2102921259817 63.13489639238172
  endloop
endfacet
facet normal 0.793353340291498 1.2750457556092348e-14 -0.6087614290083783
  outer loop
    vertex 3712.6750879626406 90.2102921259818 62.585858286705125
    vertex 3712.913465896537 93.19933380027118 62.89651845848491
    vertex 3712.913465896537 90.21029212598161 62.89651845848491
  endloop
endfacet
facet normal 0.793353340291498 1.2750457556092348e-14 -0.6087614290083783
  outer loop
    vertex 3712.913465896537 93.19933380027118 62.89651845848491
    vertex 3712.6750879626406 90.2102921259818 62.585858286705125
    vertex 3712.6750879626406 93.19933380027136 62.585858286705125
  endloop
endfacet
facet normal 0.9238795325113092 8.015272698435103e-15 -0.3826834323650359
  outer loop
    vertex 3712.5252373288836 93.19933380027136 62.22408685435888
    vertex 3712.6750879626406 90.2102921259818 62.585858286705125
    vertex 3712.5252373288836 90.2102921259818 62.22408685435888
  endloop
endfacet
facet normal 0.9238795325113092 8.015272698435103e-15 -0.3826834323650359
  outer loop
    vertex 3712.6750879626406 90.2102921259818 62.585858286705125
    vertex 3712.5252373288836 93.19933380027136 62.22408685435888
    vertex 3712.6750879626406 93.19933380027136 62.585858286705125
  endloop
endfacet
facet normal 0.9914448613738331 2.7338602522353287e-15 -0.13052619221987938
  outer loop
    vertex 3712.474126068317 93.19933380027128 61.83585828670511
    vertex 3712.5252373288836 90.2102921259818 62.22408685435888
    vertex 3712.474126068317 90.2102921259817 61.83585828670511
  endloop
endfacet
facet normal 0.9914448613738331 2.7338602522353287e-15 -0.13052619221987938
  outer loop
    vertex 3712.5252373288836 90.2102921259818 62.22408685435888
    vertex 3712.474126068317 93.19933380027128 61.83585828670511
    vertex 3712.5252373288836 93.19933380027136 62.22408685435888
  endloop
endfacet
facet normal 0.9914448613738346 -2.7338602522269214e-15 0.1305261922198682
  outer loop
    vertex 3712.5252373288836 90.2102921259818 61.447629719051314
    vertex 3712.474126068317 93.19933380027128 61.83585828670511
    vertex 3712.474126068317 90.2102921259817 61.83585828670511
  endloop
endfacet
facet normal 0.9914448613738346 -2.7338602522269214e-15 0.1305261922198682
  outer loop
    vertex 3712.474126068317 93.19933380027128 61.83585828670511
    vertex 3712.5252373288836 90.2102921259818 61.447629719051314
    vertex 3712.5252373288836 93.19933380027136 61.447629719051314
  endloop
endfacet
facet normal 0.9238795325113092 -8.015272698427487e-15 0.3826834323650359
  outer loop
    vertex 3712.6750879626406 93.19933380027118 61.08585828670507
    vertex 3712.5252373288836 90.2102921259818 61.447629719051314
    vertex 3712.6750879626406 90.21029212598161 61.08585828670507
  endloop
endfacet
facet normal 0.9238795325113092 -8.015272698427487e-15 0.3826834323650359
  outer loop
    vertex 3712.5252373288836 90.2102921259818 61.447629719051314
    vertex 3712.6750879626406 93.19933380027118 61.08585828670507
    vertex 3712.5252373288836 93.19933380027136 61.447629719051314
  endloop
endfacet
facet normal 0.7933533402914765 -1.2750457556086389e-14 0.608761429008406
  outer loop
    vertex 3712.913465896537 93.19933380027109 60.7751981149253
    vertex 3712.6750879626406 90.21029212598161 61.08585828670507
    vertex 3712.913465896537 90.21029212598151 60.7751981149253
  endloop
endfacet
facet normal 0.7933533402914765 -1.2750457556086389e-14 0.608761429008406
  outer loop
    vertex 3712.6750879626406 90.21029212598161 61.08585828670507
    vertex 3712.913465896537 93.19933380027109 60.7751981149253
    vertex 3712.6750879626406 93.19933380027118 61.08585828670507
  endloop
endfacet
facet normal 0.6087614290086996 -1.6616719802437334e-14 0.7933533402912515
  outer loop
    vertex 3713.224126068317 90.21029212598215 60.53682018102836
    vertex 3712.913465896537 93.19933380027109 60.7751981149253
    vertex 3712.913465896537 90.21029212598151 60.7751981149253
  endloop
endfacet
facet normal 0.6087614290086996 -1.6616719802437334e-14 0.7933533402912515
  outer loop
    vertex 3712.913465896537 93.19933380027109 60.7751981149253
    vertex 3713.224126068317 90.21029212598215 60.53682018102836
    vertex 3713.224126068317 93.19933380027173 60.53682018102836
  endloop
endfacet
facet normal 0.3826834323649604 -1.9350580054673902e-14 0.9238795325113404
  outer loop
    vertex 3713.585897500663 90.2102921259818 60.38696954727144
    vertex 3713.224126068317 93.19933380027173 60.53682018102836
    vertex 3713.224126068317 90.21029212598215 60.53682018102836
  endloop
endfacet
facet normal 0.3826834323649604 -1.9350580054673902e-14 0.9238795325113404
  outer loop
    vertex 3713.224126068317 93.19933380027173 60.53682018102836
    vertex 3713.585897500663 90.2102921259818 60.38696954727144
    vertex 3713.585897500663 93.19933380027136 60.38696954727144
  endloop
endfacet
facet normal 0.13052619222009923 -2.0765730254528008e-14 0.9914448613738042
  outer loop
    vertex 3713.974126068317 90.21029212598161 60.33585828670506
    vertex 3713.585897500663 93.19933380027136 60.38696954727144
    vertex 3713.585897500663 90.2102921259818 60.38696954727144
  endloop
endfacet
facet normal 0.13052619222009923 -2.0765730254528008e-14 0.9914448613738042
  outer loop
    vertex 3713.585897500663 93.19933380027136 60.38696954727144
    vertex 3713.974126068317 90.21029212598161 60.33585828670506
    vertex 3713.974126068317 93.19933380027118 60.33585828670506
  endloop
endfacet
facet normal -0.13052619221997996 -2.0765730254529412e-14 0.99144486137382
  outer loop
    vertex 3714.362354635971 90.2102921259818 60.38696954727144
    vertex 3713.974126068317 93.19933380027118 60.33585828670506
    vertex 3713.974126068317 90.21029212598161 60.33585828670506
  endloop
endfacet
facet normal -0.13052619221997996 -2.0765730254529412e-14 0.99144486137382
  outer loop
    vertex 3713.974126068317 93.19933380027118 60.33585828670506
    vertex 3714.362354635971 90.2102921259818 60.38696954727144
    vertex 3714.362354635971 93.19933380027136 60.38696954727144
  endloop
endfacet
facet normal -0.3826834323649604 -1.9350580054677057e-14 0.9238795325113404
  outer loop
    vertex 3714.7241260683168 90.21029212598215 60.53682018102836
    vertex 3714.362354635971 93.19933380027136 60.38696954727144
    vertex 3714.362354635971 90.2102921259818 60.38696954727144
  endloop
endfacet
facet normal -0.3826834323649604 -1.9350580054677057e-14 0.9238795325113404
  outer loop
    vertex 3714.362354635971 93.19933380027136 60.38696954727144
    vertex 3714.7241260683168 90.21029212598215 60.53682018102836
    vertex 3714.7241260683168 93.19933380027173 60.53682018102836
  endloop
endfacet
facet normal -0.6087614290091448 -1.66167198024352e-14 0.7933533402909099
  outer loop
    vertex 3715.0347862400968 90.21029212598151 60.7751981149253
    vertex 3714.7241260683168 93.19933380027173 60.53682018102836
    vertex 3714.7241260683168 90.21029212598215 60.53682018102836
  endloop
endfacet
facet normal -0.6087614290091448 -1.66167198024352e-14 0.7933533402909099
  outer loop
    vertex 3714.7241260683168 93.19933380027173 60.53682018102836
    vertex 3715.0347862400968 90.21029212598151 60.7751981149253
    vertex 3715.0347862400968 93.19933380027109 60.7751981149253
  endloop
endfacet
facet normal -0.7933533402910313 -1.2750457556105083e-14 0.6087614290089862
  outer loop
    vertex 3715.2731641739933 90.21029212598161 61.08585828670507
    vertex 3715.0347862400968 93.19933380027109 60.7751981149253
    vertex 3715.0347862400968 90.21029212598151 60.7751981149253
  endloop
endfacet
facet normal -0.7933533402910313 -1.2750457556105083e-14 0.6087614290089862
  outer loop
    vertex 3715.0347862400968 93.19933380027109 60.7751981149253
    vertex 3715.2731641739933 90.21029212598161 61.08585828670507
    vertex 3715.2731641739933 93.19933380027118 61.08585828670507
  endloop
endfacet
facet normal -0.9238795325113092 -8.015272698435103e-15 0.3826834323650359
  outer loop
    vertex 3715.423014807751 90.2102921259818 61.447629719051314
    vertex 3715.2731641739933 93.19933380027118 61.08585828670507
    vertex 3715.2731641739933 90.21029212598161 61.08585828670507
  endloop
endfacet
facet normal -0.9238795325113092 -8.015272698435103e-15 0.3826834323650359
  outer loop
    vertex 3715.2731641739933 93.19933380027118 61.08585828670507
    vertex 3715.423014807751 90.2102921259818 61.447629719051314
    vertex 3715.423014807751 93.19933380027136 61.447629719051314
  endloop
endfacet
facet normal -0.9914448613737153 -2.7338602522540728e-15 0.13052619222077427
  outer loop
    vertex 3715.474126068317 93.19933380027128 61.83585828670511
    vertex 3715.423014807751 90.2102921259818 61.447629719051314
    vertex 3715.474126068317 90.2102921259817 61.83585828670511
  endloop
endfacet
facet normal -0.9914448613737153 -2.7338602522540728e-15 0.13052619222077427
  outer loop
    vertex 3715.423014807751 90.2102921259818 61.447629719051314
    vertex 3715.474126068317 93.19933380027128 61.83585828670511
    vertex 3715.423014807751 93.19933380027136 61.447629719051314
  endloop
endfacet
facet normal -0.9914448613737139 2.733860252246134e-15 -0.13052619222078546
  outer loop
    vertex 3715.423014807751 90.2102921259818 62.22408685435888
    vertex 3715.474126068317 93.19933380027128 61.83585828670511
    vertex 3715.474126068317 90.2102921259817 61.83585828670511
  endloop
endfacet
facet normal -0.9914448613737139 2.733860252246134e-15 -0.13052619222078546
  outer loop
    vertex 3715.474126068317 93.19933380027128 61.83585828670511
    vertex 3715.423014807751 90.2102921259818 62.22408685435888
    vertex 3715.423014807751 93.19933380027136 62.22408685435888
  endloop
endfacet
facet normal -0.9238795325113092 8.015272698427487e-15 -0.3826834323650359
  outer loop
    vertex 3715.2731641739933 93.19933380027136 62.585858286705125
    vertex 3715.423014807751 90.2102921259818 62.22408685435888
    vertex 3715.2731641739933 90.2102921259818 62.585858286705125
  endloop
endfacet
facet normal -0.9238795325113092 8.015272698427487e-15 -0.3826834323650359
  outer loop
    vertex 3715.423014807751 90.2102921259818 62.22408685435888
    vertex 3715.2731641739933 93.19933380027136 62.585858286705125
    vertex 3715.423014807751 93.19933380027136 62.22408685435888
  endloop
endfacet
facet normal -0.7933533402910529 1.2750457556097962e-14 -0.6087614290089585
  outer loop
    vertex 3715.0347862400968 93.19933380027118 62.89651845848491
    vertex 3715.2731641739933 90.2102921259818 62.585858286705125
    vertex 3715.0347862400968 90.21029212598161 62.89651845848491
  endloop
endfacet
facet normal -0.7933533402910529 1.2750457556097962e-14 -0.6087614290089585
  outer loop
    vertex 3715.2731641739933 90.2102921259818 62.585858286705125
    vertex 3715.0347862400968 93.19933380027118 62.89651845848491
    vertex 3715.2731641739933 93.19933380027136 62.585858286705125
  endloop
endfacet
facet normal -0.6087614290089273 1.661671980243368e-14 -0.7933533402910768
  outer loop
    vertex 3715.0347862400968 93.19933380027118 62.89651845848491
    vertex 3714.7241260683168 90.2102921259817 63.13489639238172
    vertex 3714.7241260683168 93.19933380027128 63.13489639238172
  endloop
endfacet
facet normal -0.6087614290089273 1.661671980243368e-14 -0.7933533402910768
  outer loop
    vertex 3714.7241260683168 90.2102921259817 63.13489639238172
    vertex 3715.0347862400968 93.19933380027118 62.89651845848491
    vertex 3715.0347862400968 90.21029212598161 62.89651845848491
  endloop
endfacet
facet normal -0.38268343236518165 1.9350580054671984e-14 -0.9238795325112488
  outer loop
    vertex 3714.7241260683168 93.19933380027128 63.13489639238172
    vertex 3714.362354635971 90.2102921259817 63.28474702613874
    vertex 3714.362354635971 93.19933380027128 63.28474702613874
  endloop
endfacet
facet normal -0.38268343236518165 1.9350580054671984e-14 -0.9238795325112488
  outer loop
    vertex 3714.362354635971 90.2102921259817 63.28474702613874
    vertex 3714.7241260683168 93.19933380027128 63.13489639238172
    vertex 3714.7241260683168 90.2102921259817 63.13489639238172
  endloop
endfacet
facet normal -0.130526192219895 2.076573025452857e-14 -0.9914448613738311
  outer loop
    vertex 3714.362354635971 93.19933380027128 63.28474702613874
    vertex 3713.974126068317 90.21029212598188 63.33585828670509
    vertex 3713.974126068317 93.19933380027145 63.33585828670509
  endloop
endfacet
facet normal -0.130526192219895 2.076573025452857e-14 -0.9914448613738311
  outer loop
    vertex 3713.974126068317 90.21029212598188 63.33585828670509
    vertex 3714.362354635971 93.19933380027128 63.28474702613874
    vertex 3714.362354635971 90.2102921259817 63.28474702613874
  endloop
endfacet
facet normal 0.1305261922200143 2.0765730254529317e-14 -0.9914448613738155
  outer loop
    vertex 3713.974126068317 93.19933380027145 63.33585828670509
    vertex 3713.585897500663 90.2102921259817 63.28474702613874
    vertex 3713.585897500663 93.19933380027128 63.28474702613874
  endloop
endfacet
facet normal 0.1305261922200143 2.0765730254529317e-14 -0.9914448613738155
  outer loop
    vertex 3713.585897500663 90.2102921259817 63.28474702613874
    vertex 3713.974126068317 93.19933380027145 63.33585828670509
    vertex 3713.974126068317 90.21029212598188 63.33585828670509
  endloop
endfacet
facet normal 0.38268343236518165 1.9350580054675136e-14 -0.9238795325112488
  outer loop
    vertex 3713.585897500663 93.19933380027128 63.28474702613874
    vertex 3713.224126068317 90.2102921259817 63.13489639238172
    vertex 3713.224126068317 93.19933380027128 63.13489639238172
  endloop
endfacet
facet normal 0.38268343236518165 1.9350580054675136e-14 -0.9238795325112488
  outer loop
    vertex 3713.224126068317 90.2102921259817 63.13489639238172
    vertex 3713.585897500663 93.19933380027128 63.28474702613874
    vertex 3713.585897500663 90.2102921259817 63.28474702613874
  endloop
endfacet
facet normal 0.9914448613738346 -3.3882237849502917e-15 0.1305261922198682
  outer loop
    vertex 3722.525237328883 90.2102921259818 61.447629719051314
    vertex 3722.474126068317 93.19933368320068 61.83585828670515
    vertex 3722.474126068317 90.2102921259817 61.83585828670511
  endloop
endfacet
facet normal 0.9914448613738346 -3.3882237849502917e-15 0.1305261922198682
  outer loop
    vertex 3722.474126068317 93.19933368320068 61.83585828670515
    vertex 3722.525237328883 90.2102921259818 61.447629719051314
    vertex 3722.525237328883 93.19933368320078 61.44762971905134
  endloop
endfacet
facet normal 0.9238795325113092 -9.933769503223622e-15 0.3826834323650359
  outer loop
    vertex 3722.6750879626406 93.19933368320059 61.085858286705104
    vertex 3722.525237328883 90.2102921259818 61.447629719051314
    vertex 3722.6750879626406 90.21029212598161 61.08585828670507
  endloop
endfacet
facet normal 0.9238795325113092 -9.933769503223622e-15 0.3826834323650359
  outer loop
    vertex 3722.525237328883 90.2102921259818 61.447629719051314
    vertex 3722.6750879626406 93.19933368320059 61.085858286705104
    vertex 3722.525237328883 93.19933368320078 61.44762971905134
  endloop
endfacet
facet normal 0.7933533402910313 -1.580234524618739e-14 0.6087614290089862
  outer loop
    vertex 3722.913465896537 93.19933368320049 60.77519811492533
    vertex 3722.6750879626406 90.21029212598161 61.08585828670507
    vertex 3722.913465896537 90.21029212598151 60.7751981149253
  endloop
endfacet
facet normal 0.7933533402910313 -1.580234524618739e-14 0.6087614290089862
  outer loop
    vertex 3722.6750879626406 90.21029212598161 61.08585828670507
    vertex 3722.913465896537 93.19933368320049 60.77519811492533
    vertex 3722.6750879626406 93.19933368320059 61.085858286705104
  endloop
endfacet
facet normal 0.6087614290091086 -2.059401727521131e-14 0.7933533402909376
  outer loop
    vertex 3723.224126068317 90.21029212598215 60.53682018102838
    vertex 3722.913465896537 93.19933368320049 60.77519811492533
    vertex 3722.913465896537 90.21029212598151 60.7751981149253
  endloop
endfacet
facet normal 0.6087614290091086 -2.059401727521131e-14 0.7933533402909376
  outer loop
    vertex 3722.913465896537 93.19933368320049 60.77519811492533
    vertex 3723.224126068317 90.21029212598215 60.53682018102838
    vertex 3723.224126068317 93.19933368320113 60.53682018102842
  endloop
endfacet
facet normal 0.3826834323650096 -2.3982241060174956e-14 0.9238795325113202
  outer loop
    vertex 3723.585897500663 90.2102921259818 60.38696954727144
    vertex 3723.224126068317 93.19933368320113 60.53682018102842
    vertex 3723.224126068317 90.21029212598215 60.53682018102838
  endloop
endfacet
facet normal 0.3826834323650096 -2.3982241060174956e-14 0.9238795325113202
  outer loop
    vertex 3723.224126068317 93.19933368320113 60.53682018102842
    vertex 3723.585897500663 90.2102921259818 60.38696954727144
    vertex 3723.585897500663 93.19933368320078 60.38696954727148
  endloop
endfacet
facet normal 0.130526192219895 -2.5736114749406054e-14 0.9914448613738311
  outer loop
    vertex 3723.9741260683168 90.2102921259817 60.33585828670509
    vertex 3723.585897500663 93.19933368320078 60.38696954727148
    vertex 3723.585897500663 90.2102921259818 60.38696954727144
  endloop
endfacet
facet normal 0.130526192219895 -2.5736114749406054e-14 0.9914448613738311
  outer loop
    vertex 3723.585897500663 93.19933368320078 60.38696954727148
    vertex 3723.9741260683168 90.2102921259817 60.33585828670509
    vertex 3723.9741260683168 93.19933368320068 60.335858286705125
  endloop
endfacet
facet normal -0.130526192219895 -2.5736114749406054e-14 0.9914448613738311
  outer loop
    vertex 3724.362354635971 90.2102921259818 60.38696954727144
    vertex 3723.9741260683168 93.19933368320068 60.335858286705125
    vertex 3723.9741260683168 90.2102921259817 60.33585828670509
  endloop
endfacet
facet normal -0.130526192219895 -2.5736114749406054e-14 0.9914448613738311
  outer loop
    vertex 3723.9741260683168 93.19933368320068 60.335858286705125
    vertex 3724.362354635971 90.2102921259818 60.38696954727144
    vertex 3724.362354635971 93.19933368320078 60.38696954727148
  endloop
endfacet
facet normal -0.3826834323650096 -2.3982241060174956e-14 0.9238795325113202
  outer loop
    vertex 3724.7241260683177 90.21029212598215 60.53682018102838
    vertex 3724.362354635971 93.19933368320078 60.38696954727148
    vertex 3724.362354635971 90.2102921259818 60.38696954727144
  endloop
endfacet
facet normal -0.3826834323650096 -2.3982241060174956e-14 0.9238795325113202
  outer loop
    vertex 3724.362354635971 93.19933368320078 60.38696954727148
    vertex 3724.7241260683177 90.21029212598215 60.53682018102838
    vertex 3724.7241260683177 93.19933368320113 60.53682018102842
  endloop
endfacet
facet normal -0.6087614290091086 -2.059401727521131e-14 0.7933533402909376
  outer loop
    vertex 3725.0347862400968 90.21029212598151 60.7751981149253
    vertex 3724.7241260683177 93.19933368320113 60.53682018102842
    vertex 3724.7241260683177 90.21029212598215 60.53682018102838
  endloop
endfacet
facet normal -0.6087614290091086 -2.059401727521131e-14 0.7933533402909376
  outer loop
    vertex 3724.7241260683177 93.19933368320113 60.53682018102842
    vertex 3725.0347862400968 90.21029212598151 60.7751981149253
    vertex 3725.0347862400968 93.19933368320049 60.77519811492533
  endloop
endfacet
facet normal -0.7933533402910313 -1.580234524618739e-14 0.6087614290089862
  outer loop
    vertex 3725.2731641739942 90.21029212598161 61.08585828670507
    vertex 3725.0347862400968 93.19933368320049 60.77519811492533
    vertex 3725.0347862400968 90.21029212598151 60.7751981149253
  endloop
endfacet
facet normal -0.7933533402910313 -1.580234524618739e-14 0.6087614290089862
  outer loop
    vertex 3725.0347862400968 93.19933368320049 60.77519811492533
    vertex 3725.2731641739942 90.21029212598161 61.08585828670507
    vertex 3725.2731641739942 93.19933368320059 61.085858286705104
  endloop
endfacet
facet normal -0.9238795325113092 -9.933769503223622e-15 0.3826834323650359
  outer loop
    vertex 3725.423014807751 90.2102921259818 61.447629719051314
    vertex 3725.2731641739942 93.19933368320059 61.085858286705104
    vertex 3725.2731641739942 90.21029212598161 61.08585828670507
  endloop
endfacet
facet normal -0.9238795325113092 -9.933769503223622e-15 0.3826834323650359
  outer loop
    vertex 3725.2731641739942 93.19933368320059 61.085858286705104
    vertex 3725.423014807751 90.2102921259818 61.447629719051314
    vertex 3725.423014807751 93.19933368320078 61.44762971905134
  endloop
endfacet
facet normal -0.9914448613738346 -3.3882237849502917e-15 0.1305261922198682
  outer loop
    vertex 3725.474126068317 93.19933368320068 61.83585828670515
    vertex 3725.423014807751 90.2102921259818 61.447629719051314
    vertex 3725.474126068317 90.2102921259817 61.83585828670511
  endloop
endfacet
facet normal -0.9914448613738346 -3.3882237849502917e-15 0.1305261922198682
  outer loop
    vertex 3725.423014807751 90.2102921259818 61.447629719051314
    vertex 3725.474126068317 93.19933368320068 61.83585828670515
    vertex 3725.423014807751 93.19933368320078 61.44762971905134
  endloop
endfacet
facet normal -0.9914448613738331 3.388223784950582e-15 -0.13052619221987938
  outer loop
    vertex 3725.423014807751 90.2102921259818 62.22408685435888
    vertex 3725.474126068317 93.19933368320068 61.83585828670515
    vertex 3725.474126068317 90.2102921259817 61.83585828670511
  endloop
endfacet
facet normal -0.9914448613738331 3.388223784950582e-15 -0.13052619221987938
  outer loop
    vertex 3725.474126068317 93.19933368320068 61.83585828670515
    vertex 3725.423014807751 90.2102921259818 62.22408685435888
    vertex 3725.423014807751 93.19933368320078 62.224086854358916
  endloop
endfacet
facet normal -0.9238795325113092 9.933769503223622e-15 -0.3826834323650359
  outer loop
    vertex 3725.2731641739942 93.19933368320078 62.585858286705154
    vertex 3725.423014807751 90.2102921259818 62.22408685435888
    vertex 3725.2731641739942 90.2102921259818 62.585858286705125
  endloop
endfacet
facet normal -0.9238795325113092 9.933769503223622e-15 -0.3826834323650359
  outer loop
    vertex 3725.423014807751 90.2102921259818 62.22408685435888
    vertex 3725.2731641739942 93.19933368320078 62.585858286705154
    vertex 3725.423014807751 93.19933368320078 62.224086854358916
  endloop
endfacet
facet normal -0.7933533402910529 1.580234524618667e-14 -0.6087614290089585
  outer loop
    vertex 3725.0347862400968 93.19933368320059 62.89651845848495
    vertex 3725.2731641739942 90.2102921259818 62.585858286705125
    vertex 3725.0347862400968 90.21029212598161 62.89651845848491
  endloop
endfacet
facet normal -0.7933533402910529 1.580234524618667e-14 -0.6087614290089585
  outer loop
    vertex 3725.2731641739942 90.2102921259818 62.585858286705125
    vertex 3725.0347862400968 93.19933368320059 62.89651845848495
    vertex 3725.2731641739942 93.19933368320078 62.585858286705154
  endloop
endfacet
facet normal -0.6087614290089273 2.0594017275214924e-14 -0.7933533402910768
  outer loop
    vertex 3725.0347862400968 93.19933368320059 62.89651845848495
    vertex 3724.7241260683177 90.2102921259817 63.13489639238172
    vertex 3724.7241260683177 93.19933368320068 63.134896392381755
  endloop
endfacet
facet normal -0.6087614290089273 2.0594017275214924e-14 -0.7933533402910768
  outer loop
    vertex 3724.7241260683177 90.2102921259817 63.13489639238172
    vertex 3725.0347862400968 93.19933368320059 62.89651845848495
    vertex 3725.0347862400968 90.21029212598161 62.89651845848491
  endloop
endfacet
facet normal -0.38268343236518165 2.3982241060173098e-14 -0.9238795325112488
  outer loop
    vertex 3724.7241260683177 93.19933368320068 63.134896392381755
    vertex 3724.362354635971 90.2102921259817 63.28474702613874
    vertex 3724.362354635971 93.19933368320068 63.284747026138774
  endloop
endfacet
facet normal -0.38268343236518165 2.3982241060173098e-14 -0.9238795325112488
  outer loop
    vertex 3724.362354635971 90.2102921259817 63.28474702613874
    vertex 3724.7241260683177 93.19933368320068 63.134896392381755
    vertex 3724.7241260683177 90.2102921259817 63.13489639238172
  endloop
endfacet
facet normal -0.130526192219895 2.5736114749406054e-14 -0.9914448613738311
  outer loop
    vertex 3724.362354635971 93.19933368320068 63.284747026138774
    vertex 3723.9741260683168 90.21029212598188 63.33585828670509
    vertex 3723.9741260683168 93.19933368320086 63.33585828670512
  endloop
endfacet
facet normal -0.130526192219895 2.5736114749406054e-14 -0.9914448613738311
  outer loop
    vertex 3723.9741260683168 90.21029212598188 63.33585828670509
    vertex 3724.362354635971 93.19933368320068 63.284747026138774
    vertex 3724.362354635971 90.2102921259817 63.28474702613874
  endloop
endfacet
facet normal 0.130526192219895 2.5736114749406054e-14 -0.9914448613738311
  outer loop
    vertex 3723.9741260683168 93.19933368320086 63.33585828670512
    vertex 3723.585897500663 90.2102921259817 63.28474702613874
    vertex 3723.585897500663 93.19933368320068 63.284747026138774
  endloop
endfacet
facet normal 0.130526192219895 2.5736114749406054e-14 -0.9914448613738311
  outer loop
    vertex 3723.585897500663 90.2102921259817 63.28474702613874
    vertex 3723.9741260683168 93.19933368320086 63.33585828670512
    vertex 3723.9741260683168 90.21029212598188 63.33585828670509
  endloop
endfacet
facet normal 0.38268343236518165 2.3982241060173098e-14 -0.9238795325112488
  outer loop
    vertex 3723.585897500663 93.19933368320068 63.284747026138774
    vertex 3723.224126068317 90.2102921259817 63.13489639238172
    vertex 3723.224126068317 93.19933368320068 63.134896392381755
  endloop
endfacet
facet normal 0.38268343236518165 2.3982241060173098e-14 -0.9238795325112488
  outer loop
    vertex 3723.224126068317 90.2102921259817 63.13489639238172
    vertex 3723.585897500663 93.19933368320068 63.284747026138774
    vertex 3723.585897500663 90.2102921259817 63.28474702613874
  endloop
endfacet
facet normal 0.6087614290089273 2.0594017275214924e-14 -0.7933533402910768
  outer loop
    vertex 3723.224126068317 93.19933368320068 63.134896392381755
    vertex 3722.913465896537 90.21029212598161 62.89651845848491
    vertex 3722.913465896537 93.19933368320059 62.89651845848495
  endloop
endfacet
facet normal 0.6087614290089273 2.0594017275214924e-14 -0.7933533402910768
  outer loop
    vertex 3722.913465896537 90.21029212598161 62.89651845848491
    vertex 3723.224126068317 93.19933368320068 63.134896392381755
    vertex 3723.224126068317 90.2102921259817 63.13489639238172
  endloop
endfacet
facet normal 0.7933533402910529 1.580234524618667e-14 -0.6087614290089585
  outer loop
    vertex 3722.6750879626406 90.2102921259818 62.585858286705125
    vertex 3722.913465896537 93.19933368320059 62.89651845848495
    vertex 3722.913465896537 90.21029212598161 62.89651845848491
  endloop
endfacet
facet normal 0.7933533402910529 1.580234524618667e-14 -0.6087614290089585
  outer loop
    vertex 3722.913465896537 93.19933368320059 62.89651845848495
    vertex 3722.6750879626406 90.2102921259818 62.585858286705125
    vertex 3722.6750879626406 93.19933368320078 62.585858286705154
  endloop
endfacet
facet normal 0.9238795325113092 9.933769503223622e-15 -0.3826834323650359
  outer loop
    vertex 3722.525237328883 93.19933368320078 62.224086854358916
    vertex 3722.6750879626406 90.2102921259818 62.585858286705125
    vertex 3722.525237328883 90.2102921259818 62.22408685435888
  endloop
endfacet
facet normal 0.9238795325113092 9.933769503223622e-15 -0.3826834323650359
  outer loop
    vertex 3722.6750879626406 90.2102921259818 62.585858286705125
    vertex 3722.525237328883 93.19933368320078 62.224086854358916
    vertex 3722.6750879626406 93.19933368320078 62.585858286705154
  endloop
endfacet
facet normal 0.9914448613738331 3.388223784950582e-15 -0.13052619221987938
  outer loop
    vertex 3722.474126068317 93.19933368320068 61.83585828670515
    vertex 3722.525237328883 90.2102921259818 62.22408685435888
    vertex 3722.474126068317 90.2102921259817 61.83585828670511
  endloop
endfacet
facet normal 0.9914448613738331 3.388223784950582e-15 -0.13052619221987938
  outer loop
    vertex 3722.525237328883 90.2102921259818 62.22408685435888
    vertex 3722.474126068317 93.19933368320068 61.83585828670515
    vertex 3722.525237328883 93.19933368320078 62.224086854358916
  endloop
endfacet
facet normal 0.13052619222005463 1.945431278136706e-09 -0.99144486137381
  outer loop
    vertex 3718.974126068306 193.6102920442756 78.06018639832139
    vertex 3718.2753146912546 190.61029196646683 77.96818612930332
    vertex 3718.2753146465284 193.61029203385743 77.96818612930188
  endloop
endfacet
facet normal 0.13052619222005463 1.945431278136706e-09 -0.99144486137381
  outer loop
    vertex 3718.2753146912546 190.61029196646683 77.96818612930332
    vertex 3718.974126068306 193.6102920442756 78.06018639832139
    vertex 3718.974126113031 190.610291976885 78.06018639832284
  endloop
endfacet
facet normal -0.13052619222005463 -1.946428413285489e-09 -0.99144486137381
  outer loop
    vertex 3719.6729374900824 193.61029205469367 77.96818612930188
    vertex 3718.974126113031 190.610291976885 78.06018639832284
    vertex 3718.974126068306 193.6102920442756 78.06018639832139
  endloop
endfacet
facet normal -0.13052619222005463 -1.946428413285489e-09 -0.99144486137381
  outer loop
    vertex 3718.974126113031 190.610291976885 78.06018639832284
    vertex 3719.6729374900824 193.61029205469367 77.96818612930188
    vertex 3719.6729375348086 190.6102919873031 77.96818612930332
  endloop
endfacet
facet normal -0.382683432365033 -5.70564222496634e-09 -0.9238795325113103
  outer loop
    vertex 3720.3241260683053 193.6102920644017 77.69845498853938
    vertex 3719.6729375348086 190.6102919873031 77.96818612930332
    vertex 3719.6729374900824 193.61029205469367 77.96818612930188
  endloop
endfacet
facet normal -0.382683432365033 -5.70564222496634e-09 -0.9238795325113103
  outer loop
    vertex 3719.6729375348086 190.6102919873031 77.96818612930332
    vertex 3720.3241260683053 193.6102920644017 77.69845498853938
    vertex 3720.3241261130315 190.61029199701113 77.69845498854083
  endloop
endfacet
facet normal -0.6087614290087655 -9.07602594803768e-09 -0.7933533402912009
  outer loop
    vertex 3720.8833143775087 193.61029207273805 77.2693747075251
    vertex 3720.3241261130315 190.61029199701113 77.69845498854083
    vertex 3720.3241260683053 193.6102920644017 77.69845498853938
  endloop
endfacet
facet normal -0.6087614290087655 -9.07602594803768e-09 -0.7933533402912009
  outer loop
    vertex 3720.3241261130315 190.61029199701113 77.69845498854083
    vertex 3720.8833143775087 193.61029207273805 77.2693747075251
    vertex 3720.883314422235 190.61029200534745 77.26937470752654
  endloop
endfacet
facet normal -0.7933533402912731 -1.1827893501590727e-08 -0.6087614290086713
  outer loop
    vertex 3720.8833143775087 193.61029207273805 77.2693747075251
    vertex 3721.3123947032495 190.6102920117441 76.71018639832288
    vertex 3720.883314422235 190.61029200534745 77.26937470752654
  endloop
endfacet
facet normal -0.7933533402912731 -1.1827893501590727e-08 -0.6087614290086713
  outer loop
    vertex 3721.3123947032495 190.6102920117441 76.71018639832288
    vertex 3720.8833143775087 193.61029207273805 77.2693747075251
    vertex 3721.3123946585233 193.61029207913464 76.71018639832143
  endloop
endfacet
facet normal -0.9238795325112789 -1.3773709659528028e-08 -0.3826834323651091
  outer loop
    vertex 3721.3123946585233 193.61029207913464 76.71018639832143
    vertex 3721.5821258440114 190.610292015765 76.05899782009969
    vertex 3721.3123947032495 190.6102920117441 76.71018639832288
  endloop
endfacet
facet normal -0.9238795325112789 -1.3773709659528028e-08 -0.3826834323651091
  outer loop
    vertex 3721.5821258440114 190.610292015765 76.05899782009969
    vertex 3721.3123946585233 193.61029207913464 76.71018639832143
    vertex 3721.582125799286 193.61029208315557 76.05899782009826
  endloop
endfacet
facet normal -0.9914448613738066 -1.4780870266300674e-08 -0.1305261922200799
  outer loop
    vertex 3721.582125799286 193.61029208315557 76.05899782009826
    vertex 3721.6741261130314 190.61029201713623 75.36018639832291
    vertex 3721.5821258440114 190.610292015765 76.05899782009969
  endloop
endfacet
facet normal -0.9914448613738066 -1.4780870266300674e-08 -0.1305261922200799
  outer loop
    vertex 3721.6741261130314 190.61029201713623 75.36018639832291
    vertex 3721.582125799286 193.61029208315557 76.05899782009826
    vertex 3721.674126068305 193.61029208452678 75.36018639832146
  endloop
endfacet
facet normal -0.9914448613738066 -1.4780738990967904e-08 0.1305261922200799
  outer loop
    vertex 3721.6741261130314 190.61029201713623 75.36018639832291
    vertex 3721.582125799286 193.61029208315486 74.66137497654468
    vertex 3721.5821258440114 190.6102920157643 74.66137497654613
  endloop
endfacet
facet normal -0.9914448613738066 -1.4780738990967904e-08 0.1305261922200799
  outer loop
    vertex 3721.582125799286 193.61029208315486 74.66137497654468
    vertex 3721.6741261130314 190.61029201713623 75.36018639832291
    vertex 3721.674126068305 193.61029208452678 75.36018639832146
  endloop
endfacet
facet normal -0.9238795325112789 -1.3773324779726706e-08 0.3826834323651091
  outer loop
    vertex 3721.5821258440114 190.6102920157643 74.66137497654613
    vertex 3721.3123946585233 193.6102920791333 74.01018639832151
    vertex 3721.3123947032495 190.61029201174273 74.01018639832294
  endloop
endfacet
facet normal -0.9238795325112789 -1.3773324779726706e-08 0.3826834323651091
  outer loop
    vertex 3721.3123946585233 193.6102920791333 74.01018639832151
    vertex 3721.5821258440114 190.6102920157643 74.66137497654613
    vertex 3721.582125799286 193.61029208315486 74.66137497654468
  endloop
endfacet
facet normal -0.7933533402912731 -1.1827281246243268e-08 0.6087614290086713
  outer loop
    vertex 3721.3123947032495 190.61029201174273 74.01018639832294
    vertex 3720.8833143775087 193.61029207273612 73.45099808911783
    vertex 3720.883314422235 190.61029200534557 73.45099808911928
  endloop
endfacet
facet normal -0.7933533402912731 -1.1827281246243268e-08 0.6087614290086713
  outer loop
    vertex 3720.8833143775087 193.61029207273612 73.45099808911783
    vertex 3721.3123947032495 190.61029201174273 74.01018639832294
    vertex 3721.3123946585233 193.6102920791333 74.01018639832151
  endloop
endfacet
facet normal -0.6087614290086419 -9.075228041332369e-09 0.7933533402912957
  outer loop
    vertex 3720.3241261130306 190.61029199700874 73.02191780810499
    vertex 3720.8833143775087 193.61029207273612 73.45099808911783
    vertex 3720.3241260683053 193.61029206439932 73.02191780810355
  endloop
endfacet
facet normal -0.6087614290086419 -9.075228041332369e-09 0.7933533402912957
  outer loop
    vertex 3720.8833143775087 193.61029207273612 73.45099808911783
    vertex 3720.3241261130306 190.61029199700874 73.02191780810499
    vertex 3720.883314422235 190.61029200534557 73.45099808911928
  endloop
endfacet
facet normal -0.3826834323651236 -5.704713042931454e-09 0.9238795325112729
  outer loop
    vertex 3719.6729375348086 190.61029198730049 72.7521866673425
    vertex 3720.3241260683053 193.61029206439932 73.02191780810355
    vertex 3719.6729374900824 193.61029205469106 72.75218666734105
  endloop
endfacet
facet normal -0.3826834323651236 -5.704713042931454e-09 0.9238795325112729
  outer loop
    vertex 3720.3241260683053 193.61029206439932 73.02191780810355
    vertex 3719.6729375348086 190.61029198730049 72.7521866673425
    vertex 3720.3241261130306 190.61029199700874 73.02191780810499
  endloop
endfacet
facet normal -0.13052619222005463 -1.945431278136706e-09 0.99144486137381
  outer loop
    vertex 3718.974126113031 190.6102919768823 72.66018639832298
    vertex 3719.6729374900824 193.61029205469106 72.75218666734105
    vertex 3718.974126068306 193.61029204427288 72.66018639832154
  endloop
endfacet
facet normal -0.13052619222005463 -1.945431278136706e-09 0.99144486137381
  outer loop
    vertex 3719.6729374900824 193.61029205469106 72.75218666734105
    vertex 3718.974126113031 190.6102919768823 72.66018639832298
    vertex 3719.6729375348086 190.61029198730049 72.7521866673425
  endloop
endfacet
facet normal 0.13052619222005463 1.946428413285489e-09 0.99144486137381
  outer loop
    vertex 3718.2753146912546 190.61029196646422 72.7521866673425
    vertex 3718.974126068306 193.61029204427288 72.66018639832154
    vertex 3718.2753146465284 193.61029203385482 72.75218666734105
  endloop
endfacet
facet normal 0.13052619222005463 1.946428413285489e-09 0.99144486137381
  outer loop
    vertex 3718.974126068306 193.61029204427288 72.66018639832154
    vertex 3718.2753146912546 190.61029196646422 72.7521866673425
    vertex 3718.974126113031 190.6102919768823 72.66018639832298
  endloop
endfacet
facet normal 0.382683432365033 5.70564222496634e-09 0.9238795325113103
  outer loop
    vertex 3717.6241261130313 190.6102919567562 73.02191780810499
    vertex 3718.2753146465284 193.61029203385482 72.75218666734105
    vertex 3717.6241260683055 193.6102920241468 73.02191780810355
  endloop
endfacet
facet normal 0.382683432365033 5.70564222496634e-09 0.9238795325113103
  outer loop
    vertex 3718.2753146465284 193.61029203385482 72.75218666734105
    vertex 3717.6241261130313 190.6102919567562 73.02191780810499
    vertex 3718.2753146912546 190.61029196646422 72.7521866673425
  endloop
endfacet
facet normal 0.6087614290087655 9.07602594803768e-09 0.7933533402912009
  outer loop
    vertex 3717.0649378038274 190.61029194841987 73.45099808911928
    vertex 3717.6241260683055 193.6102920241468 73.02191780810355
    vertex 3717.0649377591017 193.61029201581044 73.45099808911783
  endloop
endfacet
facet normal 0.6087614290087655 9.07602594803768e-09 0.7933533402912009
  outer loop
    vertex 3717.6241260683055 193.6102920241468 73.02191780810355
    vertex 3717.0649378038274 190.61029194841987 73.45099808911928
    vertex 3717.6241261130313 190.6102919567562 73.02191780810499
  endloop
endfacet
facet normal 0.7933533402912731 1.1827893501590727e-08 0.6087614290086713
  outer loop
    vertex 3717.0649378038274 190.61029194841987 73.45099808911928
    vertex 3716.6358574780875 193.61029200941383 74.01018639832151
    vertex 3716.6358575228137 190.61029194202328 74.01018639832294
  endloop
endfacet
facet normal 0.7933533402912731 1.1827893501590727e-08 0.6087614290086713
  outer loop
    vertex 3716.6358574780875 193.61029200941383 74.01018639832151
    vertex 3717.0649378038274 190.61029194841987 73.45099808911928
    vertex 3717.0649377591017 193.61029201581044 73.45099808911783
  endloop
endfacet
facet normal 0.9238795325112789 1.3773709659528028e-08 0.3826834323651091
  outer loop
    vertex 3716.6358575228137 190.61029194202328 74.01018639832294
    vertex 3716.3661263373247 193.61029200539292 74.66137497654468
    vertex 3716.366126382051 190.61029193800238 74.66137497654613
  endloop
endfacet
facet normal 0.9238795325112789 1.3773709659528028e-08 0.3826834323651091
  outer loop
    vertex 3716.3661263373247 193.61029200539292 74.66137497654468
    vertex 3716.6358575228137 190.61029194202328 74.01018639832294
    vertex 3716.6358574780875 193.61029200941383 74.01018639832151
  endloop
endfacet
facet normal 0.9914448613738066 1.4780870266300674e-08 0.1305261922200799
  outer loop
    vertex 3716.366126382051 190.61029193800238 74.66137497654613
    vertex 3716.2741260683056 193.61029200402172 75.36018639832146
    vertex 3716.274126113032 190.61029193663114 75.36018639832291
  endloop
endfacet
facet normal 0.9914448613738066 1.4780870266300674e-08 0.1305261922200799
  outer loop
    vertex 3716.2741260683056 193.61029200402172 75.36018639832146
    vertex 3716.366126382051 190.61029193800238 74.66137497654613
    vertex 3716.3661263373247 193.61029200539292 74.66137497654468
  endloop
endfacet
facet normal 0.9914448613738066 1.4780738990967904e-08 -0.1305261922200799
  outer loop
    vertex 3716.2741260683056 193.61029200402172 75.36018639832146
    vertex 3716.366126382051 190.61029193800303 76.05899782009969
    vertex 3716.274126113032 190.61029193663114 75.36018639832291
  endloop
endfacet
facet normal 0.9914448613738066 1.4780738990967904e-08 -0.1305261922200799
  outer loop
    vertex 3716.366126382051 190.61029193800303 76.05899782009969
    vertex 3716.2741260683056 193.61029200402172 75.36018639832146
    vertex 3716.3661263373247 193.61029200539363 76.05899782009826
  endloop
endfacet
facet normal 0.9238795325112789 1.3773324779726706e-08 -0.3826834323651091
  outer loop
    vertex 3716.3661263373247 193.61029200539363 76.05899782009826
    vertex 3716.6358575228137 190.61029194202465 76.71018639832288
    vertex 3716.366126382051 190.61029193800303 76.05899782009969
  endloop
endfacet
facet normal 0.9238795325112789 1.3773324779726706e-08 -0.3826834323651091
  outer loop
    vertex 3716.6358575228137 190.61029194202465 76.71018639832288
    vertex 3716.3661263373247 193.61029200539363 76.05899782009826
    vertex 3716.6358574780875 193.6102920094152 76.71018639832143
  endloop
endfacet
facet normal 0.7933533402912731 1.1827281246243268e-08 -0.6087614290086713
  outer loop
    vertex 3716.6358574780875 193.6102920094152 76.71018639832143
    vertex 3717.0649378038274 190.6102919484218 77.26937470752654
    vertex 3716.6358575228137 190.61029194202465 76.71018639832288
  endloop
endfacet
facet normal 0.7933533402912731 1.1827281246243268e-08 -0.6087614290086713
  outer loop
    vertex 3717.0649378038274 190.6102919484218 77.26937470752654
    vertex 3716.6358574780875 193.6102920094152 76.71018639832143
    vertex 3717.0649377591017 193.61029201581238 77.2693747075251
  endloop
endfacet
facet normal 0.6087614290086419 9.075228041332369e-09 -0.7933533402912957
  outer loop
    vertex 3717.6241260683055 193.61029202414915 77.69845498853938
    vertex 3717.0649378038274 190.6102919484218 77.26937470752654
    vertex 3717.0649377591017 193.61029201581238 77.2693747075251
  endloop
endfacet
facet normal 0.6087614290086419 9.075228041332369e-09 -0.7933533402912957
  outer loop
    vertex 3717.0649378038274 190.6102919484218 77.26937470752654
    vertex 3717.6241260683055 193.61029202414915 77.69845498853938
    vertex 3717.6241261130313 190.61029195675857 77.69845498854083
  endloop
endfacet
facet normal 0.3826834323651236 5.704713042931454e-09 -0.9238795325112729
  outer loop
    vertex 3718.2753146465284 193.61029203385743 77.96818612930188
    vertex 3717.6241261130313 190.61029195675857 77.69845498854083
    vertex 3717.6241260683055 193.61029202414915 77.69845498853938
  endloop
endfacet
facet normal 0.3826834323651236 5.704713042931454e-09 -0.9238795325112729
  outer loop
    vertex 3717.6241261130313 190.61029195675857 77.69845498854083
    vertex 3718.2753146465284 193.61029203385743 77.96818612930188
    vertex 3718.2753146912546 190.61029196646683 77.96818612930332
  endloop
endfacet
facet normal -0.0 -0.0 -1.0
  outer loop
    vertex 3728.974126068317 93.2102920770201 106.63585828670506
    vertex 3708.9741260683168 90.21029212598161 106.63585828670506
    vertex 3708.9741260683168 93.2102920770201 106.63585828670506
  endloop
endfacet
facet normal -0.0 -0.0 -1.0
  outer loop
    vertex 3708.9741260683168 90.21029212598161 106.63585828670506
    vertex 3728.974126068317 93.2102920770201 106.63585828670506
    vertex 3728.974126068317 90.21029212598161 106.63585828670506
  endloop
endfacet
facet normal 1.0 0.0 0.0
  outer loop
    vertex 3708.9741260683168 93.2102920770201 64.0358582867051
    vertex 3708.9741260683168 90.21029212598161 106.63585828670506
    vertex 3708.9741260683168 90.21029212598161 64.0358582867051
  endloop
endfacet
facet normal 1.0 0.0 0.0
  outer loop
    vertex 3708.9741260683168 90.21029212598161 106.63585828670506
    vertex 3708.9741260683168 93.2102920770201 64.0358582867051
    vertex 3708.9741260683168 93.2102920770201 106.63585828670506
  endloop
endfacet
facet normal 1.0 0.0 0.0
  outer loop
    vertex 3708.9741260683168 93.2102920770201 106.63585828670506
    vertex 3708.9741260683168 93.2102920770201 64.0358582867051
    vertex 3708.9741260683168 93.2102920770201 80.66790342454006
  endloop
endfacet
facet normal -0.999999999997921 2.039168165709324e-06 -1.0341350333434397e-18
  outer loop
    vertex 3736.9942279176053 93.21029219861985 130.35966698731048
    vertex 3736.9944265325853 190.6102922455087 20.36018639832296
    vertex 3736.9942279176053 93.21029219856402 20.35966698731056
  endloop
endfacet
facet normal -0.999999999997921 2.039168165709324e-06 -1.0341350333434397e-18
  outer loop
    vertex 3736.9944265325853 190.6102922455087 20.36018639832296
    vertex 3736.9942279176053 93.21029219861985 130.35966698731048
    vertex 3736.9944265325853 190.61029224556444 130.360186398323
  endloop
endfacet
facet normal 5.000936858509422e-06 1.6004911095890733e-06 -0.9999999999862146
  outer loop
    vertex 3755.520158221541 112.21152177515013 20.360186365068838
    vertex 3754.513128015539 109.34925331227183 20.360186343847264
    vertex 3754.5131279823095 111.57983268849254 20.360186343847264
  endloop
endfacet
facet normal 5.000936858509422e-06 1.6004911095890733e-06 -0.9999999999862146
  outer loop
    vertex 3754.513128015539 109.34925331227183 20.360186343847264
    vertex 3739.9944277729455 107.41123393194138 20.360186349368636
    vertex 3739.993937978034 109.34925331227183 20.360186343847264
  endloop
endfacet
facet normal 5.000936858509422e-06 1.6004911095890733e-06 -0.9999999999862146
  outer loop
    vertex 3739.9944277729455 107.41123393194138 20.360186349368636
    vertex 3754.513128015539 109.34925331227183 20.360186343847264
    vertex 3757.098968238346 107.41123393194138 20.360186398339778
  endloop
endfacet
facet normal 5.000936858509422e-06 1.6004911095890733e-06 -0.9999999999862146
  outer loop
    vertex 3757.098968238346 107.41123393194138 20.360186398339778
    vertex 3754.513128015539 109.34925331227183 20.360186343847264
    vertex 3755.520158221541 112.21152177515013 20.360186365068838
  endloop
endfacet
facet normal 5.000936858509422e-06 1.6004911095890733e-06 -0.9999999999862146
  outer loop
    vertex 3757.098968238346 107.41123393194138 20.360186398339778
    vertex 3755.520158221541 112.21152177515013 20.360186365068838
    vertex 3756.2621981305347 112.87644259308946 20.36018638070616
  endloop
endfacet
facet normal 5.000936858509422e-06 1.6004911095890733e-06 -0.9999999999862146
  outer loop
    vertex 3757.098968238346 107.41123393194138 20.360186398339778
    vertex 3756.2621981305347 112.87644259308946 20.36018638070616
    vertex 3756.86792817688 113.57567279620517 20.360186393470972
  endloop
endfacet
facet normal 5.000936858509422e-06 1.6004911095890733e-06 -0.9999999999862146
  outer loop
    vertex 3757.098968238346 107.41123393194138 20.360186398339778
    vertex 3756.86792817688 113.57567279620517 20.360186393470972
    vertex 3757.0994781502104 113.90632312924456 20.36018639835052
  endloop
endfacet
facet normal 5.000936858509422e-06 1.6004911095890733e-06 -0.9999999999862146
  outer loop
    vertex 3736.9942279176053 93.21029219856402 20.35966698731056
    vertex 3705.994428029395 90.21029179825484 20.36018639837364
    vertex 3705.9942279178795 93.1919657513103 20.359666987310543
  endloop
endfacet
facet normal 5.000936858509422e-06 1.6004911095890733e-06 -0.9999999999862146
  outer loop
    vertex 3705.994428029395 90.21029179825484 20.36018639837364
    vertex 3736.9942279176053 93.21029219856402 20.35966698731056
    vertex 3739.9944280293944 90.21029229023428 20.36018639837372
  endloop
endfacet
facet normal 5.000936858509422e-06 1.6004911095890733e-06 -0.9999999999862146
  outer loop
    vertex 3739.9944280293944 90.21029229023428 20.36018639837372
    vertex 3736.9942279176053 93.21029219856402 20.35966698731056
    vertex 3736.9944265325853 190.6102922455087 20.36018639832296
  endloop
endfacet
facet normal 5.000936858509422e-06 1.6004911095890733e-06 -0.9999999999862146
  outer loop
    vertex 3739.9944280293944 90.21029229023428 20.36018639837372
    vertex 3736.9944265325853 190.6102922455087 20.36018639832296
    vertex 3739.993937978034 109.34925331227183 20.360186343847264
  endloop
endfacet
facet normal 5.000936858509422e-06 1.6004911095890733e-06 -0.9999999999862146
  outer loop
    vertex 3739.9944280293944 90.21029229023428 20.36018639837372
    vertex 3739.993937978034 109.34925331227183 20.360186343847264
    vertex 3739.9944277729455 107.41123393194138 20.360186349368636
  endloop
endfacet
facet normal 4.705219937620454e-06 -0.00034172527143433966 -0.9999999416008482
  outer loop
    vertex 3739.99442648786 193.6102922902344 20.360186398321517
    vertex 3705.9944265325853 190.61029179825894 20.360186398323037
    vertex 3705.99442648786 193.61029179825894 20.360186398321538
  endloop
endfacet
facet normal 4.705219937620454e-06 -0.00034172527143433966 -0.9999999416008482
  outer loop
    vertex 3705.9944265325853 190.61029179825894 20.360186398323037
    vertex 3739.99442648786 193.6102922902344 20.360186398321517
    vertex 3736.9944265325853 190.6102922455087 20.36018639832296
  endloop
endfacet
facet normal 4.705219937620454e-06 -0.00034172527143433966 -0.9999999416008482
  outer loop
    vertex 3736.9944265325853 190.6102922455087 20.36018639832296
    vertex 3739.99442648786 193.6102922902344 20.360186398321517
    vertex 3739.9939809172593 176.4112421779071 20.36587787204768
  endloop
endfacet
facet normal 0.002337752947907987 8.625055275295838e-05 -0.9999972637322548
  outer loop
    vertex 3739.9939809172593 176.4112421779071 20.36587787204768
    vertex 3739.993937978034 109.34925331227183 20.360186343847264
    vertex 3736.9944265325853 190.6102922455087 20.36018639832296
  endloop
endfacet
facet normal 0.002337752947907987 8.625055275295838e-05 -0.9999972637322548
  outer loop
    vertex 3739.993937978034 109.34925331227183 20.360186343847264
    vertex 3739.9939809172593 176.4112421779071 20.36587787204768
    vertex 3739.9939809172593 174.1442705546187 20.36587787204768
  endloop
endfacet
facet normal -0.00033273767500640065 3.5171328487589336e-19 -0.9999999446428183
  outer loop
    vertex 3757.0989672784517 176.4112421931852 20.360186398339778
    vertex 3739.9939809172593 174.1442705546187 20.36587787204768
    vertex 3739.9939809172593 176.4112421779071 20.36587787204768
  endloop
endfacet
facet normal -6.106624106695344e-20 -0.002510598577446344 -0.9999968484424254
  outer loop
    vertex 3757.0989672784517 176.4112421931852 20.360186398339778
    vertex 3754.50743742916 174.1442705546187 20.36587787204768
    vertex 3739.9939809172593 174.1442705546187 20.36587787204768
  endloop
endfacet
facet normal -0.002512357979148448 0.0003614493040702884 -0.9999967787007042
  outer loop
    vertex 3757.0989672784517 176.4112421931852 20.360186398339778
    vertex 3756.7718472098823 174.1374804272201 20.360186391446234
    vertex 3754.50743742916 174.1442705546187 20.36587787204768
  endloop
endfacet
facet normal 2.107342558881034e-08 3.9739733440012605e-16 -0.9999999999999998
  outer loop
    vertex 3756.7718472098823 174.1374804272201 20.360186391446234
    vertex 3754.7654874722157 168.90642227660268 20.36018634916536
    vertex 3754.5131271246355 169.1512228404701 20.360186343847264
  endloop
endfacet
facet normal 2.107342558881034e-08 3.9739733440012605e-16 -0.9999999999999998
  outer loop
    vertex 3754.7654874722157 168.90642227660268 20.36018634916536
    vertex 3756.7718472098823 174.1374804272201 20.360186391446234
    vertex 3755.5511372638875 167.88524308908822 20.360186365721706
  endloop
endfacet
facet normal 2.107342558881034e-08 3.9739733440012605e-16 -0.9999999999999998
  outer loop
    vertex 3755.5511372638875 167.88524308908822 20.360186365721706
    vertex 3756.7718472098823 174.1374804272201 20.360186391446234
    vertex 3756.1033774144225 166.72737185097736 20.360186377359284
  endloop
endfacet
facet normal 2.107342558881034e-08 3.9739733440012605e-16 -0.9999999999999998
  outer loop
    vertex 3756.1033774144225 166.72737185097736 20.360186377359284
    vertex 3756.7718472098823 174.1374804272201 20.360186391446234
    vertex 3756.3224573972057 165.95744196837686 20.36018638197606
  endloop
endfacet
facet normal 2.107342558881034e-08 3.9739733440012605e-16 -0.9999999999999998
  outer loop
    vertex 3756.3224573972057 165.95744196837686 20.36018638197606
    vertex 3756.7718472098823 174.1374804272201 20.360186391446234
    vertex 3756.4460373901998 165.01426188598938 20.360186384580302
  endloop
endfacet
facet normal 2.107342558881034e-08 3.9739733440012605e-16 -0.9999999999999998
  outer loop
    vertex 3754.987057609286 160.7093016133996 20.3601863538346
    vertex 3754.5131276467923 134.101411954087 20.360186343847264
    vertex 3754.5131272575977 160.22613205067515 20.360186343847264
  endloop
endfacet
facet normal 2.107342558881034e-08 3.9739733440012605e-16 -0.9999999999999998
  outer loop
    vertex 3754.5131276467923 134.101411954087 20.360186343847264
    vertex 3754.987057609286 160.7093016133996 20.3601863538346
    vertex 3754.758757913009 133.97156204701025 20.360186349023532
  endloop
endfacet
facet normal 2.107342558881034e-08 3.9739733440012605e-16 -0.9999999999999998
  outer loop
    vertex 3754.758757913009 133.97156204701025 20.360186349023532
    vertex 3754.987057609286 160.7093016133996 20.3601863538346
    vertex 3755.0691979793132 133.78174176202324 20.360186355565567
  endloop
endfacet
facet normal 2.107342558881034e-08 3.9739733440012605e-16 -0.9999999999999998
  outer loop
    vertex 3755.0691979793132 133.78174176202324 20.360186355565567
    vertex 3754.987057609286 160.7093016133996 20.3601863538346
    vertex 3755.544217498318 161.490193040157 20.360186365575878
  endloop
endfacet
facet normal 2.107342558881034e-08 3.9739733440012605e-16 -0.9999999999999998
  outer loop
    vertex 3755.0691979793132 133.78174176202324 20.360186355565567
    vertex 3755.544217498318 161.490193040157 20.360186365575878
    vertex 3755.366767734117 133.5761124177014 20.360186361836384
  endloop
endfacet
facet normal 2.107342558881034e-08 3.9739733440012605e-16 -0.9999999999999998
  outer loop
    vertex 3755.366767734117 133.5761124177014 20.360186361836384
    vertex 3755.544217498318 161.490193040157 20.360186365575878
    vertex 3755.9393578536883 133.11392179817986 20.360186373902817
  endloop
endfacet
facet normal 2.107342558881034e-08 3.9739733440012605e-16 -0.9999999999999998
  outer loop
    vertex 3755.9393578536883 133.11392179817986 20.360186373902817
    vertex 3755.544217498318 161.490193040157 20.360186365575878
    vertex 3755.9868174974954 162.33919207018815 20.360186374902963
  endloop
endfacet
facet normal 2.107342558881034e-08 3.9739733440012605e-16 -0.9999999999999998
  outer loop
    vertex 3755.9393578536883 133.11392179817986 20.360186373902817
    vertex 3755.9868174974954 162.33919207018815 20.360186374902963
    vertex 3756.8679279009903 132.09481208606115 20.360186393470972
  endloop
endfacet
facet normal 2.107342558881034e-08 3.9739733440012605e-16 -0.9999999999999998
  outer loop
    vertex 3756.8679279009903 132.09481208606115 20.360186393470972
    vertex 3755.9868174974954 162.33919207018815 20.360186374902963
    vertex 3756.198387513075 162.9373327898928 20.360186379361473
  endloop
endfacet
facet normal 2.107342558881034e-08 3.9739733440012605e-16 -0.9999999999999998
  outer loop
    vertex 3756.8679279009903 132.09481208606115 20.360186393470972
    vertex 3756.198387513075 162.9373327898928 20.360186379361473
    vertex 3756.4176074179404 164.15593211261663 20.360186383981187
  endloop
endfacet
facet normal 2.107342558881034e-08 3.9739733440012605e-16 -0.9999999999999998
  outer loop
    vertex 3756.8679279009903 132.09481208606115 20.360186393470972
    vertex 3756.4176074179404 164.15593211261663 20.360186383981187
    vertex 3756.4460373901998 165.01426188598938 20.360186384580302
  endloop
endfacet
facet normal 2.107342558881034e-08 3.9739733440012605e-16 -0.9999999999999998
  outer loop
    vertex 3756.8679279009903 132.09481208606115 20.360186393470972
    vertex 3756.4460373901998 165.01426188598938 20.360186384580302
    vertex 3756.7718472098823 174.1374804272201 20.360186391446234
  endloop
endfacet
facet normal 2.107342558881034e-08 3.9739733440012605e-16 -0.9999999999999998
  outer loop
    vertex 3756.8679279009903 132.09481208606115 20.360186393470972
    vertex 3756.7718472098823 174.1374804272201 20.360186391446234
    vertex 3757.0989672784517 176.4112421931852 20.360186398339778
  endloop
endfacet
facet normal 2.107342558881034e-08 3.9739733440012605e-16 -0.9999999999999998
  outer loop
    vertex 3756.8679279009903 132.09481208606115 20.360186393470972
    vertex 3757.0989672784517 176.4112421931852 20.360186398339778
    vertex 3757.0987073320694 162.6478716674411 20.360186398334296
  endloop
endfacet
facet normal 2.107342558881034e-08 3.9739733440012605e-16 -0.9999999999999998
  outer loop
    vertex 3757.0987073320694 162.6478716674411 20.360186398334296
    vertex 3757.0989672784517 176.4112421931852 20.360186398339778
    vertex 3757.0987973998554 166.30191295772565 20.36018639833619
  endloop
endfacet
facet normal 2.107342558881034e-08 3.9739733440012605e-16 -0.9999999999999998
  outer loop
    vertex 3757.0990375035667 165.214392358364 20.360186398341256
    vertex 3757.0987073320694 162.6478716674411 20.360186398334296
    vertex 3757.0987973998554 166.30191295772565 20.36018639833619
  endloop
endfacet
facet normal 2.107342558881034e-08 3.9739733440012605e-16 -0.9999999999999998
  outer loop
    vertex 3757.098707793404 131.68078201442597 20.360186398334296
    vertex 3756.8679279009903 132.09481208606115 20.360186393470972
    vertex 3757.0987073320694 162.6478716674411 20.360186398334296
  endloop
endfacet
facet normal -0.9978589232386023 -1.4876357297520854e-08 0.06540312923016046
  outer loop
    vertex 3703.0200919484637 190.61029175397036 127.75176497498313
    vertex 3702.9944264878604 193.61029175358757 127.36018639832133
    vertex 3702.9944265325853 190.61029175358755 127.36018639832301
  endloop
endfacet
facet normal -0.9978589232386023 -1.4876357297520854e-08 0.06540312923016046
  outer loop
    vertex 3702.9944264878604 193.61029175358757 127.36018639832133
    vertex 3703.0200919484637 190.61029175397036 127.75176497498313
    vertex 3703.0200919037393 193.61029175397042 127.7517649749815
  endloop
endfacet
facet normal -3.672982869782666e-07 -2.5071770187453693e-06 0.9999999999967897
  outer loop
    vertex 3705.994428029395 90.21029179831064 130.36018639837366
    vertex 3736.9942279176053 93.21029219861985 130.35966698731048
    vertex 3705.9942279176053 93.21029175136607 130.3596669873105
  endloop
endfacet
facet normal -3.672982869782666e-07 -2.5071770187453693e-06 0.9999999999967897
  outer loop
    vertex 3736.9942279176053 93.21029219861985 130.35966698731048
    vertex 3705.994428029395 90.21029179831064 130.36018639837366
    vertex 3739.9944280293944 90.2102922902895 130.36018639837366
  endloop
endfacet
facet normal -3.672982869782666e-07 -2.5071770187453693e-06 0.9999999999967897
  outer loop
    vertex 3736.9942279176053 93.21029219861985 130.35966698731048
    vertex 3739.9944280293944 90.2102922902895 130.36018639837366
    vertex 3736.9944265325853 190.61029224556444 130.360186398323
  endloop
endfacet
facet normal -3.672982869782666e-07 -2.5071770187453693e-06 0.9999999999967897
  outer loop
    vertex 3736.9944265325853 190.61029224556444 130.360186398323
    vertex 3739.9944280293944 90.2102922902895 130.36018639837366
    vertex 3739.99442648786 193.61029229028955 130.36018639832147
  endloop
endfacet
facet normal -3.672982869782666e-07 -2.5071770187453693e-06 0.9999999999967897
  outer loop
    vertex 3705.9944265325853 190.61029179831402 130.360186398323
    vertex 3739.99442648786 193.61029229028955 130.36018639832147
    vertex 3705.99442648786 193.61029179831402 130.36018639832133
  endloop
endfacet
facet normal -3.672982869782666e-07 -2.5071770187453693e-06 0.9999999999967897
  outer loop
    vertex 3739.99442648786 193.61029229028955 130.36018639832147
    vertex 3705.9944265325853 190.61029179831402 130.360186398323
    vertex 3736.9944265325853 190.61029224556444 130.360186398323
  endloop
endfacet
facet normal 1.4460554104111686e-08 -1.0 5.020861330393493e-13
  outer loop
    vertex 3736.9944265325853 190.6102922455087 20.36018639832296
    vertex 3721.5821258440114 190.6102920157643 74.66137497654613
    vertex 3705.9944265325853 190.61029179825894 20.360186398323037
  endloop
endfacet
facet normal 1.4460554104111686e-08 -1.0 5.020861330393493e-13
  outer loop
    vertex 3721.5821258440114 190.6102920157643 74.66137497654613
    vertex 3736.9944265325853 190.6102922455087 20.36018639832296
    vertex 3736.9944265325853 190.61029224556444 130.360186398323
  endloop
endfacet
facet normal 1.4460554104111686e-08 -1.0 5.020861330393493e-13
  outer loop
    vertex 3705.9944265325853 190.61029179825894 20.360186398323037
    vertex 3721.5821258440114 190.6102920157643 74.66137497654613
    vertex 3705.6028479559245 190.61029179242118 20.385851814201615
  endloop
endfacet
facet normal 1.4460554104111686e-08 -1.0 5.020861330393493e-13
  outer loop
    vertex 3705.6028479559245 190.61029179242118 20.385851814201615
    vertex 3721.5821258440114 190.6102920157643 74.66137497654613
    vertex 3705.217969397277 190.6102917866832 20.46240891945584
  endloop
endfacet
facet normal 1.4460554104111686e-08 -1.0 5.020861330393493e-13
  outer loop
    vertex 3705.217969397277 190.6102917866832 20.46240891945584
    vertex 3721.5821258440114 190.6102920157643 74.66137497654613
    vertex 3704.84637623549 190.6102917811435 20.588547800789186
  endloop
endfacet
facet normal 1.4460554104111686e-08 -1.0 5.020861330393493e-13
  outer loop
    vertex 3704.84637623549 190.6102917811435 20.588547800789186
    vertex 3721.5821258440114 190.6102920157643 74.66137497654613
    vertex 3704.4944265325853 190.6102917758966 20.76211018696972
  endloop
endfacet
facet normal 1.4460554104111686e-08 -1.0 5.020861330393493e-13
  outer loop
    vertex 3704.4944265325853 190.6102917758966 20.76211018696972
    vertex 3721.5821258440114 190.6102920157643 74.66137497654613
    vertex 3704.168142245559 190.61029177103228 20.98012637744933
  endloop
endfacet
facet normal 1.4460554104111686e-08 -1.0 5.020861330393493e-13
  outer loop
    vertex 3704.168142245559 190.61029177103228 20.98012637744933
    vertex 3721.5821258440114 190.6102920157643 74.66137497654613
    vertex 3703.8731061890253 190.61029176663394 21.238866054763395
  endloop
endfacet
facet normal 1.4460554104111686e-08 -1.0 5.020861330393493e-13
  outer loop
    vertex 3703.8731061890253 190.61029176663394 21.238866054763395
    vertex 3721.5821258440114 190.6102920157643 74.66137497654613
    vertex 3703.6143665117115 190.61029176277668 21.533902111296882
  endloop
endfacet
facet normal 1.4460554104111686e-08 -1.0 5.020861330393493e-13
  outer loop
    vertex 3703.6143665117115 190.61029176277668 21.533902111296882
    vertex 3721.5821258440114 190.6102920157643 74.66137497654613
    vertex 3703.396350321232 190.61029175952663 21.860186398323037
  endloop
endfacet
facet normal 1.4460554104111686e-08 -1.0 5.020861330393493e-13
  outer loop
    vertex 3703.396350321232 190.61029175952663 21.860186398323037
    vertex 3721.5821258440114 190.6102920157643 74.66137497654613
    vertex 3703.2227879350507 190.61029175693935 22.212136101227767
  endloop
endfacet
facet normal 1.4460554104111686e-08 -1.0 5.020861330393493e-13
  outer loop
    vertex 3703.2227879350507 190.61029175693935 22.212136101227767
    vertex 3721.5821258440114 190.6102920157643 74.66137497654613
    vertex 3703.0966490537176 190.610291755059 22.583729263015478
  endloop
endfacet
facet normal 1.4460554104111686e-08 -1.0 5.020861330393493e-13
  outer loop
    vertex 3703.0966490537176 190.610291755059 22.583729263015478
    vertex 3721.5821258440114 190.6102920157643 74.66137497654613
    vertex 3703.0200919484637 190.61029175391778 22.96860782166289
  endloop
endfacet
facet normal 1.4460554104111686e-08 -1.0 5.020861330393493e-13
  outer loop
    vertex 3703.0200919484637 190.61029175391778 22.96860782166289
    vertex 3721.5821258440114 190.6102920157643 74.66137497654613
    vertex 3702.9944265325853 190.61029175353542 23.360186398323044
  endloop
endfacet
facet normal 1.4460554104111686e-08 -1.0 5.020861330393493e-13
  outer loop
    vertex 3702.9944265325853 190.61029175353542 23.360186398323044
    vertex 3721.5821258440114 190.6102920157643 74.66137497654613
    vertex 3721.3123947032495 190.61029201174273 74.01018639832294
  endloop
endfacet
facet normal 1.4460554104111686e-08 -1.0 5.020861330393493e-13
  outer loop
    vertex 3702.9944265325853 190.61029175353542 23.360186398323044
    vertex 3721.3123947032495 190.61029201174273 74.01018639832294
    vertex 3720.883314422235 190.61029200534557 73.45099808911928
  endloop
endfacet
facet normal 1.4460554104111686e-08 -1.0 5.020861330393493e-13
  outer loop
    vertex 3702.9944265325853 190.61029175353542 23.360186398323044
    vertex 3720.883314422235 190.61029200534557 73.45099808911928
    vertex 3720.3241261130306 190.61029199700874 73.02191780810499
  endloop
endfacet
facet normal 1.4460554104111686e-08 -1.0 5.020861330393493e-13
  outer loop
    vertex 3702.9944265325853 190.61029175353542 23.360186398323044
    vertex 3720.3241261130306 190.61029199700874 73.02191780810499
    vertex 3719.6729375348086 190.61029198730049 72.7521866673425
  endloop
endfacet
facet normal 1.4460554104111686e-08 -1.0 5.020861330393493e-13
  outer loop
    vertex 3702.9944265325853 190.61029175353542 23.360186398323044
    vertex 3719.6729375348086 190.61029198730049 72.7521866673425
    vertex 3718.974126113031 190.6102919768823 72.66018639832298
  endloop
endfacet
facet normal 1.4460554104111686e-08 -1.0 5.020861330393493e-13
  outer loop
    vertex 3721.5821258440114 190.6102920157643 74.66137497654613
    vertex 3736.9944265325853 190.61029224556444 130.360186398323
    vertex 3721.6741261130314 190.61029201713623 75.36018639832291
  endloop
endfacet
facet normal 1.4460554104111686e-08 -1.0 5.020861330393493e-13
  outer loop
    vertex 3721.6741261130314 190.61029201713623 75.36018639832291
    vertex 3736.9944265325853 190.61029224556444 130.360186398323
    vertex 3721.5821258440114 190.610292015765 76.05899782009969
  endloop
endfacet
facet normal 1.4460554104111686e-08 -1.0 5.020861330393493e-13
  outer loop
    vertex 3721.5821258440114 190.610292015765 76.05899782009969
    vertex 3736.9944265325853 190.61029224556444 130.360186398323
    vertex 3721.3123947032495 190.6102920117441 76.71018639832288
  endloop
endfacet
facet normal 1.4460554104111686e-08 -1.0 5.020861330393493e-13
  outer loop
    vertex 3721.3123947032495 190.6102920117441 76.71018639832288
    vertex 3736.9944265325853 190.61029224556444 130.360186398323
    vertex 3720.883314422235 190.61029200534745 77.26937470752654
  endloop
endfacet
facet normal 1.4460554104111686e-08 -1.0 5.020861330393493e-13
  outer loop
    vertex 3720.883314422235 190.61029200534745 77.26937470752654
    vertex 3736.9944265325853 190.61029224556444 130.360186398323
    vertex 3720.3241261130315 190.61029199701113 77.69845498854083
  endloop
endfacet
facet normal 1.4460554104111686e-08 -1.0 5.020861330393493e-13
  outer loop
    vertex 3720.3241261130315 190.61029199701113 77.69845498854083
    vertex 3736.9944265325853 190.61029224556444 130.360186398323
    vertex 3719.6729375348086 190.6102919873031 77.96818612930332
  endloop
endfacet
facet normal 1.4460554104111686e-08 -1.0 5.020861330393493e-13
  outer loop
    vertex 3719.6729375348086 190.6102919873031 77.96818612930332
    vertex 3736.9944265325853 190.61029224556444 130.360186398323
    vertex 3718.974126113031 190.610291976885 78.06018639832284
  endloop
endfacet
facet normal 1.4460554104111686e-08 -1.0 5.020861330393493e-13
  outer loop
    vertex 3718.974126113031 190.610291976885 78.06018639832284
    vertex 3736.9944265325853 190.61029224556444 130.360186398323
    vertex 3702.9944265325853 190.61029175358755 127.36018639832301
  endloop
endfacet
facet normal 1.4460554104111686e-08 -1.0 5.020861330393493e-13
  outer loop
    vertex 3702.9944265325853 190.61029175358755 127.36018639832301
    vertex 3736.9944265325853 190.61029224556444 130.360186398323
    vertex 3703.0200919484637 190.61029175397036 127.75176497498313
  endloop
endfacet
facet normal 1.4460554104111686e-08 -1.0 5.020861330393493e-13
  outer loop
    vertex 3703.0200919484637 190.61029175397036 127.75176497498313
    vertex 3736.9944265325853 190.61029224556444 130.360186398323
    vertex 3703.0966490537176 190.61029175511186 128.13664353363058
  endloop
endfacet
facet normal 1.4460554104111686e-08 -1.0 5.020861330393493e-13
  outer loop
    vertex 3703.0966490537176 190.61029175511186 128.13664353363058
    vertex 3736.9944265325853 190.61029224556444 130.360186398323
    vertex 3703.2227879350507 190.61029175699267 128.50823669541828
  endloop
endfacet
facet normal 1.4460554104111686e-08 -1.0 5.020861330393493e-13
  outer loop
    vertex 3703.2227879350507 190.61029175699267 128.50823669541828
    vertex 3736.9944265325853 190.61029224556444 130.360186398323
    vertex 3703.396350321232 190.61029175958035 128.86018639832298
  endloop
endfacet
facet normal 1.4460554104111686e-08 -1.0 5.020861330393493e-13
  outer loop
    vertex 3703.396350321232 190.61029175958035 128.86018639832298
    vertex 3736.9944265325853 190.61029224556444 130.360186398323
    vertex 3703.6143665117115 190.6102917628308 129.18647068534915
  endloop
endfacet
facet normal 1.4460554104111686e-08 -1.0 5.020861330393493e-13
  outer loop
    vertex 3703.6143665117115 190.6102917628308 129.18647068534915
    vertex 3736.9944265325853 190.61029224556444 130.360186398323
    vertex 3703.8731061890253 190.61029176668836 129.48150674188264
  endloop
endfacet
facet normal 1.4460554104111686e-08 -1.0 5.020861330393493e-13
  outer loop
    vertex 3703.8731061890253 190.61029176668836 129.48150674188264
    vertex 3736.9944265325853 190.61029224556444 130.360186398323
    vertex 3704.168142245559 190.61029177108685 129.7402464191967
  endloop
endfacet
facet normal 1.4460554104111686e-08 -1.0 5.020861330393493e-13
  outer loop
    vertex 3704.168142245559 190.61029177108685 129.7402464191967
    vertex 3736.9944265325853 190.61029224556444 130.360186398323
    vertex 3704.4944265325853 190.6102917759513 129.9582626096763
  endloop
endfacet
facet normal 1.4460554104111686e-08 -1.0 5.020861330393493e-13
  outer loop
    vertex 3704.4944265325853 190.6102917759513 129.9582626096763
    vertex 3736.9944265325853 190.61029224556444 130.360186398323
    vertex 3704.84637623549 190.6102917811984 130.13182499585687
  endloop
endfacet
facet normal 1.4460554104111686e-08 -1.0 5.020861330393493e-13
  outer loop
    vertex 3704.84637623549 190.6102917811984 130.13182499585687
    vertex 3736.9944265325853 190.61029224556444 130.360186398323
    vertex 3705.217969397277 190.6102917867384 130.2579638771902
  endloop
endfacet
facet normal 1.4460554104111686e-08 -1.0 5.020861330393493e-13
  outer loop
    vertex 3705.217969397277 190.6102917867384 130.2579638771902
    vertex 3736.9944265325853 190.61029224556444 130.360186398323
    vertex 3705.6028479559245 190.6102917924763 130.33452098244442
  endloop
endfacet
facet normal 1.4460554104111686e-08 -1.0 5.020861330393493e-13
  outer loop
    vertex 3705.6028479559245 190.6102917924763 130.33452098244442
    vertex 3736.9944265325853 190.61029224556444 130.360186398323
    vertex 3705.9944265325853 190.61029179831402 130.360186398323
  endloop
endfacet
facet normal 1.4460554104111686e-08 -1.0 5.020861330393493e-13
  outer loop
    vertex 3702.9944265325853 190.61029175353542 23.360186398323044
    vertex 3716.366126382051 190.61029193800238 74.66137497654613
    vertex 3702.9944265325853 190.61029175358755 127.36018639832301
  endloop
endfacet
facet normal 1.4460554104111686e-08 -1.0 5.020861330393493e-13
  outer loop
    vertex 3716.366126382051 190.61029193800238 74.66137497654613
    vertex 3702.9944265325853 190.61029175353542 23.360186398323044
    vertex 3716.6358575228137 190.61029194202328 74.01018639832294
  endloop
endfacet
facet normal 1.4460554104111686e-08 -1.0 5.020861330393493e-13
  outer loop
    vertex 3716.6358575228137 190.61029194202328 74.01018639832294
    vertex 3702.9944265325853 190.61029175353542 23.360186398323044
    vertex 3717.0649378038274 190.61029194841987 73.45099808911928
  endloop
endfacet
facet normal 1.4460554104111686e-08 -1.0 5.020861330393493e-13
  outer loop
    vertex 3717.0649378038274 190.61029194841987 73.45099808911928
    vertex 3702.9944265325853 190.61029175353542 23.360186398323044
    vertex 3717.6241261130313 190.6102919567562 73.02191780810499
  endloop
endfacet
facet normal 1.4460554104111686e-08 -1.0 5.020861330393493e-13
  outer loop
    vertex 3717.6241261130313 190.6102919567562 73.02191780810499
    vertex 3702.9944265325853 190.61029175353542 23.360186398323044
    vertex 3718.2753146912546 190.61029196646422 72.7521866673425
  endloop
endfacet
facet normal 1.4460554104111686e-08 -1.0 5.020861330393493e-13
  outer loop
    vertex 3718.2753146912546 190.61029196646422 72.7521866673425
    vertex 3702.9944265325853 190.61029175353542 23.360186398323044
    vertex 3718.974126113031 190.6102919768823 72.66018639832298
  endloop
endfacet
facet normal 1.4460554104111686e-08 -1.0 5.020861330393493e-13
  outer loop
    vertex 3702.9944265325853 190.61029175358755 127.36018639832301
    vertex 3716.366126382051 190.61029193800238 74.66137497654613
    vertex 3716.274126113032 190.61029193663114 75.36018639832291
  endloop
endfacet
facet normal 1.4460554104111686e-08 -1.0 5.020861330393493e-13
  outer loop
    vertex 3702.9944265325853 190.61029175358755 127.36018639832301
    vertex 3716.274126113032 190.61029193663114 75.36018639832291
    vertex 3716.366126382051 190.61029193800303 76.05899782009969
  endloop
endfacet
facet normal 1.4460554104111686e-08 -1.0 5.020861330393493e-13
  outer loop
    vertex 3702.9944265325853 190.61029175358755 127.36018639832301
    vertex 3716.366126382051 190.61029193800303 76.05899782009969
    vertex 3716.6358575228137 190.61029194202465 76.71018639832288
  endloop
endfacet
facet normal 1.4460554104111686e-08 -1.0 5.020861330393493e-13
  outer loop
    vertex 3702.9944265325853 190.61029175358755 127.36018639832301
    vertex 3716.6358575228137 190.61029194202465 76.71018639832288
    vertex 3717.0649378038274 190.6102919484218 77.26937470752654
  endloop
endfacet
facet normal 1.4460554104111686e-08 -1.0 5.020861330393493e-13
  outer loop
    vertex 3702.9944265325853 190.61029175358755 127.36018639832301
    vertex 3717.0649378038274 190.6102919484218 77.26937470752654
    vertex 3717.6241261130313 190.61029195675857 77.69845498854083
  endloop
endfacet
facet normal 1.4460554104111686e-08 -1.0 5.020861330393493e-13
  outer loop
    vertex 3702.9944265325853 190.61029175358755 127.36018639832301
    vertex 3717.6241261130313 190.61029195675857 77.69845498854083
    vertex 3718.2753146912546 190.61029196646683 77.96818612930332
  endloop
endfacet
facet normal 1.4460554104111686e-08 -1.0 5.020861330393493e-13
  outer loop
    vertex 3702.9944265325853 190.61029175358755 127.36018639832301
    vertex 3718.2753146912546 190.61029196646683 77.96818612930332
    vertex 3718.974126113031 190.610291976885 78.06018639832284
  endloop
endfacet
facet normal -0.3214394620412893 0.0001425073870880816 0.9469301198791024
  outer loop
    vertex 3704.8463777322995 90.21029178119488 130.13182499590752
    vertex 3705.2177707822975 93.21029173979024 130.25744446617773
    vertex 3704.84617762051 93.21029173425033 130.13130558484437
  endloop
endfacet
facet normal -0.3214394620412893 0.0001425073870880816 0.9469301198791024
  outer loop
    vertex 3705.2177707822975 93.21029173979024 130.25744446617773
    vertex 3704.8463777322995 90.21029178119488 130.13182499590752
    vertex 3705.217970894087 90.21029178673481 130.25796387724088
  endloop
endfacet
facet normal -0.751839805939296 6.400650155997087e-05 0.6593458137489989
  outer loop
    vertex 3703.8731076858353 90.21029176668462 129.48150674193332
    vertex 3703.6141678967315 93.21029171588245 129.18595127433667
    vertex 3703.614368008521 90.21029176282703 129.18647068539983
  endloop
endfacet
facet normal -0.751839805939296 6.400650155997087e-05 0.6593458137489989
  outer loop
    vertex 3703.6141678967315 93.21029171588245 129.18595127433667
    vertex 3703.8731076858353 90.21029176668462 129.48150674193332
    vertex 3703.8729075740457 93.21029171974003 129.48098733087016
  endloop
endfacet
facet normal -0.4422886867220889 0.00012577948202856001 0.8968727344373737
  outer loop
    vertex 3704.4944280293953 90.21029177594781 129.95826260972697
    vertex 3704.84617762051 93.21029173425033 130.13130558484437
    vertex 3704.4942279176057 93.21029172900316 129.95774319866382
  endloop
endfacet
facet normal -0.4422886867220889 0.00012577948202856001 0.8968727344373737
  outer loop
    vertex 3704.84617762051 93.21029173425033 130.13130558484437
    vertex 3704.4944280293953 90.21029177594781 129.95826260972697
    vertex 3704.8463777322995 90.21029178119488 130.13182499590752
  endloop
endfacet
facet normal -0.9807852799122064 -3.1644875577180364e-05 0.19509032191817438
  outer loop
    vertex 3703.0966505505276 90.21029175510812 128.13664353368122
    vertex 3703.0198933334846 93.21029170702202 127.75124556397068
    vertex 3703.020093445273 90.21029175396657 127.7517649750338
  endloop
endfacet
facet normal -0.9807852799122064 -3.1644875577180364e-05 0.19509032191817438
  outer loop
    vertex 3703.0198933334846 93.21029170702202 127.75124556397068
    vertex 3703.0966505505276 90.21029175510812 128.13664353368122
    vertex 3703.096450438738 93.21029170816352 128.13612412261807
  endloop
endfacet
facet normal -0.9469301294951753 -1.4116951929158511e-08 0.32143946530295664
  outer loop
    vertex 3703.2227879350507 190.61029175699267 128.50823669541828
    vertex 3703.0966490089922 193.61029175511183 128.1366435336289
    vertex 3703.0966490537176 190.61029175511186 128.13664353363058
  endloop
endfacet
facet normal -0.9469301294951753 -1.4116951929158511e-08 0.32143946530295664
  outer loop
    vertex 3703.0966490089922 193.61029175511183 128.1366435336289
    vertex 3703.2227879350507 190.61029175699267 128.50823669541828
    vertex 3703.222787890327 193.61029175699264 128.5082366954166
  endloop
endfacet
facet normal -0.9807852804032147 -1.4621805897704388e-08 0.19509032201620813
  outer loop
    vertex 3703.0966490537176 190.61029175511186 128.13664353363058
    vertex 3703.0200919037393 193.61029175397042 127.7517649749815
    vertex 3703.0200919484637 190.61029175397036 127.75176497498313
  endloop
endfacet
facet normal -0.9807852804032147 -1.4621805897704388e-08 0.19509032201620813
  outer loop
    vertex 3703.0200919037393 193.61029175397042 127.7517649749815
    vertex 3703.0966490537176 190.61029175511186 128.13664353363058
    vertex 3703.0966490089922 193.61029175511183 128.1366435336289
  endloop
endfacet
facet normal -0.06540312830526183 0.0001684036759208441 0.9978589090888991
  outer loop
    vertex 3705.602849452734 90.21029179247286 130.3345209824951
    vertex 3705.9942279176053 93.21029175136607 130.3596669873105
    vertex 3705.602649340946 93.21029174552824 130.33400157143194
  endloop
endfacet
facet normal -0.06540312830526183 0.0001684036759208441 0.9978589090888991
  outer loop
    vertex 3705.9942279176053 93.21029175136607 130.3596669873105
    vertex 3705.602849452734 90.21029179247286 130.3345209824951
    vertex 3705.994428029395 90.21029179831064 130.36018639837366
  endloop
endfacet
facet normal -0.19509031962002762 0.00015679695116439777 0.9807852683463756
  outer loop
    vertex 3705.217970894087 90.21029178673481 130.25796387724088
    vertex 3705.602649340946 93.21029174552824 130.33400157143194
    vertex 3705.2177707822975 93.21029173979024 130.25744446617773
  endloop
endfacet
facet normal -0.19509031962002762 0.00015679695116439777 0.9807852683463756
  outer loop
    vertex 3705.602649340946 93.21029174552824 130.33400157143194
    vertex 3705.217970894087 90.21029178673481 130.25796387724088
    vertex 3705.602849452734 90.21029179247286 130.3345209824951
  endloop
endfacet
facet normal -0.8314696116128716 4.0727485255326154e-05 0.5555702325589559
  outer loop
    vertex 3703.614368008521 90.21029176282703 129.18647068539983
    vertex 3703.3961517062526 93.21029171263201 128.85966698731053
    vertex 3703.3963518180403 90.21029175957662 128.86018639837366
  endloop
endfacet
facet normal -0.8314696116128716 4.0727485255326154e-05 0.5555702325589559
  outer loop
    vertex 3703.3961517062526 93.21029171263201 128.85966698731053
    vertex 3703.614368008521 90.21029176282703 129.18647068539983
    vertex 3703.6141678967315 93.21029171588245 129.18595127433667
  endloop
endfacet
facet normal -0.9978589217162797 -5.523740917414188e-05 0.06540312913043617
  outer loop
    vertex 3703.020093445273 90.21029175396657 127.7517649750338
    vertex 3702.994227917606 93.21029170663918 127.35966698731052
    vertex 3702.994428029394 90.21029175358372 127.36018639837367
  endloop
endfacet
facet normal -0.9978589217162797 -5.523740917414188e-05 0.06540312913043617
  outer loop
    vertex 3702.994227917606 93.21029170663918 127.35966698731052
    vertex 3703.020093445273 90.21029175396657 127.7517649750338
    vertex 3703.0198933334846 93.21029170702202 127.75124556397068
  endloop
endfacet
facet normal -1.0 -1.490831304333063e-08 7.471976390929118e-21
  outer loop
    vertex 3702.9944265325853 190.61029175358755 127.36018639832301
    vertex 3702.9944264878604 193.61029175353542 23.360186398321535
    vertex 3702.9944265325853 190.61029175353542 23.360186398323044
  endloop
endfacet
facet normal -1.0 -1.490831304333063e-08 7.471976390929118e-21
  outer loop
    vertex 3702.9944264878604 193.61029175353542 23.360186398321535
    vertex 3702.9944265325853 190.61029175358755 127.36018639832301
    vertex 3702.9944264878604 193.61029175358757 127.36018639832133
  endloop
endfacet
facet normal -0.9999999977616856 -6.690761607761563e-05 5.893631700125329e-09
  outer loop
    vertex 3702.994428029394 90.21029175358372 127.36018639837367
    vertex 3702.994227917879 93.19196570658642 23.359666987310536
    vertex 3702.994428029394 90.210291753531 23.360186398373646
  endloop
endfacet
facet normal -0.9999999977616856 -6.690761607761563e-05 5.893631700125329e-09
  outer loop
    vertex 3702.994227917879 93.19196570658642 23.359666987310536
    vertex 3702.994428029394 90.21029175358372 127.36018639837367
    vertex 3702.9942279177862 93.19816460563678 58.53840208396382
  endloop
endfacet
facet normal -0.9999999977616856 -6.690761607761563e-05 5.893631700125329e-09
  outer loop
    vertex 3702.9942279177862 93.19816460563678 58.53840208396382
    vertex 3702.994428029394 90.21029175358372 127.36018639837367
    vertex 3702.994227917606 93.21029170663918 127.35966698731052
  endloop
endfacet
facet normal -0.4422886825728112 -0.00018591995077915513 -0.8968727260329524
  outer loop
    vertex 3704.846177620784 93.1919657341948 20.588028389776678
    vertex 3704.4944280293953 90.2102917758924 20.762110187020333
    vertex 3704.4942279178795 93.19196572894785 20.761590775957224
  endloop
endfacet
facet normal -0.4422886825728112 -0.00018591995077915513 -0.8968727260329524
  outer loop
    vertex 3704.4944280293953 90.2102917758924 20.762110187020333
    vertex 3704.846177620784 93.1919657341948 20.588028389776678
    vertex 3704.8463777322995 90.21029178113935 20.588547800839788
  endloop
endfacet
facet normal -0.9807852755180144 -9.980920223840687e-05 -0.19509032104432017
  outer loop
    vertex 3703.0198933337574 93.19196570696886 22.96808841065038
    vertex 3703.0966505505276 90.21029175505468 22.58372926306608
    vertex 3703.020093445273 90.2102917539134 22.96860782171349
  endloop
endfacet
facet normal -0.9807852755180144 -9.980920223840687e-05 -0.19509032104432017
  outer loop
    vertex 3703.0966505505276 90.21029175505468 22.58372926306608
    vertex 3703.0198933337574 93.19196570696886 22.96808841065038
    vertex 3703.096450439012 93.19196570811003 22.58320985200298
  endloop
endfacet
facet normal -0.6593458150999398 -9.83007012506248e-09 -0.7518398074790904
  outer loop
    vertex 3704.168142200834 193.61029177103234 20.98012637744783
    vertex 3703.8731061890253 190.61029176663394 21.238866054763395
    vertex 3703.8731061443 193.6102917666339 21.238866054761896
  endloop
endfacet
facet normal -0.6593458150999398 -9.83007012506248e-09 -0.7518398074790904
  outer loop
    vertex 3703.8731061890253 190.61029176663394 21.238866054763395
    vertex 3704.168142200834 193.61029177103234 20.98012637744783
    vertex 3704.168142245559 190.61029177103228 20.98012637744933
  endloop
endfacet
facet normal -0.8968727330862237 -0.00013723975338440916 -0.44228868605436583
  outer loop
    vertex 3703.222589320345 93.19196570999044 22.21161669021527
    vertex 3703.3963518180403 90.21029175952238 21.86018639837365
    vertex 3703.2227894318603 90.210291756935 22.21213610127838
  endloop
endfacet
facet normal -0.8968727330862237 -0.00013723975338440916 -0.44228868605436583
  outer loop
    vertex 3703.3963518180403 90.21029175952238 21.86018639837365
    vertex 3703.222589320345 93.19196570999044 22.21161669021527
    vertex 3703.3961517065263 93.19196571257781 21.85966698731054
  endloop
endfacet
facet normal -0.8314696026226939 -0.00015258407559288903 -0.5555702265533673
  outer loop
    vertex 3703.3961517065263 93.19196571257781 21.85966698731054
    vertex 3703.614368008521 90.21029176277246 21.533902111347484
    vertex 3703.3963518180403 90.21029175952238 21.86018639837365
  endloop
endfacet
facet normal -0.8314696026226939 -0.00015258407559288903 -0.5555702265533673
  outer loop
    vertex 3703.614368008521 90.21029176277246 21.533902111347484
    vertex 3703.3961517065263 93.19196571257781 21.85966698731054
    vertex 3703.614167897006 93.19196571582792 21.533382700284385
  endloop
endfacet
facet normal -0.9978589201747589 -7.836342031184988e-05 -0.06540312902942018
  outer loop
    vertex 3702.994227917879 93.19196570658642 23.359666987310536
    vertex 3703.020093445273 90.2102917539134 22.96860782171349
    vertex 3702.994428029394 90.210291753531 23.360186398373646
  endloop
endfacet
facet normal -0.9978589201747589 -7.836342031184988e-05 -0.06540312902942018
  outer loop
    vertex 3703.020093445273 90.2102917539134 22.96860782171349
    vertex 3702.994227917879 93.19196570658642 23.359666987310536
    vertex 3703.0198933337574 93.19196570696886 22.96808841065038
  endloop
endfacet
facet normal -0.555570223803049 -0.0001821294065086426 -0.8314695985135653
  outer loop
    vertex 3704.4942279178795 93.19196572894785 20.761590775957224
    vertex 3704.168143742368 90.21029177102814 20.980126377499943
    vertex 3704.1679436308527 93.19196572408357 20.979606966436833
  endloop
endfacet
facet normal -0.555570223803049 -0.0001821294065086426 -0.8314695985135653
  outer loop
    vertex 3704.168143742368 90.21029177102814 20.980126377499943
    vertex 3704.4942279178795 93.19196572894785 20.761590775957224
    vertex 3704.4944280293953 90.2102917758924 20.762110187020333
  endloop
endfacet
facet normal -0.9469301294681739 -7.510889329755677e-06 0.32143946529474865
  outer loop
    vertex 3703.2227894318603 90.21029175698888 128.50823669546895
    vertex 3703.096450438738 93.21029170816352 128.13612412261807
    vertex 3703.0966505505276 90.21029175510812 128.13664353368122
  endloop
endfacet
facet normal -0.9469301294681739 -7.510889329755677e-06 0.32143946529474865
  outer loop
    vertex 3703.096450438738 93.21029170816352 128.13612412261807
    vertex 3703.2227894318603 90.21029175698888 128.50823669546895
    vertex 3703.222589320072 93.2102917100443 128.50771728440577
  endloop
endfacet
facet normal -0.3214394653031977 -4.791612568526826e-09 0.9469301294950935
  outer loop
    vertex 3704.84637623549 190.6102917811984 130.13182499585687
    vertex 3705.2179693525522 193.6102917867384 130.25796387718853
    vertex 3704.8463761907647 193.61029178119844 130.1318249958552
  endloop
endfacet
facet normal -0.3214394653031977 -4.791612568526826e-09 0.9469301294950935
  outer loop
    vertex 3705.2179693525522 193.6102917867384 130.25796387718853
    vertex 3704.84637623549 190.6102917811984 130.13182499585687
    vertex 3705.217969397277 190.6102917867384 130.2579638771902
  endloop
endfacet
facet normal -0.7518397972040162 -0.00016531764197926898 -0.6593458060913874
  outer loop
    vertex 3703.614167897006 93.19196571582792 21.533382700284385
    vertex 3703.8731076858353 90.2102917666297 21.238866054813997
    vertex 3703.614368008521 90.21029176277246 21.533902111347484
  endloop
endfacet
facet normal -0.7518397972040162 -0.00016531764197926898 -0.6593458060913874
  outer loop
    vertex 3703.8731076858353 90.2102917666297 21.238866054813997
    vertex 3703.614167897006 93.19196571582792 21.533382700284385
    vertex 3703.87290757432 93.19196571968519 21.2383466437509
  endloop
endfacet
facet normal -0.8968727415326283 -1.3370616793709506e-08 0.44228869021912265
  outer loop
    vertex 3703.396350321232 190.61029175958035 128.86018639832298
    vertex 3703.222787890327 193.61029175699264 128.5082366954166
    vertex 3703.2227879350507 190.61029175699267 128.50823669541828
  endloop
endfacet
facet normal -0.8968727415326283 -1.3370616793709506e-08 0.44228869021912265
  outer loop
    vertex 3703.222787890327 193.61029175699264 128.5082366954166
    vertex 3703.396350321232 190.61029175958035 128.86018639832298
    vertex 3703.396350276507 193.61029175958035 128.86018639832136
  endloop
endfacet
facet normal -0.9469301294951753 -1.4117291542957273e-08 -0.3214394653029567
  outer loop
    vertex 3703.0966490089922 193.610291755059 22.583729263013975
    vertex 3703.2227879350507 190.61029175693935 22.212136101227767
    vertex 3703.0966490537176 190.610291755059 22.583729263015478
  endloop
endfacet
facet normal -0.9469301294951753 -1.4117291542957273e-08 -0.3214394653029567
  outer loop
    vertex 3703.2227879350507 190.61029175693935 22.212136101227767
    vertex 3703.0966490089922 193.610291755059 22.583729263013975
    vertex 3703.222787890327 193.61029175693932 22.212136101226267
  endloop
endfacet
facet normal -0.3214394597087375 -0.00018652935321027478 -0.9469301130225796
  outer loop
    vertex 3705.2177707825717 93.19196573973467 20.461889508443342
    vertex 3704.8463777322995 90.21029178113935 20.588547800839788
    vertex 3704.846177620784 93.1919657341948 20.588028389776678
  endloop
endfacet
facet normal -0.3214394597087375 -0.00018652935321027478 -0.9469301130225796
  outer loop
    vertex 3704.8463777322995 90.21029178113935 20.588547800839788
    vertex 3705.2177707825717 93.19196573973467 20.461889508443342
    vertex 3705.217970894087 90.21029178667915 20.46240891950644
  endloop
endfacet
facet normal -0.9469301227281657 -0.00011954722093358291 -0.32143946300739595
  outer loop
    vertex 3703.096450439012 93.19196570811003 22.58320985200298
    vertex 3703.2227894318603 90.210291756935 22.21213610127838
    vertex 3703.0966505505276 90.21029175505468 22.58372926306608
  endloop
endfacet
facet normal -0.9469301227281657 -0.00011954722093358291 -0.32143946300739595
  outer loop
    vertex 3703.2227894318603 90.210291756935 22.21213610127838
    vertex 3703.096450439012 93.19196570811003 22.58320985200298
    vertex 3703.222589320345 93.19196570999044 22.21161669021527
  endloop
endfacet
facet normal -0.5555702298460842 0.00010689945509332755 0.8314696075511576
  outer loop
    vertex 3704.168143742368 90.21029177108325 129.74024641924737
    vertex 3704.4942279176057 93.21029172900316 129.95774319866382
    vertex 3704.16794363058 93.21029172413868 129.73972700818422
  endloop
endfacet
facet normal -0.5555702298460842 0.00010689945509332755 0.8314696075511576
  outer loop
    vertex 3704.4942279176057 93.21029172900316 129.95774319866382
    vertex 3704.168143742368 90.21029177108325 129.74024641924737
    vertex 3704.4944280293953 90.21029177594781 129.95826260972697
  endloop
endfacet
facet normal -0.6593458049767519 -0.00017522257764211328 -0.7518397959383417
  outer loop
    vertex 3704.1679436308527 93.19196572408357 20.979606966436833
    vertex 3703.8731076858353 90.2102917666297 21.238866054813997
    vertex 3703.87290757432 93.19196571968519 21.2383466437509
  endloop
endfacet
facet normal -0.6593458049767519 -0.00017522257764211328 -0.7518397959383417
  outer loop
    vertex 3703.8731076858353 90.2102917666297 21.238866054813997
    vertex 3704.1679436308527 93.19196572408357 20.979606966436833
    vertex 3704.168143742368 90.21029177102814 20.980126377499943
  endloop
endfacet
facet normal -0.6593458126517957 8.619034877891314e-05 0.7518398046856571
  outer loop
    vertex 3703.8731076858353 90.21029176668462 129.48150674193332
    vertex 3704.16794363058 93.21029172413868 129.73972700818422
    vertex 3703.8729075740457 93.21029171974003 129.48098733087016
  endloop
endfacet
facet normal -0.6593458126517957 8.619034877891314e-05 0.7518398046856571
  outer loop
    vertex 3704.16794363058 93.21029172413868 129.73972700818422
    vertex 3703.8731076858353 90.21029176668462 129.48150674193332
    vertex 3704.168143742368 90.21029177108325 129.74024641924737
  endloop
endfacet
facet normal -0.19509031871283875 -0.0001839471868547185 -0.980785263810563
  outer loop
    vertex 3705.6026493412187 93.19196574547247 20.385332403189118
    vertex 3705.217970894087 90.21029178667915 20.46240891950644
    vertex 3705.2177707825717 93.19196573973467 20.461889508443342
  endloop
endfacet
facet normal -0.19509031871283875 -0.0001839471868547185 -0.980785263810563
  outer loop
    vertex 3705.217970894087 90.21029178667915 20.46240891950644
    vertex 3705.6026493412187 93.19196574547247 20.385332403189118
    vertex 3705.602849452734 90.21029179241702 20.385851814252216
  endloop
endfacet
facet normal -0.8968727414072036 1.6751610324341555e-05 0.44228869015622696
  outer loop
    vertex 3703.3963518180403 90.21029175957662 128.86018639837366
    vertex 3703.222589320072 93.2102917100443 128.50771728440577
    vertex 3703.2227894318603 90.21029175698888 128.50823669546895
  endloop
endfacet
facet normal -0.8968727414072036 1.6751610324341555e-05 0.44228869015622696
  outer loop
    vertex 3703.222589320072 93.2102917100443 128.50771728440577
    vertex 3703.3963518180403 90.21029175957662 128.86018639837366
    vertex 3703.3961517062526 93.21029171263201 128.85966698731053
  endloop
endfacet
facet normal -0.06540312818887456 -0.00017821763323372792 -0.9978589073920145
  outer loop
    vertex 3705.9942279178795 93.1919657513103 20.359666987310543
    vertex 3705.602849452734 90.21029179241702 20.385851814252216
    vertex 3705.6026493412187 93.19196574547247 20.385332403189118
  endloop
endfacet
facet normal -0.06540312818887456 -0.00017821763323372792 -0.9978589073920145
  outer loop
    vertex 3705.602849452734 90.21029179241702 20.385851814252216
    vertex 3705.9942279178795 93.1919657513103 20.359666987310543
    vertex 3705.994428029395 90.21029179825484 20.36018639837364
  endloop
endfacet
facet normal -0.32143946530319767 -4.792616606955152e-09 -0.9469301294950935
  outer loop
    vertex 3705.2179693525522 193.6102917866832 20.46240891945433
    vertex 3704.84637623549 190.6102917811435 20.588547800789186
    vertex 3704.8463761907647 193.6102917811435 20.588547800787673
  endloop
endfacet
facet normal -0.32143946530319767 -4.792616606955152e-09 -0.9469301294950935
  outer loop
    vertex 3704.84637623549 190.6102917811435 20.588547800789186
    vertex 3705.2179693525522 193.6102917866832 20.46240891945433
    vertex 3705.217969397277 190.6102917866832 20.46240891945584
  endloop
endfacet
facet normal -1.4497182302304513e-08 1.0 -5.017501127794085e-13
  outer loop
    vertex 3702.9944264878604 193.61029175353542 23.360186398321535
    vertex 3718.2753146465284 193.61029203385482 72.75218666734105
    vertex 3718.974126068306 193.61029204427288 72.66018639832154
  endloop
endfacet
facet normal -1.4497182302304513e-08 1.0 -5.017501127794085e-13
  outer loop
    vertex 3718.2753146465284 193.61029203385482 72.75218666734105
    vertex 3702.9944264878604 193.61029175353542 23.360186398321535
    vertex 3717.6241260683055 193.6102920241468 73.02191780810355
  endloop
endfacet
facet normal -1.4497182302304513e-08 1.0 -5.017501127794085e-13
  outer loop
    vertex 3717.6241260683055 193.6102920241468 73.02191780810355
    vertex 3702.9944264878604 193.61029175353542 23.360186398321535
    vertex 3717.0649377591017 193.61029201581044 73.45099808911783
  endloop
endfacet
facet normal -1.4497182302304513e-08 1.0 -5.017501127794085e-13
  outer loop
    vertex 3717.0649377591017 193.61029201581044 73.45099808911783
    vertex 3702.9944264878604 193.61029175353542 23.360186398321535
    vertex 3716.6358574780875 193.61029200941383 74.01018639832151
  endloop
endfacet
facet normal -1.4497182302304513e-08 1.0 -5.017501127794085e-13
  outer loop
    vertex 3716.6358574780875 193.61029200941383 74.01018639832151
    vertex 3702.9944264878604 193.61029175353542 23.360186398321535
    vertex 3716.3661263373247 193.61029200539292 74.66137497654468
  endloop
endfacet
facet normal -1.4497182302304513e-08 1.0 -5.017501127794085e-13
  outer loop
    vertex 3716.3661263373247 193.61029200539292 74.66137497654468
    vertex 3702.9944264878604 193.61029175353542 23.360186398321535
    vertex 3702.9944264878604 193.61029175358757 127.36018639832133
  endloop
endfacet
facet normal -1.4497182302304513e-08 1.0 -5.017501127794085e-13
  outer loop
    vertex 3716.3661263373247 193.61029200539292 74.66137497654468
    vertex 3702.9944264878604 193.61029175358757 127.36018639832133
    vertex 3716.2741260683056 193.61029200402172 75.36018639832146
  endloop
endfacet
facet normal -1.4497182302304513e-08 1.0 -5.017501127794085e-13
  outer loop
    vertex 3716.2741260683056 193.61029200402172 75.36018639832146
    vertex 3702.9944264878604 193.61029175358757 127.36018639832133
    vertex 3716.3661263373247 193.61029200539363 76.05899782009826
  endloop
endfacet
facet normal -1.4497182302304513e-08 1.0 -5.017501127794085e-13
  outer loop
    vertex 3716.3661263373247 193.61029200539363 76.05899782009826
    vertex 3702.9944264878604 193.61029175358757 127.36018639832133
    vertex 3716.6358574780875 193.6102920094152 76.71018639832143
  endloop
endfacet
facet normal -1.4497182302304513e-08 1.0 -5.017501127794085e-13
  outer loop
    vertex 3716.6358574780875 193.6102920094152 76.71018639832143
    vertex 3702.9944264878604 193.61029175358757 127.36018639832133
    vertex 3717.0649377591017 193.61029201581238 77.2693747075251
  endloop
endfacet
facet normal -1.4497182302304513e-08 1.0 -5.017501127794085e-13
  outer loop
    vertex 3717.0649377591017 193.61029201581238 77.2693747075251
    vertex 3702.9944264878604 193.61029175358757 127.36018639832133
    vertex 3717.6241260683055 193.61029202414915 77.69845498853938
  endloop
endfacet
facet normal -1.4497182302304513e-08 1.0 -5.017501127794085e-13
  outer loop
    vertex 3717.6241260683055 193.61029202414915 77.69845498853938
    vertex 3702.9944264878604 193.61029175358757 127.36018639832133
    vertex 3718.2753146465284 193.61029203385743 77.96818612930188
  endloop
endfacet
facet normal -1.4497182302304513e-08 1.0 -5.017501127794085e-13
  outer loop
    vertex 3718.2753146465284 193.61029203385743 77.96818612930188
    vertex 3702.9944264878604 193.61029175358757 127.36018639832133
    vertex 3718.974126068306 193.6102920442756 78.06018639832139
  endloop
endfacet
facet normal -1.4497182302304513e-08 1.0 -5.017501127794085e-13
  outer loop
    vertex 3705.99442648786 193.61029179825894 20.360186398321538
    vertex 3739.99442648786 193.61029229028955 130.36018639832147
    vertex 3739.99442648786 193.6102922902344 20.360186398321517
  endloop
endfacet
facet normal -1.4497182302304513e-08 1.0 -5.017501127794085e-13
  outer loop
    vertex 3739.99442648786 193.61029229028955 130.36018639832147
    vertex 3705.99442648786 193.61029179825894 20.360186398321538
    vertex 3705.6028479112006 193.61029179242115 20.3858518142001
  endloop
endfacet
facet normal -1.4497182302304513e-08 1.0 -5.017501127794085e-13
  outer loop
    vertex 3739.99442648786 193.61029229028955 130.36018639832147
    vertex 3705.6028479112006 193.61029179242115 20.3858518142001
    vertex 3705.2179693525522 193.6102917866832 20.46240891945433
  endloop
endfacet
facet normal -1.4497182302304513e-08 1.0 -5.017501127794085e-13
  outer loop
    vertex 3739.99442648786 193.61029229028955 130.36018639832147
    vertex 3705.2179693525522 193.6102917866832 20.46240891945433
    vertex 3704.8463761907647 193.6102917811435 20.588547800787673
  endloop
endfacet
facet normal -1.4497182302304513e-08 1.0 -5.017501127794085e-13
  outer loop
    vertex 3739.99442648786 193.61029229028955 130.36018639832147
    vertex 3704.8463761907647 193.6102917811435 20.588547800787673
    vertex 3704.49442648786 193.6102917758966 20.762110186968222
  endloop
endfacet
facet normal -1.4497182302304513e-08 1.0 -5.017501127794085e-13
  outer loop
    vertex 3739.99442648786 193.61029229028955 130.36018639832147
    vertex 3704.49442648786 193.6102917758966 20.762110186968222
    vertex 3704.168142200834 193.61029177103234 20.98012637744783
  endloop
endfacet
facet normal -1.4497182302304513e-08 1.0 -5.017501127794085e-13
  outer loop
    vertex 3739.99442648786 193.61029229028955 130.36018639832147
    vertex 3704.168142200834 193.61029177103234 20.98012637744783
    vertex 3721.582125799286 193.61029208315486 74.66137497654468
  endloop
endfacet
facet normal -1.4497182302304513e-08 1.0 -5.017501127794085e-13
  outer loop
    vertex 3721.582125799286 193.61029208315486 74.66137497654468
    vertex 3704.168142200834 193.61029177103234 20.98012637744783
    vertex 3703.8731061443 193.6102917666339 21.238866054761896
  endloop
endfacet
facet normal -1.4497182302304513e-08 1.0 -5.017501127794085e-13
  outer loop
    vertex 3721.582125799286 193.61029208315486 74.66137497654468
    vertex 3703.8731061443 193.6102917666339 21.238866054761896
    vertex 3703.614366466986 193.61029176277668 21.53390211129537
  endloop
endfacet
facet normal -1.4497182302304513e-08 1.0 -5.017501127794085e-13
  outer loop
    vertex 3721.582125799286 193.61029208315486 74.66137497654468
    vertex 3703.614366466986 193.61029176277668 21.53390211129537
    vertex 3703.396350276507 193.61029175952663 21.860186398321535
  endloop
endfacet
facet normal -1.4497182302304513e-08 1.0 -5.017501127794085e-13
  outer loop
    vertex 3721.582125799286 193.61029208315486 74.66137497654468
    vertex 3703.396350276507 193.61029175952663 21.860186398321535
    vertex 3703.222787890327 193.61029175693932 22.212136101226267
  endloop
endfacet
facet normal -1.4497182302304513e-08 1.0 -5.017501127794085e-13
  outer loop
    vertex 3721.582125799286 193.61029208315486 74.66137497654468
    vertex 3703.222787890327 193.61029175693932 22.212136101226267
    vertex 3703.0966490089922 193.610291755059 22.583729263013975
  endloop
endfacet
facet normal -1.4497182302304513e-08 1.0 -5.017501127794085e-13
  outer loop
    vertex 3721.582125799286 193.61029208315486 74.66137497654468
    vertex 3703.0966490089922 193.610291755059 22.583729263013975
    vertex 3703.0200919037393 193.61029175391775 22.968607821661376
  endloop
endfacet
facet normal -1.4497182302304513e-08 1.0 -5.017501127794085e-13
  outer loop
    vertex 3721.582125799286 193.61029208315486 74.66137497654468
    vertex 3703.0200919037393 193.61029175391775 22.968607821661376
    vertex 3702.9944264878604 193.61029175353542 23.360186398321535
  endloop
endfacet
facet normal -1.4497182302304513e-08 1.0 -5.017501127794085e-13
  outer loop
    vertex 3721.582125799286 193.61029208315486 74.66137497654468
    vertex 3702.9944264878604 193.61029175353542 23.360186398321535
    vertex 3721.3123946585233 193.6102920791333 74.01018639832151
  endloop
endfacet
facet normal -1.4497182302304513e-08 1.0 -5.017501127794085e-13
  outer loop
    vertex 3721.3123946585233 193.6102920791333 74.01018639832151
    vertex 3702.9944264878604 193.61029175353542 23.360186398321535
    vertex 3720.8833143775087 193.61029207273612 73.45099808911783
  endloop
endfacet
facet normal -1.4497182302304513e-08 1.0 -5.017501127794085e-13
  outer loop
    vertex 3720.8833143775087 193.61029207273612 73.45099808911783
    vertex 3702.9944264878604 193.61029175353542 23.360186398321535
    vertex 3720.3241260683053 193.61029206439932 73.02191780810355
  endloop
endfacet
facet normal -1.4497182302304513e-08 1.0 -5.017501127794085e-13
  outer loop
    vertex 3720.3241260683053 193.61029206439932 73.02191780810355
    vertex 3702.9944264878604 193.61029175353542 23.360186398321535
    vertex 3719.6729374900824 193.61029205469106 72.75218666734105
  endloop
endfacet
facet normal -1.4497182302304513e-08 1.0 -5.017501127794085e-13
  outer loop
    vertex 3719.6729374900824 193.61029205469106 72.75218666734105
    vertex 3702.9944264878604 193.61029175353542 23.360186398321535
    vertex 3718.974126068306 193.61029204427288 72.66018639832154
  endloop
endfacet
facet normal -1.4497182302304513e-08 1.0 -5.017501127794085e-13
  outer loop
    vertex 3739.99442648786 193.61029229028955 130.36018639832147
    vertex 3721.582125799286 193.61029208315486 74.66137497654468
    vertex 3721.674126068305 193.61029208452678 75.36018639832146
  endloop
endfacet
facet normal -1.4497182302304513e-08 1.0 -5.017501127794085e-13
  outer loop
    vertex 3739.99442648786 193.61029229028955 130.36018639832147
    vertex 3721.674126068305 193.61029208452678 75.36018639832146
    vertex 3721.582125799286 193.61029208315557 76.05899782009826
  endloop
endfacet
facet normal -1.4497182302304513e-08 1.0 -5.017501127794085e-13
  outer loop
    vertex 3739.99442648786 193.61029229028955 130.36018639832147
    vertex 3721.582125799286 193.61029208315557 76.05899782009826
    vertex 3721.3123946585233 193.61029207913464 76.71018639832143
  endloop
endfacet
facet normal -1.4497182302304513e-08 1.0 -5.017501127794085e-13
  outer loop
    vertex 3739.99442648786 193.61029229028955 130.36018639832147
    vertex 3721.3123946585233 193.61029207913464 76.71018639832143
    vertex 3720.8833143775087 193.61029207273805 77.2693747075251
  endloop
endfacet
facet normal -1.4497182302304513e-08 1.0 -5.017501127794085e-13
  outer loop
    vertex 3739.99442648786 193.61029229028955 130.36018639832147
    vertex 3720.8833143775087 193.61029207273805 77.2693747075251
    vertex 3720.3241260683053 193.6102920644017 77.69845498853938
  endloop
endfacet
facet normal -1.4497182302304513e-08 1.0 -5.017501127794085e-13
  outer loop
    vertex 3739.99442648786 193.61029229028955 130.36018639832147
    vertex 3720.3241260683053 193.6102920644017 77.69845498853938
    vertex 3719.6729374900824 193.61029205469367 77.96818612930188
  endloop
endfacet
facet normal -1.4497182302304513e-08 1.0 -5.017501127794085e-13
  outer loop
    vertex 3739.99442648786 193.61029229028955 130.36018639832147
    vertex 3719.6729374900824 193.61029205469367 77.96818612930188
    vertex 3718.974126068306 193.6102920442756 78.06018639832139
  endloop
endfacet
facet normal -1.4497182302304513e-08 1.0 -5.017501127794085e-13
  outer loop
    vertex 3739.99442648786 193.61029229028955 130.36018639832147
    vertex 3718.974126068306 193.6102920442756 78.06018639832139
    vertex 3702.9944264878604 193.61029175358757 127.36018639832133
  endloop
endfacet
facet normal -1.4497182302304513e-08 1.0 -5.017501127794085e-13
  outer loop
    vertex 3739.99442648786 193.61029229028955 130.36018639832147
    vertex 3702.9944264878604 193.61029175358757 127.36018639832133
    vertex 3703.0200919037393 193.61029175397042 127.7517649749815
  endloop
endfacet
facet normal -1.4497182302304513e-08 1.0 -5.017501127794085e-13
  outer loop
    vertex 3739.99442648786 193.61029229028955 130.36018639832147
    vertex 3703.0200919037393 193.61029175397042 127.7517649749815
    vertex 3703.0966490089922 193.61029175511183 128.1366435336289
  endloop
endfacet
facet normal -1.4497182302304513e-08 1.0 -5.017501127794085e-13
  outer loop
    vertex 3739.99442648786 193.61029229028955 130.36018639832147
    vertex 3703.0966490089922 193.61029175511183 128.1366435336289
    vertex 3703.222787890327 193.61029175699264 128.5082366954166
  endloop
endfacet
facet normal -1.4497182302304513e-08 1.0 -5.017501127794085e-13
  outer loop
    vertex 3739.99442648786 193.61029229028955 130.36018639832147
    vertex 3703.222787890327 193.61029175699264 128.5082366954166
    vertex 3703.396350276507 193.61029175958035 128.86018639832136
  endloop
endfacet
facet normal -1.4497182302304513e-08 1.0 -5.017501127794085e-13
  outer loop
    vertex 3739.99442648786 193.61029229028955 130.36018639832147
    vertex 3703.396350276507 193.61029175958035 128.86018639832136
    vertex 3703.614366466986 193.61029176283077 129.1864706853475
  endloop
endfacet
facet normal -1.4497182302304513e-08 1.0 -5.017501127794085e-13
  outer loop
    vertex 3739.99442648786 193.61029229028955 130.36018639832147
    vertex 3703.614366466986 193.61029176283077 129.1864706853475
    vertex 3703.8731061443 193.61029176668836 129.481506741881
  endloop
endfacet
facet normal -1.4497182302304513e-08 1.0 -5.017501127794085e-13
  outer loop
    vertex 3739.99442648786 193.61029229028955 130.36018639832147
    vertex 3703.8731061443 193.61029176668836 129.481506741881
    vertex 3704.168142200834 193.6102917710869 129.74024641919502
  endloop
endfacet
facet normal -1.4497182302304513e-08 1.0 -5.017501127794085e-13
  outer loop
    vertex 3739.99442648786 193.61029229028955 130.36018639832147
    vertex 3704.168142200834 193.6102917710869 129.74024641919502
    vertex 3704.49442648786 193.61029177595137 129.95826260967465
  endloop
endfacet
facet normal -1.4497182302304513e-08 1.0 -5.017501127794085e-13
  outer loop
    vertex 3739.99442648786 193.61029229028955 130.36018639832147
    vertex 3704.49442648786 193.61029177595137 129.95826260967465
    vertex 3704.8463761907647 193.61029178119844 130.1318249958552
  endloop
endfacet
facet normal -1.4497182302304513e-08 1.0 -5.017501127794085e-13
  outer loop
    vertex 3739.99442648786 193.61029229028955 130.36018639832147
    vertex 3704.8463761907647 193.61029178119844 130.1318249958552
    vertex 3705.2179693525522 193.6102917867384 130.25796387718853
  endloop
endfacet
facet normal -1.4497182302304513e-08 1.0 -5.017501127794085e-13
  outer loop
    vertex 3739.99442648786 193.61029229028955 130.36018639832147
    vertex 3705.2179693525522 193.6102917867384 130.25796387718853
    vertex 3705.6028479112006 193.6102917924763 130.33452098244277
  endloop
endfacet
facet normal -1.4497182302304513e-08 1.0 -5.017501127794085e-13
  outer loop
    vertex 3739.99442648786 193.61029229028955 130.36018639832147
    vertex 3705.6028479112006 193.6102917924763 130.33452098244277
    vertex 3705.99442648786 193.61029179831402 130.36018639832133
  endloop
endfacet
facet normal -0.9978589232386025 -1.4876426153101727e-08 -0.06540312923015859
  outer loop
    vertex 3702.9944264878604 193.61029175353542 23.360186398321535
    vertex 3703.0200919484637 190.61029175391778 22.96860782166289
    vertex 3702.9944265325853 190.61029175353542 23.360186398323044
  endloop
endfacet
facet normal -0.9978589232386025 -1.4876426153101727e-08 -0.06540312923015859
  outer loop
    vertex 3703.0200919484637 190.61029175391778 22.96860782166289
    vertex 3702.9944264878604 193.61029175353542 23.360186398321535
    vertex 3703.0200919037393 193.61029175391775 22.968607821661376
  endloop
endfacet
facet normal -0.1950903220161304 -2.9079218109174095e-09 0.9807852804032302
  outer loop
    vertex 3705.217969397277 190.6102917867384 130.2579638771902
    vertex 3705.6028479112006 193.6102917924763 130.33452098244277
    vertex 3705.2179693525522 193.6102917867384 130.25796387718853
  endloop
endfacet
facet normal -0.1950903220161304 -2.9079218109174095e-09 0.9807852804032302
  outer loop
    vertex 3705.6028479112006 193.6102917924763 130.33452098244277
    vertex 3705.217969397277 190.6102917867384 130.2579638771902
    vertex 3705.6028479559245 190.6102917924763 130.33452098244442
  endloop
endfacet
facet normal -0.06540312923012738 -9.755472694842385e-10 -0.9978589232386047
  outer loop
    vertex 3705.99442648786 193.61029179825894 20.360186398321538
    vertex 3705.6028479559245 190.61029179242118 20.385851814201615
    vertex 3705.6028479112006 193.61029179242115 20.3858518142001
  endloop
endfacet
facet normal -0.06540312923012738 -9.755472694842385e-10 -0.9978589232386047
  outer loop
    vertex 3705.6028479559245 190.61029179242118 20.385851814201615
    vertex 3705.99442648786 193.61029179825894 20.360186398321538
    vertex 3705.9944265325853 190.61029179825894 20.360186398323037
  endloop
endfacet
facet normal -0.44228869021900713 -6.593279161737641e-09 0.8968727415326854
  outer loop
    vertex 3704.4944265325853 190.6102917759513 129.9582626096763
    vertex 3704.8463761907647 193.61029178119844 130.1318249958552
    vertex 3704.49442648786 193.61029177595137 129.95826260967465
  endloop
endfacet
facet normal -0.44228869021900713 -6.593279161737641e-09 0.8968727415326854
  outer loop
    vertex 3704.8463761907647 193.61029178119844 130.1318249958552
    vertex 3704.4944265325853 190.6102917759513 129.9582626096763
    vertex 3704.84637623549 190.6102917811984 130.13182499585687
  endloop
endfacet
facet normal -0.8314696123024922 -1.2396138157705953e-08 -0.5555702330196818
  outer loop
    vertex 3703.396350276507 193.61029175952663 21.860186398321535
    vertex 3703.6143665117115 190.61029176277668 21.533902111296882
    vertex 3703.396350321232 190.61029175952663 21.860186398323037
  endloop
endfacet
facet normal -0.8314696123024922 -1.2396138157705953e-08 -0.5555702330196818
  outer loop
    vertex 3703.6143665117115 190.61029176277668 21.533902111296882
    vertex 3703.396350276507 193.61029175952663 21.860186398321535
    vertex 3703.614366466986 193.61029176277668 21.53390211129537
  endloop
endfacet
facet normal 1.4497289690370998e-08 -1.0 5.067029966702637e-13
  outer loop
    vertex 3739.9944280293944 90.21029229023428 20.36018639837372
    vertex 3705.602849452734 90.21029179241702 20.385851814252216
    vertex 3705.994428029395 90.21029179825484 20.36018639837364
  endloop
endfacet
facet normal 1.4497289690370998e-08 -1.0 5.067029966702637e-13
  outer loop
    vertex 3705.602849452734 90.21029179241702 20.385851814252216
    vertex 3739.9944280293944 90.21029229023428 20.36018639837372
    vertex 3728.974126068317 90.21029212598161 64.0358582867051
  endloop
endfacet
facet normal 1.4497289690370998e-08 -1.0 5.067029966702637e-13
  outer loop
    vertex 3728.974126068317 90.21029212598161 64.0358582867051
    vertex 3739.9944280293944 90.21029229023428 20.36018639837372
    vertex 3739.9944280293944 90.2102922902895 130.36018639837366
  endloop
endfacet
facet normal 1.4497289690370998e-08 -1.0 5.067029966702637e-13
  outer loop
    vertex 3705.602849452734 90.21029179241702 20.385851814252216
    vertex 3728.974126068317 90.21029212598161 64.0358582867051
    vertex 3705.217970894087 90.21029178667915 20.46240891950644
  endloop
endfacet
facet normal 1.4497289690370998e-08 -1.0 5.067029966702637e-13
  outer loop
    vertex 3705.217970894087 90.21029178667915 20.46240891950644
    vertex 3728.974126068317 90.21029212598161 64.0358582867051
    vertex 3704.8463777322995 90.21029178113935 20.588547800839788
  endloop
endfacet
facet normal 1.4497289690370998e-08 -1.0 5.067029966702637e-13
  outer loop
    vertex 3704.8463777322995 90.21029178113935 20.588547800839788
    vertex 3728.974126068317 90.21029212598161 64.0358582867051
    vertex 3704.4944280293953 90.2102917758924 20.762110187020333
  endloop
endfacet
facet normal 1.4497289690370998e-08 -1.0 5.067029966702637e-13
  outer loop
    vertex 3704.4944280293953 90.2102917758924 20.762110187020333
    vertex 3728.974126068317 90.21029212598161 64.0358582867051
    vertex 3704.168143742368 90.21029177102814 20.980126377499943
  endloop
endfacet
facet normal 1.4497289690370998e-08 -1.0 5.067029966702637e-13
  outer loop
    vertex 3704.168143742368 90.21029177102814 20.980126377499943
    vertex 3728.974126068317 90.21029212598161 64.0358582867051
    vertex 3703.8731076858353 90.2102917666297 21.238866054813997
  endloop
endfacet
facet normal 1.4497289690370998e-08 -1.0 5.067029966702637e-13
  outer loop
    vertex 3703.8731076858353 90.2102917666297 21.238866054813997
    vertex 3728.974126068317 90.21029212598161 64.0358582867051
    vertex 3703.614368008521 90.21029176277246 21.533902111347484
  endloop
endfacet
facet normal 1.4497289690370998e-08 -1.0 5.067029966702637e-13
  outer loop
    vertex 3703.614368008521 90.21029176277246 21.533902111347484
    vertex 3728.974126068317 90.21029212598161 64.0358582867051
    vertex 3703.3963518180403 90.21029175952238 21.86018639837365
  endloop
endfacet
facet normal 1.4497289690370998e-08 -1.0 5.067029966702637e-13
  outer loop
    vertex 3703.3963518180403 90.21029175952238 21.86018639837365
    vertex 3728.974126068317 90.21029212598161 64.0358582867051
    vertex 3703.2227894318603 90.210291756935 22.21213610127838
  endloop
endfacet
facet normal 1.4497289690370998e-08 -1.0 5.067029966702637e-13
  outer loop
    vertex 3703.2227894318603 90.210291756935 22.21213610127838
    vertex 3728.974126068317 90.21029212598161 64.0358582867051
    vertex 3703.0966505505276 90.21029175505468 22.58372926306608
  endloop
endfacet
facet normal 1.4497289690370998e-08 -1.0 5.067029966702637e-13
  outer loop
    vertex 3703.0966505505276 90.21029175505468 22.58372926306608
    vertex 3728.974126068317 90.21029212598161 64.0358582867051
    vertex 3703.020093445273 90.2102917539134 22.96860782171349
  endloop
endfacet
facet normal 1.4497289690370998e-08 -1.0 5.067029966702637e-13
  outer loop
    vertex 3703.020093445273 90.2102917539134 22.96860782171349
    vertex 3728.974126068317 90.21029212598161 64.0358582867051
    vertex 3702.994428029394 90.210291753531 23.360186398373646
  endloop
endfacet
facet normal 1.4497289690370998e-08 -1.0 5.067029966702637e-13
  outer loop
    vertex 3702.994428029394 90.210291753531 23.360186398373646
    vertex 3728.974126068317 90.21029212598161 64.0358582867051
    vertex 3725.0347862400968 90.21029212598151 60.7751981149253
  endloop
endfacet
facet normal 1.4497289690370998e-08 -1.0 5.067029966702637e-13
  outer loop
    vertex 3702.994428029394 90.210291753531 23.360186398373646
    vertex 3725.0347862400968 90.21029212598151 60.7751981149253
    vertex 3724.7241260683177 90.21029212598215 60.53682018102838
  endloop
endfacet
facet normal 1.4497289690370998e-08 -1.0 5.067029966702637e-13
  outer loop
    vertex 3702.994428029394 90.210291753531 23.360186398373646
    vertex 3724.7241260683177 90.21029212598215 60.53682018102838
    vertex 3724.362354635971 90.2102921259818 60.38696954727144
  endloop
endfacet
facet normal 1.4497289690370998e-08 -1.0 5.067029966702637e-13
  outer loop
    vertex 3702.994428029394 90.210291753531 23.360186398373646
    vertex 3724.362354635971 90.2102921259818 60.38696954727144
    vertex 3723.9741260683168 90.2102921259817 60.33585828670509
  endloop
endfacet
facet normal 1.4497289690370998e-08 -1.0 5.067029966702637e-13
  outer loop
    vertex 3702.994428029394 90.210291753531 23.360186398373646
    vertex 3723.9741260683168 90.2102921259817 60.33585828670509
    vertex 3713.974126068317 90.21029212598161 60.33585828670506
  endloop
endfacet
facet normal 1.4497289690370998e-08 -1.0 5.067029966702637e-13
  outer loop
    vertex 3725.0347862400968 90.21029212598151 60.7751981149253
    vertex 3728.974126068317 90.21029212598161 64.0358582867051
    vertex 3725.2731641739942 90.21029212598161 61.08585828670507
  endloop
endfacet
facet normal 1.4497289690370998e-08 -1.0 5.067029966702637e-13
  outer loop
    vertex 3725.2731641739942 90.21029212598161 61.08585828670507
    vertex 3728.974126068317 90.21029212598161 64.0358582867051
    vertex 3725.423014807751 90.2102921259818 61.447629719051314
  endloop
endfacet
facet normal 1.4497289690370998e-08 -1.0 5.067029966702637e-13
  outer loop
    vertex 3725.423014807751 90.2102921259818 61.447629719051314
    vertex 3728.974126068317 90.21029212598161 64.0358582867051
    vertex 3725.474126068317 90.2102921259817 61.83585828670511
  endloop
endfacet
facet normal 1.4497289690370998e-08 -1.0 5.067029966702637e-13
  outer loop
    vertex 3725.474126068317 90.2102921259817 61.83585828670511
    vertex 3728.974126068317 90.21029212598161 64.0358582867051
    vertex 3725.423014807751 90.2102921259818 62.22408685435888
  endloop
endfacet
facet normal 1.4497289690370998e-08 -1.0 5.067029966702637e-13
  outer loop
    vertex 3725.423014807751 90.2102921259818 62.22408685435888
    vertex 3728.974126068317 90.21029212598161 64.0358582867051
    vertex 3725.2731641739942 90.2102921259818 62.585858286705125
  endloop
endfacet
facet normal 1.4497289690370998e-08 -1.0 5.067029966702637e-13
  outer loop
    vertex 3725.2731641739942 90.2102921259818 62.585858286705125
    vertex 3728.974126068317 90.21029212598161 64.0358582867051
    vertex 3725.0347862400968 90.21029212598161 62.89651845848491
  endloop
endfacet
facet normal 1.4497289690370998e-08 -1.0 5.067029966702637e-13
  outer loop
    vertex 3725.0347862400968 90.21029212598161 62.89651845848491
    vertex 3728.974126068317 90.21029212598161 64.0358582867051
    vertex 3724.7241260683177 90.2102921259817 63.13489639238172
  endloop
endfacet
facet normal 1.4497289690370998e-08 -1.0 5.067029966702637e-13
  outer loop
    vertex 3724.7241260683177 90.2102921259817 63.13489639238172
    vertex 3728.974126068317 90.21029212598161 64.0358582867051
    vertex 3724.362354635971 90.2102921259817 63.28474702613874
  endloop
endfacet
facet normal 1.4497289690370998e-08 -1.0 5.067029966702637e-13
  outer loop
    vertex 3724.362354635971 90.2102921259817 63.28474702613874
    vertex 3728.974126068317 90.21029212598161 64.0358582867051
    vertex 3723.9741260683168 90.21029212598188 63.33585828670509
  endloop
endfacet
facet normal 1.4497289690370998e-08 -1.0 5.067029966702637e-13
  outer loop
    vertex 3723.9741260683168 90.21029212598188 63.33585828670509
    vertex 3728.974126068317 90.21029212598161 64.0358582867051
    vertex 3713.974126068317 90.21029212598188 63.33585828670509
  endloop
endfacet
facet normal 1.4497289690370998e-08 -1.0 5.067029966702637e-13
  outer loop
    vertex 3728.974126068317 90.21029212598161 64.0358582867051
    vertex 3739.9944280293944 90.2102922902895 130.36018639837366
    vertex 3728.974126068317 90.21029212598161 106.63585828670506
  endloop
endfacet
facet normal 1.4497289690370998e-08 -1.0 5.067029966702637e-13
  outer loop
    vertex 3728.974126068317 90.21029212598161 106.63585828670506
    vertex 3739.9944280293944 90.2102922902895 130.36018639837366
    vertex 3725.2731641739942 90.21029212598161 108.08585828670505
  endloop
endfacet
facet normal 1.4497289690370998e-08 -1.0 5.067029966702637e-13
  outer loop
    vertex 3728.974126068317 90.21029212598161 106.63585828670506
    vertex 3725.2731641739942 90.21029212598161 108.08585828670505
    vertex 3725.0347862400968 90.2102921259818 107.77519811492526
  endloop
endfacet
facet normal 1.4497289690370998e-08 -1.0 5.067029966702637e-13
  outer loop
    vertex 3728.974126068317 90.21029212598161 106.63585828670506
    vertex 3725.0347862400968 90.2102921259818 107.77519811492526
    vertex 3724.7241260683177 90.2102921259818 107.53682018102843
  endloop
endfacet
facet normal 1.4497289690370998e-08 -1.0 5.067029966702637e-13
  outer loop
    vertex 3728.974126068317 90.21029212598161 106.63585828670506
    vertex 3724.7241260683177 90.2102921259818 107.53682018102843
    vertex 3724.362354635971 90.21029212598161 107.3869695472714
  endloop
endfacet
facet normal 1.4497289690370998e-08 -1.0 5.067029966702637e-13
  outer loop
    vertex 3728.974126068317 90.21029212598161 106.63585828670506
    vertex 3724.362354635971 90.21029212598161 107.3869695472714
    vertex 3723.9741260683168 90.2102921259818 107.33585828670505
  endloop
endfacet
facet normal 1.4497289690370998e-08 -1.0 5.067029966702637e-13
  outer loop
    vertex 3728.974126068317 90.21029212598161 106.63585828670506
    vertex 3723.9741260683168 90.2102921259818 107.33585828670505
    vertex 3708.9741260683168 90.21029212598161 106.63585828670506
  endloop
endfacet
facet normal 1.4497289690370998e-08 -1.0 5.067029966702637e-13
  outer loop
    vertex 3725.2731641739942 90.21029212598161 108.08585828670505
    vertex 3739.9944280293944 90.2102922902895 130.36018639837366
    vertex 3725.423014807751 90.2102921259818 108.44762971905126
  endloop
endfacet
facet normal 1.4497289690370998e-08 -1.0 5.067029966702637e-13
  outer loop
    vertex 3725.423014807751 90.2102921259818 108.44762971905126
    vertex 3739.9944280293944 90.2102922902895 130.36018639837366
    vertex 3725.474126068317 90.2102921259817 108.83585828670506
  endloop
endfacet
facet normal 1.4497289690370998e-08 -1.0 5.067029966702637e-13
  outer loop
    vertex 3725.474126068317 90.2102921259817 108.83585828670506
    vertex 3739.9944280293944 90.2102922902895 130.36018639837366
    vertex 3725.423014807751 90.2102921259818 109.22408685435882
  endloop
endfacet
facet normal 1.4497289690370998e-08 -1.0 5.067029966702637e-13
  outer loop
    vertex 3725.423014807751 90.2102921259818 109.22408685435882
    vertex 3739.9944280293944 90.2102922902895 130.36018639837366
    vertex 3725.2731641739942 90.21029212598151 109.58585828670508
  endloop
endfacet
facet normal 1.4497289690370998e-08 -1.0 5.067029966702637e-13
  outer loop
    vertex 3725.2731641739942 90.21029212598151 109.58585828670508
    vertex 3739.9944280293944 90.2102922902895 130.36018639837366
    vertex 3725.0347862400968 90.21029212598161 109.89651845848486
  endloop
endfacet
facet normal 1.4497289690370998e-08 -1.0 5.067029966702637e-13
  outer loop
    vertex 3725.0347862400968 90.21029212598161 109.89651845848486
    vertex 3739.9944280293944 90.2102922902895 130.36018639837366
    vertex 3724.7241260683177 90.2102921259818 110.13489639238173
  endloop
endfacet
facet normal 1.4497289690370998e-08 -1.0 5.067029966702637e-13
  outer loop
    vertex 3724.7241260683177 90.2102921259818 110.13489639238173
    vertex 3739.9944280293944 90.2102922902895 130.36018639837366
    vertex 3724.362354635971 90.2102921259818 110.28474702613866
  endloop
endfacet
facet normal 1.4497289690370998e-08 -1.0 5.067029966702637e-13
  outer loop
    vertex 3724.362354635971 90.2102921259818 110.28474702613866
    vertex 3739.9944280293944 90.2102922902895 130.36018639837366
    vertex 3723.9741260683168 90.2102921259818 110.33585828670508
  endloop
endfacet
facet normal 1.4497289690370998e-08 -1.0 5.067029966702637e-13
  outer loop
    vertex 3723.9741260683168 90.2102921259818 110.33585828670508
    vertex 3739.9944280293944 90.2102922902895 130.36018639837366
    vertex 3713.974126068317 90.2102921259818 110.33585828670512
  endloop
endfacet
facet normal 1.4497289690370998e-08 -1.0 5.067029966702637e-13
  outer loop
    vertex 3713.974126068317 90.2102921259818 110.33585828670512
    vertex 3739.9944280293944 90.2102922902895 130.36018639837366
    vertex 3702.994428029394 90.21029175358372 127.36018639837367
  endloop
endfacet
facet normal 1.4497289690370998e-08 -1.0 5.067029966702637e-13
  outer loop
    vertex 3702.994428029394 90.21029175358372 127.36018639837367
    vertex 3739.9944280293944 90.2102922902895 130.36018639837366
    vertex 3703.020093445273 90.21029175396657 127.7517649750338
  endloop
endfacet
facet normal 1.4497289690370998e-08 -1.0 5.067029966702637e-13
  outer loop
    vertex 3703.020093445273 90.21029175396657 127.7517649750338
    vertex 3739.9944280293944 90.2102922902895 130.36018639837366
    vertex 3703.0966505505276 90.21029175510812 128.13664353368122
  endloop
endfacet
facet normal 1.4497289690370998e-08 -1.0 5.067029966702637e-13
  outer loop
    vertex 3703.0966505505276 90.21029175510812 128.13664353368122
    vertex 3739.9944280293944 90.2102922902895 130.36018639837366
    vertex 3703.2227894318603 90.21029175698888 128.50823669546895
  endloop
endfacet
facet normal 1.4497289690370998e-08 -1.0 5.067029966702637e-13
  outer loop
    vertex 3703.2227894318603 90.21029175698888 128.50823669546895
    vertex 3739.9944280293944 90.2102922902895 130.36018639837366
    vertex 3703.3963518180403 90.21029175957662 128.86018639837366
  endloop
endfacet
facet normal 1.4497289690370998e-08 -1.0 5.067029966702637e-13
  outer loop
    vertex 3703.3963518180403 90.21029175957662 128.86018639837366
    vertex 3739.9944280293944 90.2102922902895 130.36018639837366
    vertex 3703.614368008521 90.21029176282703 129.18647068539983
  endloop
endfacet
facet normal 1.4497289690370998e-08 -1.0 5.067029966702637e-13
  outer loop
    vertex 3703.614368008521 90.21029176282703 129.18647068539983
    vertex 3739.9944280293944 90.2102922902895 130.36018639837366
    vertex 3703.8731076858353 90.21029176668462 129.48150674193332
  endloop
endfacet
facet normal 1.4497289690370998e-08 -1.0 5.067029966702637e-13
  outer loop
    vertex 3703.8731076858353 90.21029176668462 129.48150674193332
    vertex 3739.9944280293944 90.2102922902895 130.36018639837366
    vertex 3704.168143742368 90.21029177108325 129.74024641924737
  endloop
endfacet
facet normal 1.4497289690370998e-08 -1.0 5.067029966702637e-13
  outer loop
    vertex 3704.168143742368 90.21029177108325 129.74024641924737
    vertex 3739.9944280293944 90.2102922902895 130.36018639837366
    vertex 3704.4944280293953 90.21029177594781 129.95826260972697
  endloop
endfacet
facet normal 1.4497289690370998e-08 -1.0 5.067029966702637e-13
  outer loop
    vertex 3704.4944280293953 90.21029177594781 129.95826260972697
    vertex 3739.9944280293944 90.2102922902895 130.36018639837366
    vertex 3704.8463777322995 90.21029178119488 130.13182499590752
  endloop
endfacet
facet normal 1.4497289690370998e-08 -1.0 5.067029966702637e-13
  outer loop
    vertex 3704.8463777322995 90.21029178119488 130.13182499590752
    vertex 3739.9944280293944 90.2102922902895 130.36018639837366
    vertex 3705.217970894087 90.21029178673481 130.25796387724088
  endloop
endfacet
facet normal 1.4497289690370998e-08 -1.0 5.067029966702637e-13
  outer loop
    vertex 3705.217970894087 90.21029178673481 130.25796387724088
    vertex 3739.9944280293944 90.2102922902895 130.36018639837366
    vertex 3705.602849452734 90.21029179247286 130.3345209824951
  endloop
endfacet
facet normal 1.4497289690370998e-08 -1.0 5.067029966702637e-13
  outer loop
    vertex 3705.602849452734 90.21029179247286 130.3345209824951
    vertex 3739.9944280293944 90.2102922902895 130.36018639837366
    vertex 3705.994428029395 90.21029179831064 130.36018639837366
  endloop
endfacet
facet normal 1.4497289690370998e-08 -1.0 5.067029966702637e-13
  outer loop
    vertex 3702.994428029394 90.210291753531 23.360186398373646
    vertex 3708.9741260683168 90.21029212598161 64.0358582867051
    vertex 3702.994428029394 90.21029175358372 127.36018639837367
  endloop
endfacet
facet normal 1.4497289690370998e-08 -1.0 5.067029966702637e-13
  outer loop
    vertex 3708.9741260683168 90.21029212598161 64.0358582867051
    vertex 3702.994428029394 90.210291753531 23.360186398373646
    vertex 3712.913465896537 90.21029212598151 60.7751981149253
  endloop
endfacet
facet normal 1.4497289690370998e-08 -1.0 5.067029966702637e-13
  outer loop
    vertex 3712.913465896537 90.21029212598151 60.7751981149253
    vertex 3702.994428029394 90.210291753531 23.360186398373646
    vertex 3713.224126068317 90.21029212598215 60.53682018102836
  endloop
endfacet
facet normal 1.4497289690370998e-08 -1.0 5.067029966702637e-13
  outer loop
    vertex 3713.224126068317 90.21029212598215 60.53682018102836
    vertex 3702.994428029394 90.210291753531 23.360186398373646
    vertex 3713.585897500663 90.2102921259818 60.38696954727144
  endloop
endfacet
facet normal 1.4497289690370998e-08 -1.0 5.067029966702637e-13
  outer loop
    vertex 3713.585897500663 90.2102921259818 60.38696954727144
    vertex 3702.994428029394 90.210291753531 23.360186398373646
    vertex 3713.974126068317 90.21029212598161 60.33585828670506
  endloop
endfacet
facet normal 1.4497289690370998e-08 -1.0 5.067029966702637e-13
  outer loop
    vertex 3708.9741260683168 90.21029212598161 64.0358582867051
    vertex 3712.913465896537 90.21029212598151 60.7751981149253
    vertex 3712.6750879626406 90.21029212598161 61.08585828670507
  endloop
endfacet
facet normal 1.4497289690370998e-08 -1.0 5.067029966702637e-13
  outer loop
    vertex 3708.9741260683168 90.21029212598161 64.0358582867051
    vertex 3712.6750879626406 90.21029212598161 61.08585828670507
    vertex 3712.5252373288836 90.2102921259818 61.447629719051314
  endloop
endfacet
facet normal 1.4497289690370998e-08 -1.0 5.067029966702637e-13
  outer loop
    vertex 3708.9741260683168 90.21029212598161 64.0358582867051
    vertex 3712.5252373288836 90.2102921259818 61.447629719051314
    vertex 3712.474126068317 90.2102921259817 61.83585828670511
  endloop
endfacet
facet normal 1.4497289690370998e-08 -1.0 5.067029966702637e-13
  outer loop
    vertex 3708.9741260683168 90.21029212598161 64.0358582867051
    vertex 3712.474126068317 90.2102921259817 61.83585828670511
    vertex 3712.5252373288836 90.2102921259818 62.22408685435888
  endloop
endfacet
facet normal 1.4497289690370998e-08 -1.0 5.067029966702637e-13
  outer loop
    vertex 3708.9741260683168 90.21029212598161 64.0358582867051
    vertex 3712.5252373288836 90.2102921259818 62.22408685435888
    vertex 3712.6750879626406 90.2102921259818 62.585858286705125
  endloop
endfacet
facet normal 1.4497289690370998e-08 -1.0 5.067029966702637e-13
  outer loop
    vertex 3708.9741260683168 90.21029212598161 64.0358582867051
    vertex 3712.6750879626406 90.2102921259818 62.585858286705125
    vertex 3712.913465896537 90.21029212598161 62.89651845848491
  endloop
endfacet
facet normal 1.4497289690370998e-08 -1.0 5.067029966702637e-13
  outer loop
    vertex 3708.9741260683168 90.21029212598161 64.0358582867051
    vertex 3712.913465896537 90.21029212598161 62.89651845848491
    vertex 3713.224126068317 90.2102921259817 63.13489639238172
  endloop
endfacet
facet normal 1.4497289690370998e-08 -1.0 5.067029966702637e-13
  outer loop
    vertex 3708.9741260683168 90.21029212598161 64.0358582867051
    vertex 3713.224126068317 90.2102921259817 63.13489639238172
    vertex 3713.585897500663 90.2102921259817 63.28474702613874
  endloop
endfacet
facet normal 1.4497289690370998e-08 -1.0 5.067029966702637e-13
  outer loop
    vertex 3708.9741260683168 90.21029212598161 64.0358582867051
    vertex 3713.585897500663 90.2102921259817 63.28474702613874
    vertex 3713.974126068317 90.21029212598188 63.33585828670509
  endloop
endfacet
facet normal 1.4497289690370998e-08 -1.0 5.067029966702637e-13
  outer loop
    vertex 3708.9741260683168 90.21029212598161 64.0358582867051
    vertex 3713.974126068317 90.21029212598188 63.33585828670509
    vertex 3728.974126068317 90.21029212598161 64.0358582867051
  endloop
endfacet
facet normal 1.4497289690370998e-08 -1.0 5.067029966702637e-13
  outer loop
    vertex 3702.994428029394 90.21029175358372 127.36018639837367
    vertex 3708.9741260683168 90.21029212598161 64.0358582867051
    vertex 3708.9741260683168 90.21029212598161 106.63585828670506
  endloop
endfacet
facet normal 1.4497289690370998e-08 -1.0 5.067029966702637e-13
  outer loop
    vertex 3702.994428029394 90.21029175358372 127.36018639837367
    vertex 3708.9741260683168 90.21029212598161 106.63585828670506
    vertex 3712.6750879626406 90.21029212598161 108.08585828670505
  endloop
endfacet
facet normal 1.4497289690370998e-08 -1.0 5.067029966702637e-13
  outer loop
    vertex 3712.6750879626406 90.21029212598161 108.08585828670505
    vertex 3708.9741260683168 90.21029212598161 106.63585828670506
    vertex 3712.913465896537 90.2102921259818 107.77519811492526
  endloop
endfacet
facet normal 1.4497289690370998e-08 -1.0 5.067029966702637e-13
  outer loop
    vertex 3712.913465896537 90.2102921259818 107.77519811492526
    vertex 3708.9741260683168 90.21029212598161 106.63585828670506
    vertex 3713.224126068317 90.2102921259818 107.53682018102843
  endloop
endfacet
facet normal 1.4497289690370998e-08 -1.0 5.067029966702637e-13
  outer loop
    vertex 3713.224126068317 90.2102921259818 107.53682018102843
    vertex 3708.9741260683168 90.21029212598161 106.63585828670506
    vertex 3713.585897500663 90.21029212598161 107.3869695472714
  endloop
endfacet
facet normal 1.4497289690370998e-08 -1.0 5.067029966702637e-13
  outer loop
    vertex 3713.585897500663 90.21029212598161 107.3869695472714
    vertex 3708.9741260683168 90.21029212598161 106.63585828670506
    vertex 3713.974126068317 90.2102921259818 107.33585828670505
  endloop
endfacet
facet normal 1.4497289690370998e-08 -1.0 5.067029966702637e-13
  outer loop
    vertex 3713.974126068317 90.2102921259818 107.33585828670505
    vertex 3708.9741260683168 90.21029212598161 106.63585828670506
    vertex 3723.9741260683168 90.2102921259818 107.33585828670505
  endloop
endfacet
facet normal 1.4497289690370998e-08 -1.0 5.067029966702637e-13
  outer loop
    vertex 3702.994428029394 90.21029175358372 127.36018639837367
    vertex 3712.6750879626406 90.21029212598161 108.08585828670505
    vertex 3712.5252373288836 90.2102921259818 108.44762971905126
  endloop
endfacet
facet normal 1.4497289690370998e-08 -1.0 5.067029966702637e-13
  outer loop
    vertex 3702.994428029394 90.21029175358372 127.36018639837367
    vertex 3712.5252373288836 90.2102921259818 108.44762971905126
    vertex 3712.474126068317 90.2102921259817 108.83585828670506
  endloop
endfacet
facet normal 1.4497289690370998e-08 -1.0 5.067029966702637e-13
  outer loop
    vertex 3702.994428029394 90.21029175358372 127.36018639837367
    vertex 3712.474126068317 90.2102921259817 108.83585828670506
    vertex 3712.5252373288836 90.2102921259818 109.22408685435886
  endloop
endfacet
facet normal 1.4497289690370998e-08 -1.0 5.067029966702637e-13
  outer loop
    vertex 3702.994428029394 90.21029175358372 127.36018639837367
    vertex 3712.5252373288836 90.2102921259818 109.22408685435886
    vertex 3712.6750879626406 90.21029212598151 109.58585828670508
  endloop
endfacet
facet normal 1.4497289690370998e-08 -1.0 5.067029966702637e-13
  outer loop
    vertex 3702.994428029394 90.21029175358372 127.36018639837367
    vertex 3712.6750879626406 90.21029212598151 109.58585828670508
    vertex 3712.913465896537 90.21029212598161 109.8965184584849
  endloop
endfacet
facet normal 1.4497289690370998e-08 -1.0 5.067029966702637e-13
  outer loop
    vertex 3702.994428029394 90.21029175358372 127.36018639837367
    vertex 3712.913465896537 90.21029212598161 109.8965184584849
    vertex 3713.224126068317 90.2102921259818 110.13489639238178
  endloop
endfacet
facet normal 1.4497289690370998e-08 -1.0 5.067029966702637e-13
  outer loop
    vertex 3702.994428029394 90.21029175358372 127.36018639837367
    vertex 3713.224126068317 90.2102921259818 110.13489639238178
    vertex 3713.585897500663 90.2102921259817 110.28474702613866
  endloop
endfacet
facet normal 1.4497289690370998e-08 -1.0 5.067029966702637e-13
  outer loop
    vertex 3702.994428029394 90.21029175358372 127.36018639837367
    vertex 3713.585897500663 90.2102921259817 110.28474702613866
    vertex 3713.974126068317 90.2102921259818 110.33585828670512
  endloop
endfacet
facet normal 1.4497289690370998e-08 -1.0 5.067029966702637e-13
  outer loop
    vertex 3723.585897500663 90.21029212598161 107.3869695472714
    vertex 3713.974126068317 90.2102921259818 107.33585828670505
    vertex 3723.9741260683168 90.2102921259818 107.33585828670505
  endloop
endfacet
facet normal 1.4497289690370998e-08 -1.0 5.067029966702637e-13
  outer loop
    vertex 3713.974126068317 90.2102921259818 107.33585828670505
    vertex 3723.585897500663 90.21029212598161 107.3869695472714
    vertex 3714.362354635971 90.21029212598161 107.3869695472714
  endloop
endfacet
facet normal 1.4497289690370998e-08 -1.0 5.067029966702637e-13
  outer loop
    vertex 3714.362354635971 90.21029212598161 107.3869695472714
    vertex 3723.585897500663 90.21029212598161 107.3869695472714
    vertex 3723.224126068317 90.2102921259818 107.53682018102843
  endloop
endfacet
facet normal 1.4497289690370998e-08 -1.0 5.067029966702637e-13
  outer loop
    vertex 3714.362354635971 90.21029212598161 107.3869695472714
    vertex 3723.224126068317 90.2102921259818 107.53682018102843
    vertex 3714.7241260683168 90.2102921259818 107.53682018102843
  endloop
endfacet
facet normal 1.4497289690370998e-08 -1.0 5.067029966702637e-13
  outer loop
    vertex 3714.7241260683168 90.2102921259818 107.53682018102843
    vertex 3723.224126068317 90.2102921259818 107.53682018102843
    vertex 3722.913465896537 90.2102921259818 107.77519811492526
  endloop
endfacet
facet normal 1.4497289690370998e-08 -1.0 5.067029966702637e-13
  outer loop
    vertex 3714.7241260683168 90.2102921259818 107.53682018102843
    vertex 3722.913465896537 90.2102921259818 107.77519811492526
    vertex 3715.0347862400968 90.2102921259818 107.77519811492526
  endloop
endfacet
facet normal 1.4497289690370998e-08 -1.0 5.067029966702637e-13
  outer loop
    vertex 3715.0347862400968 90.2102921259818 107.77519811492526
    vertex 3722.913465896537 90.2102921259818 107.77519811492526
    vertex 3722.6750879626406 90.21029212598161 108.08585828670505
  endloop
endfacet
facet normal 1.4497289690370998e-08 -1.0 5.067029966702637e-13
  outer loop
    vertex 3715.0347862400968 90.2102921259818 107.77519811492526
    vertex 3722.6750879626406 90.21029212598161 108.08585828670505
    vertex 3715.2731641739933 90.21029212598161 108.08585828670505
  endloop
endfacet
facet normal 1.4497289690370998e-08 -1.0 5.067029966702637e-13
  outer loop
    vertex 3715.2731641739933 90.21029212598161 108.08585828670505
    vertex 3722.6750879626406 90.21029212598161 108.08585828670505
    vertex 3722.525237328883 90.2102921259818 108.44762971905126
  endloop
endfacet
facet normal 1.4497289690370998e-08 -1.0 5.067029966702637e-13
  outer loop
    vertex 3715.2731641739933 90.21029212598161 108.08585828670505
    vertex 3722.525237328883 90.2102921259818 108.44762971905126
    vertex 3715.423014807751 90.2102921259818 108.44762971905126
  endloop
endfacet
facet normal 1.4497289690370998e-08 -1.0 5.067029966702637e-13
  outer loop
    vertex 3715.423014807751 90.2102921259818 108.44762971905126
    vertex 3722.525237328883 90.2102921259818 108.44762971905126
    vertex 3722.474126068317 90.2102921259817 108.83585828670506
  endloop
endfacet
facet normal 1.4497289690370998e-08 -1.0 5.067029966702637e-13
  outer loop
    vertex 3715.423014807751 90.2102921259818 108.44762971905126
    vertex 3722.474126068317 90.2102921259817 108.83585828670506
    vertex 3715.474126068317 90.2102921259817 108.83585828670506
  endloop
endfacet
facet normal 1.4497289690370998e-08 -1.0 5.067029966702637e-13
  outer loop
    vertex 3715.474126068317 90.2102921259817 108.83585828670506
    vertex 3722.474126068317 90.2102921259817 108.83585828670506
    vertex 3722.525237328883 90.2102921259818 109.22408685435882
  endloop
endfacet
facet normal 1.4497289690370998e-08 -1.0 5.067029966702637e-13
  outer loop
    vertex 3715.474126068317 90.2102921259817 108.83585828670506
    vertex 3722.525237328883 90.2102921259818 109.22408685435882
    vertex 3715.423014807751 90.2102921259818 109.22408685435886
  endloop
endfacet
facet normal 1.4497289690370998e-08 -1.0 5.067029966702637e-13
  outer loop
    vertex 3715.423014807751 90.2102921259818 109.22408685435886
    vertex 3722.525237328883 90.2102921259818 109.22408685435882
    vertex 3722.6750879626406 90.21029212598151 109.58585828670508
  endloop
endfacet
facet normal 1.4497289690370998e-08 -1.0 5.067029966702637e-13
  outer loop
    vertex 3715.423014807751 90.2102921259818 109.22408685435886
    vertex 3722.6750879626406 90.21029212598151 109.58585828670508
    vertex 3715.2731641739933 90.21029212598151 109.58585828670508
  endloop
endfacet
facet normal 1.4497289690370998e-08 -1.0 5.067029966702637e-13
  outer loop
    vertex 3715.2731641739933 90.21029212598151 109.58585828670508
    vertex 3722.6750879626406 90.21029212598151 109.58585828670508
    vertex 3722.913465896537 90.21029212598161 109.89651845848486
  endloop
endfacet
facet normal 1.4497289690370998e-08 -1.0 5.067029966702637e-13
  outer loop
    vertex 3715.2731641739933 90.21029212598151 109.58585828670508
    vertex 3722.913465896537 90.21029212598161 109.89651845848486
    vertex 3715.0347862400968 90.21029212598161 109.8965184584849
  endloop
endfacet
facet normal 1.4497289690370998e-08 -1.0 5.067029966702637e-13
  outer loop
    vertex 3715.0347862400968 90.21029212598161 109.8965184584849
    vertex 3722.913465896537 90.21029212598161 109.89651845848486
    vertex 3723.224126068317 90.2102921259818 110.13489639238173
  endloop
endfacet
facet normal 1.4497289690370998e-08 -1.0 5.067029966702637e-13
  outer loop
    vertex 3715.0347862400968 90.21029212598161 109.8965184584849
    vertex 3723.224126068317 90.2102921259818 110.13489639238173
    vertex 3714.7241260683168 90.2102921259818 110.13489639238178
  endloop
endfacet
facet normal 1.4497289690370998e-08 -1.0 5.067029966702637e-13
  outer loop
    vertex 3714.7241260683168 90.2102921259818 110.13489639238178
    vertex 3723.224126068317 90.2102921259818 110.13489639238173
    vertex 3723.585897500663 90.2102921259818 110.28474702613866
  endloop
endfacet
facet normal 1.4497289690370998e-08 -1.0 5.067029966702637e-13
  outer loop
    vertex 3714.7241260683168 90.2102921259818 110.13489639238178
    vertex 3723.585897500663 90.2102921259818 110.28474702613866
    vertex 3714.362354635971 90.2102921259817 110.28474702613866
  endloop
endfacet
facet normal 1.4497289690370998e-08 -1.0 5.067029966702637e-13
  outer loop
    vertex 3714.362354635971 90.2102921259817 110.28474702613866
    vertex 3723.585897500663 90.2102921259818 110.28474702613866
    vertex 3723.9741260683168 90.2102921259818 110.33585828670508
  endloop
endfacet
facet normal 1.4497289690370998e-08 -1.0 5.067029966702637e-13
  outer loop
    vertex 3714.362354635971 90.2102921259817 110.28474702613866
    vertex 3723.9741260683168 90.2102921259818 110.33585828670508
    vertex 3713.974126068317 90.2102921259818 110.33585828670512
  endloop
endfacet
facet normal 1.4497289690370998e-08 -1.0 5.067029966702637e-13
  outer loop
    vertex 3723.9741260683168 90.2102921259817 60.33585828670509
    vertex 3714.362354635971 90.2102921259818 60.38696954727144
    vertex 3713.974126068317 90.21029212598161 60.33585828670506
  endloop
endfacet
facet normal 1.4497289690370998e-08 -1.0 5.067029966702637e-13
  outer loop
    vertex 3714.362354635971 90.2102921259818 60.38696954727144
    vertex 3723.9741260683168 90.2102921259817 60.33585828670509
    vertex 3723.585897500663 90.2102921259818 60.38696954727144
  endloop
endfacet
facet normal 1.4497289690370998e-08 -1.0 5.067029966702637e-13
  outer loop
    vertex 3714.362354635971 90.2102921259818 60.38696954727144
    vertex 3723.585897500663 90.2102921259818 60.38696954727144
    vertex 3723.224126068317 90.21029212598215 60.53682018102838
  endloop
endfacet
facet normal 1.4497289690370998e-08 -1.0 5.067029966702637e-13
  outer loop
    vertex 3714.362354635971 90.2102921259818 60.38696954727144
    vertex 3723.224126068317 90.21029212598215 60.53682018102838
    vertex 3714.7241260683168 90.21029212598215 60.53682018102836
  endloop
endfacet
facet normal 1.4497289690370998e-08 -1.0 5.067029966702637e-13
  outer loop
    vertex 3714.7241260683168 90.21029212598215 60.53682018102836
    vertex 3723.224126068317 90.21029212598215 60.53682018102838
    vertex 3715.0347862400968 90.21029212598151 60.7751981149253
  endloop
endfacet
facet normal 1.4497289690370998e-08 -1.0 5.067029966702637e-13
  outer loop
    vertex 3715.0347862400968 90.21029212598151 60.7751981149253
    vertex 3723.224126068317 90.21029212598215 60.53682018102838
    vertex 3722.913465896537 90.21029212598151 60.7751981149253
  endloop
endfacet
facet normal 1.4497289690370998e-08 -1.0 5.067029966702637e-13
  outer loop
    vertex 3715.0347862400968 90.21029212598151 60.7751981149253
    vertex 3722.913465896537 90.21029212598151 60.7751981149253
    vertex 3722.6750879626406 90.21029212598161 61.08585828670507
  endloop
endfacet
facet normal 1.4497289690370998e-08 -1.0 5.067029966702637e-13
  outer loop
    vertex 3715.0347862400968 90.21029212598151 60.7751981149253
    vertex 3722.6750879626406 90.21029212598161 61.08585828670507
    vertex 3715.2731641739933 90.21029212598161 61.08585828670507
  endloop
endfacet
facet normal 1.4497289690370998e-08 -1.0 5.067029966702637e-13
  outer loop
    vertex 3715.2731641739933 90.21029212598161 61.08585828670507
    vertex 3722.6750879626406 90.21029212598161 61.08585828670507
    vertex 3722.525237328883 90.2102921259818 61.447629719051314
  endloop
endfacet
facet normal 1.4497289690370998e-08 -1.0 5.067029966702637e-13
  outer loop
    vertex 3715.2731641739933 90.21029212598161 61.08585828670507
    vertex 3722.525237328883 90.2102921259818 61.447629719051314
    vertex 3715.423014807751 90.2102921259818 61.447629719051314
  endloop
endfacet
facet normal 1.4497289690370998e-08 -1.0 5.067029966702637e-13
  outer loop
    vertex 3715.423014807751 90.2102921259818 61.447629719051314
    vertex 3722.525237328883 90.2102921259818 61.447629719051314
    vertex 3722.474126068317 90.2102921259817 61.83585828670511
  endloop
endfacet
facet normal 1.4497289690370998e-08 -1.0 5.067029966702637e-13
  outer loop
    vertex 3715.423014807751 90.2102921259818 61.447629719051314
    vertex 3722.474126068317 90.2102921259817 61.83585828670511
    vertex 3715.474126068317 90.2102921259817 61.83585828670511
  endloop
endfacet
facet normal 1.4497289690370998e-08 -1.0 5.067029966702637e-13
  outer loop
    vertex 3715.474126068317 90.2102921259817 61.83585828670511
    vertex 3722.474126068317 90.2102921259817 61.83585828670511
    vertex 3722.525237328883 90.2102921259818 62.22408685435888
  endloop
endfacet
facet normal 1.4497289690370998e-08 -1.0 5.067029966702637e-13
  outer loop
    vertex 3715.474126068317 90.2102921259817 61.83585828670511
    vertex 3722.525237328883 90.2102921259818 62.22408685435888
    vertex 3715.423014807751 90.2102921259818 62.22408685435888
  endloop
endfacet
facet normal 1.4497289690370998e-08 -1.0 5.067029966702637e-13
  outer loop
    vertex 3715.423014807751 90.2102921259818 62.22408685435888
    vertex 3722.525237328883 90.2102921259818 62.22408685435888
    vertex 3722.6750879626406 90.2102921259818 62.585858286705125
  endloop
endfacet
facet normal 1.4497289690370998e-08 -1.0 5.067029966702637e-13
  outer loop
    vertex 3715.423014807751 90.2102921259818 62.22408685435888
    vertex 3722.6750879626406 90.2102921259818 62.585858286705125
    vertex 3715.2731641739933 90.2102921259818 62.585858286705125
  endloop
endfacet
facet normal 1.4497289690370998e-08 -1.0 5.067029966702637e-13
  outer loop
    vertex 3715.2731641739933 90.2102921259818 62.585858286705125
    vertex 3722.6750879626406 90.2102921259818 62.585858286705125
    vertex 3722.913465896537 90.21029212598161 62.89651845848491
  endloop
endfacet
facet normal 1.4497289690370998e-08 -1.0 5.067029966702637e-13
  outer loop
    vertex 3715.2731641739933 90.2102921259818 62.585858286705125
    vertex 3722.913465896537 90.21029212598161 62.89651845848491
    vertex 3715.0347862400968 90.21029212598161 62.89651845848491
  endloop
endfacet
facet normal 1.4497289690370998e-08 -1.0 5.067029966702637e-13
  outer loop
    vertex 3715.0347862400968 90.21029212598161 62.89651845848491
    vertex 3722.913465896537 90.21029212598161 62.89651845848491
    vertex 3723.224126068317 90.2102921259817 63.13489639238172
  endloop
endfacet
facet normal 1.4497289690370998e-08 -1.0 5.067029966702637e-13
  outer loop
    vertex 3715.0347862400968 90.21029212598161 62.89651845848491
    vertex 3723.224126068317 90.2102921259817 63.13489639238172
    vertex 3714.7241260683168 90.2102921259817 63.13489639238172
  endloop
endfacet
facet normal 1.4497289690370998e-08 -1.0 5.067029966702637e-13
  outer loop
    vertex 3714.7241260683168 90.2102921259817 63.13489639238172
    vertex 3723.224126068317 90.2102921259817 63.13489639238172
    vertex 3723.585897500663 90.2102921259817 63.28474702613874
  endloop
endfacet
facet normal 1.4497289690370998e-08 -1.0 5.067029966702637e-13
  outer loop
    vertex 3714.7241260683168 90.2102921259817 63.13489639238172
    vertex 3723.585897500663 90.2102921259817 63.28474702613874
    vertex 3714.362354635971 90.2102921259817 63.28474702613874
  endloop
endfacet
facet normal 1.4497289690370998e-08 -1.0 5.067029966702637e-13
  outer loop
    vertex 3714.362354635971 90.2102921259817 63.28474702613874
    vertex 3723.585897500663 90.2102921259817 63.28474702613874
    vertex 3723.9741260683168 90.21029212598188 63.33585828670509
  endloop
endfacet
facet normal 1.4497289690370998e-08 -1.0 5.067029966702637e-13
  outer loop
    vertex 3714.362354635971 90.2102921259817 63.28474702613874
    vertex 3723.9741260683168 90.21029212598188 63.33585828670509
    vertex 3713.974126068317 90.21029212598188 63.33585828670509
  endloop
endfacet
facet normal -0.1950903220161581 -2.908961745079894e-09 -0.9807852804032247
  outer loop
    vertex 3705.6028479112006 193.61029179242115 20.3858518142001
    vertex 3705.217969397277 190.6102917866832 20.46240891945584
    vertex 3705.2179693525522 193.6102917866832 20.46240891945433
  endloop
endfacet
facet normal -0.1950903220161581 -2.908961745079894e-09 -0.9807852804032247
  outer loop
    vertex 3705.217969397277 190.6102917866832 20.46240891945584
    vertex 3705.6028479112006 193.61029179242115 20.3858518142001
    vertex 3705.6028479559245 190.61029179242118 20.385851814201615
  endloop
endfacet
facet normal -0.4422886902189725 -6.594228438802211e-09 -0.8968727415327025
  outer loop
    vertex 3704.8463761907647 193.6102917811435 20.588547800787673
    vertex 3704.4944265325853 190.6102917758966 20.76211018696972
    vertex 3704.49442648786 193.6102917758966 20.762110186968222
  endloop
endfacet
facet normal -0.4422886902189725 -6.594228438802211e-09 -0.8968727415327025
  outer loop
    vertex 3704.4944265325853 190.6102917758966 20.76211018696972
    vertex 3704.8463761907647 193.6102917811435 20.588547800787673
    vertex 3704.84637623549 190.6102917811435 20.588547800789186
  endloop
endfacet
facet normal -0.5555702330195823 -8.283030750372464e-09 -0.8314696123025587
  outer loop
    vertex 3704.49442648786 193.6102917758966 20.762110186968222
    vertex 3704.168142245559 190.61029177103228 20.98012637744933
    vertex 3704.168142200834 193.61029177103234 20.98012637744783
  endloop
endfacet
facet normal -0.5555702330195823 -8.283030750372464e-09 -0.8314696123025587
  outer loop
    vertex 3704.168142245559 190.61029177103228 20.98012637744933
    vertex 3704.49442648786 193.6102917758966 20.762110186968222
    vertex 3704.4944265325853 190.6102917758966 20.76211018696972
  endloop
endfacet
facet normal -0.6593458150999074 -9.829275767782435e-09 0.7518398074791189
  outer loop
    vertex 3703.8731061890253 190.61029176668836 129.48150674188264
    vertex 3704.168142200834 193.6102917710869 129.74024641919502
    vertex 3703.8731061443 193.61029176668836 129.481506741881
  endloop
endfacet
facet normal -0.6593458150999074 -9.829275767782435e-09 0.7518398074791189
  outer loop
    vertex 3704.168142200834 193.6102917710869 129.74024641919502
    vertex 3703.8731061890253 190.61029176668836 129.48150674188264
    vertex 3704.168142245559 190.61029177108685 129.7402464191967
  endloop
endfacet
facet normal -0.7518398074791898 -1.1208251066532427e-08 0.6593458150998267
  outer loop
    vertex 3703.8731061890253 190.61029176668836 129.48150674188264
    vertex 3703.614366466986 193.61029176283077 129.1864706853475
    vertex 3703.6143665117115 190.6102917628308 129.18647068534915
  endloop
endfacet
facet normal -0.7518398074791898 -1.1208251066532427e-08 0.6593458150998267
  outer loop
    vertex 3703.614366466986 193.61029176283077 129.1864706853475
    vertex 3703.8731061890253 190.61029176668836 129.48150674188264
    vertex 3703.8731061443 193.61029176668836 129.481506741881
  endloop
endfacet
facet normal -0.5555702330195823 -8.282152262338763e-09 0.8314696123025584
  outer loop
    vertex 3704.168142245559 190.61029177108685 129.7402464191967
    vertex 3704.49442648786 193.61029177595137 129.95826260967465
    vertex 3704.168142200834 193.6102917710869 129.74024641919502
  endloop
endfacet
facet normal -0.5555702330195823 -8.282152262338763e-09 0.8314696123025584
  outer loop
    vertex 3704.49442648786 193.61029177595137 129.95826260967465
    vertex 3704.168142245559 190.61029177108685 129.7402464191967
    vertex 3704.4944265325853 190.6102917759513 129.9582626096763
  endloop
endfacet
facet normal -0.7518398074791712 -1.1208948938871705e-08 -0.659345815099848
  outer loop
    vertex 3703.614366466986 193.61029176277668 21.53390211129537
    vertex 3703.8731061890253 190.61029176663394 21.238866054763395
    vertex 3703.6143665117115 190.61029176277668 21.533902111296882
  endloop
endfacet
facet normal -0.7518398074791712 -1.1208948938871705e-08 -0.659345815099848
  outer loop
    vertex 3703.8731061890253 190.61029176663394 21.238866054763395
    vertex 3703.614366466986 193.61029176277668 21.53390211129537
    vertex 3703.8731061443 193.6102917666339 21.238866054761896
  endloop
endfacet
facet normal -0.980785280403214 -1.4622010918769799e-08 -0.1950903220162108
  outer loop
    vertex 3703.0200919037393 193.61029175391775 22.968607821661376
    vertex 3703.0966490537176 190.610291755059 22.583729263015478
    vertex 3703.0200919484637 190.61029175391778 22.96860782166289
  endloop
endfacet
facet normal -0.980785280403214 -1.4622010918769799e-08 -0.1950903220162108
  outer loop
    vertex 3703.0966490537176 190.610291755059 22.583729263015478
    vertex 3703.0200919037393 193.61029175391775 22.968607821661376
    vertex 3703.0966490089922 193.610291755059 22.583729263013975
  endloop
endfacet
facet normal -0.8968727415326283 -1.3371080768508708e-08 -0.4422886902191227
  outer loop
    vertex 3703.222787890327 193.61029175693932 22.212136101226267
    vertex 3703.396350321232 190.61029175952663 21.860186398323037
    vertex 3703.2227879350507 190.61029175693935 22.212136101227767
  endloop
endfacet
facet normal -0.8968727415326283 -1.3371080768508708e-08 -0.4422886902191227
  outer loop
    vertex 3703.396350321232 190.61029175952663 21.860186398323037
    vertex 3703.222787890327 193.61029175693932 22.212136101226267
    vertex 3703.396350276507 193.61029175952663 21.860186398321535
  endloop
endfacet
facet normal -0.8314696123024877 -1.2395554305065385e-08 0.5555702330196886
  outer loop
    vertex 3703.6143665117115 190.6102917628308 129.18647068534915
    vertex 3703.396350276507 193.61029175958035 128.86018639832136
    vertex 3703.396350321232 190.61029175958035 128.86018639832298
  endloop
endfacet
facet normal -0.8314696123024877 -1.2395554305065385e-08 0.5555702330196886
  outer loop
    vertex 3703.396350276507 193.61029175958035 128.86018639832136
    vertex 3703.6143665117115 190.6102917628308 129.18647068534915
    vertex 3703.614366466986 193.61029176283077 129.1864706853475
  endloop
endfacet
facet normal -0.06540312923014169 -9.744911081032447e-10 0.9978589232386036
  outer loop
    vertex 3705.6028479559245 190.6102917924763 130.33452098244442
    vertex 3705.99442648786 193.61029179831402 130.36018639832133
    vertex 3705.6028479112006 193.6102917924763 130.33452098244277
  endloop
endfacet
facet normal -0.06540312923014169 -9.744911081032447e-10 0.9978589232386036
  outer loop
    vertex 3705.99442648786 193.61029179831402 130.36018639832133
    vertex 3705.6028479559245 190.6102917924763 130.33452098244442
    vertex 3705.9944265325853 190.61029179831402 130.360186398323
  endloop
endfacet
facet normal 5.644469312083142e-08 -3.1466729710298827e-06 0.9999999999950477
  outer loop
    vertex 3728.974126068317 90.21029212598161 64.0358582867051
    vertex 3708.9741260683168 93.2102920770201 64.0358582867051
    vertex 3708.9741260683168 90.21029212598161 64.0358582867051
  endloop
endfacet
facet normal 5.644469312083142e-08 -3.1466729710298827e-06 0.9999999999950477
  outer loop
    vertex 3708.9741260683168 93.2102920770201 64.0358582867051
    vertex 3728.974126068317 90.21029212598161 64.0358582867051
    vertex 3711.17230351278 93.2102920770201 64.0358582867051
  endloop
endfacet
facet normal 5.644469312083142e-08 -3.1466729710298827e-06 0.9999999999950477
  outer loop
    vertex 3711.17230351278 93.2102920770201 64.0358582867051
    vertex 3728.974126068317 90.21029212598161 64.0358582867051
    vertex 3728.974126068317 93.2102920770201 64.0358582867051
  endloop
endfacet
facet normal -0.00024799804514368114 0.9999999561335547 -0.00016195634738532032
  outer loop
    vertex 3702.9942279177862 93.19816460563678 58.53840208396382
    vertex 3713.585897500663 93.19933380027136 60.38696954727144
    vertex 3713.974126068317 93.19933380027118 60.33585828670506
  endloop
endfacet
facet normal -0.00024799804514368114 0.9999999561335547 -0.00016195634738532032
  outer loop
    vertex 3713.585897500663 93.19933380027136 60.38696954727144
    vertex 3702.9942279177862 93.19816460563678 58.53840208396382
    vertex 3713.224126068317 93.19933380027173 60.53682018102836
  endloop
endfacet
facet normal -0.00024799804514368114 0.9999999561335547 -0.00016195634738532032
  outer loop
    vertex 3713.224126068317 93.19933380027173 60.53682018102836
    vertex 3702.9942279177862 93.19816460563678 58.53840208396382
    vertex 3712.913465896537 93.19933380027109 60.7751981149253
  endloop
endfacet
facet normal -0.00024799804514368114 0.9999999561335547 -0.00016195634738532032
  outer loop
    vertex 3712.913465896537 93.19933380027109 60.7751981149253
    vertex 3702.9942279177862 93.19816460563678 58.53840208396382
    vertex 3712.6750879626406 93.19933380027118 61.08585828670507
  endloop
endfacet
facet normal -0.00024799804514368114 0.9999999561335547 -0.00016195634738532032
  outer loop
    vertex 3712.6750879626406 93.19933380027118 61.08585828670507
    vertex 3702.9942279177862 93.19816460563678 58.53840208396382
    vertex 3711.17230351278 93.2102920770201 64.0358582867051
  endloop
endfacet
facet normal -0.00024799804514368114 0.9999999561335547 -0.00016195634738532032
  outer loop
    vertex 3712.6750879626406 93.19933380027118 61.08585828670507
    vertex 3711.17230351278 93.2102920770201 64.0358582867051
    vertex 3712.5252373288836 93.19933380027136 61.447629719051314
  endloop
endfacet
facet normal -0.00024799804514368114 0.9999999561335547 -0.00016195634738532032
  outer loop
    vertex 3712.5252373288836 93.19933380027136 61.447629719051314
    vertex 3711.17230351278 93.2102920770201 64.0358582867051
    vertex 3712.474126068317 93.19933380027128 61.83585828670511
  endloop
endfacet
facet normal -0.00024799804514368114 0.9999999561335547 -0.00016195634738532032
  outer loop
    vertex 3712.474126068317 93.19933380027128 61.83585828670511
    vertex 3711.17230351278 93.2102920770201 64.0358582867051
    vertex 3712.5252373288836 93.19933380027136 62.22408685435888
  endloop
endfacet
facet normal -0.00024799804514368114 0.9999999561335547 -0.00016195634738532032
  outer loop
    vertex 3712.5252373288836 93.19933380027136 62.22408685435888
    vertex 3711.17230351278 93.2102920770201 64.0358582867051
    vertex 3712.6750879626406 93.19933380027136 62.585858286705125
  endloop
endfacet
facet normal -0.00024799804514368114 0.9999999561335547 -0.00016195634738532032
  outer loop
    vertex 3712.6750879626406 93.19933380027136 62.585858286705125
    vertex 3711.17230351278 93.2102920770201 64.0358582867051
    vertex 3712.913465896537 93.19933380027118 62.89651845848491
  endloop
endfacet
facet normal -0.00024799804514368114 0.9999999561335547 -0.00016195634738532032
  outer loop
    vertex 3712.913465896537 93.19933380027118 62.89651845848491
    vertex 3711.17230351278 93.2102920770201 64.0358582867051
    vertex 3713.224126068317 93.19933380027128 63.13489639238172
  endloop
endfacet
facet normal -0.00024799804514368114 0.9999999561335547 -0.00016195634738532032
  outer loop
    vertex 3713.224126068317 93.19933380027128 63.13489639238172
    vertex 3711.17230351278 93.2102920770201 64.0358582867051
    vertex 3713.585897500663 93.19933380027128 63.28474702613874
  endloop
endfacet
facet normal -0.00024799804514368114 0.9999999561335547 -0.00016195634738532032
  outer loop
    vertex 3713.585897500663 93.19933380027128 63.28474702613874
    vertex 3711.17230351278 93.2102920770201 64.0358582867051
    vertex 3713.974126068317 93.19933380027145 63.33585828670509
  endloop
endfacet
facet normal -0.00024799804514368114 0.9999999561335547 -0.00016195634738532032
  outer loop
    vertex 3713.974126068317 93.19933380027145 63.33585828670509
    vertex 3711.17230351278 93.2102920770201 64.0358582867051
    vertex 3723.9741260683168 93.19933368320086 63.33585828670512
  endloop
endfacet
facet normal -0.00024799804514368114 0.9999999561335547 -0.00016195634738532032
  outer loop
    vertex 3702.994227917606 93.21029170663918 127.35966698731052
    vertex 3708.9741260683168 93.2102920770201 80.66790342454006
    vertex 3702.9942279177862 93.19816460563678 58.53840208396382
  endloop
endfacet
facet normal -0.00024799804514368114 0.9999999561335547 -0.00016195634738532032
  outer loop
    vertex 3708.9741260683168 93.2102920770201 80.66790342454006
    vertex 3702.994227917606 93.21029170663918 127.35966698731052
    vertex 3708.9741260683168 93.2102920770201 106.63585828670506
  endloop
endfacet
facet normal -0.00024799804514368114 0.9999999561335547 -0.00016195634738532032
  outer loop
    vertex 3708.9741260683168 93.2102920770201 106.63585828670506
    vertex 3702.994227917606 93.21029170663918 127.35966698731052
    vertex 3712.6750879626406 93.2102920029223 108.08585828670492
  endloop
endfacet
facet normal -0.00024799804514368114 0.9999999561335547 -0.00016195634738532032
  outer loop
    vertex 3708.9741260683168 93.2102920770201 106.63585828670506
    vertex 3712.6750879626406 93.2102920029223 108.08585828670492
    vertex 3712.913465896537 93.21029200292249 107.77519811492512
  endloop
endfacet
facet normal -0.00024799804514368114 0.9999999561335547 -0.00016195634738532032
  outer loop
    vertex 3708.9741260683168 93.2102920770201 106.63585828670506
    vertex 3712.913465896537 93.21029200292249 107.77519811492512
    vertex 3713.224126068317 93.21029200292249 107.5368201810283
  endloop
endfacet
facet normal -0.00024799804514368114 0.9999999561335547 -0.00016195634738532032
  outer loop
    vertex 3708.9741260683168 93.2102920770201 106.63585828670506
    vertex 3713.224126068317 93.21029200292249 107.5368201810283
    vertex 3713.585897500663 93.2102920029223 107.38696954727128
  endloop
endfacet
facet normal -0.00024799804514368114 0.9999999561335547 -0.00016195634738532032
  outer loop
    vertex 3708.9741260683168 93.2102920770201 106.63585828670506
    vertex 3713.585897500663 93.2102920029223 107.38696954727128
    vertex 3713.974126068317 93.21029200292249 107.3358582867049
  endloop
endfacet
facet normal -0.00024799804514368114 0.9999999561335547 -0.00016195634738532032
  outer loop
    vertex 3708.9741260683168 93.2102920770201 106.63585828670506
    vertex 3713.974126068317 93.21029200292249 107.3358582867049
    vertex 3728.974126068317 93.2102920770201 106.63585828670506
  endloop
endfacet
facet normal -0.00024799804514368114 0.9999999561335547 -0.00016195634738532032
  outer loop
    vertex 3712.6750879626406 93.2102920029223 108.08585828670492
    vertex 3702.994227917606 93.21029170663918 127.35966698731052
    vertex 3712.5252373288836 93.21029200292249 108.44762971905112
  endloop
endfacet
facet normal -0.00024799804514368114 0.9999999561335547 -0.00016195634738532032
  outer loop
    vertex 3712.5252373288836 93.21029200292249 108.44762971905112
    vertex 3702.994227917606 93.21029170663918 127.35966698731052
    vertex 3712.474126068317 93.21029200292239 108.83585828670492
  endloop
endfacet
facet normal -0.00024799804514368114 0.9999999561335547 -0.00016195634738532032
  outer loop
    vertex 3712.474126068317 93.21029200292239 108.83585828670492
    vertex 3702.994227917606 93.21029170663918 127.35966698731052
    vertex 3712.5252373288836 93.21029200292249 109.22408685435867
  endloop
endfacet
facet normal -0.00024799804514368114 0.9999999561335547 -0.00016195634738532032
  outer loop
    vertex 3712.5252373288836 93.21029200292249 109.22408685435867
    vertex 3702.994227917606 93.21029170663918 127.35966698731052
    vertex 3712.6750879626406 93.21029200292222 109.58585828670493
  endloop
endfacet
facet normal -0.00024799804514368114 0.9999999561335547 -0.00016195634738532032
  outer loop
    vertex 3712.6750879626406 93.21029200292222 109.58585828670493
    vertex 3702.994227917606 93.21029170663918 127.35966698731052
    vertex 3712.913465896537 93.2102920029223 109.89651845848472
  endloop
endfacet
facet normal -0.00024799804514368114 0.9999999561335547 -0.00016195634738532032
  outer loop
    vertex 3712.913465896537 93.2102920029223 109.89651845848472
    vertex 3702.994227917606 93.21029170663918 127.35966698731052
    vertex 3713.224126068317 93.21029200292249 110.13489639238159
  endloop
endfacet
facet normal -0.00024799804514368114 0.9999999561335547 -0.00016195634738532032
  outer loop
    vertex 3713.224126068317 93.21029200292249 110.13489639238159
    vertex 3702.994227917606 93.21029170663918 127.35966698731052
    vertex 3713.585897500663 93.21029200292239 110.28474702613853
  endloop
endfacet
facet normal -0.00024799804514368114 0.9999999561335547 -0.00016195634738532032
  outer loop
    vertex 3713.585897500663 93.21029200292239 110.28474702613853
    vertex 3702.994227917606 93.21029170663918 127.35966698731052
    vertex 3713.974126068317 93.21029200292249 110.33585828670499
  endloop
endfacet
facet normal -0.00024799804514368114 0.9999999561335547 -0.00016195634738532032
  outer loop
    vertex 3713.974126068317 93.21029200292249 110.33585828670499
    vertex 3702.994227917606 93.21029170663918 127.35966698731052
    vertex 3723.9741260683168 93.21029209193904 110.33585828670508
  endloop
endfacet
facet normal -0.00024799804514368114 0.9999999561335547 -0.00016195634738532032
  outer loop
    vertex 3705.6026493412187 93.19196574547247 20.385332403189118
    vertex 3736.9942279176053 93.21029219856402 20.35966698731056
    vertex 3705.9942279178795 93.1919657513103 20.359666987310543
  endloop
endfacet
facet normal -0.00024799804514368114 0.9999999561335547 -0.00016195634738532032
  outer loop
    vertex 3736.9942279176053 93.21029219856402 20.35966698731056
    vertex 3705.6026493412187 93.19196574547247 20.385332403189118
    vertex 3728.974126068317 93.2102920770201 64.0358582867051
  endloop
endfacet
facet normal -0.00024799804514368114 0.9999999561335547 -0.00016195634738532032
  outer loop
    vertex 3736.9942279176053 93.21029219856402 20.35966698731056
    vertex 3728.974126068317 93.2102920770201 64.0358582867051
    vertex 3736.9942279176053 93.21029219861985 130.35966698731048
  endloop
endfacet
facet normal -0.00024799804514368114 0.9999999561335547 -0.00016195634738532032
  outer loop
    vertex 3728.974126068317 93.2102920770201 64.0358582867051
    vertex 3705.6026493412187 93.19196574547247 20.385332403189118
    vertex 3705.2177707825717 93.19196573973467 20.461889508443342
  endloop
endfacet
facet normal -0.00024799804514368114 0.9999999561335547 -0.00016195634738532032
  outer loop
    vertex 3728.974126068317 93.2102920770201 64.0358582867051
    vertex 3705.2177707825717 93.19196573973467 20.461889508443342
    vertex 3704.846177620784 93.1919657341948 20.588028389776678
  endloop
endfacet
facet normal -0.00024799804514368114 0.9999999561335547 -0.00016195634738532032
  outer loop
    vertex 3728.974126068317 93.2102920770201 64.0358582867051
    vertex 3704.846177620784 93.1919657341948 20.588028389776678
    vertex 3704.4942279178795 93.19196572894785 20.761590775957224
  endloop
endfacet
facet normal -0.00024799804514368114 0.9999999561335547 -0.00016195634738532032
  outer loop
    vertex 3728.974126068317 93.2102920770201 64.0358582867051
    vertex 3704.4942279178795 93.19196572894785 20.761590775957224
    vertex 3704.1679436308527 93.19196572408357 20.979606966436833
  endloop
endfacet
facet normal -0.00024799804514368114 0.9999999561335547 -0.00016195634738532032
  outer loop
    vertex 3728.974126068317 93.2102920770201 64.0358582867051
    vertex 3704.1679436308527 93.19196572408357 20.979606966436833
    vertex 3703.87290757432 93.19196571968519 21.2383466437509
  endloop
endfacet
facet normal -0.00024799804514368114 0.9999999561335547 -0.00016195634738532032
  outer loop
    vertex 3728.974126068317 93.2102920770201 64.0358582867051
    vertex 3703.87290757432 93.19196571968519 21.2383466437509
    vertex 3703.614167897006 93.19196571582792 21.533382700284385
  endloop
endfacet
facet normal -0.00024799804514368114 0.9999999561335547 -0.00016195634738532032
  outer loop
    vertex 3728.974126068317 93.2102920770201 64.0358582867051
    vertex 3703.614167897006 93.19196571582792 21.533382700284385
    vertex 3703.3961517065263 93.19196571257781 21.85966698731054
  endloop
endfacet
facet normal -0.00024799804514368114 0.9999999561335547 -0.00016195634738532032
  outer loop
    vertex 3728.974126068317 93.2102920770201 64.0358582867051
    vertex 3703.3961517065263 93.19196571257781 21.85966698731054
    vertex 3703.222589320345 93.19196570999044 22.21161669021527
  endloop
endfacet
facet normal -0.00024799804514368114 0.9999999561335547 -0.00016195634738532032
  outer loop
    vertex 3728.974126068317 93.2102920770201 64.0358582867051
    vertex 3703.222589320345 93.19196570999044 22.21161669021527
    vertex 3703.096450439012 93.19196570811003 22.58320985200298
  endloop
endfacet
facet normal -0.00024799804514368114 0.9999999561335547 -0.00016195634738532032
  outer loop
    vertex 3728.974126068317 93.2102920770201 64.0358582867051
    vertex 3703.096450439012 93.19196570811003 22.58320985200298
    vertex 3703.0198933337574 93.19196570696886 22.96808841065038
  endloop
endfacet
facet normal -0.00024799804514368114 0.9999999561335547 -0.00016195634738532032
  outer loop
    vertex 3728.974126068317 93.2102920770201 64.0358582867051
    vertex 3703.0198933337574 93.19196570696886 22.96808841065038
    vertex 3702.994227917879 93.19196570658642 23.359666987310536
  endloop
endfacet
facet normal -0.00024799804514368114 0.9999999561335547 -0.00016195634738532032
  outer loop
    vertex 3728.974126068317 93.2102920770201 64.0358582867051
    vertex 3702.994227917879 93.19196570658642 23.359666987310536
    vertex 3725.0347862400968 93.19933368320049 60.77519811492533
  endloop
endfacet
facet normal -0.00024799804514368114 0.9999999561335547 -0.00016195634738532032
  outer loop
    vertex 3725.0347862400968 93.19933368320049 60.77519811492533
    vertex 3702.994227917879 93.19196570658642 23.359666987310536
    vertex 3724.7241260683177 93.19933368320113 60.53682018102842
  endloop
endfacet
facet normal -0.00024799804514368114 0.9999999561335547 -0.00016195634738532032
  outer loop
    vertex 3724.7241260683177 93.19933368320113 60.53682018102842
    vertex 3702.994227917879 93.19196570658642 23.359666987310536
    vertex 3724.362354635971 93.19933368320078 60.38696954727148
  endloop
endfacet
facet normal -0.00024799804514368114 0.9999999561335547 -0.00016195634738532032
  outer loop
    vertex 3724.362354635971 93.19933368320078 60.38696954727148
    vertex 3702.994227917879 93.19196570658642 23.359666987310536
    vertex 3723.9741260683168 93.19933368320068 60.335858286705125
  endloop
endfacet
facet normal -0.00024799804514368114 0.9999999561335547 -0.00016195634738532032
  outer loop
    vertex 3723.9741260683168 93.19933368320068 60.335858286705125
    vertex 3702.994227917879 93.19196570658642 23.359666987310536
    vertex 3702.9942279177862 93.19816460563678 58.53840208396382
  endloop
endfacet
facet normal -0.00024799804514368114 0.9999999561335547 -0.00016195634738532032
  outer loop
    vertex 3723.9741260683168 93.19933368320068 60.335858286705125
    vertex 3702.9942279177862 93.19816460563678 58.53840208396382
    vertex 3713.974126068317 93.19933380027118 60.33585828670506
  endloop
endfacet
facet normal -0.00024799804514368114 0.9999999561335547 -0.00016195634738532032
  outer loop
    vertex 3728.974126068317 93.2102920770201 64.0358582867051
    vertex 3725.0347862400968 93.19933368320049 60.77519811492533
    vertex 3725.2731641739942 93.19933368320059 61.085858286705104
  endloop
endfacet
facet normal -0.00024799804514368114 0.9999999561335547 -0.00016195634738532032
  outer loop
    vertex 3728.974126068317 93.2102920770201 64.0358582867051
    vertex 3725.2731641739942 93.19933368320059 61.085858286705104
    vertex 3725.423014807751 93.19933368320078 61.44762971905134
  endloop
endfacet
facet normal -0.00024799804514368114 0.9999999561335547 -0.00016195634738532032
  outer loop
    vertex 3728.974126068317 93.2102920770201 64.0358582867051
    vertex 3725.423014807751 93.19933368320078 61.44762971905134
    vertex 3725.474126068317 93.19933368320068 61.83585828670515
  endloop
endfacet
facet normal -0.00024799804514368114 0.9999999561335547 -0.00016195634738532032
  outer loop
    vertex 3728.974126068317 93.2102920770201 64.0358582867051
    vertex 3725.474126068317 93.19933368320068 61.83585828670515
    vertex 3725.423014807751 93.19933368320078 62.224086854358916
  endloop
endfacet
facet normal -0.00024799804514368114 0.9999999561335547 -0.00016195634738532032
  outer loop
    vertex 3728.974126068317 93.2102920770201 64.0358582867051
    vertex 3725.423014807751 93.19933368320078 62.224086854358916
    vertex 3725.2731641739942 93.19933368320078 62.585858286705154
  endloop
endfacet
facet normal -0.00024799804514368114 0.9999999561335547 -0.00016195634738532032
  outer loop
    vertex 3728.974126068317 93.2102920770201 64.0358582867051
    vertex 3725.2731641739942 93.19933368320078 62.585858286705154
    vertex 3725.0347862400968 93.19933368320059 62.89651845848495
  endloop
endfacet
facet normal -0.00024799804514368114 0.9999999561335547 -0.00016195634738532032
  outer loop
    vertex 3728.974126068317 93.2102920770201 64.0358582867051
    vertex 3725.0347862400968 93.19933368320059 62.89651845848495
    vertex 3724.7241260683177 93.19933368320068 63.134896392381755
  endloop
endfacet
facet normal -0.00024799804514368114 0.9999999561335547 -0.00016195634738532032
  outer loop
    vertex 3728.974126068317 93.2102920770201 64.0358582867051
    vertex 3724.7241260683177 93.19933368320068 63.134896392381755
    vertex 3724.362354635971 93.19933368320068 63.284747026138774
  endloop
endfacet
facet normal -0.00024799804514368114 0.9999999561335547 -0.00016195634738532032
  outer loop
    vertex 3728.974126068317 93.2102920770201 64.0358582867051
    vertex 3724.362354635971 93.19933368320068 63.284747026138774
    vertex 3723.9741260683168 93.19933368320086 63.33585828670512
  endloop
endfacet
facet normal -0.00024799804514368114 0.9999999561335547 -0.00016195634738532032
  outer loop
    vertex 3728.974126068317 93.2102920770201 64.0358582867051
    vertex 3723.9741260683168 93.19933368320086 63.33585828670512
    vertex 3711.17230351278 93.2102920770201 64.0358582867051
  endloop
endfacet
facet normal -0.00024799804514368114 0.9999999561335547 -0.00016195634738532032
  outer loop
    vertex 3736.9942279176053 93.21029219861985 130.35966698731048
    vertex 3728.974126068317 93.2102920770201 64.0358582867051
    vertex 3728.974126068317 93.2102920770201 106.63585828670506
  endloop
endfacet
facet normal -0.00024799804514368114 0.9999999561335547 -0.00016195634738532032
  outer loop
    vertex 3736.9942279176053 93.21029219861985 130.35966698731048
    vertex 3728.974126068317 93.2102920770201 106.63585828670506
    vertex 3725.2731641739942 93.21029209193887 108.08585828670505
  endloop
endfacet
facet normal -0.00024799804514368114 0.9999999561335547 -0.00016195634738532032
  outer loop
    vertex 3725.2731641739942 93.21029209193887 108.08585828670505
    vertex 3728.974126068317 93.2102920770201 106.63585828670506
    vertex 3725.0347862400968 93.21029209193904 107.77519811492526
  endloop
endfacet
facet normal -0.00024799804514368114 0.9999999561335547 -0.00016195634738532032
  outer loop
    vertex 3725.0347862400968 93.21029209193904 107.77519811492526
    vertex 3728.974126068317 93.2102920770201 106.63585828670506
    vertex 3724.7241260683177 93.21029209193904 107.53682018102843
  endloop
endfacet
facet normal -0.00024799804514368114 0.9999999561335547 -0.00016195634738532032
  outer loop
    vertex 3724.7241260683177 93.21029209193904 107.53682018102843
    vertex 3728.974126068317 93.2102920770201 106.63585828670506
    vertex 3724.362354635971 93.21029209193887 107.3869695472714
  endloop
endfacet
facet normal -0.00024799804514368114 0.9999999561335547 -0.00016195634738532032
  outer loop
    vertex 3724.362354635971 93.21029209193887 107.3869695472714
    vertex 3728.974126068317 93.2102920770201 106.63585828670506
    vertex 3723.9741260683168 93.21029209193904 107.33585828670505
  endloop
endfacet
facet normal -0.00024799804514368114 0.9999999561335547 -0.00016195634738532032
  outer loop
    vertex 3723.9741260683168 93.21029209193904 107.33585828670505
    vertex 3728.974126068317 93.2102920770201 106.63585828670506
    vertex 3713.974126068317 93.21029200292249 107.3358582867049
  endloop
endfacet
facet normal -0.00024799804514368114 0.9999999561335547 -0.00016195634738532032
  outer loop
    vertex 3736.9942279176053 93.21029219861985 130.35966698731048
    vertex 3725.2731641739942 93.21029209193887 108.08585828670505
    vertex 3725.423014807751 93.21029209193904 108.44762971905126
  endloop
endfacet
facet normal -0.00024799804514368114 0.9999999561335547 -0.00016195634738532032
  outer loop
    vertex 3736.9942279176053 93.21029219861985 130.35966698731048
    vertex 3725.423014807751 93.21029209193904 108.44762971905126
    vertex 3725.474126068317 93.21029209193895 108.83585828670506
  endloop
endfacet
facet normal -0.00024799804514368114 0.9999999561335547 -0.00016195634738532032
  outer loop
    vertex 3736.9942279176053 93.21029219861985 130.35966698731048
    vertex 3725.474126068317 93.21029209193895 108.83585828670506
    vertex 3725.423014807751 93.21029209193904 109.22408685435882
  endloop
endfacet
facet normal -0.00024799804514368114 0.9999999561335547 -0.00016195634738532032
  outer loop
    vertex 3736.9942279176053 93.21029219861985 130.35966698731048
    vertex 3725.423014807751 93.21029209193904 109.22408685435882
    vertex 3725.2731641739942 93.21029209193877 109.58585828670508
  endloop
endfacet
facet normal -0.00024799804514368114 0.9999999561335547 -0.00016195634738532032
  outer loop
    vertex 3736.9942279176053 93.21029219861985 130.35966698731048
    vertex 3725.2731641739942 93.21029209193877 109.58585828670508
    vertex 3725.0347862400968 93.21029209193887 109.89651845848486
  endloop
endfacet
facet normal -0.00024799804514368114 0.9999999561335547 -0.00016195634738532032
  outer loop
    vertex 3736.9942279176053 93.21029219861985 130.35966698731048
    vertex 3725.0347862400968 93.21029209193887 109.89651845848486
    vertex 3724.7241260683177 93.21029209193904 110.13489639238173
  endloop
endfacet
facet normal -0.00024799804514368114 0.9999999561335547 -0.00016195634738532032
  outer loop
    vertex 3736.9942279176053 93.21029219861985 130.35966698731048
    vertex 3724.7241260683177 93.21029209193904 110.13489639238173
    vertex 3724.362354635971 93.21029209193904 110.28474702613866
  endloop
endfacet
facet normal -0.00024799804514368114 0.9999999561335547 -0.00016195634738532032
  outer loop
    vertex 3736.9942279176053 93.21029219861985 130.35966698731048
    vertex 3724.362354635971 93.21029209193904 110.28474702613866
    vertex 3723.9741260683168 93.21029209193904 110.33585828670508
  endloop
endfacet
facet normal -0.00024799804514368114 0.9999999561335547 -0.00016195634738532032
  outer loop
    vertex 3736.9942279176053 93.21029219861985 130.35966698731048
    vertex 3723.9741260683168 93.21029209193904 110.33585828670508
    vertex 3702.994227917606 93.21029170663918 127.35966698731052
  endloop
endfacet
facet normal -0.00024799804514368114 0.9999999561335547 -0.00016195634738532032
  outer loop
    vertex 3736.9942279176053 93.21029219861985 130.35966698731048
    vertex 3702.994227917606 93.21029170663918 127.35966698731052
    vertex 3703.0198933334846 93.21029170702202 127.75124556397068
  endloop
endfacet
facet normal -0.00024799804514368114 0.9999999561335547 -0.00016195634738532032
  outer loop
    vertex 3736.9942279176053 93.21029219861985 130.35966698731048
    vertex 3703.0198933334846 93.21029170702202 127.75124556397068
    vertex 3703.096450438738 93.21029170816352 128.13612412261807
  endloop
endfacet
facet normal -0.00024799804514368114 0.9999999561335547 -0.00016195634738532032
  outer loop
    vertex 3736.9942279176053 93.21029219861985 130.35966698731048
    vertex 3703.096450438738 93.21029170816352 128.13612412261807
    vertex 3703.222589320072 93.2102917100443 128.50771728440577
  endloop
endfacet
facet normal -0.00024799804514368114 0.9999999561335547 -0.00016195634738532032
  outer loop
    vertex 3736.9942279176053 93.21029219861985 130.35966698731048
    vertex 3703.222589320072 93.2102917100443 128.50771728440577
    vertex 3703.3961517062526 93.21029171263201 128.85966698731053
  endloop
endfacet
facet normal -0.00024799804514368114 0.9999999561335547 -0.00016195634738532032
  outer loop
    vertex 3736.9942279176053 93.21029219861985 130.35966698731048
    vertex 3703.3961517062526 93.21029171263201 128.85966698731053
    vertex 3703.6141678967315 93.21029171588245 129.18595127433667
  endloop
endfacet
facet normal -0.00024799804514368114 0.9999999561335547 -0.00016195634738532032
  outer loop
    vertex 3736.9942279176053 93.21029219861985 130.35966698731048
    vertex 3703.6141678967315 93.21029171588245 129.18595127433667
    vertex 3703.8729075740457 93.21029171974003 129.48098733087016
  endloop
endfacet
facet normal -0.00024799804514368114 0.9999999561335547 -0.00016195634738532032
  outer loop
    vertex 3736.9942279176053 93.21029219861985 130.35966698731048
    vertex 3703.8729075740457 93.21029171974003 129.48098733087016
    vertex 3704.16794363058 93.21029172413868 129.73972700818422
  endloop
endfacet
facet normal -0.00024799804514368114 0.9999999561335547 -0.00016195634738532032
  outer loop
    vertex 3736.9942279176053 93.21029219861985 130.35966698731048
    vertex 3704.16794363058 93.21029172413868 129.73972700818422
    vertex 3704.4942279176057 93.21029172900316 129.95774319866382
  endloop
endfacet
facet normal -0.00024799804514368114 0.9999999561335547 -0.00016195634738532032
  outer loop
    vertex 3736.9942279176053 93.21029219861985 130.35966698731048
    vertex 3704.4942279176057 93.21029172900316 129.95774319866382
    vertex 3704.84617762051 93.21029173425033 130.13130558484437
  endloop
endfacet
facet normal -0.00024799804514368114 0.9999999561335547 -0.00016195634738532032
  outer loop
    vertex 3736.9942279176053 93.21029219861985 130.35966698731048
    vertex 3704.84617762051 93.21029173425033 130.13130558484437
    vertex 3705.2177707822975 93.21029173979024 130.25744446617773
  endloop
endfacet
facet normal -0.00024799804514368114 0.9999999561335547 -0.00016195634738532032
  outer loop
    vertex 3736.9942279176053 93.21029219861985 130.35966698731048
    vertex 3705.2177707822975 93.21029173979024 130.25744446617773
    vertex 3705.602649340946 93.21029174552824 130.33400157143194
  endloop
endfacet
facet normal -0.00024799804514368114 0.9999999561335547 -0.00016195634738532032
  outer loop
    vertex 3736.9942279176053 93.21029219861985 130.35966698731048
    vertex 3705.602649340946 93.21029174552824 130.33400157143194
    vertex 3705.9942279176053 93.21029175136607 130.3596669873105
  endloop
endfacet
facet normal -0.00024799804514368114 0.9999999561335547 -0.00016195634738532032
  outer loop
    vertex 3714.362354635971 93.2102920029223 107.38696954727128
    vertex 3723.9741260683168 93.21029209193904 107.33585828670505
    vertex 3713.974126068317 93.21029200292249 107.3358582867049
  endloop
endfacet
facet normal -0.00024799804514368114 0.9999999561335547 -0.00016195634738532032
  outer loop
    vertex 3723.9741260683168 93.21029209193904 107.33585828670505
    vertex 3714.362354635971 93.2102920029223 107.38696954727128
    vertex 3723.585897500663 93.21029209193887 107.3869695472714
  endloop
endfacet
facet normal -0.00024799804514368114 0.9999999561335547 -0.00016195634738532032
  outer loop
    vertex 3723.585897500663 93.21029209193887 107.3869695472714
    vertex 3714.362354635971 93.2102920029223 107.38696954727128
    vertex 3714.7241260683168 93.21029200292249 107.5368201810283
  endloop
endfacet
facet normal -0.00024799804514368114 0.9999999561335547 -0.00016195634738532032
  outer loop
    vertex 3723.585897500663 93.21029209193887 107.3869695472714
    vertex 3714.7241260683168 93.21029200292249 107.5368201810283
    vertex 3723.224126068317 93.21029209193904 107.53682018102843
  endloop
endfacet
facet normal -0.00024799804514368114 0.9999999561335547 -0.00016195634738532032
  outer loop
    vertex 3723.224126068317 93.21029209193904 107.53682018102843
    vertex 3714.7241260683168 93.21029200292249 107.5368201810283
    vertex 3715.0347862400968 93.21029200292249 107.77519811492512
  endloop
endfacet
facet normal -0.00024799804514368114 0.9999999561335547 -0.00016195634738532032
  outer loop
    vertex 3723.224126068317 93.21029209193904 107.53682018102843
    vertex 3715.0347862400968 93.21029200292249 107.77519811492512
    vertex 3722.913465896537 93.21029209193904 107.77519811492526
  endloop
endfacet
facet normal -0.00024799804514368114 0.9999999561335547 -0.00016195634738532032
  outer loop
    vertex 3722.913465896537 93.21029209193904 107.77519811492526
    vertex 3715.0347862400968 93.21029200292249 107.77519811492512
    vertex 3715.2731641739933 93.2102920029223 108.08585828670492
  endloop
endfacet
facet normal -0.00024799804514368114 0.9999999561335547 -0.00016195634738532032
  outer loop
    vertex 3722.913465896537 93.21029209193904 107.77519811492526
    vertex 3715.2731641739933 93.2102920029223 108.08585828670492
    vertex 3722.6750879626406 93.21029209193887 108.08585828670505
  endloop
endfacet
facet normal -0.00024799804514368114 0.9999999561335547 -0.00016195634738532032
  outer loop
    vertex 3722.6750879626406 93.21029209193887 108.08585828670505
    vertex 3715.2731641739933 93.2102920029223 108.08585828670492
    vertex 3715.423014807751 93.21029200292249 108.44762971905112
  endloop
endfacet
facet normal -0.00024799804514368114 0.9999999561335547 -0.00016195634738532032
  outer loop
    vertex 3722.6750879626406 93.21029209193887 108.08585828670505
    vertex 3715.423014807751 93.21029200292249 108.44762971905112
    vertex 3722.525237328883 93.21029209193904 108.44762971905126
  endloop
endfacet
facet normal -0.00024799804514368114 0.9999999561335547 -0.00016195634738532032
  outer loop
    vertex 3722.525237328883 93.21029209193904 108.44762971905126
    vertex 3715.423014807751 93.21029200292249 108.44762971905112
    vertex 3715.474126068317 93.21029200292239 108.83585828670492
  endloop
endfacet
facet normal -0.00024799804514368114 0.9999999561335547 -0.00016195634738532032
  outer loop
    vertex 3722.525237328883 93.21029209193904 108.44762971905126
    vertex 3715.474126068317 93.21029200292239 108.83585828670492
    vertex 3722.474126068317 93.21029209193895 108.83585828670506
  endloop
endfacet
facet normal -0.00024799804514368114 0.9999999561335547 -0.00016195634738532032
  outer loop
    vertex 3722.474126068317 93.21029209193895 108.83585828670506
    vertex 3715.474126068317 93.21029200292239 108.83585828670492
    vertex 3715.423014807751 93.21029200292249 109.22408685435867
  endloop
endfacet
facet normal -0.00024799804514368114 0.9999999561335547 -0.00016195634738532032
  outer loop
    vertex 3722.474126068317 93.21029209193895 108.83585828670506
    vertex 3715.423014807751 93.21029200292249 109.22408685435867
    vertex 3722.525237328883 93.21029209193904 109.22408685435882
  endloop
endfacet
facet normal -0.00024799804514368114 0.9999999561335547 -0.00016195634738532032
  outer loop
    vertex 3722.525237328883 93.21029209193904 109.22408685435882
    vertex 3715.423014807751 93.21029200292249 109.22408685435867
    vertex 3715.2731641739933 93.21029200292222 109.58585828670493
  endloop
endfacet
facet normal -0.00024799804514368114 0.9999999561335547 -0.00016195634738532032
  outer loop
    vertex 3722.525237328883 93.21029209193904 109.22408685435882
    vertex 3715.2731641739933 93.21029200292222 109.58585828670493
    vertex 3722.6750879626406 93.21029209193877 109.58585828670508
  endloop
endfacet
facet normal -0.00024799804514368114 0.9999999561335547 -0.00016195634738532032
  outer loop
    vertex 3722.6750879626406 93.21029209193877 109.58585828670508
    vertex 3715.2731641739933 93.21029200292222 109.58585828670493
    vertex 3715.0347862400968 93.2102920029223 109.89651845848472
  endloop
endfacet
facet normal -0.00024799804514368114 0.9999999561335547 -0.00016195634738532032
  outer loop
    vertex 3722.6750879626406 93.21029209193877 109.58585828670508
    vertex 3715.0347862400968 93.2102920029223 109.89651845848472
    vertex 3722.913465896537 93.21029209193887 109.89651845848486
  endloop
endfacet
facet normal -0.00024799804514368114 0.9999999561335547 -0.00016195634738532032
  outer loop
    vertex 3722.913465896537 93.21029209193887 109.89651845848486
    vertex 3715.0347862400968 93.2102920029223 109.89651845848472
    vertex 3714.7241260683168 93.21029200292249 110.13489639238159
  endloop
endfacet
facet normal -0.00024799804514368114 0.9999999561335547 -0.00016195634738532032
  outer loop
    vertex 3722.913465896537 93.21029209193887 109.89651845848486
    vertex 3714.7241260683168 93.21029200292249 110.13489639238159
    vertex 3723.224126068317 93.21029209193904 110.13489639238173
  endloop
endfacet
facet normal -0.00024799804514368114 0.9999999561335547 -0.00016195634738532032
  outer loop
    vertex 3723.224126068317 93.21029209193904 110.13489639238173
    vertex 3714.7241260683168 93.21029200292249 110.13489639238159
    vertex 3714.362354635971 93.21029200292239 110.28474702613853
  endloop
endfacet
facet normal -0.00024799804514368114 0.9999999561335547 -0.00016195634738532032
  outer loop
    vertex 3723.224126068317 93.21029209193904 110.13489639238173
    vertex 3714.362354635971 93.21029200292239 110.28474702613853
    vertex 3723.585897500663 93.21029209193904 110.28474702613866
  endloop
endfacet
facet normal -0.00024799804514368114 0.9999999561335547 -0.00016195634738532032
  outer loop
    vertex 3723.585897500663 93.21029209193904 110.28474702613866
    vertex 3714.362354635971 93.21029200292239 110.28474702613853
    vertex 3713.974126068317 93.21029200292249 110.33585828670499
  endloop
endfacet
facet normal -0.00024799804514368114 0.9999999561335547 -0.00016195634738532032
  outer loop
    vertex 3723.585897500663 93.21029209193904 110.28474702613866
    vertex 3713.974126068317 93.21029200292249 110.33585828670499
    vertex 3723.9741260683168 93.21029209193904 110.33585828670508
  endloop
endfacet
facet normal -0.00024799804514368114 0.9999999561335547 -0.00016195634738532032
  outer loop
    vertex 3714.362354635971 93.19933380027136 60.38696954727144
    vertex 3723.9741260683168 93.19933368320068 60.335858286705125
    vertex 3713.974126068317 93.19933380027118 60.33585828670506
  endloop
endfacet
facet normal -0.00024799804514368114 0.9999999561335547 -0.00016195634738532032
  outer loop
    vertex 3723.9741260683168 93.19933368320068 60.335858286705125
    vertex 3714.362354635971 93.19933380027136 60.38696954727144
    vertex 3723.585897500663 93.19933368320078 60.38696954727148
  endloop
endfacet
facet normal -0.00024799804514368114 0.9999999561335547 -0.00016195634738532032
  outer loop
    vertex 3723.585897500663 93.19933368320078 60.38696954727148
    vertex 3714.362354635971 93.19933380027136 60.38696954727144
    vertex 3714.7241260683168 93.19933380027173 60.53682018102836
  endloop
endfacet
facet normal -0.00024799804514368114 0.9999999561335547 -0.00016195634738532032
  outer loop
    vertex 3723.585897500663 93.19933368320078 60.38696954727148
    vertex 3714.7241260683168 93.19933380027173 60.53682018102836
    vertex 3723.224126068317 93.19933368320113 60.53682018102842
  endloop
endfacet
facet normal -0.00024799804514368114 0.9999999561335547 -0.00016195634738532032
  outer loop
    vertex 3723.224126068317 93.19933368320113 60.53682018102842
    vertex 3714.7241260683168 93.19933380027173 60.53682018102836
    vertex 3715.0347862400968 93.19933380027109 60.7751981149253
  endloop
endfacet
facet normal -0.00024799804514368114 0.9999999561335547 -0.00016195634738532032
  outer loop
    vertex 3723.224126068317 93.19933368320113 60.53682018102842
    vertex 3715.0347862400968 93.19933380027109 60.7751981149253
    vertex 3722.913465896537 93.19933368320049 60.77519811492533
  endloop
endfacet
facet normal -0.00024799804514368114 0.9999999561335547 -0.00016195634738532032
  outer loop
    vertex 3722.913465896537 93.19933368320049 60.77519811492533
    vertex 3715.0347862400968 93.19933380027109 60.7751981149253
    vertex 3715.2731641739933 93.19933380027118 61.08585828670507
  endloop
endfacet
facet normal -0.00024799804514368114 0.9999999561335547 -0.00016195634738532032
  outer loop
    vertex 3722.913465896537 93.19933368320049 60.77519811492533
    vertex 3715.2731641739933 93.19933380027118 61.08585828670507
    vertex 3722.6750879626406 93.19933368320059 61.085858286705104
  endloop
endfacet
facet normal -0.00024799804514368114 0.9999999561335547 -0.00016195634738532032
  outer loop
    vertex 3722.6750879626406 93.19933368320059 61.085858286705104
    vertex 3715.2731641739933 93.19933380027118 61.08585828670507
    vertex 3715.423014807751 93.19933380027136 61.447629719051314
  endloop
endfacet
facet normal -0.00024799804514368114 0.9999999561335547 -0.00016195634738532032
  outer loop
    vertex 3722.6750879626406 93.19933368320059 61.085858286705104
    vertex 3715.423014807751 93.19933380027136 61.447629719051314
    vertex 3722.525237328883 93.19933368320078 61.44762971905134
  endloop
endfacet
facet normal -0.00024799804514368114 0.9999999561335547 -0.00016195634738532032
  outer loop
    vertex 3722.525237328883 93.19933368320078 61.44762971905134
    vertex 3715.423014807751 93.19933380027136 61.447629719051314
    vertex 3715.474126068317 93.19933380027128 61.83585828670511
  endloop
endfacet
facet normal -0.00024799804514368114 0.9999999561335547 -0.00016195634738532032
  outer loop
    vertex 3722.525237328883 93.19933368320078 61.44762971905134
    vertex 3715.474126068317 93.19933380027128 61.83585828670511
    vertex 3722.474126068317 93.19933368320068 61.83585828670515
  endloop
endfacet
facet normal -0.00024799804514368114 0.9999999561335547 -0.00016195634738532032
  outer loop
    vertex 3722.474126068317 93.19933368320068 61.83585828670515
    vertex 3715.474126068317 93.19933380027128 61.83585828670511
    vertex 3715.423014807751 93.19933380027136 62.22408685435888
  endloop
endfacet
facet normal -0.00024799804514368114 0.9999999561335547 -0.00016195634738532032
  outer loop
    vertex 3722.474126068317 93.19933368320068 61.83585828670515
    vertex 3715.423014807751 93.19933380027136 62.22408685435888
    vertex 3722.525237328883 93.19933368320078 62.224086854358916
  endloop
endfacet
facet normal -0.00024799804514368114 0.9999999561335547 -0.00016195634738532032
  outer loop
    vertex 3722.525237328883 93.19933368320078 62.224086854358916
    vertex 3715.423014807751 93.19933380027136 62.22408685435888
    vertex 3715.2731641739933 93.19933380027136 62.585858286705125
  endloop
endfacet
facet normal -0.00024799804514368114 0.9999999561335547 -0.00016195634738532032
  outer loop
    vertex 3722.525237328883 93.19933368320078 62.224086854358916
    vertex 3715.2731641739933 93.19933380027136 62.585858286705125
    vertex 3722.6750879626406 93.19933368320078 62.585858286705154
  endloop
endfacet
facet normal -0.00024799804514368114 0.9999999561335547 -0.00016195634738532032
  outer loop
    vertex 3722.6750879626406 93.19933368320078 62.585858286705154
    vertex 3715.2731641739933 93.19933380027136 62.585858286705125
    vertex 3715.0347862400968 93.19933380027118 62.89651845848491
  endloop
endfacet
facet normal -0.00024799804514368114 0.9999999561335547 -0.00016195634738532032
  outer loop
    vertex 3722.6750879626406 93.19933368320078 62.585858286705154
    vertex 3715.0347862400968 93.19933380027118 62.89651845848491
    vertex 3722.913465896537 93.19933368320059 62.89651845848495
  endloop
endfacet
facet normal -0.00024799804514368114 0.9999999561335547 -0.00016195634738532032
  outer loop
    vertex 3722.913465896537 93.19933368320059 62.89651845848495
    vertex 3715.0347862400968 93.19933380027118 62.89651845848491
    vertex 3714.7241260683168 93.19933380027128 63.13489639238172
  endloop
endfacet
facet normal -0.00024799804514368114 0.9999999561335547 -0.00016195634738532032
  outer loop
    vertex 3722.913465896537 93.19933368320059 62.89651845848495
    vertex 3714.7241260683168 93.19933380027128 63.13489639238172
    vertex 3723.224126068317 93.19933368320068 63.134896392381755
  endloop
endfacet
facet normal -0.00024799804514368114 0.9999999561335547 -0.00016195634738532032
  outer loop
    vertex 3723.224126068317 93.19933368320068 63.134896392381755
    vertex 3714.7241260683168 93.19933380027128 63.13489639238172
    vertex 3714.362354635971 93.19933380027128 63.28474702613874
  endloop
endfacet
facet normal -0.00024799804514368114 0.9999999561335547 -0.00016195634738532032
  outer loop
    vertex 3723.224126068317 93.19933368320068 63.134896392381755
    vertex 3714.362354635971 93.19933380027128 63.28474702613874
    vertex 3723.585897500663 93.19933368320068 63.284747026138774
  endloop
endfacet
facet normal -0.00024799804514368114 0.9999999561335547 -0.00016195634738532032
  outer loop
    vertex 3723.585897500663 93.19933368320068 63.284747026138774
    vertex 3714.362354635971 93.19933380027128 63.28474702613874
    vertex 3713.974126068317 93.19933380027145 63.33585828670509
  endloop
endfacet
facet normal -0.00024799804514368114 0.9999999561335547 -0.00016195634738532032
  outer loop
    vertex 3723.585897500663 93.19933368320068 63.284747026138774
    vertex 3713.974126068317 93.19933380027145 63.33585828670509
    vertex 3723.9741260683168 93.19933368320086 63.33585828670512
  endloop
endfacet
facet normal -0.0014991193543030716 0.9999988681019039 -0.00012820324710490714
  outer loop
    vertex 3708.9741260683168 93.2102920770201 80.66790342454006
    vertex 3708.9741260683168 93.2102920770201 64.0358582867051
    vertex 3702.9942279177862 93.19816460563678 58.53840208396382
  endloop
endfacet
facet normal -0.0014991193543030716 0.9999988681019039 -0.00012820324710490714
  outer loop
    vertex 3711.17230351278 93.2102920770201 64.0358582867051
    vertex 3702.9942279177862 93.19816460563678 58.53840208396382
    vertex 3708.9741260683168 93.2102920770201 64.0358582867051
  endloop
endfacet
endsolid antenna_tracker
