solid antenna_tracker
facet normal 0.8567438132930717 0.5157422208662448 -7.684707286465534e-09
  outer loop
    vertex 3716.2192615919034 136.7737153211747 -10.756445581342964
    vertex 3715.9929174833214 137.149714965576 -13.756445586945468
    vertex 3715.9929174833214 137.14971501027688 -10.756445586945468
  endloop
endfacet
facet normal 0.8567438132930717 0.5157422208662448 -7.684707286465534e-09
  outer loop
    vertex 3715.9929174833214 137.149714965576 -13.756445586945468
    vertex 3716.2192615919034 136.7737153211747 -10.756445581342964
    vertex 3716.2192615919034 136.77371527647384 -13.756445581342964
  endloop
endfacet
facet normal 0.7015678912685205 -0.7126026199369754 1.061798379932194e-08
  outer loop
    vertex 3715.9929174833214 137.149714965576 -13.756445586945468
    vertex 3716.30565780925 137.45761251842129 -10.756445591533229
    vertex 3715.9929174833214 137.14971501027688 -10.756445586945468
  endloop
endfacet
facet normal 0.7015678912685205 -0.7126026199369754 1.061798379932194e-08
  outer loop
    vertex 3716.30565780925 137.45761251842129 -10.756445591533229
    vertex 3715.9929174833214 137.149714965576 -13.756445586945468
    vertex 3716.30565780925 137.45761247372042 -13.756445591533229
  endloop
endfacet
facet normal -7.586109043605653e-31 -1.4900287344243868e-08 -0.9999999999999999
  outer loop
    vertex 3716.5594181470797 135.44889277612313 -10.75644556160273
    vertex 3716.9645978860776 134.89121073876962 -10.756445553293105
    vertex 3716.5422105245516 135.0103595892106 -10.756445555068456
  endloop
endfacet
facet normal -7.586109043605653e-31 -1.4900287344243868e-08 -0.9999999999999999
  outer loop
    vertex 3716.9645978860776 134.89121073876962 -10.756445553293105
    vertex 3716.5594181470797 135.44889277612313 -10.75644556160273
    vertex 3716.9645978860776 138.65621990357982 -10.756445609392827
  endloop
endfacet
facet normal -7.586109043605653e-31 -1.4900287344243868e-08 -0.9999999999999999
  outer loop
    vertex 3716.9645978860776 134.89121073876962 -10.756445553293105
    vertex 3716.9645978860776 138.65621990357982 -10.756445609392827
    vertex 3717.056989615433 139.0852549711381 -10.756445615785571
  endloop
endfacet
facet normal -7.586109043605653e-31 -1.4900287344243868e-08 -0.9999999999999999
  outer loop
    vertex 3716.9645978860776 134.89121073876962 -10.756445553293105
    vertex 3717.056989615433 139.0852549711381 -10.756445615785571
    vertex 3717.056989615433 134.46217567121133 -10.756445546900359
  endloop
endfacet
facet normal -7.586109043605653e-31 -1.4900287344243868e-08 -0.9999999999999999
  outer loop
    vertex 3717.056989615433 134.46217567121133 -10.756445546900359
    vertex 3717.056989615433 139.0852549711381 -10.756445615785571
    vertex 3717.4957378559034 139.095617119423 -10.756445615939969
  endloop
endfacet
facet normal -7.586109043605653e-31 -1.4900287344243868e-08 -0.9999999999999999
  outer loop
    vertex 3717.056989615433 134.46217567121133 -10.756445546900359
    vertex 3717.4957378559034 139.095617119423 -10.756445615939969
    vertex 3717.4957378559034 134.45181352292641 -10.75644554674596
  endloop
endfacet
facet normal -7.586109043605653e-31 -1.4900287344243868e-08 -0.9999999999999999
  outer loop
    vertex 3717.4957378559034 134.45181352292641 -10.75644554674596
    vertex 3717.4957378559034 139.095617119423 -10.756445615939969
    vertex 3717.691923683158 139.4881964365159 -10.756445621789512
  endloop
endfacet
facet normal -7.586109043605653e-31 -1.4900287344243868e-08 -0.9999999999999999
  outer loop
    vertex 3717.4957378559034 134.45181352292641 -10.75644554674596
    vertex 3717.691923683158 139.4881964365159 -10.756445621789512
    vertex 3717.619261568062 136.7737153211747 -10.756445581342964
  endloop
endfacet
facet normal -7.586109043605653e-31 -1.4900287344243868e-08 -0.9999999999999999
  outer loop
    vertex 3717.619261568062 136.7737153211747 -10.756445581342964
    vertex 3717.691923683158 139.4881964365159 -10.756445621789512
    vertex 3717.6280612401883 136.92760372554406 -10.75644558363595
  endloop
endfacet
facet normal -7.586109043605653e-31 -1.4900287344243868e-08 -0.9999999999999999
  outer loop
    vertex 3717.6280612401883 136.92760372554406 -10.75644558363595
    vertex 3717.691923683158 139.4881964365159 -10.756445621789512
    vertex 3717.654345458023 137.07948595677956 -10.756445585899034
  endloop
endfacet
facet normal -7.586109043605653e-31 -1.4900287344243868e-08 -0.9999999999999999
  outer loop
    vertex 3717.654345458023 137.07948595677956 -10.756445585899034
    vertex 3717.691923683158 139.4881964365159 -10.756445621789512
    vertex 3717.697771733276 137.22738200818642 -10.75644558810273
  endloop
endfacet
facet normal -7.586109043605653e-31 -1.4900287344243868e-08 -0.9999999999999999
  outer loop
    vertex 3717.697771733276 137.22738200818642 -10.75644558810273
    vertex 3717.691923683158 139.4881964365159 -10.756445621789512
    vertex 3718.119464879505 139.38912064229592 -10.756445620313254
  endloop
endfacet
facet normal -7.586109043605653e-31 -1.4900287344243868e-08 -0.9999999999999999
  outer loop
    vertex 3717.697771733276 137.22738200818642 -10.75644558810273
    vertex 3718.119464879505 139.38912064229592 -10.756445620313254
    vertex 3717.7577737026136 137.36936378871545 -10.7564455902183
  endloop
endfacet
facet normal -7.586109043605653e-31 -1.4900287344243868e-08 -0.9999999999999999
  outer loop
    vertex 3717.7577737026136 137.36936378871545 -10.7564455902183
    vertex 3718.119464879505 139.38912064229592 -10.756445620313254
    vertex 3717.8335693530958 137.50358039533245 -10.756445592218162
  endloop
endfacet
facet normal -7.586109043605653e-31 -1.4900287344243868e-08 -0.9999999999999999
  outer loop
    vertex 3717.8335693530958 137.50358039533245 -10.756445592218162
    vertex 3718.119464879505 139.38912064229592 -10.756445620313254
    vertex 3717.9241704397123 137.62828213369 -10.756445594076254
  endloop
endfacet
facet normal -7.586109043605653e-31 -1.4900287344243868e-08 -0.9999999999999999
  outer loop
    vertex 3717.9241704397123 137.62828213369 -10.756445594076254
    vertex 3718.119464879505 139.38912064229592 -10.756445620313254
    vertex 3718.028395896427 137.74184328710183 -10.756445595768353
  endloop
endfacet
facet normal -7.586109043605653e-31 -1.4900287344243868e-08 -0.9999999999999999
  outer loop
    vertex 3718.028395896427 137.74184328710183 -10.756445595768353
    vertex 3718.119464879505 139.38912064229592 -10.756445620313254
    vertex 3718.1448869757573 137.84278339540109 -10.756445597272386
  endloop
endfacet
facet normal -7.586109043605653e-31 -1.4900287344243868e-08 -0.9999999999999999
  outer loop
    vertex 3718.1448869757573 137.84278339540109 -10.756445597272386
    vertex 3718.119464879505 139.38912064229592 -10.756445620313254
    vertex 3718.407117670051 139.7205770651017 -10.75644562525205
  endloop
endfacet
facet normal -7.586109043605653e-31 -1.4900287344243868e-08 -0.9999999999999999
  outer loop
    vertex 3718.1448869757573 137.84278339540109 -10.756445597272386
    vertex 3718.407117670051 139.7205770651017 -10.75644562525205
    vertex 3718.2721250109594 137.92978650724038 -10.75644559856876
  endloop
endfacet
facet normal -7.586109043605653e-31 -1.4900287344243868e-08 -0.9999999999999999
  outer loop
    vertex 3718.2721250109594 137.92978650724038 -10.75644559856876
    vertex 3718.407117670051 139.7205770651017 -10.75644562525205
    vertex 3718.4084513239777 138.00171846543896 -10.756445599640568
  endloop
endfacet
facet normal -7.586109043605653e-31 -1.4900287344243868e-08 -0.9999999999999999
  outer loop
    vertex 3718.4084513239777 138.00171846543896 -10.756445599640568
    vertex 3718.407117670051 139.7205770651017 -10.75644562525205
    vertex 3718.7965876661456 139.51828891431438 -10.756445622237898
  endloop
endfacet
facet normal -7.586109043605653e-31 -1.4900287344243868e-08 -0.9999999999999999
  outer loop
    vertex 3718.4084513239777 138.00171846543896 -10.756445599640568
    vertex 3718.7965876661456 139.51828891431438 -10.756445622237898
    vertex 3718.5520886533177 138.05764156972512 -10.756445600473834
  endloop
endfacet
facet normal -7.586109043605653e-31 -1.4900287344243868e-08 -0.9999999999999999
  outer loop
    vertex 3718.5520886533177 138.05764156972512 -10.756445600473834
    vertex 3718.7965876661456 139.51828891431438 -10.756445622237898
    vertex 3718.701164459459 138.09682673608407 -10.756445601057708
  endloop
endfacet
facet normal -7.586109043605653e-31 -1.4900287344243868e-08 -0.9999999999999999
  outer loop
    vertex 3718.701164459459 138.09682673608407 -10.756445601057708
    vertex 3718.7965876661456 139.51828891431438 -10.756445622237898
    vertex 3718.8537353329584 138.11876315271005 -10.756445601384566
  endloop
endfacet
facet normal -7.586109043605653e-31 -1.4900287344243868e-08 -0.9999999999999999
  outer loop
    vertex 3718.8537353329584 138.11876315271005 -10.756445601384566
    vertex 3718.7965876661456 139.51828891431438 -10.756445622237898
    vertex 3719.15763314592 139.76779538785564 -10.756445625955621
  endloop
endfacet
facet normal -7.586109043605653e-31 -1.4900287344243868e-08 -0.9999999999999999
  outer loop
    vertex 3718.8537353329584 138.11876315271005 -10.756445601384566
    vertex 3719.15763314592 139.76779538785564 -10.756445625955621
    vertex 3719.007812259368 138.12316483651742 -10.756445601450148
  endloop
endfacet
facet normal -7.586109043605653e-31 -1.4900287344243868e-08 -0.9999999999999999
  outer loop
    vertex 3719.007812259368 138.12316483651742 -10.756445601450148
    vertex 3719.15763314592 139.76779538785564 -10.756445625955621
    vertex 3719.1613866292155 138.10997420941933 -10.756445601253604
  endloop
endfacet
facet normal -7.586109043605653e-31 -1.4900287344243868e-08 -0.9999999999999999
  outer loop
    vertex 3719.1613866292155 138.10997420941933 -10.756445601253604
    vertex 3719.15763314592 139.76779538785564 -10.756445625955621
    vertex 3719.4845601968686 139.47500521337136 -10.756445621592963
  endloop
endfacet
facet normal -7.586109043605653e-31 -1.4900287344243868e-08 -0.9999999999999999
  outer loop
    vertex 3719.1613866292155 138.10997420941933 -10.756445601253604
    vertex 3719.4845601968686 139.47500521337136 -10.756445621592963
    vertex 3719.312456344835 138.0793635288392 -10.756445600797502
  endloop
endfacet
facet normal -7.586109043605653e-31 -1.4900287344243868e-08 -0.9999999999999999
  outer loop
    vertex 3719.312456344835 138.0793635288392 -10.756445600797502
    vertex 3719.4845601968686 139.47500521337136 -10.756445621592963
    vertex 3719.459052001707 138.03173178826913 -10.756445600087774
  endloop
endfacet
facet normal -7.586109043605653e-31 -1.4900287344243868e-08 -0.9999999999999999
  outer loop
    vertex 3719.459052001707 138.03173178826913 -10.756445600087774
    vertex 3719.4845601968686 139.47500521337136 -10.756445621592963
    vertex 3719.599262481205 137.96769982968914 -10.756445599133675
  endloop
endfacet
facet normal -7.586109043605653e-31 -1.4900287344243868e-08 -0.9999999999999999
  outer loop
    vertex 3719.599262481205 137.96769982968914 -10.756445599133675
    vertex 3719.4845601968686 139.47500521337136 -10.756445621592963
    vertex 3719.896312599651 139.62688476239785 -10.756445623856012
  endloop
endfacet
facet normal -7.586109043605653e-31 -1.4900287344243868e-08 -0.9999999999999999
  outer loop
    vertex 3719.599262481205 137.96769982968914 -10.756445599133675
    vertex 3719.896312599651 139.62688476239785 -10.756445623856012
    vertex 3719.7312599472916 137.88810235654458 -10.756445597947653
  endloop
endfacet
facet normal -7.586109043605653e-31 -1.4900287344243868e-08 -0.9999999999999999
  outer loop
    vertex 3719.7312599472916 137.88810235654458 -10.756445597947653
    vertex 3719.896312599651 139.62688476239785 -10.756445623856012
    vertex 3719.853323584072 137.79397720491036 -10.756445596545158
  endloop
endfacet
facet normal -7.586109043605653e-31 -1.4900287344243868e-08 -0.9999999999999999
  outer loop
    vertex 3719.853323584072 137.79397720491036 -10.756445596545158
    vertex 3719.896312599651 139.62688476239785 -10.756445623856012
    vertex 3719.9638621263425 137.68655145560845 -10.756445594944488
  endloop
endfacet
facet normal -7.586109043605653e-31 -1.4900287344243868e-08 -0.9999999999999999
  outer loop
    vertex 3719.9638621263425 137.68655145560845 -10.756445594944488
    vertex 3719.896312599651 139.62688476239785 -10.756445623856012
    vertex 3720.140154664985 139.2619896570359 -10.756445618418969
  endloop
endfacet
facet normal -7.586109043605653e-31 -1.4900287344243868e-08 -0.9999999999999999
  outer loop
    vertex 3719.9638621263425 137.68655145560845 -10.756445594944488
    vertex 3720.140154664985 139.2619896570359 -10.756445618418969
    vertex 3720.0614345722115 137.56722540055856 -10.756445593166491
  endloop
endfacet
facet normal -7.586109043605653e-31 -1.4900287344243868e-08 -0.9999999999999999
  outer loop
    vertex 3720.0614345722115 137.56722540055856 -10.756445593166491
    vertex 3720.140154664985 139.2619896570359 -10.756445618418969
    vertex 3720.1447687797463 137.43755478059396 -10.756445591234366
  endloop
endfacet
facet normal -7.586109043605653e-31 -1.4900287344243868e-08 -0.9999999999999999
  outer loop
    vertex 3720.1447687797463 137.43755478059396 -10.756445591234366
    vertex 3720.140154664985 139.2619896570359 -10.756445618418969
    vertex 3720.576741998665 139.30669910108193 -10.75644561908515
  endloop
endfacet
facet normal -7.586109043605653e-31 -1.4900287344243868e-08 -0.9999999999999999
  outer loop
    vertex 3720.1447687797463 137.43755478059396 -10.756445591234366
    vertex 3720.576741998665 139.30669910108193 -10.75644561908515
    vertex 3720.2127785139005 137.29922998344048 -10.756445589173284
  endloop
endfacet
facet normal -7.586109043605653e-31 -1.4900287344243868e-08 -0.9999999999999999
  outer loop
    vertex 3720.2127785139005 137.29922998344048 -10.756445589173284
    vertex 3720.576741998665 139.30669910108193 -10.75644561908515
    vertex 3720.2645770959775 137.15405425821885 -10.756445587010127
  endloop
endfacet
facet normal -7.586109043605653e-31 -1.4900287344243868e-08 -0.9999999999999999
  outer loop
    vertex 3720.2645770959775 137.15405425821885 -10.756445587010127
    vertex 3720.576741998665 139.30669910108193 -10.75644561908515
    vertex 3720.2994893245614 137.0039202759181 -10.756445584773084
  endloop
endfacet
facet normal -7.586109043605653e-31 -1.4900287344243868e-08 -0.9999999999999999
  outer loop
    vertex 3720.2994893245614 137.0039202759181 -10.756445584773084
    vertex 3720.576741998665 139.30669910108193 -10.75644561908515
    vertex 3720.3170599393766 136.85078521465405 -10.756445582491327
  endloop
endfacet
facet normal -7.586109043605653e-31 -1.4900287344243868e-08 -0.9999999999999999
  outer loop
    vertex 3720.3170599393766 136.85078521465405 -10.756445582491327
    vertex 3720.576741998665 139.30669910108193 -10.75644561908515
    vertex 3720.3170599393766 136.6966454276954 -10.756445580194601
  endloop
endfacet
facet normal -7.586109043605653e-31 -1.4900287344243868e-08 -0.9999999999999999
  outer loop
    vertex 3716.30565780925 137.45761251842129 -10.756445591533229
    vertex 3716.2192615919034 136.7737153211747 -10.756445581342964
    vertex 3715.9929174833214 137.14971501027688 -10.756445586945468
  endloop
endfacet
facet normal -7.586109043605653e-31 -1.4900287344243868e-08 -0.9999999999999999
  outer loop
    vertex 3716.5594181470797 138.09853786622628 -10.7564456010832
    vertex 3716.30565780925 137.45761251842129 -10.756445591533229
    vertex 3716.179932063095 137.8780890146409 -10.756445597798452
  endloop
endfacet
facet normal -7.586109043605653e-31 -1.4900287344243868e-08 -0.9999999999999999
  outer loop
    vertex 3716.30565780925 137.45761251842129 -10.756445591533229
    vertex 3716.5594181470797 138.09853786622628 -10.7564456010832
    vertex 3716.30565780925 136.08981812392815 -10.7564455711527
  endloop
endfacet
facet normal -7.586109043605653e-31 -1.4900287344243868e-08 -0.9999999999999999
  outer loop
    vertex 3716.9645978860776 138.65621990357982 -10.756445609392827
    vertex 3716.5594181470797 138.09853786622628 -10.7564456010832
    vertex 3716.5422105245516 138.53707105313882 -10.756445607617474
  endloop
endfacet
facet normal -7.586109043605653e-31 -1.4900287344243868e-08 -0.9999999999999999
  outer loop
    vertex 3716.5594181470797 138.09853786622628 -10.7564456010832
    vertex 3716.9645978860776 138.65621990357982 -10.756445609392827
    vertex 3716.5594181470797 135.44889277612313 -10.75644556160273
  endloop
endfacet
facet normal -7.586109043605653e-31 -1.4900287344243868e-08 -0.9999999999999999
  outer loop
    vertex 3716.30565780925 136.08981812392815 -10.7564455711527
    vertex 3716.5594181470797 135.44889277612313 -10.75644556160273
    vertex 3716.179932063095 135.66934162770855 -10.756445564887478
  endloop
endfacet
facet normal -7.586109043605653e-31 -1.4900287344243868e-08 -0.9999999999999999
  outer loop
    vertex 3716.5594181470797 135.44889277612313 -10.75644556160273
    vertex 3716.30565780925 136.08981812392815 -10.7564455711527
    vertex 3716.5594181470797 138.09853786622628 -10.7564456010832
  endloop
endfacet
facet normal -7.586109043605653e-31 -1.4900287344243868e-08 -0.9999999999999999
  outer loop
    vertex 3716.2192615919034 136.7737153211747 -10.756445581342964
    vertex 3716.30565780925 136.08981812392815 -10.7564455711527
    vertex 3715.9929174833214 136.39771563207253 -10.756445575740461
  endloop
endfacet
facet normal -7.586109043605653e-31 -1.4900287344243868e-08 -0.9999999999999999
  outer loop
    vertex 3716.30565780925 136.08981812392815 -10.7564455711527
    vertex 3716.2192615919034 136.7737153211747 -10.756445581342964
    vertex 3716.30565780925 137.45761251842129 -10.756445591533229
  endloop
endfacet
facet normal -7.586109043605653e-31 -1.4900287344243868e-08 -0.9999999999999999
  outer loop
    vertex 3717.619261568062 136.7737153211747 -10.756445581342964
    vertex 3717.691923683158 134.05923420583352 -10.756445540896419
    vertex 3717.4957378559034 134.45181352292641 -10.75644554674596
  endloop
endfacet
facet normal -7.586109043605653e-31 -1.4900287344243868e-08 -0.9999999999999999
  outer loop
    vertex 3717.691923683158 134.05923420583352 -10.756445540896419
    vertex 3717.619261568062 136.7737153211747 -10.756445581342964
    vertex 3717.6280612401883 136.61982691680538 -10.75644557904998
  endloop
endfacet
facet normal -7.586109043605653e-31 -1.4900287344243868e-08 -0.9999999999999999
  outer loop
    vertex 3717.691923683158 134.05923420583352 -10.756445540896419
    vertex 3717.6280612401883 136.61982691680538 -10.75644557904998
    vertex 3717.654345458023 136.46794468556985 -10.756445576786893
  endloop
endfacet
facet normal -7.586109043605653e-31 -1.4900287344243868e-08 -0.9999999999999999
  outer loop
    vertex 3717.691923683158 134.05923420583352 -10.756445540896419
    vertex 3717.654345458023 136.46794468556985 -10.756445576786893
    vertex 3717.697771733276 136.320048634163 -10.7564455745832
  endloop
endfacet
facet normal -7.586109043605653e-31 -1.4900287344243868e-08 -0.9999999999999999
  outer loop
    vertex 3717.691923683158 134.05923420583352 -10.756445540896419
    vertex 3717.697771733276 136.320048634163 -10.7564455745832
    vertex 3718.119464879505 134.1583100000535 -10.756445542372678
  endloop
endfacet
facet normal -7.586109043605653e-31 -1.4900287344243868e-08 -0.9999999999999999
  outer loop
    vertex 3718.119464879505 134.1583100000535 -10.756445542372678
    vertex 3717.697771733276 136.320048634163 -10.7564455745832
    vertex 3717.7577737026136 136.178066853634 -10.75644557246763
  endloop
endfacet
facet normal -7.586109043605653e-31 -1.4900287344243868e-08 -0.9999999999999999
  outer loop
    vertex 3718.119464879505 134.1583100000535 -10.756445542372678
    vertex 3717.7577737026136 136.178066853634 -10.75644557246763
    vertex 3717.8335693530958 136.043850247017 -10.756445570467768
  endloop
endfacet
facet normal -7.586109043605653e-31 -1.4900287344243868e-08 -0.9999999999999999
  outer loop
    vertex 3718.119464879505 134.1583100000535 -10.756445542372678
    vertex 3717.8335693530958 136.043850247017 -10.756445570467768
    vertex 3717.9241704397123 135.91914850865945 -10.756445568609676
  endloop
endfacet
facet normal -7.586109043605653e-31 -1.4900287344243868e-08 -0.9999999999999999
  outer loop
    vertex 3718.119464879505 134.1583100000535 -10.756445542372678
    vertex 3717.9241704397123 135.91914850865945 -10.756445568609676
    vertex 3718.028395896427 135.80558735524758 -10.756445566917577
  endloop
endfacet
facet normal -7.586109043605653e-31 -1.4900287344243868e-08 -0.9999999999999999
  outer loop
    vertex 3718.119464879505 134.1583100000535 -10.756445542372678
    vertex 3718.028395896427 135.80558735524758 -10.756445566917577
    vertex 3718.1448869757573 135.70464724694833 -10.756445565413546
  endloop
endfacet
facet normal -7.586109043605653e-31 -1.4900287344243868e-08 -0.9999999999999999
  outer loop
    vertex 3718.119464879505 134.1583100000535 -10.756445542372678
    vertex 3718.1448869757573 135.70464724694833 -10.756445565413546
    vertex 3718.407117670051 133.8268535772477 -10.75644553743388
  endloop
endfacet
facet normal -7.586109043605653e-31 -1.4900287344243868e-08 -0.9999999999999999
  outer loop
    vertex 3718.407117670051 133.8268535772477 -10.75644553743388
    vertex 3718.1448869757573 135.70464724694833 -10.756445565413546
    vertex 3718.2721250109594 135.61764413510903 -10.75644556411717
  endloop
endfacet
facet normal -7.586109043605653e-31 -1.4900287344243868e-08 -0.9999999999999999
  outer loop
    vertex 3718.407117670051 133.8268535772477 -10.75644553743388
    vertex 3718.2721250109594 135.61764413510903 -10.75644556411717
    vertex 3718.4084513239777 135.54571217691048 -10.756445563045363
  endloop
endfacet
facet normal -7.586109043605653e-31 -1.4900287344243868e-08 -0.9999999999999999
  outer loop
    vertex 3718.407117670051 133.8268535772477 -10.75644553743388
    vertex 3718.4084513239777 135.54571217691048 -10.756445563045363
    vertex 3718.7965876661456 134.02914172803506 -10.756445540448032
  endloop
endfacet
facet normal -7.586109043605653e-31 -1.4900287344243868e-08 -0.9999999999999999
  outer loop
    vertex 3718.7965876661456 134.02914172803506 -10.756445540448032
    vertex 3718.4084513239777 135.54571217691048 -10.756445563045363
    vertex 3718.5520886533177 135.4897890726243 -10.756445562212097
  endloop
endfacet
facet normal -7.586109043605653e-31 -1.4900287344243868e-08 -0.9999999999999999
  outer loop
    vertex 3718.7965876661456 134.02914172803506 -10.756445540448032
    vertex 3718.5520886533177 135.4897890726243 -10.756445562212097
    vertex 3718.701164459459 135.45060390626534 -10.756445561628222
  endloop
endfacet
facet normal -7.586109043605653e-31 -1.4900287344243868e-08 -0.9999999999999999
  outer loop
    vertex 3718.7965876661456 134.02914172803506 -10.756445540448032
    vertex 3718.701164459459 135.45060390626534 -10.756445561628222
    vertex 3718.8537353329584 135.4286674896394 -10.756445561301364
  endloop
endfacet
facet normal -7.586109043605653e-31 -1.4900287344243868e-08 -0.9999999999999999
  outer loop
    vertex 3718.7965876661456 134.02914172803506 -10.756445540448032
    vertex 3718.8537353329584 135.4286674896394 -10.756445561301364
    vertex 3719.15763314592 133.7796352544938 -10.75644553673031
  endloop
endfacet
facet normal -7.586109043605653e-31 -1.4900287344243868e-08 -0.9999999999999999
  outer loop
    vertex 3719.15763314592 133.7796352544938 -10.75644553673031
    vertex 3718.8537353329584 135.4286674896394 -10.756445561301364
    vertex 3719.007812259368 135.424265805832 -10.756445561235783
  endloop
endfacet
facet normal -7.586109043605653e-31 -1.4900287344243868e-08 -0.9999999999999999
  outer loop
    vertex 3719.15763314592 133.7796352544938 -10.75644553673031
    vertex 3719.007812259368 135.424265805832 -10.756445561235783
    vertex 3719.1613866292155 135.43745643293008 -10.756445561432322
  endloop
endfacet
facet normal -7.586109043605653e-31 -1.4900287344243868e-08 -0.9999999999999999
  outer loop
    vertex 3719.15763314592 133.7796352544938 -10.75644553673031
    vertex 3719.1613866292155 135.43745643293008 -10.756445561432322
    vertex 3719.4845601968686 134.07242542897805 -10.756445541092967
  endloop
endfacet
facet normal -7.586109043605653e-31 -1.4900287344243868e-08 -0.9999999999999999
  outer loop
    vertex 3719.4845601968686 134.07242542897805 -10.756445541092967
    vertex 3719.1613866292155 135.43745643293008 -10.756445561432322
    vertex 3719.312456344835 135.46806711351024 -10.75644556188843
  endloop
endfacet
facet normal -7.586109043605653e-31 -1.4900287344243868e-08 -0.9999999999999999
  outer loop
    vertex 3719.4845601968686 134.07242542897805 -10.756445541092967
    vertex 3719.312456344835 135.46806711351024 -10.75644556188843
    vertex 3719.459052001707 135.51569885408028 -10.756445562598156
  endloop
endfacet
facet normal -7.586109043605653e-31 -1.4900287344243868e-08 -0.9999999999999999
  outer loop
    vertex 3719.4845601968686 134.07242542897805 -10.756445541092967
    vertex 3719.459052001707 135.51569885408028 -10.756445562598156
    vertex 3719.599262481205 135.5797308126603 -10.756445563552255
  endloop
endfacet
facet normal -7.586109043605653e-31 -1.4900287344243868e-08 -0.9999999999999999
  outer loop
    vertex 3719.4845601968686 134.07242542897805 -10.756445541092967
    vertex 3719.599262481205 135.5797308126603 -10.756445563552255
    vertex 3719.896312599651 133.92054587995156 -10.756445538829919
  endloop
endfacet
facet normal -7.586109043605653e-31 -1.4900287344243868e-08 -0.9999999999999999
  outer loop
    vertex 3719.896312599651 133.92054587995156 -10.756445538829919
    vertex 3719.599262481205 135.5797308126603 -10.756445563552255
    vertex 3719.7312599472916 135.65932828580483 -10.756445564738277
  endloop
endfacet
facet normal -7.586109043605653e-31 -1.4900287344243868e-08 -0.9999999999999999
  outer loop
    vertex 3719.896312599651 133.92054587995156 -10.756445538829919
    vertex 3719.7312599472916 135.65932828580483 -10.756445564738277
    vertex 3719.853323584072 135.75345343743905 -10.756445566140773
  endloop
endfacet
facet normal -7.586109043605653e-31 -1.4900287344243868e-08 -0.9999999999999999
  outer loop
    vertex 3719.896312599651 133.92054587995156 -10.756445538829919
    vertex 3719.853323584072 135.75345343743905 -10.756445566140773
    vertex 3719.9638621263425 135.86087918674096 -10.756445567741443
  endloop
endfacet
facet normal -7.586109043605653e-31 -1.4900287344243868e-08 -0.9999999999999999
  outer loop
    vertex 3719.896312599651 133.92054587995156 -10.756445538829919
    vertex 3719.9638621263425 135.86087918674096 -10.756445567741443
    vertex 3720.140154664985 134.2854409853135 -10.756445544266962
  endloop
endfacet
facet normal -7.586109043605653e-31 -1.4900287344243868e-08 -0.9999999999999999
  outer loop
    vertex 3720.140154664985 134.2854409853135 -10.756445544266962
    vertex 3719.9638621263425 135.86087918674096 -10.756445567741443
    vertex 3720.0614345722115 135.98020524179086 -10.756445569519439
  endloop
endfacet
facet normal -7.586109043605653e-31 -1.4900287344243868e-08 -0.9999999999999999
  outer loop
    vertex 3720.140154664985 134.2854409853135 -10.756445544266962
    vertex 3720.0614345722115 135.98020524179086 -10.756445569519439
    vertex 3720.1447687797463 136.10987586175548 -10.756445571451565
  endloop
endfacet
facet normal -7.586109043605653e-31 -1.4900287344243868e-08 -0.9999999999999999
  outer loop
    vertex 3720.140154664985 134.2854409853135 -10.756445544266962
    vertex 3720.1447687797463 136.10987586175548 -10.756445571451565
    vertex 3720.576741998665 134.24073154126748 -10.756445543600778
  endloop
endfacet
facet normal -7.586109043605653e-31 -1.4900287344243868e-08 -0.9999999999999999
  outer loop
    vertex 3720.576741998665 134.24073154126748 -10.756445543600778
    vertex 3720.1447687797463 136.10987586175548 -10.756445571451565
    vertex 3720.2127785139005 136.24820065890893 -10.756445573512645
  endloop
endfacet
facet normal -7.586109043605653e-31 -1.4900287344243868e-08 -0.9999999999999999
  outer loop
    vertex 3720.576741998665 134.24073154126748 -10.756445543600778
    vertex 3720.2127785139005 136.24820065890893 -10.756445573512645
    vertex 3720.2645770959775 136.39337638413056 -10.756445575675805
  endloop
endfacet
facet normal -7.586109043605653e-31 -1.4900287344243868e-08 -0.9999999999999999
  outer loop
    vertex 3720.576741998665 134.24073154126748 -10.756445543600778
    vertex 3720.2645770959775 136.39337638413056 -10.756445575675805
    vertex 3720.2994893245614 136.54351036643132 -10.756445577912844
  endloop
endfacet
facet normal -7.586109043605653e-31 -1.4900287344243868e-08 -0.9999999999999999
  outer loop
    vertex 3720.576741998665 134.24073154126748 -10.756445543600778
    vertex 3720.2994893245614 136.54351036643132 -10.756445577912844
    vertex 3720.3170599393766 136.6966454276954 -10.756445580194601
  endloop
endfacet
facet normal -7.586109043605653e-31 -1.4900287344243868e-08 -0.9999999999999999
  outer loop
    vertex 3720.576741998665 134.24073154126748 -10.756445543600778
    vertex 3720.3170599393766 136.6966454276954 -10.756445580194601
    vertex 3720.576741998665 139.30669910108193 -10.75644561908515
  endloop
endfacet
facet normal -7.586109043605653e-31 -1.4900287344243868e-08 -0.9999999999999999
  outer loop
    vertex 3720.576741998665 134.24073154126748 -10.756445543600778
    vertex 3720.576741998665 139.30669910108193 -10.75644561908515
    vertex 3720.7221775703347 138.8926268259202 -10.756445612915353
  endloop
endfacet
facet normal -7.586109043605653e-31 -1.4900287344243868e-08 -0.9999999999999999
  outer loop
    vertex 3720.576741998665 134.24073154126748 -10.756445543600778
    vertex 3720.7221775703347 138.8926268259202 -10.756445612915353
    vertex 3720.7221775703347 134.65480381642922 -10.756445549770577
  endloop
endfacet
facet normal -7.586109043605653e-31 -1.4900287344243868e-08 -0.9999999999999999
  outer loop
    vertex 3720.7221775703347 134.65480381642922 -10.756445549770577
    vertex 3720.7221775703347 138.8926268259202 -10.756445612915353
    vertex 3721.1561674528043 138.8273566404496 -10.756445611942809
  endloop
endfacet
facet normal -7.586109043605653e-31 -1.4900287344243868e-08 -0.9999999999999999
  outer loop
    vertex 3720.7221775703347 134.65480381642922 -10.756445549770577
    vertex 3721.1561674528043 138.8273566404496 -10.756445611942809
    vertex 3721.1561674528043 134.7200740018998 -10.756445550743122
  endloop
endfacet
facet normal -7.586109043605653e-31 -1.4900287344243868e-08 -0.9999999999999999
  outer loop
    vertex 3721.1561674528043 134.7200740018998 -10.756445550743122
    vertex 3721.1561674528043 138.8273566404496 -10.756445611942809
    vertex 3721.194058363907 138.3901247421418 -10.756445605427928
  endloop
endfacet
facet normal -7.586109043605653e-31 -1.4900287344243868e-08 -0.9999999999999999
  outer loop
    vertex 3721.1561674528043 134.7200740018998 -10.756445550743122
    vertex 3721.194058363907 138.3901247421418 -10.756445605427928
    vertex 3721.194058363907 135.15730590020763 -10.756445557258003
  endloop
endfacet
facet normal -7.586109043605653e-31 -1.4900287344243868e-08 -0.9999999999999999
  outer loop
    vertex 3721.194058363907 135.15730590020763 -10.756445557258003
    vertex 3721.194058363907 138.3901247421418 -10.756445605427928
    vertex 3721.526146834365 137.78605789338695 -10.75644559642716
  endloop
endfacet
facet normal -7.586109043605653e-31 -1.4900287344243868e-08 -0.9999999999999999
  outer loop
    vertex 3721.526146834365 137.78605789338695 -10.75644559642716
    vertex 3721.194058363907 138.3901247421418 -10.756445605427928
    vertex 3721.598181670181 138.21897632276162 -10.756445602877768
  endloop
endfacet
facet normal -7.586109043605653e-31 -1.4900287344243868e-08 -0.9999999999999999
  outer loop
    vertex 3721.526146834365 137.78605789338695 -10.75644559642716
    vertex 3721.697576945297 137.1183817127858 -10.756445586478591
    vertex 3721.526146834365 135.7613727489625 -10.756445566258769
  endloop
endfacet
facet normal -7.586109043605653e-31 -1.4900287344243868e-08 -0.9999999999999999
  outer loop
    vertex 3721.697576945297 137.1183817127858 -10.756445586478591
    vertex 3721.526146834365 137.78605789338695 -10.75644559642716
    vertex 3721.8750111513054 137.51978499089822 -10.756445592459615
  endloop
endfacet
facet normal -7.586109043605653e-31 -1.4900287344243868e-08 -0.9999999999999999
  outer loop
    vertex 3721.9692615919034 136.7737153211747 -10.756445581342964
    vertex 3721.697576945297 136.4290489295636 -10.756445576207339
    vertex 3721.697576945297 137.1183817127858 -10.756445586478591
  endloop
endfacet
facet normal -7.586109043605653e-31 -1.4900287344243868e-08 -0.9999999999999999
  outer loop
    vertex 3721.526146834365 135.7613727489625 -10.756445566258769
    vertex 3721.697576945297 136.4290489295636 -10.756445576207339
    vertex 3721.8750111513054 136.0276456514512 -10.756445570226315
  endloop
endfacet
facet normal -7.586109043605653e-31 -1.4900287344243868e-08 -0.9999999999999999
  outer loop
    vertex 3721.697576945297 136.4290489295636 -10.756445576207339
    vertex 3721.526146834365 135.7613727489625 -10.756445566258769
    vertex 3721.697576945297 137.1183817127858 -10.756445586478591
  endloop
endfacet
facet normal -7.586109043605653e-31 -1.4900287344243868e-08 -0.9999999999999999
  outer loop
    vertex 3721.194058363907 135.15730590020763 -10.756445557258003
    vertex 3721.526146834365 135.7613727489625 -10.756445566258769
    vertex 3721.598181670181 135.3284543195878 -10.756445559808164
  endloop
endfacet
facet normal -7.586109043605653e-31 -1.4900287344243868e-08 -0.9999999999999999
  outer loop
    vertex 3721.526146834365 135.7613727489625 -10.756445566258769
    vertex 3721.194058363907 135.15730590020763 -10.756445557258003
    vertex 3721.526146834365 137.78605789338695 -10.75644559642716
  endloop
endfacet
facet normal -0.22575167397404391 0.974184880655575 -1.4515634648185987e-08
  outer loop
    vertex 3718.119464879505 134.15830995535262 -13.756445542372678
    vertex 3717.691923683158 134.05923420583352 -10.756445540896419
    vertex 3718.119464879505 134.1583100000535 -10.756445542372678
  endloop
endfacet
facet normal -0.22575167397404391 0.974184880655575 -1.4515634648185987e-08
  outer loop
    vertex 3717.691923683158 134.05923420583352 -10.756445540896419
    vertex 3718.119464879505 134.15830995535262 -13.756445542372678
    vertex 3717.691923683158 134.05923416113268 -13.756445540896419
  endloop
endfacet
facet normal 1.2431808627601494e-31 -1.4900287344243868e-08 -0.9999999999999999
  outer loop
    vertex 3715.794261639587 131.27445389723192 -13.756445499402389
    vertex 3715.9929174833214 136.39771558737166 -13.756445575740461
    vertex 3716.0864219121854 131.1158240029753 -13.756445497038758
  endloop
endfacet
facet normal 1.2431808627601494e-31 -1.4900287344243868e-08 -0.9999999999999999
  outer loop
    vertex 3715.9929174833214 136.39771558737166 -13.756445575740461
    vertex 3715.794261639587 131.27445389723192 -13.756445499402389
    vertex 3715.9929174833214 137.149714965576 -13.756445586945468
  endloop
endfacet
facet normal 1.2431808627601494e-31 -1.4900287344243868e-08 -0.9999999999999999
  outer loop
    vertex 3716.0864219121854 131.1158240029753 -13.756445497038758
    vertex 3715.9929174833214 136.39771558737166 -13.756445575740461
    vertex 3716.179932063095 135.66934158300768 -13.756445564887478
  endloop
endfacet
facet normal 1.2431808627601494e-31 -1.4900287344243868e-08 -0.9999999999999999
  outer loop
    vertex 3716.179932063095 135.66934158300768 -13.756445564887478
    vertex 3715.9929174833214 136.39771558737166 -13.756445575740461
    vertex 3716.30565780925 136.08981807922729 -13.7564455711527
  endloop
endfacet
facet normal 1.2431808627601494e-31 -1.4900287344243868e-08 -0.9999999999999999
  outer loop
    vertex 3716.179932063095 135.66934158300768 -13.756445564887478
    vertex 3716.3864838533323 130.9727018067778 -13.7564454949062
    vertex 3716.0864219121854 131.1158240029753 -13.756445497038758
  endloop
endfacet
facet normal 1.2431808627601494e-31 -1.4900287344243868e-08 -0.9999999999999999
  outer loop
    vertex 3716.3864838533323 130.9727018067778 -13.7564454949062
    vertex 3716.179932063095 135.66934158300768 -13.756445564887478
    vertex 3716.5422105245516 135.01035954450973 -13.756445555068456
  endloop
endfacet
facet normal 1.2431808627601494e-31 -1.4900287344243868e-08 -0.9999999999999999
  outer loop
    vertex 3716.5422105245516 135.01035954450973 -13.756445555068456
    vertex 3716.179932063095 135.66934158300768 -13.756445564887478
    vertex 3716.5594181470797 135.4488927314223 -13.75644556160273
  endloop
endfacet
facet normal 1.2431808627601494e-31 -1.4900287344243868e-08 -0.9999999999999999
  outer loop
    vertex 3716.6936251573484 142.7019508073271 -13.756445669675378
    vertex 3716.5422105245516 138.53707100843795 -13.756445607617474
    vertex 3716.3864838533323 142.57472874616988 -13.756445667779731
  endloop
endfacet
facet normal 1.2431808627601494e-31 -1.4900287344243868e-08 -0.9999999999999999
  outer loop
    vertex 3716.5422105245516 138.53707100843795 -13.756445607617474
    vertex 3716.6936251573484 142.7019508073271 -13.756445669675378
    vertex 3716.9645978860776 138.65621985887896 -13.756445609392827
  endloop
endfacet
facet normal 1.2431808627601494e-31 -1.4900287344243868e-08 -0.9999999999999999
  outer loop
    vertex 3716.9645978860776 138.65621985887896 -13.756445609392827
    vertex 3716.6936251573484 142.7019508073271 -13.756445669675378
    vertex 3717.0070037298124 142.8129241654814 -13.756445671328915
  endloop
endfacet
facet normal 1.2431808627601494e-31 -1.4900287344243868e-08 -0.9999999999999999
  outer loop
    vertex 3716.9645978860776 138.65621985887896 -13.756445609392827
    vertex 3717.0070037298124 142.8129241654814 -13.756445671328915
    vertex 3717.056989615433 139.08525492643724 -13.756445615785573
  endloop
endfacet
facet normal 1.2431808627601494e-31 -1.4900287344243868e-08 -0.9999999999999999
  outer loop
    vertex 3717.056989615433 139.08525492643724 -13.756445615785573
    vertex 3717.0070037298124 142.8129241654814 -13.756445671328915
    vertex 3717.3257606677926 142.9073441216887 -13.756445672735797
  endloop
endfacet
facet normal 1.2431808627601494e-31 -1.4900287344243868e-08 -0.9999999999999999
  outer loop
    vertex 3717.056989615433 139.08525492643724 -13.756445615785573
    vertex 3717.3257606677926 142.9073441216887 -13.756445672735797
    vertex 3717.4957378559034 139.09561707472213 -13.756445615939969
  endloop
endfacet
facet normal 1.2431808627601494e-31 -1.4900287344243868e-08 -0.9999999999999999
  outer loop
    vertex 3717.4957378559034 139.09561707472213 -13.756445615939969
    vertex 3717.3257606677926 142.9073441216887 -13.756445672735797
    vertex 3717.6490224056165 142.98495270704635 -13.756445673892186
  endloop
endfacet
facet normal 1.2431808627601494e-31 -1.4900287344243868e-08 -0.9999999999999999
  outer loop
    vertex 3717.4957378559034 139.09561707472213 -13.756445615939969
    vertex 3717.6490224056165 142.98495270704635 -13.756445673892186
    vertex 3717.691923683158 139.48819639181505 -13.756445621789512
  endloop
endfacet
facet normal 1.2431808627601494e-31 -1.4900287344243868e-08 -0.9999999999999999
  outer loop
    vertex 3717.691923683158 139.48819639181505 -13.756445621789512
    vertex 3717.6490224056165 142.98495270704635 -13.756445673892186
    vertex 3717.975902741424 143.04553629850753 -13.756445674794898
  endloop
endfacet
facet normal 1.2431808627601494e-31 -1.4900287344243868e-08 -0.9999999999999999
  outer loop
    vertex 3717.691923683158 139.48819639181505 -13.756445621789512
    vertex 3717.975902741424 143.04553629850753 -13.756445674794898
    vertex 3718.119464879505 139.38912059759505 -13.756445620313254
  endloop
endfacet
facet normal 1.2431808627601494e-31 -1.4900287344243868e-08 -0.9999999999999999
  outer loop
    vertex 3718.119464879505 139.38912059759505 -13.756445620313254
    vertex 3717.975902741424 143.04553629850753 -13.756445674794898
    vertex 3718.30550587701 143.08892943357833 -13.75644567544147
  endloop
endfacet
facet normal 1.2431808627601494e-31 -1.4900287344243868e-08 -0.9999999999999999
  outer loop
    vertex 3718.119464879505 139.38912059759505 -13.756445620313254
    vertex 3718.30550587701 143.08892943357833 -13.75644567544147
    vertex 3718.407117670051 139.72057702040087 -13.75644562525205
  endloop
endfacet
facet normal 1.2431808627601494e-31 -1.4900287344243868e-08 -0.9999999999999999
  outer loop
    vertex 3718.407117670051 139.72057702040087 -13.75644562525205
    vertex 3718.30550587701 143.08892943357833 -13.75644567544147
    vertex 3718.6369282655637 143.1150129029692 -13.75644567583012
  endloop
endfacet
facet normal 1.2431808627601494e-31 -1.4900287344243868e-08 -0.9999999999999999
  outer loop
    vertex 3718.407117670051 139.72057702040087 -13.75644562525205
    vertex 3718.6369282655637 143.1150129029692 -13.75644567583012
    vertex 3718.7965876661456 139.5182888696135 -13.756445622237898
  endloop
endfacet
facet normal 1.2431808627601494e-31 -1.4900287344243868e-08 -0.9999999999999999
  outer loop
    vertex 3718.7965876661456 139.5182888696135 -13.756445622237898
    vertex 3718.6369282655637 143.1150129029692 -13.75644567583012
    vertex 3718.9692615919034 143.1237151811064 -13.75644567595979
  endloop
endfacet
facet normal 1.2431808627601494e-31 -1.4900287344243868e-08 -0.9999999999999999
  outer loop
    vertex 3718.7965876661456 139.5182888696135 -13.756445622237898
    vertex 3718.9692615919034 143.1237151811064 -13.75644567595979
    vertex 3719.15763314592 139.76779534315477 -13.756445625955621
  endloop
endfacet
facet normal 1.2431808627601494e-31 -1.4900287344243868e-08 -0.9999999999999999
  outer loop
    vertex 3719.15763314592 139.76779534315477 -13.756445625955621
    vertex 3718.9692615919034 143.1237151811064 -13.75644567595979
    vertex 3719.301594918243 143.1150129029692 -13.75644567583012
  endloop
endfacet
facet normal 1.2431808627601494e-31 -1.4900287344243868e-08 -0.9999999999999999
  outer loop
    vertex 3719.15763314592 139.76779534315477 -13.756445625955621
    vertex 3719.301594918243 143.1150129029692 -13.75644567583012
    vertex 3719.4845601968686 139.4750051686705 -13.756445621592963
  endloop
endfacet
facet normal 1.2431808627601494e-31 -1.4900287344243868e-08 -0.9999999999999999
  outer loop
    vertex 3719.4845601968686 139.4750051686705 -13.756445621592963
    vertex 3719.301594918243 143.1150129029692 -13.75644567583012
    vertex 3719.633017306797 143.08892943357833 -13.75644567544147
  endloop
endfacet
facet normal 1.2431808627601494e-31 -1.4900287344243868e-08 -0.9999999999999999
  outer loop
    vertex 3719.4845601968686 139.4750051686705 -13.756445621592963
    vertex 3719.633017306797 143.08892943357833 -13.75644567544147
    vertex 3719.896312599651 139.62688471769698 -13.756445623856012
  endloop
endfacet
facet normal 1.2431808627601494e-31 -1.4900287344243868e-08 -0.9999999999999999
  outer loop
    vertex 3719.896312599651 139.62688471769698 -13.756445623856012
    vertex 3719.633017306797 143.08892943357833 -13.75644567544147
    vertex 3719.9626204423826 143.04553629850753 -13.756445674794898
  endloop
endfacet
facet normal 1.2431808627601494e-31 -1.4900287344243868e-08 -0.9999999999999999
  outer loop
    vertex 3719.896312599651 139.62688471769698 -13.756445623856012
    vertex 3719.9626204423826 143.04553629850753 -13.756445674794898
    vertex 3720.140154664985 139.26198961233504 -13.756445618418967
  endloop
endfacet
facet normal 1.2431808627601494e-31 -1.4900287344243868e-08 -0.9999999999999999
  outer loop
    vertex 3720.140154664985 139.26198961233504 -13.756445618418967
    vertex 3719.9626204423826 143.04553629850753 -13.756445674794898
    vertex 3720.2895007781904 142.98495270704635 -13.756445673892186
  endloop
endfacet
facet normal 1.2431808627601494e-31 -1.4900287344243868e-08 -0.9999999999999999
  outer loop
    vertex 3720.140154664985 139.26198961233504 -13.756445618418967
    vertex 3720.2895007781904 142.98495270704635 -13.756445673892186
    vertex 3720.576741998665 139.30669905638106 -13.75644561908515
  endloop
endfacet
facet normal 1.2431808627601494e-31 -1.4900287344243868e-08 -0.9999999999999999
  outer loop
    vertex 3720.576741998665 139.30669905638106 -13.75644561908515
    vertex 3720.2895007781904 142.98495270704635 -13.756445673892186
    vertex 3720.612762516014 142.9073441216887 -13.756445672735797
  endloop
endfacet
facet normal 1.2431808627601494e-31 -1.4900287344243868e-08 -0.9999999999999999
  outer loop
    vertex 3720.576741998665 139.30669905638106 -13.75644561908515
    vertex 3720.612762516014 142.9073441216887 -13.756445672735797
    vertex 3720.7221775703347 138.89262678121932 -13.756445612915353
  endloop
endfacet
facet normal 1.2431808627601494e-31 -1.4900287344243868e-08 -0.9999999999999999
  outer loop
    vertex 3720.7221775703347 138.89262678121932 -13.756445612915353
    vertex 3720.612762516014 142.9073441216887 -13.756445672735797
    vertex 3720.9315194539945 142.8129241654814 -13.756445671328915
  endloop
endfacet
facet normal 1.2431808627601494e-31 -1.4900287344243868e-08 -0.9999999999999999
  outer loop
    vertex 3720.7221775703347 138.89262678121932 -13.756445612915353
    vertex 3720.9315194539945 142.8129241654814 -13.756445671328915
    vertex 3721.1561674528043 138.82735659574874 -13.756445611942809
  endloop
endfacet
facet normal 1.2431808627601494e-31 -1.4900287344243868e-08 -0.9999999999999999
  outer loop
    vertex 3721.1561674528043 138.82735659574874 -13.756445611942809
    vertex 3720.9315194539945 142.8129241654814 -13.756445671328915
    vertex 3721.2448980264585 142.7019508073271 -13.756445669675378
  endloop
endfacet
facet normal 1.2431808627601494e-31 -1.4900287344243868e-08 -0.9999999999999999
  outer loop
    vertex 3721.1561674528043 138.82735659574874 -13.756445611942809
    vertex 3721.2448980264585 142.7019508073271 -13.756445669675378
    vertex 3721.194058363907 138.39012469744094 -13.756445605427928
  endloop
endfacet
facet normal 1.2431808627601494e-31 -1.4900287344243868e-08 -0.9999999999999999
  outer loop
    vertex 3721.194058363907 138.39012469744094 -13.756445605427928
    vertex 3721.2448980264585 142.7019508073271 -13.756445669675378
    vertex 3721.598181670181 138.21897627806075 -13.756445602877768
  endloop
endfacet
facet normal 1.2431808627601494e-31 -1.4900287344243868e-08 -0.9999999999999999
  outer loop
    vertex 3721.598181670181 138.21897627806075 -13.756445602877768
    vertex 3721.2448980264585 142.7019508073271 -13.756445669675378
    vertex 3721.5520393304746 142.57472874616988 -13.756445667779731
  endloop
endfacet
facet normal 1.2431808627601494e-31 -1.4900287344243868e-08 -0.9999999999999999
  outer loop
    vertex 3721.598181670181 138.21897627806075 -13.756445602877768
    vertex 3721.5520393304746 142.57472874616988 -13.756445667779731
    vertex 3721.8521012716214 142.43160654997237 -13.756445665647174
  endloop
endfacet
facet normal 1.2431808627601494e-31 -1.4900287344243868e-08 -0.9999999999999999
  outer loop
    vertex 3721.9692615919034 136.77371527647384 -13.756445581342964
    vertex 3721.8750111513054 136.02764560675035 -13.756445570226315
    vertex 3721.697576945297 136.42904888486274 -13.756445576207339
  endloop
endfacet
facet normal 1.2431808627601494e-31 -1.4900287344243868e-08 -0.9999999999999999
  outer loop
    vertex 3721.598181670181 138.21897627806075 -13.756445602877768
    vertex 3721.8750111513054 137.51978494619738 -13.756445592459617
    vertex 3721.526146834365 137.78605784868608 -13.75644559642716
  endloop
endfacet
facet normal 1.2431808627601494e-31 -1.4900287344243868e-08 -0.9999999999999999
  outer loop
    vertex 3721.8750111513054 137.51978494619738 -13.756445592459617
    vertex 3721.598181670181 138.21897627806075 -13.756445602877768
    vertex 3721.8521012716214 142.43160654997237 -13.756445665647174
  endloop
endfacet
facet normal 1.2431808627601494e-31 -1.4900287344243868e-08 -0.9999999999999999
  outer loop
    vertex 3721.8750111513054 137.51978494619738 -13.756445592459617
    vertex 3721.8521012716214 142.43160654997237 -13.756445665647174
    vertex 3722.1442615442197 142.2729766557158 -13.756445663283543
  endloop
endfacet
facet normal 1.2431808627601494e-31 -1.4900287344243868e-08 -0.9999999999999999
  outer loop
    vertex 3721.8750111513054 137.51978494619738 -13.756445592459617
    vertex 3722.1442615442197 142.2729766557158 -13.756445663283543
    vertex 3721.9692615919034 136.77371527647384 -13.756445581342964
  endloop
endfacet
facet normal 1.2431808627601494e-31 -1.4900287344243868e-08 -0.9999999999999999
  outer loop
    vertex 3721.8750111513054 136.02764560675035 -13.756445570226315
    vertex 3721.598181670181 135.32845427488692 -13.756445559808164
    vertex 3721.526146834365 135.76137270426162 -13.756445566258769
  endloop
endfacet
facet normal 1.2431808627601494e-31 -1.4900287344243868e-08 -0.9999999999999999
  outer loop
    vertex 3721.598181670181 135.32845427488692 -13.756445559808164
    vertex 3721.8750111513054 136.02764560675035 -13.756445570226315
    vertex 3721.8521012716214 131.1158240029753 -13.756445497038758
  endloop
endfacet
facet normal 1.2431808627601494e-31 -1.4900287344243868e-08 -0.9999999999999999
  outer loop
    vertex 3721.8521012716214 131.1158240029753 -13.756445497038758
    vertex 3721.8750111513054 136.02764560675035 -13.756445570226315
    vertex 3722.1442615442197 131.27445389723192 -13.756445499402389
  endloop
endfacet
facet normal 1.2431808627601494e-31 -1.4900287344243868e-08 -0.9999999999999999
  outer loop
    vertex 3722.1442615442197 131.27445389723192 -13.756445499402389
    vertex 3721.8750111513054 136.02764560675035 -13.756445570226315
    vertex 3721.9692615919034 136.77371527647384 -13.756445581342964
  endloop
endfacet
facet normal 1.2431808627601494e-31 -1.4900287344243868e-08 -0.9999999999999999
  outer loop
    vertex 3722.1442615442197 131.27445389723192 -13.756445499402389
    vertex 3721.9692615919034 136.77371527647384 -13.756445581342964
    vertex 3722.1442615442197 142.2729766557158 -13.756445663283543
  endloop
endfacet
facet normal 1.2431808627601494e-31 -1.4900287344243868e-08 -0.9999999999999999
  outer loop
    vertex 3722.1442615442197 131.27445389723192 -13.756445499402389
    vertex 3722.1442615442197 142.2729766557158 -13.756445663283543
    vertex 3722.427719538681 142.09927346205123 -13.756445660695315
  endloop
endfacet
facet normal 1.2431808627601494e-31 -1.4900287344243868e-08 -0.9999999999999999
  outer loop
    vertex 3722.1442615442197 131.27445389723192 -13.756445499402389
    vertex 3722.427719538681 142.09927346205123 -13.756445660695315
    vertex 3722.427719538681 131.44815709089644 -13.756445501990616
  endloop
endfacet
facet normal 1.2431808627601494e-31 -1.4900287344243868e-08 -0.9999999999999999
  outer loop
    vertex 3722.427719538681 131.44815709089644 -13.756445501990616
    vertex 3722.427719538681 142.09927346205123 -13.756445660695315
    vertex 3722.7016980104368 141.91097332929976 -13.75644565788959
  endloop
endfacet
facet normal 1.2431808627601494e-31 -1.4900287344243868e-08 -0.9999999999999999
  outer loop
    vertex 3722.427719538681 131.44815709089644 -13.756445501990616
    vertex 3722.7016980104368 141.91097332929976 -13.75644565788959
    vertex 3722.7016980104368 131.6364572236479 -13.756445504796341
  endloop
endfacet
facet normal 1.2431808627601494e-31 -1.4900287344243868e-08 -0.9999999999999999
  outer loop
    vertex 3722.7016980104368 131.6364572236479 -13.756445504796341
    vertex 3722.7016980104368 141.91097332929976 -13.75644565788959
    vertex 3722.965446179382 141.7085921952666 -13.756445654874048
  endloop
endfacet
facet normal 1.2431808627601494e-31 -1.4900287344243868e-08 -0.9999999999999999
  outer loop
    vertex 3722.7016980104368 131.6364572236479 -13.756445504796341
    vertex 3722.965446179382 141.7085921952666 -13.756445654874048
    vertex 3722.965446179382 131.8388383576811 -13.756445507811884
  endloop
endfacet
facet normal 1.2431808627601494e-31 -1.4900287344243868e-08 -0.9999999999999999
  outer loop
    vertex 3722.965446179382 131.8388383576811 -13.756445507811884
    vertex 3722.965446179382 141.7085921952666 -13.756445654874048
    vertex 3723.2182411603853 141.49268509840377 -13.75644565165697
  endloop
endfacet
facet normal 1.2431808627601494e-31 -1.4900287344243868e-08 -0.9999999999999999
  outer loop
    vertex 3722.965446179382 131.8388383576811 -13.756445507811884
    vertex 3723.2182411603853 141.49268509840377 -13.75644565165697
    vertex 3723.2182411603853 132.0547454545439 -13.75644551102896
  endloop
endfacet
facet normal 1.2431808627601494e-31 -1.4900287344243868e-08 -0.9999999999999999
  outer loop
    vertex 3723.2182411603853 132.0547454545439 -13.75644551102896
    vertex 3723.2182411603853 141.49268509840377 -13.75644565165697
    vertex 3723.459389632217 141.26384331678756 -13.756445648247166
  endloop
endfacet
facet normal 1.2431808627601494e-31 -1.4900287344243868e-08 -0.9999999999999999
  outer loop
    vertex 3723.2182411603853 132.0547454545439 -13.75644551102896
    vertex 3723.459389632217 141.26384331678756 -13.756445648247166
    vertex 3723.459389632217 132.28358723616014 -13.756445514438767
  endloop
endfacet
facet normal 1.2431808627601494e-31 -1.4900287344243868e-08 -0.9999999999999999
  outer loop
    vertex 3723.459389632217 132.28358723616014 -13.756445514438767
    vertex 3723.459389632217 141.26384331678756 -13.756445648247166
    vertex 3723.688231413834 141.02269484495528 -13.756445644653983
  endloop
endfacet
facet normal 1.2431808627601494e-31 -1.4900287344243868e-08 -0.9999999999999999
  outer loop
    vertex 3723.459389632217 132.28358723616014 -13.756445514438767
    vertex 3723.688231413834 141.02269484495528 -13.756445644653983
    vertex 3723.688231413834 132.52473570799242 -13.756445518031947
  endloop
endfacet
facet normal 1.2431808627601494e-31 -1.4900287344243868e-08 -0.9999999999999999
  outer loop
    vertex 3723.688231413834 132.52473570799242 -13.756445518031947
    vertex 3723.688231413834 141.02269484495528 -13.756445644653983
    vertex 3723.9041385106957 140.76989986395247 -13.75644564088726
  endloop
endfacet
facet normal 1.2431808627601494e-31 -1.4900287344243868e-08 -0.9999999999999999
  outer loop
    vertex 3723.688231413834 132.52473570799242 -13.756445518031947
    vertex 3723.9041385106957 140.76989986395247 -13.75644564088726
    vertex 3723.9041385106957 132.77753068899523 -13.75644552179867
  endloop
endfacet
facet normal 1.2431808627601494e-31 -1.4900287344243868e-08 -0.9999999999999999
  outer loop
    vertex 3723.9041385106957 132.77753068899523 -13.75644552179867
    vertex 3723.9041385106957 140.76989986395247 -13.75644564088726
    vertex 3724.10651964473 140.5061516950072 -13.75644563695734
  endloop
endfacet
facet normal 1.2431808627601494e-31 -1.4900287344243868e-08 -0.9999999999999999
  outer loop
    vertex 3723.9041385106957 132.77753068899523 -13.75644552179867
    vertex 3724.10651964473 140.5061516950072 -13.75644563695734
    vertex 3724.10651964473 133.04127885794054 -13.756445525728589
  endloop
endfacet
facet normal 1.2431808627601494e-31 -1.4900287344243868e-08 -0.9999999999999999
  outer loop
    vertex 3724.10651964473 133.04127885794054 -13.756445525728589
    vertex 3724.10651964473 140.5061516950072 -13.75644563695734
    vertex 3724.2948197774813 140.2321732232512 -13.75644563287498
  endloop
endfacet
facet normal 1.2431808627601494e-31 -1.4900287344243868e-08 -0.9999999999999999
  outer loop
    vertex 3724.10651964473 133.04127885794054 -13.756445525728589
    vertex 3724.2948197774813 140.2321732232512 -13.75644563287498
    vertex 3724.2948197774813 133.31525732969652 -13.75644552981095
  endloop
endfacet
facet normal 1.2431808627601494e-31 -1.4900287344243868e-08 -0.9999999999999999
  outer loop
    vertex 3724.2948197774813 133.31525732969652 -13.75644552981095
    vertex 3724.2948197774813 140.2321732232512 -13.75644563287498
    vertex 3724.4685229711454 139.94871522879012 -13.75644562865138
  endloop
endfacet
facet normal 1.2431808627601494e-31 -1.4900287344243868e-08 -0.9999999999999999
  outer loop
    vertex 3724.2948197774813 133.31525732969652 -13.75644552981095
    vertex 3724.4685229711454 139.94871522879012 -13.75644562865138
    vertex 3724.4685229711454 133.59871532415755 -13.756445534034553
  endloop
endfacet
facet normal 1.2431808627601494e-31 -1.4900287344243868e-08 -0.9999999999999999
  outer loop
    vertex 3724.4685229711454 133.59871532415755 -13.756445534034553
    vertex 3724.4685229711454 139.94871522879012 -13.75644562865138
    vertex 3724.627152865402 139.65655495619188 -13.756445624298104
  endloop
endfacet
facet normal 1.2431808627601494e-31 -1.4900287344243868e-08 -0.9999999999999999
  outer loop
    vertex 3724.4685229711454 133.59871532415755 -13.756445534034553
    vertex 3724.627152865402 139.65655495619188 -13.756445624298104
    vertex 3724.627152865402 133.89087559675585 -13.756445538387824
  endloop
endfacet
facet normal 1.2431808627601494e-31 -1.4900287344243868e-08 -0.9999999999999999
  outer loop
    vertex 3724.627152865402 133.89087559675585 -13.756445538387824
    vertex 3724.627152865402 139.65655495619188 -13.756445624298104
    vertex 3724.770275061599 139.356493015045 -13.756445619827094
  endloop
endfacet
facet normal 1.2431808627601494e-31 -1.4900287344243868e-08 -0.9999999999999999
  outer loop
    vertex 3724.627152865402 133.89087559675585 -13.756445538387824
    vertex 3724.770275061599 139.356493015045 -13.756445619827094
    vertex 3724.770275061599 134.1909375379027 -13.756445542858833
  endloop
endfacet
facet normal 1.2431808627601494e-31 -1.4900287344243868e-08 -0.9999999999999999
  outer loop
    vertex 3724.770275061599 134.1909375379027 -13.756445542858833
    vertex 3724.770275061599 139.356493015045 -13.756445619827094
    vertex 3724.8974971227567 139.0493517110289 -13.756445615250605
  endloop
endfacet
facet normal 1.2431808627601494e-31 -1.4900287344243868e-08 -0.9999999999999999
  outer loop
    vertex 3724.770275061599 134.1909375379027 -13.756445542858833
    vertex 3724.8974971227567 139.0493517110289 -13.756445615250605
    vertex 3724.8974971227567 134.49807884191878 -13.756445547435327
  endloop
endfacet
facet normal 1.2431808627601494e-31 -1.4900287344243868e-08 -0.9999999999999999
  outer loop
    vertex 3724.8974971227567 134.49807884191878 -13.756445547435327
    vertex 3724.8974971227567 139.0493517110289 -13.756445615250605
    vertex 3725.008470480911 138.73597313856493 -13.756445610581169
  endloop
endfacet
facet normal 1.2431808627601494e-31 -1.4900287344243868e-08 -0.9999999999999999
  outer loop
    vertex 3724.8974971227567 134.49807884191878 -13.756445547435327
    vertex 3725.008470480911 138.73597313856493 -13.756445610581169
    vertex 3725.008470480911 134.81145741438277 -13.756445552104761
  endloop
endfacet
facet normal 1.2431808627601494e-31 -1.4900287344243868e-08 -0.9999999999999999
  outer loop
    vertex 3725.008470480911 134.81145741438277 -13.756445552104761
    vertex 3725.008470480911 138.73597313856493 -13.756445610581169
    vertex 3725.102890437118 138.41721620058425 -13.756445605831603
  endloop
endfacet
facet normal 1.2431808627601494e-31 -1.4900287344243868e-08 -0.9999999999999999
  outer loop
    vertex 3725.008470480911 134.81145741438277 -13.756445552104761
    vertex 3725.102890437118 138.41721620058425 -13.756445605831603
    vertex 3725.102890437118 135.13021435236342 -13.756445556854327
  endloop
endfacet
facet normal 1.2431808627601494e-31 -1.4900287344243868e-08 -0.9999999999999999
  outer loop
    vertex 3725.102890437118 135.13021435236342 -13.756445556854327
    vertex 3725.102890437118 138.41721620058425 -13.756445605831603
    vertex 3725.1804990224755 138.0939544627608 -13.756445601014907
  endloop
endfacet
facet normal 1.2431808627601494e-31 -1.4900287344243868e-08 -0.9999999999999999
  outer loop
    vertex 3725.102890437118 135.13021435236342 -13.756445556854327
    vertex 3725.1804990224755 138.0939544627608 -13.756445601014907
    vertex 3725.1804990224755 135.4534760901869 -13.756445561671024
  endloop
endfacet
facet normal 1.2431808627601494e-31 -1.4900287344243868e-08 -0.9999999999999999
  outer loop
    vertex 3725.1804990224755 135.4534760901869 -13.756445561671024
    vertex 3725.1804990224755 138.0939544627608 -13.756445601014907
    vertex 3725.241082613937 137.767074126953 -13.7564455961443
  endloop
endfacet
facet normal 1.2431808627601494e-31 -1.4900287344243868e-08 -0.9999999999999999
  outer loop
    vertex 3725.1804990224755 135.4534760901869 -13.756445561671024
    vertex 3725.241082613937 137.767074126953 -13.7564455961443
    vertex 3725.241082613937 135.78035642599474 -13.75644556654163
  endloop
endfacet
facet normal 1.2431808627601494e-31 -1.4900287344243868e-08 -0.9999999999999999
  outer loop
    vertex 3725.241082613937 135.78035642599474 -13.75644556654163
    vertex 3725.241082613937 137.767074126953 -13.7564455961443
    vertex 3725.2844757490075 137.43747099136718 -13.756445591233113
  endloop
endfacet
facet normal 1.2431808627601494e-31 -1.4900287344243868e-08 -0.9999999999999999
  outer loop
    vertex 3725.241082613937 135.78035642599474 -13.75644556654163
    vertex 3725.2844757490075 137.43747099136718 -13.756445591233113
    vertex 3725.2844757490075 136.10995956158052 -13.756445571452817
  endloop
endfacet
facet normal 1.2431808627601494e-31 -1.4900287344243868e-08 -0.9999999999999999
  outer loop
    vertex 3725.2844757490075 136.10995956158052 -13.756445571452817
    vertex 3725.2844757490075 137.43747099136718 -13.756445591233113
    vertex 3725.310559218399 137.10604860281356 -13.756445586294825
  endloop
endfacet
facet normal 1.2431808627601494e-31 -1.4900287344243868e-08 -0.9999999999999999
  outer loop
    vertex 3725.2844757490075 136.10995956158052 -13.756445571452817
    vertex 3725.310559218399 137.10604860281356 -13.756445586294825
    vertex 3725.310559218399 136.44138195013414 -13.756445576391105
  endloop
endfacet
facet normal 1.2431808627601494e-31 -1.4900287344243868e-08 -0.9999999999999999
  outer loop
    vertex 3725.310559218399 136.44138195013414 -13.756445576391105
    vertex 3725.310559218399 137.10604860281356 -13.756445586294825
    vertex 3725.319261496536 136.77371527647384 -13.756445581342964
  endloop
endfacet
facet normal 1.2431808627601494e-31 -1.4900287344243868e-08 -0.9999999999999999
  outer loop
    vertex 3721.9692615919034 136.77371527647384 -13.756445581342964
    vertex 3721.697576945297 137.11838166808494 -13.756445586478591
    vertex 3721.8750111513054 137.51978494619738 -13.756445592459617
  endloop
endfacet
facet normal 1.2431808627601494e-31 -1.4900287344243868e-08 -0.9999999999999999
  outer loop
    vertex 3716.5422105245516 135.01035954450973 -13.756445555068456
    vertex 3716.6936251573484 130.84547974562057 -13.75644549301055
    vertex 3716.3864838533323 130.9727018067778 -13.7564454949062
  endloop
endfacet
facet normal 1.2431808627601494e-31 -1.4900287344243868e-08 -0.9999999999999999
  outer loop
    vertex 3716.6936251573484 130.84547974562057 -13.75644549301055
    vertex 3716.5422105245516 135.01035954450973 -13.756445555068456
    vertex 3716.9645978860776 134.89121069406875 -13.756445553293105
  endloop
endfacet
facet normal 1.2431808627601494e-31 -1.4900287344243868e-08 -0.9999999999999999
  outer loop
    vertex 3716.6936251573484 130.84547974562057 -13.75644549301055
    vertex 3716.9645978860776 134.89121069406875 -13.756445553293105
    vertex 3717.0070037298124 130.73450638746627 -13.756445491357017
  endloop
endfacet
facet normal 1.2431808627601494e-31 -1.4900287344243868e-08 -0.9999999999999999
  outer loop
    vertex 3717.0070037298124 130.73450638746627 -13.756445491357017
    vertex 3716.9645978860776 134.89121069406875 -13.756445553293105
    vertex 3717.056989615433 134.46217562651046 -13.756445546900359
  endloop
endfacet
facet normal 1.2431808627601494e-31 -1.4900287344243868e-08 -0.9999999999999999
  outer loop
    vertex 3717.0070037298124 130.73450638746627 -13.756445491357017
    vertex 3717.056989615433 134.46217562651046 -13.756445546900359
    vertex 3717.3257606677926 130.640086431259 -13.756445489950131
  endloop
endfacet
facet normal 1.2431808627601494e-31 -1.4900287344243868e-08 -0.9999999999999999
  outer loop
    vertex 3717.3257606677926 130.640086431259 -13.756445489950131
    vertex 3717.056989615433 134.46217562651046 -13.756445546900359
    vertex 3717.4957378559034 134.45181347822555 -13.75644554674596
  endloop
endfacet
facet normal 1.2431808627601494e-31 -1.4900287344243868e-08 -0.9999999999999999
  outer loop
    vertex 3717.3257606677926 130.640086431259 -13.756445489950131
    vertex 3717.4957378559034 134.45181347822555 -13.75644554674596
    vertex 3717.6490224056165 130.56247784590133 -13.756445488793744
  endloop
endfacet
facet normal 1.2431808627601494e-31 -1.4900287344243868e-08 -0.9999999999999999
  outer loop
    vertex 3717.6490224056165 130.56247784590133 -13.756445488793744
    vertex 3717.4957378559034 134.45181347822555 -13.75644554674596
    vertex 3717.691923683158 134.05923416113268 -13.756445540896419
  endloop
endfacet
facet normal 1.2431808627601494e-31 -1.4900287344243868e-08 -0.9999999999999999
  outer loop
    vertex 3717.6490224056165 130.56247784590133 -13.756445488793744
    vertex 3717.691923683158 134.05923416113268 -13.756445540896419
    vertex 3717.975902741424 130.50189425444017 -13.756445487891028
  endloop
endfacet
facet normal 1.2431808627601494e-31 -1.4900287344243868e-08 -0.9999999999999999
  outer loop
    vertex 3717.975902741424 130.50189425444017 -13.756445487891028
    vertex 3717.691923683158 134.05923416113268 -13.756445540896419
    vertex 3718.119464879505 134.15830995535262 -13.756445542372678
  endloop
endfacet
facet normal 1.2431808627601494e-31 -1.4900287344243868e-08 -0.9999999999999999
  outer loop
    vertex 3717.975902741424 130.50189425444017 -13.756445487891028
    vertex 3718.119464879505 134.15830995535262 -13.756445542372678
    vertex 3718.30550587701 130.45850111936934 -13.75644548724446
  endloop
endfacet
facet normal 1.2431808627601494e-31 -1.4900287344243868e-08 -0.9999999999999999
  outer loop
    vertex 3718.30550587701 130.45850111936934 -13.75644548724446
    vertex 3718.119464879505 134.15830995535262 -13.756445542372678
    vertex 3718.407117670051 133.82685353254686 -13.75644553743388
  endloop
endfacet
facet normal 1.2431808627601494e-31 -1.4900287344243868e-08 -0.9999999999999999
  outer loop
    vertex 3718.30550587701 130.45850111936934 -13.75644548724446
    vertex 3718.407117670051 133.82685353254686 -13.75644553743388
    vertex 3718.6369282655637 130.43241764997848 -13.75644548685581
  endloop
endfacet
facet normal 1.2431808627601494e-31 -1.4900287344243868e-08 -0.9999999999999999
  outer loop
    vertex 3718.6369282655637 130.43241764997848 -13.75644548685581
    vertex 3718.407117670051 133.82685353254686 -13.75644553743388
    vertex 3718.7965876661456 134.0291416833342 -13.756445540448032
  endloop
endfacet
facet normal 1.2431808627601494e-31 -1.4900287344243868e-08 -0.9999999999999999
  outer loop
    vertex 3718.6369282655637 130.43241764997848 -13.75644548685581
    vertex 3718.7965876661456 134.0291416833342 -13.756445540448032
    vertex 3718.9692615919034 130.42371537184127 -13.75644548672614
  endloop
endfacet
facet normal 1.2431808627601494e-31 -1.4900287344243868e-08 -0.9999999999999999
  outer loop
    vertex 3718.9692615919034 130.42371537184127 -13.75644548672614
    vertex 3718.7965876661456 134.0291416833342 -13.756445540448032
    vertex 3719.15763314592 133.77963520979293 -13.756445536730311
  endloop
endfacet
facet normal 1.2431808627601494e-31 -1.4900287344243868e-08 -0.9999999999999999
  outer loop
    vertex 3718.9692615919034 130.42371537184127 -13.75644548672614
    vertex 3719.15763314592 133.77963520979293 -13.756445536730311
    vertex 3719.301594918243 130.43241764997848 -13.75644548685581
  endloop
endfacet
facet normal 1.2431808627601494e-31 -1.4900287344243868e-08 -0.9999999999999999
  outer loop
    vertex 3719.301594918243 130.43241764997848 -13.75644548685581
    vertex 3719.15763314592 133.77963520979293 -13.756445536730311
    vertex 3719.4845601968686 134.0724253842772 -13.756445541092967
  endloop
endfacet
facet normal 1.2431808627601494e-31 -1.4900287344243868e-08 -0.9999999999999999
  outer loop
    vertex 3719.301594918243 130.43241764997848 -13.75644548685581
    vertex 3719.4845601968686 134.0724253842772 -13.756445541092967
    vertex 3719.633017306797 130.45850111936934 -13.75644548724446
  endloop
endfacet
facet normal 1.2431808627601494e-31 -1.4900287344243868e-08 -0.9999999999999999
  outer loop
    vertex 3719.633017306797 130.45850111936934 -13.75644548724446
    vertex 3719.4845601968686 134.0724253842772 -13.756445541092967
    vertex 3719.896312599651 133.9205458352507 -13.756445538829919
  endloop
endfacet
facet normal 1.2431808627601494e-31 -1.4900287344243868e-08 -0.9999999999999999
  outer loop
    vertex 3719.633017306797 130.45850111936934 -13.75644548724446
    vertex 3719.896312599651 133.9205458352507 -13.756445538829919
    vertex 3719.9626204423826 130.50189425444017 -13.756445487891028
  endloop
endfacet
facet normal 1.2431808627601494e-31 -1.4900287344243868e-08 -0.9999999999999999
  outer loop
    vertex 3719.9626204423826 130.50189425444017 -13.756445487891028
    vertex 3719.896312599651 133.9205458352507 -13.756445538829919
    vertex 3720.140154664985 134.28544094061263 -13.756445544266962
  endloop
endfacet
facet normal 1.2431808627601494e-31 -1.4900287344243868e-08 -0.9999999999999999
  outer loop
    vertex 3719.9626204423826 130.50189425444017 -13.756445487891028
    vertex 3720.140154664985 134.28544094061263 -13.756445544266962
    vertex 3720.2895007781904 130.56247784590133 -13.756445488793744
  endloop
endfacet
facet normal 1.2431808627601494e-31 -1.4900287344243868e-08 -0.9999999999999999
  outer loop
    vertex 3720.2895007781904 130.56247784590133 -13.756445488793744
    vertex 3720.140154664985 134.28544094061263 -13.756445544266962
    vertex 3720.576741998665 134.2407314965666 -13.756445543600778
  endloop
endfacet
facet normal 1.2431808627601494e-31 -1.4900287344243868e-08 -0.9999999999999999
  outer loop
    vertex 3720.2895007781904 130.56247784590133 -13.756445488793744
    vertex 3720.576741998665 134.2407314965666 -13.756445543600778
    vertex 3720.612762516014 130.640086431259 -13.756445489950131
  endloop
endfacet
facet normal 1.2431808627601494e-31 -1.4900287344243868e-08 -0.9999999999999999
  outer loop
    vertex 3720.612762516014 130.640086431259 -13.756445489950131
    vertex 3720.576741998665 134.2407314965666 -13.756445543600778
    vertex 3720.7221775703347 134.65480377172835 -13.756445549770577
  endloop
endfacet
facet normal 1.2431808627601494e-31 -1.4900287344243868e-08 -0.9999999999999999
  outer loop
    vertex 3720.612762516014 130.640086431259 -13.756445489950131
    vertex 3720.7221775703347 134.65480377172835 -13.756445549770577
    vertex 3720.9315194539945 130.73450638746627 -13.756445491357017
  endloop
endfacet
facet normal 1.2431808627601494e-31 -1.4900287344243868e-08 -0.9999999999999999
  outer loop
    vertex 3720.9315194539945 130.73450638746627 -13.756445491357017
    vertex 3720.7221775703347 134.65480377172835 -13.756445549770577
    vertex 3721.1561674528043 134.72007395719893 -13.756445550743122
  endloop
endfacet
facet normal 1.2431808627601494e-31 -1.4900287344243868e-08 -0.9999999999999999
  outer loop
    vertex 3720.9315194539945 130.73450638746627 -13.756445491357017
    vertex 3721.1561674528043 134.72007395719893 -13.756445550743122
    vertex 3721.2448980264585 130.84547974562057 -13.75644549301055
  endloop
endfacet
facet normal 1.2431808627601494e-31 -1.4900287344243868e-08 -0.9999999999999999
  outer loop
    vertex 3721.2448980264585 130.84547974562057 -13.75644549301055
    vertex 3721.1561674528043 134.72007395719893 -13.756445550743122
    vertex 3721.194058363907 135.15730585550676 -13.756445557258003
  endloop
endfacet
facet normal 1.2431808627601494e-31 -1.4900287344243868e-08 -0.9999999999999999
  outer loop
    vertex 3721.2448980264585 130.84547974562057 -13.75644549301055
    vertex 3721.194058363907 135.15730585550676 -13.756445557258003
    vertex 3721.598181670181 135.32845427488692 -13.756445559808164
  endloop
endfacet
facet normal 1.2431808627601494e-31 -1.4900287344243868e-08 -0.9999999999999999
  outer loop
    vertex 3721.2448980264585 130.84547974562057 -13.75644549301055
    vertex 3721.598181670181 135.32845427488692 -13.756445559808164
    vertex 3721.5520393304746 130.9727018067778 -13.7564454949062
  endloop
endfacet
facet normal 1.2431808627601494e-31 -1.4900287344243868e-08 -0.9999999999999999
  outer loop
    vertex 3721.5520393304746 130.9727018067778 -13.7564454949062
    vertex 3721.598181670181 135.32845427488692 -13.756445559808164
    vertex 3721.8521012716214 131.1158240029753 -13.756445497038758
  endloop
endfacet
facet normal 1.2431808627601494e-31 -1.4900287344243868e-08 -0.9999999999999999
  outer loop
    vertex 3716.3864838533323 142.57472874616988 -13.756445667779731
    vertex 3716.179932063095 137.87808896994002 -13.756445597798452
    vertex 3716.0864219121854 142.43160654997237 -13.756445665647174
  endloop
endfacet
facet normal 1.2431808627601494e-31 -1.4900287344243868e-08 -0.9999999999999999
  outer loop
    vertex 3716.179932063095 137.87808896994002 -13.756445597798452
    vertex 3716.3864838533323 142.57472874616988 -13.756445667779731
    vertex 3716.5422105245516 138.53707100843795 -13.756445607617474
  endloop
endfacet
facet normal 1.2431808627601494e-31 -1.4900287344243868e-08 -0.9999999999999999
  outer loop
    vertex 3716.179932063095 137.87808896994002 -13.756445597798452
    vertex 3716.5422105245516 138.53707100843795 -13.756445607617474
    vertex 3716.5594181470797 138.09853782152544 -13.7564456010832
  endloop
endfacet
facet normal 1.2431808627601494e-31 -1.4900287344243868e-08 -0.9999999999999999
  outer loop
    vertex 3716.2192615919034 136.77371527647384 -13.756445581342964
    vertex 3715.9929174833214 136.39771558737166 -13.756445575740461
    vertex 3715.9929174833214 137.149714965576 -13.756445586945468
  endloop
endfacet
facet normal 1.2431808627601494e-31 -1.4900287344243868e-08 -0.9999999999999999
  outer loop
    vertex 3712.627963965408 137.10604860281356 -13.756445586294825
    vertex 3712.627963965408 136.44138195013414 -13.756445576391105
    vertex 3712.619261687271 136.77371527647384 -13.756445581342964
  endloop
endfacet
facet normal 1.2431808627601494e-31 -1.4900287344243868e-08 -0.9999999999999999
  outer loop
    vertex 3712.627963965408 136.44138195013414 -13.756445576391105
    vertex 3712.627963965408 137.10604860281356 -13.756445586294825
    vertex 3712.654047434799 137.43747099136718 -13.756445591233113
  endloop
endfacet
facet normal 1.2431808627601494e-31 -1.4900287344243868e-08 -0.9999999999999999
  outer loop
    vertex 3712.627963965408 136.44138195013414 -13.756445576391105
    vertex 3712.654047434799 137.43747099136718 -13.756445591233113
    vertex 3712.654047434799 136.10995956158052 -13.756445571452817
  endloop
endfacet
facet normal 1.2431808627601494e-31 -1.4900287344243868e-08 -0.9999999999999999
  outer loop
    vertex 3712.654047434799 136.10995956158052 -13.756445571452817
    vertex 3712.654047434799 137.43747099136718 -13.756445591233113
    vertex 3712.6974405698697 137.767074126953 -13.7564455961443
  endloop
endfacet
facet normal 1.2431808627601494e-31 -1.4900287344243868e-08 -0.9999999999999999
  outer loop
    vertex 3712.654047434799 136.10995956158052 -13.756445571452817
    vertex 3712.6974405698697 137.767074126953 -13.7564455961443
    vertex 3712.6974405698697 135.78035642599474 -13.75644556654163
  endloop
endfacet
facet normal 1.2431808627601494e-31 -1.4900287344243868e-08 -0.9999999999999999
  outer loop
    vertex 3712.6974405698697 135.78035642599474 -13.75644556654163
    vertex 3712.6974405698697 137.767074126953 -13.7564455961443
    vertex 3712.7580241613314 138.0939544627608 -13.756445601014907
  endloop
endfacet
facet normal 1.2431808627601494e-31 -1.4900287344243868e-08 -0.9999999999999999
  outer loop
    vertex 3712.6974405698697 135.78035642599474 -13.75644556654163
    vertex 3712.7580241613314 138.0939544627608 -13.756445601014907
    vertex 3712.7580241613314 135.4534760901869 -13.756445561671024
  endloop
endfacet
facet normal 1.2431808627601494e-31 -1.4900287344243868e-08 -0.9999999999999999
  outer loop
    vertex 3712.7580241613314 135.4534760901869 -13.756445561671024
    vertex 3712.7580241613314 138.0939544627608 -13.756445601014907
    vertex 3712.835632746689 138.41721620058425 -13.756445605831603
  endloop
endfacet
facet normal 1.2431808627601494e-31 -1.4900287344243868e-08 -0.9999999999999999
  outer loop
    vertex 3712.7580241613314 135.4534760901869 -13.756445561671024
    vertex 3712.835632746689 138.41721620058425 -13.756445605831603
    vertex 3712.835632746689 135.13021435236342 -13.756445556854327
  endloop
endfacet
facet normal 1.2431808627601494e-31 -1.4900287344243868e-08 -0.9999999999999999
  outer loop
    vertex 3712.835632746689 135.13021435236342 -13.756445556854327
    vertex 3712.835632746689 138.41721620058425 -13.756445605831603
    vertex 3712.930052702896 138.73597313856493 -13.756445610581169
  endloop
endfacet
facet normal 1.2431808627601494e-31 -1.4900287344243868e-08 -0.9999999999999999
  outer loop
    vertex 3712.835632746689 135.13021435236342 -13.756445556854327
    vertex 3712.930052702896 138.73597313856493 -13.756445610581169
    vertex 3712.930052702896 134.81145741438277 -13.756445552104761
  endloop
endfacet
facet normal 1.2431808627601494e-31 -1.4900287344243868e-08 -0.9999999999999999
  outer loop
    vertex 3712.930052702896 134.81145741438277 -13.756445552104761
    vertex 3712.930052702896 138.73597313856493 -13.756445610581169
    vertex 3713.04102606105 139.0493517110289 -13.756445615250605
  endloop
endfacet
facet normal 1.2431808627601494e-31 -1.4900287344243868e-08 -0.9999999999999999
  outer loop
    vertex 3712.930052702896 134.81145741438277 -13.756445552104761
    vertex 3713.04102606105 139.0493517110289 -13.756445615250605
    vertex 3713.04102606105 134.49807884191878 -13.756445547435327
  endloop
endfacet
facet normal 1.2431808627601494e-31 -1.4900287344243868e-08 -0.9999999999999999
  outer loop
    vertex 3713.04102606105 134.49807884191878 -13.756445547435327
    vertex 3713.04102606105 139.0493517110289 -13.756445615250605
    vertex 3713.1682481222074 139.356493015045 -13.756445619827094
  endloop
endfacet
facet normal 1.2431808627601494e-31 -1.4900287344243868e-08 -0.9999999999999999
  outer loop
    vertex 3713.04102606105 134.49807884191878 -13.756445547435327
    vertex 3713.1682481222074 139.356493015045 -13.756445619827094
    vertex 3713.1682481222074 134.1909375379027 -13.756445542858833
  endloop
endfacet
facet normal 1.2431808627601494e-31 -1.4900287344243868e-08 -0.9999999999999999
  outer loop
    vertex 3713.1682481222074 134.1909375379027 -13.756445542858833
    vertex 3713.1682481222074 139.356493015045 -13.756445619827094
    vertex 3713.311370318405 139.65655495619188 -13.756445624298104
  endloop
endfacet
facet normal 1.2431808627601494e-31 -1.4900287344243868e-08 -0.9999999999999999
  outer loop
    vertex 3713.1682481222074 134.1909375379027 -13.756445542858833
    vertex 3713.311370318405 139.65655495619188 -13.756445624298104
    vertex 3713.311370318405 133.89087559675585 -13.756445538387824
  endloop
endfacet
facet normal 1.2431808627601494e-31 -1.4900287344243868e-08 -0.9999999999999999
  outer loop
    vertex 3713.311370318405 133.89087559675585 -13.756445538387824
    vertex 3713.311370318405 139.65655495619188 -13.756445624298104
    vertex 3713.4700002126615 139.94871522879012 -13.75644562865138
  endloop
endfacet
facet normal 1.2431808627601494e-31 -1.4900287344243868e-08 -0.9999999999999999
  outer loop
    vertex 3713.311370318405 133.89087559675585 -13.756445538387824
    vertex 3713.4700002126615 139.94871522879012 -13.75644562865138
    vertex 3713.4700002126615 133.59871532415755 -13.756445534034553
  endloop
endfacet
facet normal 1.2431808627601494e-31 -1.4900287344243868e-08 -0.9999999999999999
  outer loop
    vertex 3713.4700002126615 133.59871532415755 -13.756445534034553
    vertex 3713.4700002126615 139.94871522879012 -13.75644562865138
    vertex 3713.6437034063256 140.2321732232512 -13.75644563287498
  endloop
endfacet
facet normal 1.2431808627601494e-31 -1.4900287344243868e-08 -0.9999999999999999
  outer loop
    vertex 3713.4700002126615 133.59871532415755 -13.756445534034553
    vertex 3713.6437034063256 140.2321732232512 -13.75644563287498
    vertex 3713.6437034063256 133.31525732969652 -13.75644552981095
  endloop
endfacet
facet normal 1.2431808627601494e-31 -1.4900287344243868e-08 -0.9999999999999999
  outer loop
    vertex 3713.6437034063256 133.31525732969652 -13.75644552981095
    vertex 3713.6437034063256 140.2321732232512 -13.75644563287498
    vertex 3713.832003539077 140.5061516950072 -13.75644563695734
  endloop
endfacet
facet normal 1.2431808627601494e-31 -1.4900287344243868e-08 -0.9999999999999999
  outer loop
    vertex 3713.6437034063256 133.31525732969652 -13.75644552981095
    vertex 3713.832003539077 140.5061516950072 -13.75644563695734
    vertex 3713.832003539077 133.04127885794054 -13.756445525728589
  endloop
endfacet
facet normal 1.2431808627601494e-31 -1.4900287344243868e-08 -0.9999999999999999
  outer loop
    vertex 3713.832003539077 133.04127885794054 -13.756445525728589
    vertex 3713.832003539077 140.5061516950072 -13.75644563695734
    vertex 3714.034384673111 140.76989986395247 -13.75644564088726
  endloop
endfacet
facet normal 1.2431808627601494e-31 -1.4900287344243868e-08 -0.9999999999999999
  outer loop
    vertex 3713.832003539077 133.04127885794054 -13.756445525728589
    vertex 3714.034384673111 140.76989986395247 -13.75644564088726
    vertex 3714.034384673111 132.77753068899523 -13.75644552179867
  endloop
endfacet
facet normal 1.2431808627601494e-31 -1.4900287344243868e-08 -0.9999999999999999
  outer loop
    vertex 3714.034384673111 132.77753068899523 -13.75644552179867
    vertex 3714.034384673111 140.76989986395247 -13.75644564088726
    vertex 3714.250291769973 141.02269484495528 -13.756445644653983
  endloop
endfacet
facet normal 1.2431808627601494e-31 -1.4900287344243868e-08 -0.9999999999999999
  outer loop
    vertex 3714.034384673111 132.77753068899523 -13.75644552179867
    vertex 3714.250291769973 141.02269484495528 -13.756445644653983
    vertex 3714.250291769973 132.52473570799242 -13.756445518031947
  endloop
endfacet
facet normal 1.2431808627601494e-31 -1.4900287344243868e-08 -0.9999999999999999
  outer loop
    vertex 3714.250291769973 132.52473570799242 -13.756445518031947
    vertex 3714.250291769973 141.02269484495528 -13.756445644653983
    vertex 3714.4791335515897 141.26384331678756 -13.756445648247166
  endloop
endfacet
facet normal 1.2431808627601494e-31 -1.4900287344243868e-08 -0.9999999999999999
  outer loop
    vertex 3714.250291769973 132.52473570799242 -13.756445518031947
    vertex 3714.4791335515897 141.26384331678756 -13.756445648247166
    vertex 3714.4791335515897 132.28358723616014 -13.756445514438767
  endloop
endfacet
facet normal 1.2431808627601494e-31 -1.4900287344243868e-08 -0.9999999999999999
  outer loop
    vertex 3714.4791335515897 132.28358723616014 -13.756445514438767
    vertex 3714.4791335515897 141.26384331678756 -13.756445648247166
    vertex 3714.7202820234215 141.49268509840377 -13.75644565165697
  endloop
endfacet
facet normal 1.2431808627601494e-31 -1.4900287344243868e-08 -0.9999999999999999
  outer loop
    vertex 3714.4791335515897 132.28358723616014 -13.756445514438767
    vertex 3714.7202820234215 141.49268509840377 -13.75644565165697
    vertex 3714.7202820234215 132.0547454545439 -13.75644551102896
  endloop
endfacet
facet normal 1.2431808627601494e-31 -1.4900287344243868e-08 -0.9999999999999999
  outer loop
    vertex 3714.7202820234215 132.0547454545439 -13.75644551102896
    vertex 3714.7202820234215 141.49268509840377 -13.75644565165697
    vertex 3714.973077004425 141.7085921952666 -13.756445654874048
  endloop
endfacet
facet normal 1.2431808627601494e-31 -1.4900287344243868e-08 -0.9999999999999999
  outer loop
    vertex 3714.7202820234215 132.0547454545439 -13.75644551102896
    vertex 3714.973077004425 141.7085921952666 -13.756445654874048
    vertex 3714.973077004425 131.8388383576811 -13.756445507811884
  endloop
endfacet
facet normal 1.2431808627601494e-31 -1.4900287344243868e-08 -0.9999999999999999
  outer loop
    vertex 3714.973077004425 131.8388383576811 -13.756445507811884
    vertex 3714.973077004425 141.7085921952666 -13.756445654874048
    vertex 3715.23682517337 141.91097332929976 -13.75644565788959
  endloop
endfacet
facet normal 1.2431808627601494e-31 -1.4900287344243868e-08 -0.9999999999999999
  outer loop
    vertex 3714.973077004425 131.8388383576811 -13.756445507811884
    vertex 3715.23682517337 141.91097332929976 -13.75644565788959
    vertex 3715.23682517337 131.6364572236479 -13.756445504796341
  endloop
endfacet
facet normal 1.2431808627601494e-31 -1.4900287344243868e-08 -0.9999999999999999
  outer loop
    vertex 3715.23682517337 131.6364572236479 -13.756445504796341
    vertex 3715.23682517337 141.91097332929976 -13.75644565788959
    vertex 3715.5108036451256 142.09927346205123 -13.756445660695315
  endloop
endfacet
facet normal 1.2431808627601494e-31 -1.4900287344243868e-08 -0.9999999999999999
  outer loop
    vertex 3715.23682517337 131.6364572236479 -13.756445504796341
    vertex 3715.5108036451256 142.09927346205123 -13.756445660695315
    vertex 3715.5108036451256 131.44815709089644 -13.756445501990616
  endloop
endfacet
facet normal 1.2431808627601494e-31 -1.4900287344243868e-08 -0.9999999999999999
  outer loop
    vertex 3715.5108036451256 131.44815709089644 -13.756445501990616
    vertex 3715.5108036451256 142.09927346205123 -13.756445660695315
    vertex 3715.794261639587 142.2729766557158 -13.756445663283543
  endloop
endfacet
facet normal 1.2431808627601494e-31 -1.4900287344243868e-08 -0.9999999999999999
  outer loop
    vertex 3715.5108036451256 131.44815709089644 -13.756445501990616
    vertex 3715.794261639587 142.2729766557158 -13.756445663283543
    vertex 3715.794261639587 131.27445389723192 -13.756445499402389
  endloop
endfacet
facet normal 1.2431808627601494e-31 -1.4900287344243868e-08 -0.9999999999999999
  outer loop
    vertex 3715.794261639587 131.27445389723192 -13.756445499402389
    vertex 3715.794261639587 142.2729766557158 -13.756445663283543
    vertex 3716.0864219121854 142.43160654997237 -13.756445665647174
  endloop
endfacet
facet normal 1.2431808627601494e-31 -1.4900287344243868e-08 -0.9999999999999999
  outer loop
    vertex 3715.794261639587 131.27445389723192 -13.756445499402389
    vertex 3716.0864219121854 142.43160654997237 -13.756445665647174
    vertex 3715.9929174833214 137.149714965576 -13.756445586945468
  endloop
endfacet
facet normal 1.2431808627601494e-31 -1.4900287344243868e-08 -0.9999999999999999
  outer loop
    vertex 3715.9929174833214 137.149714965576 -13.756445586945468
    vertex 3716.0864219121854 142.43160654997237 -13.756445665647174
    vertex 3716.179932063095 137.87808896994002 -13.756445597798452
  endloop
endfacet
facet normal 1.2431808627601494e-31 -1.4900287344243868e-08 -0.9999999999999999
  outer loop
    vertex 3715.9929174833214 137.149714965576 -13.756445586945468
    vertex 3716.179932063095 137.87808896994002 -13.756445597798452
    vertex 3716.30565780925 137.45761247372042 -13.756445591533229
  endloop
endfacet
facet normal 0.9580875288887706 0.2864756307049681 -4.268569214627517e-09
  outer loop
    vertex 3716.30565780925 137.45761251842129 -10.756445591533229
    vertex 3716.179932063095 137.87808896994002 -13.756445597798452
    vertex 3716.179932063095 137.8780890146409 -10.756445597798452
  endloop
endfacet
facet normal 0.9580875288887706 0.2864756307049681 -4.268569214627517e-09
  outer loop
    vertex 3716.179932063095 137.87808896994002 -13.756445597798452
    vertex 3716.30565780925 137.45761251842129 -10.756445591533229
    vertex 3716.30565780925 137.45761247372042 -13.756445591533229
  endloop
endfacet
facet normal 0.5023094796305136 -0.8646879128756932 1.2884098364942338e-08
  outer loop
    vertex 3716.179932063095 137.8780890146409 -10.756445597798452
    vertex 3716.5594181470797 138.09853782152544 -13.7564456010832
    vertex 3716.5594181470797 138.09853786622628 -10.7564456010832
  endloop
endfacet
facet normal 0.5023094796305136 -0.8646879128756932 1.2884098364942338e-08
  outer loop
    vertex 3716.5594181470797 138.09853782152544 -13.7564456010832
    vertex 3716.179932063095 137.8780890146409 -10.756445597798452
    vertex 3716.179932063095 137.87808896994002 -13.756445597798452
  endloop
endfacet
facet normal 0.02361094267516218 0.999721222834641 -1.4896133484375008e-08
  outer loop
    vertex 3717.4957378559034 134.45181347822555 -13.75644554674596
    vertex 3717.056989615433 134.46217567121133 -10.756445546900359
    vertex 3717.4957378559034 134.45181352292641 -10.75644554674596
  endloop
endfacet
facet normal 0.02361094267516218 0.999721222834641 -1.4896133484375008e-08
  outer loop
    vertex 3717.056989615433 134.46217567121133 -10.756445546900359
    vertex 3717.4957378559034 134.45181347822555 -13.75644554674596
    vertex 3717.056989615433 134.46217562651046 -13.756445546900359
  endloop
endfacet
facet normal 0.9992310366239747 0.03920886949883839 -5.842234219756511e-10
  outer loop
    vertex 3716.5594181470797 138.09853786622628 -10.7564456010832
    vertex 3716.5422105245516 138.53707100843795 -13.756445607617474
    vertex 3716.5422105245516 138.53707105313882 -10.756445607617474
  endloop
endfacet
facet normal 0.9992310366239747 0.03920886949883839 -5.842234219756511e-10
  outer loop
    vertex 3716.5422105245516 138.53707100843795 -13.756445607617474
    vertex 3716.5594181470797 138.09853786622628 -10.7564456010832
    vertex 3716.5594181470797 138.09853782152544 -13.7564456010832
  endloop
endfacet
facet normal 0.27148961627834917 -0.9624413687352776 1.4340652946143004e-08
  outer loop
    vertex 3716.5422105245516 138.53707100843795 -13.756445607617474
    vertex 3716.9645978860776 138.65621990357982 -10.756445609392827
    vertex 3716.5422105245516 138.53707105313882 -10.756445607617474
  endloop
endfacet
facet normal 0.27148961627834917 -0.9624413687352776 1.4340652946143004e-08
  outer loop
    vertex 3716.9645978860776 138.65621990357982 -10.756445609392827
    vertex 3716.5422105245516 138.53707100843795 -13.756445607617474
    vertex 3716.9645978860776 138.65621985887896 -13.756445609392827
  endloop
endfacet
facet normal 0.27148961627834917 0.9624413687352776 -1.4340652946143004e-08
  outer loop
    vertex 3716.9645978860776 134.89121069406875 -13.756445553293105
    vertex 3716.5422105245516 135.0103595892106 -10.756445555068456
    vertex 3716.9645978860776 134.89121073876962 -10.756445553293105
  endloop
endfacet
facet normal 0.27148961627834917 0.9624413687352776 -1.4340652946143004e-08
  outer loop
    vertex 3716.5422105245516 135.0103595892106 -10.756445555068456
    vertex 3716.9645978860776 134.89121069406875 -13.756445553293105
    vertex 3716.5422105245516 135.01035954450973 -13.756445555068456
  endloop
endfacet
facet normal 0.9775892020607364 -0.21052161887619267 3.136832613430665e-09
  outer loop
    vertex 3716.9645978860776 138.65621990357982 -10.756445609392827
    vertex 3717.056989615433 139.08525492643724 -13.756445615785573
    vertex 3717.056989615433 139.0852549711381 -10.756445615785571
  endloop
endfacet
facet normal 0.9775892020607364 -0.21052161887619267 3.136832613430665e-09
  outer loop
    vertex 3717.056989615433 139.08525492643724 -13.756445615785573
    vertex 3716.9645978860776 138.65621990357982 -10.756445609392827
    vertex 3716.9645978860776 138.65621985887896 -13.756445609392827
  endloop
endfacet
facet normal 0.02361094267516218 -0.999721222834641 1.4896133484375008e-08
  outer loop
    vertex 3717.056989615433 139.0852549711381 -10.756445615785571
    vertex 3717.4957378559034 139.09561707472213 -13.756445615939969
    vertex 3717.4957378559034 139.095617119423 -10.756445615939969
  endloop
endfacet
facet normal 0.02361094267516218 -0.999721222834641 1.4896133484375008e-08
  outer loop
    vertex 3717.4957378559034 139.09561707472213 -13.756445615939969
    vertex 3717.056989615433 139.0852549711381 -10.756445615785571
    vertex 3717.056989615433 139.08525492643724 -13.756445615785573
  endloop
endfacet
facet normal 0.5023094796305136 0.8646879128756932 -1.2884098364942338e-08
  outer loop
    vertex 3716.5594181470797 135.44889277612313 -10.75644556160273
    vertex 3716.179932063095 135.66934158300768 -13.756445564887478
    vertex 3716.179932063095 135.66934162770855 -10.756445564887478
  endloop
endfacet
facet normal 0.5023094796305136 0.8646879128756932 -1.2884098364942338e-08
  outer loop
    vertex 3716.179932063095 135.66934158300768 -13.756445564887478
    vertex 3716.5594181470797 135.44889277612313 -10.75644556160273
    vertex 3716.5594181470797 135.4488927314223 -13.75644556160273
  endloop
endfacet
facet normal 0.8945218059690188 -0.4470243154974073 6.660790750775297e-09
  outer loop
    vertex 3717.691923683158 139.4881964365159 -10.756445621789512
    vertex 3717.4957378559034 139.09561707472213 -13.756445615939969
    vertex 3717.691923683158 139.48819639181505 -13.756445621789512
  endloop
endfacet
facet normal 0.8945218059690188 -0.4470243154974073 6.660790750775297e-09
  outer loop
    vertex 3717.4957378559034 139.09561707472213 -13.756445615939969
    vertex 3717.691923683158 139.4881964365159 -10.756445621789512
    vertex 3717.4957378559034 139.095617119423 -10.756445615939969
  endloop
endfacet
facet normal -0.22575167397404391 -0.974184880655575 1.4515634648185987e-08
  outer loop
    vertex 3717.691923683158 139.48819639181505 -13.756445621789512
    vertex 3718.119464879505 139.38912064229592 -10.756445620313254
    vertex 3717.691923683158 139.4881964365159 -10.756445621789512
  endloop
endfacet
facet normal -0.22575167397404391 -0.974184880655575 1.4515634648185987e-08
  outer loop
    vertex 3718.119464879505 139.38912064229592 -10.756445620313254
    vertex 3717.691923683158 139.48819639181505 -13.756445621789512
    vertex 3718.119464879505 139.38912059759505 -13.756445620313254
  endloop
endfacet
facet normal 0.7015678912685205 0.7126026199369754 -1.061798379932194e-08
  outer loop
    vertex 3716.30565780925 136.08981807922729 -13.7564455711527
    vertex 3715.9929174833214 136.39771563207253 -10.756445575740461
    vertex 3716.30565780925 136.08981812392815 -10.7564455711527
  endloop
endfacet
facet normal 0.7015678912685205 0.7126026199369754 -1.061798379932194e-08
  outer loop
    vertex 3715.9929174833214 136.39771563207253 -10.756445575740461
    vertex 3716.30565780925 136.08981807922729 -13.7564455711527
    vertex 3715.9929174833214 136.39771558737166 -13.756445575740461
  endloop
endfacet
facet normal 0.7552484719320022 -0.655438590292314 9.766223331861609e-09
  outer loop
    vertex 3718.407117670051 139.7205770651017 -10.75644562525205
    vertex 3718.119464879505 139.38912059759505 -13.756445620313254
    vertex 3718.407117670051 139.72057702040087 -13.75644562525205
  endloop
endfacet
facet normal 0.7552484719320022 -0.655438590292314 9.766223331861609e-09
  outer loop
    vertex 3718.119464879505 139.38912059759505 -13.756445620313254
    vertex 3718.407117670051 139.7205770651017 -10.75644562525205
    vertex 3718.119464879505 139.38912064229592 -10.756445620313254
  endloop
endfacet
facet normal -0.4609289535534418 -0.8874370398941713 1.3223066894348363e-08
  outer loop
    vertex 3718.407117670051 139.72057702040087 -13.75644562525205
    vertex 3718.7965876661456 139.51828891431438 -10.756445622237898
    vertex 3718.407117670051 139.7205770651017 -10.75644562525205
  endloop
endfacet
facet normal -0.4609289535534418 -0.8874370398941713 1.3223066894348363e-08
  outer loop
    vertex 3718.7965876661456 139.51828891431438 -10.756445622237898
    vertex 3718.407117670051 139.72057702040087 -13.75644562525205
    vertex 3718.7965876661456 139.5182888696135 -13.756445622237898
  endloop
endfacet
facet normal 0.56851957827173 -0.8226697327127906 1.2258015406832882e-08
  outer loop
    vertex 3718.7965876661456 139.5182888696135 -13.756445622237898
    vertex 3719.15763314592 139.76779538785564 -10.756445625955621
    vertex 3718.7965876661456 139.51828891431438 -10.756445622237898
  endloop
endfacet
facet normal 0.56851957827173 -0.8226697327127906 1.2258015406832882e-08
  outer loop
    vertex 3719.15763314592 139.76779538785564 -10.756445625955621
    vertex 3718.7965876661456 139.5182888696135 -13.756445622237898
    vertex 3719.15763314592 139.76779534315477 -13.756445625955621
  endloop
endfacet
facet normal -0.6671446894896151 -0.7449281598152973 1.1099643632066749e-08
  outer loop
    vertex 3719.15763314592 139.76779534315477 -13.756445625955621
    vertex 3719.4845601968686 139.47500521337136 -10.756445621592963
    vertex 3719.15763314592 139.76779538785564 -10.756445625955621
  endloop
endfacet
facet normal -0.6671446894896151 -0.7449281598152973 1.1099643632066749e-08
  outer loop
    vertex 3719.4845601968686 139.47500521337136 -10.756445621592963
    vertex 3719.15763314592 139.76779534315477 -13.756445625955621
    vertex 3719.4845601968686 139.4750051686705 -13.756445621592963
  endloop
endfacet
facet normal 0.3460690581716696 -0.9382090422587993 1.3979584318623948e-08
  outer loop
    vertex 3719.4845601968686 139.4750051686705 -13.756445621592963
    vertex 3719.896312599651 139.62688476239785 -10.756445623856012
    vertex 3719.4845601968686 139.47500521337136 -10.756445621592963
  endloop
endfacet
facet normal 0.3460690581716696 -0.9382090422587993 1.3979584318623948e-08
  outer loop
    vertex 3719.896312599651 139.62688476239785 -10.756445623856012
    vertex 3719.4845601968686 139.4750051686705 -13.756445621592963
    vertex 3719.896312599651 139.62688471769698 -13.756445623856012
  endloop
endfacet
facet normal -0.8314412437002274 -0.5556126872869437 8.278788692682975e-09
  outer loop
    vertex 3720.140154664985 139.26198961233504 -13.756445618418967
    vertex 3719.896312599651 139.62688476239785 -10.756445623856012
    vertex 3719.896312599651 139.62688471769698 -13.756445623856012
  endloop
endfacet
facet normal -0.8314412437002274 -0.5556126872869437 8.278788692682975e-09
  outer loop
    vertex 3719.896312599651 139.62688476239785 -10.756445623856012
    vertex 3720.140154664985 139.26198961233504 -13.756445618418967
    vertex 3720.140154664985 139.2619896570359 -10.756445618418969
  endloop
endfacet
facet normal 0.10187385638169794 -0.994797324778229 1.4822765988480704e-08
  outer loop
    vertex 3720.140154664985 139.2619896570359 -10.756445618418969
    vertex 3720.576741998665 139.30669905638106 -13.75644561908515
    vertex 3720.576741998665 139.30669910108193 -10.75644561908515
  endloop
endfacet
facet normal 0.10187385638169794 -0.994797324778229 1.4822765988480704e-08
  outer loop
    vertex 3720.576741998665 139.30669905638106 -13.75644561908515
    vertex 3720.140154664985 139.2619896570359 -10.756445618418969
    vertex 3720.140154664985 139.26198961233504 -13.756445618418967
  endloop
endfacet
facet normal -0.943495253066733 -0.33138603989990506 4.93774721637965e-09
  outer loop
    vertex 3720.7221775703347 138.89262678121932 -13.756445612915353
    vertex 3720.576741998665 139.30669910108193 -10.75644561908515
    vertex 3720.576741998665 139.30669905638106 -13.75644561908515
  endloop
endfacet
facet normal -0.943495253066733 -0.33138603989990506 4.93774721637965e-09
  outer loop
    vertex 3720.576741998665 139.30669910108193 -10.75644561908515
    vertex 3720.7221775703347 138.89262678121932 -13.756445612915353
    vertex 3720.7221775703347 138.8926268259202 -10.756445612915353
  endloop
endfacet
facet normal -0.14872307121092299 -0.9888788844391364 1.473457952679846e-08
  outer loop
    vertex 3720.7221775703347 138.89262678121932 -13.756445612915353
    vertex 3721.1561674528043 138.8273566404496 -10.756445611942809
    vertex 3720.7221775703347 138.8926268259202 -10.756445612915353
  endloop
endfacet
facet normal -0.14872307121092299 -0.9888788844391364 1.473457952679846e-08
  outer loop
    vertex 3721.1561674528043 138.8273566404496 -10.756445611942809
    vertex 3720.7221775703347 138.89262678121932 -13.756445612915353
    vertex 3721.1561674528043 138.82735659574874 -13.756445611942809
  endloop
endfacet
facet normal -0.9962659631136573 -0.08633730793357394 1.2864506967387177e-09
  outer loop
    vertex 3721.194058363907 138.39012469744094 -13.756445605427928
    vertex 3721.1561674528043 138.8273566404496 -10.756445611942809
    vertex 3721.1561674528043 138.82735659574874 -13.756445611942809
  endloop
endfacet
facet normal -0.9962659631136573 -0.08633730793357394 1.2864506967387177e-09
  outer loop
    vertex 3721.1561674528043 138.8273566404496 -10.756445611942809
    vertex 3721.194058363907 138.39012469744094 -13.756445605427928
    vertex 3721.194058363907 138.3901247421418 -10.756445605427928
  endloop
endfacet
facet normal -0.38997464960452466 -0.920825592968521 1.3720565929164709e-08
  outer loop
    vertex 3721.194058363907 138.39012469744094 -13.756445605427928
    vertex 3721.598181670181 138.21897632276162 -10.756445602877768
    vertex 3721.194058363907 138.3901247421418 -10.756445605427928
  endloop
endfacet
facet normal -0.38997464960452466 -0.920825592968521 1.3720565929164709e-08
  outer loop
    vertex 3721.598181670181 138.21897632276162 -10.756445602877768
    vertex 3721.194058363907 138.39012469744094 -13.756445605427928
    vertex 3721.598181670181 138.21897627806075 -13.756445602877768
  endloop
endfacet
facet normal -0.9864375769721735 0.16413685368395275 -2.445686283671009e-09
  outer loop
    vertex 3721.526146834365 137.78605784868608 -13.75644559642716
    vertex 3721.598181670181 138.21897632276162 -10.756445602877768
    vertex 3721.598181670181 138.21897627806075 -13.756445602877768
  endloop
endfacet
facet normal -0.9864375769721735 0.16413685368395275 -2.445686283671009e-09
  outer loop
    vertex 3721.598181670181 138.21897632276162 -10.756445602877768
    vertex 3721.526146834365 137.78605784868608 -13.75644559642716
    vertex 3721.526146834365 137.78605789338695 -10.75644559642716
  endloop
endfacet
facet normal -0.606722772652199 -0.7949135029330097 1.1844439607521287e-08
  outer loop
    vertex 3721.526146834365 137.78605784868608 -13.75644559642716
    vertex 3721.8750111513054 137.51978499089822 -10.756445592459615
    vertex 3721.526146834365 137.78605789338695 -10.75644559642716
  endloop
endfacet
facet normal -0.606722772652199 -0.7949135029330097 1.1844439607521287e-08
  outer loop
    vertex 3721.8750111513054 137.51978499089822 -10.756445592459615
    vertex 3721.526146834365 137.78605784868608 -13.75644559642716
    vertex 3721.8750111513054 137.51978494619738 -13.756445592459617
  endloop
endfacet
facet normal -0.9146276577155613 0.40429722697756176 -6.024144854446655e-09
  outer loop
    vertex 3721.697576945297 137.11838166808494 -13.756445586478591
    vertex 3721.8750111513054 137.51978499089822 -10.756445592459615
    vertex 3721.8750111513054 137.51978494619738 -13.756445592459617
  endloop
endfacet
facet normal -0.9146276577155613 0.40429722697756176 -6.024144854446655e-09
  outer loop
    vertex 3721.8750111513054 137.51978499089822 -10.756445592459615
    vertex 3721.697576945297 137.11838166808494 -13.756445586478591
    vertex 3721.697576945297 137.1183817127858 -10.756445586478591
  endloop
endfacet
facet normal -0.78534842230676 -0.6190540005365306 9.224082489598006e-09
  outer loop
    vertex 3721.9692615919034 136.77371527647384 -13.756445581342964
    vertex 3721.697576945297 137.1183817127858 -10.756445586478591
    vertex 3721.697576945297 137.11838166808494 -13.756445586478591
  endloop
endfacet
facet normal -0.78534842230676 -0.6190540005365306 9.224082489598006e-09
  outer loop
    vertex 3721.697576945297 137.1183817127858 -10.756445586478591
    vertex 3721.9692615919034 136.77371527647384 -13.756445581342964
    vertex 3721.9692615919034 136.7737153211747 -10.756445581342964
  endloop
endfacet
facet normal -0.78534842230676 0.6190540005365306 -9.224082489598006e-09
  outer loop
    vertex 3721.697576945297 136.42904888486274 -13.756445576207339
    vertex 3721.9692615919034 136.7737153211747 -10.756445581342964
    vertex 3721.9692615919034 136.77371527647384 -13.756445581342964
  endloop
endfacet
facet normal -0.78534842230676 0.6190540005365306 -9.224082489598006e-09
  outer loop
    vertex 3721.9692615919034 136.7737153211747 -10.756445581342964
    vertex 3721.697576945297 136.42904888486274 -13.756445576207339
    vertex 3721.697576945297 136.4290489295636 -10.756445576207339
  endloop
endfacet
facet normal -0.9146276577155613 -0.40429722697756176 6.024144854446655e-09
  outer loop
    vertex 3721.8750111513054 136.02764560675035 -13.756445570226315
    vertex 3721.697576945297 136.4290489295636 -10.756445576207339
    vertex 3721.697576945297 136.42904888486274 -13.756445576207339
  endloop
endfacet
facet normal -0.9146276577155613 -0.40429722697756176 6.024144854446655e-09
  outer loop
    vertex 3721.697576945297 136.4290489295636 -10.756445576207339
    vertex 3721.8750111513054 136.02764560675035 -13.756445570226315
    vertex 3721.8750111513054 136.0276456514512 -10.756445570226315
  endloop
endfacet
facet normal -0.606722772652199 0.7949135029330097 -1.1844439607521287e-08
  outer loop
    vertex 3721.8750111513054 136.0276456514512 -10.756445570226315
    vertex 3721.526146834365 135.76137270426162 -13.756445566258769
    vertex 3721.526146834365 135.7613727489625 -10.756445566258769
  endloop
endfacet
facet normal -0.606722772652199 0.7949135029330097 -1.1844439607521287e-08
  outer loop
    vertex 3721.526146834365 135.76137270426162 -13.756445566258769
    vertex 3721.8750111513054 136.0276456514512 -10.756445570226315
    vertex 3721.8750111513054 136.02764560675035 -13.756445570226315
  endloop
endfacet
facet normal -0.9864375769721735 -0.16413685368395275 2.445686283671009e-09
  outer loop
    vertex 3721.598181670181 135.32845427488692 -13.756445559808164
    vertex 3721.526146834365 135.7613727489625 -10.756445566258769
    vertex 3721.526146834365 135.76137270426162 -13.756445566258769
  endloop
endfacet
facet normal -0.9864375769721735 -0.16413685368395275 2.445686283671009e-09
  outer loop
    vertex 3721.526146834365 135.7613727489625 -10.756445566258769
    vertex 3721.598181670181 135.32845427488692 -13.756445559808164
    vertex 3721.598181670181 135.3284543195878 -10.756445559808164
  endloop
endfacet
facet normal -0.38997464960452466 0.920825592968521 -1.3720565929164709e-08
  outer loop
    vertex 3721.598181670181 135.32845427488692 -13.756445559808164
    vertex 3721.194058363907 135.15730590020763 -10.756445557258003
    vertex 3721.598181670181 135.3284543195878 -10.756445559808164
  endloop
endfacet
facet normal -0.38997464960452466 0.920825592968521 -1.3720565929164709e-08
  outer loop
    vertex 3721.194058363907 135.15730590020763 -10.756445557258003
    vertex 3721.598181670181 135.32845427488692 -13.756445559808164
    vertex 3721.194058363907 135.15730585550676 -13.756445557258003
  endloop
endfacet
facet normal -0.9962659631136573 0.08633730793357394 -1.2864506967387177e-09
  outer loop
    vertex 3721.1561674528043 134.72007395719893 -13.756445550743122
    vertex 3721.194058363907 135.15730590020763 -10.756445557258003
    vertex 3721.194058363907 135.15730585550676 -13.756445557258003
  endloop
endfacet
facet normal -0.9962659631136573 0.08633730793357394 -1.2864506967387177e-09
  outer loop
    vertex 3721.194058363907 135.15730590020763 -10.756445557258003
    vertex 3721.1561674528043 134.72007395719893 -13.756445550743122
    vertex 3721.1561674528043 134.7200740018998 -10.756445550743122
  endloop
endfacet
facet normal -0.14872307121092299 0.9888788844391364 -1.473457952679846e-08
  outer loop
    vertex 3721.1561674528043 134.72007395719893 -13.756445550743122
    vertex 3720.7221775703347 134.65480381642922 -10.756445549770577
    vertex 3721.1561674528043 134.7200740018998 -10.756445550743122
  endloop
endfacet
facet normal -0.14872307121092299 0.9888788844391364 -1.473457952679846e-08
  outer loop
    vertex 3720.7221775703347 134.65480381642922 -10.756445549770577
    vertex 3721.1561674528043 134.72007395719893 -13.756445550743122
    vertex 3720.7221775703347 134.65480377172835 -13.756445549770577
  endloop
endfacet
facet normal -0.943495253066733 0.33138603989990506 -4.93774721637965e-09
  outer loop
    vertex 3720.576741998665 134.2407314965666 -13.756445543600778
    vertex 3720.7221775703347 134.65480381642922 -10.756445549770577
    vertex 3720.7221775703347 134.65480377172835 -13.756445549770577
  endloop
endfacet
facet normal -0.943495253066733 0.33138603989990506 -4.93774721637965e-09
  outer loop
    vertex 3720.7221775703347 134.65480381642922 -10.756445549770577
    vertex 3720.576741998665 134.2407314965666 -13.756445543600778
    vertex 3720.576741998665 134.24073154126748 -10.756445543600778
  endloop
endfacet
facet normal 0.10187385638169794 0.994797324778229 -1.4822765988480704e-08
  outer loop
    vertex 3720.576741998665 134.2407314965666 -13.756445543600778
    vertex 3720.140154664985 134.2854409853135 -10.756445544266962
    vertex 3720.576741998665 134.24073154126748 -10.756445543600778
  endloop
endfacet
facet normal 0.10187385638169794 0.994797324778229 -1.4822765988480704e-08
  outer loop
    vertex 3720.140154664985 134.2854409853135 -10.756445544266962
    vertex 3720.576741998665 134.2407314965666 -13.756445543600778
    vertex 3720.140154664985 134.28544094061263 -13.756445544266962
  endloop
endfacet
facet normal -0.8314412437002274 0.5556126872869437 -8.278788692682975e-09
  outer loop
    vertex 3719.896312599651 133.9205458352507 -13.756445538829919
    vertex 3720.140154664985 134.2854409853135 -10.756445544266962
    vertex 3720.140154664985 134.28544094061263 -13.756445544266962
  endloop
endfacet
facet normal -0.8314412437002274 0.5556126872869437 -8.278788692682975e-09
  outer loop
    vertex 3720.140154664985 134.2854409853135 -10.756445544266962
    vertex 3719.896312599651 133.9205458352507 -13.756445538829919
    vertex 3719.896312599651 133.92054587995156 -10.756445538829919
  endloop
endfacet
facet normal 0.3460690581716696 0.9382090422587993 -1.3979584318623948e-08
  outer loop
    vertex 3719.896312599651 133.9205458352507 -13.756445538829919
    vertex 3719.4845601968686 134.07242542897805 -10.756445541092967
    vertex 3719.896312599651 133.92054587995156 -10.756445538829919
  endloop
endfacet
facet normal 0.3460690581716696 0.9382090422587993 -1.3979584318623948e-08
  outer loop
    vertex 3719.4845601968686 134.07242542897805 -10.756445541092967
    vertex 3719.896312599651 133.9205458352507 -13.756445538829919
    vertex 3719.4845601968686 134.0724253842772 -13.756445541092967
  endloop
endfacet
facet normal -0.6671446894896151 0.7449281598152973 -1.1099643632066749e-08
  outer loop
    vertex 3719.4845601968686 134.0724253842772 -13.756445541092967
    vertex 3719.15763314592 133.7796352544938 -10.75644553673031
    vertex 3719.4845601968686 134.07242542897805 -10.756445541092967
  endloop
endfacet
facet normal -0.6671446894896151 0.7449281598152973 -1.1099643632066749e-08
  outer loop
    vertex 3719.15763314592 133.7796352544938 -10.75644553673031
    vertex 3719.4845601968686 134.0724253842772 -13.756445541092967
    vertex 3719.15763314592 133.77963520979293 -13.756445536730311
  endloop
endfacet
facet normal 0.56851957827173 0.8226697327127906 -1.2258015406832882e-08
  outer loop
    vertex 3719.15763314592 133.77963520979293 -13.756445536730311
    vertex 3718.7965876661456 134.02914172803506 -10.756445540448032
    vertex 3719.15763314592 133.7796352544938 -10.75644553673031
  endloop
endfacet
facet normal 0.56851957827173 0.8226697327127906 -1.2258015406832882e-08
  outer loop
    vertex 3718.7965876661456 134.02914172803506 -10.756445540448032
    vertex 3719.15763314592 133.77963520979293 -13.756445536730311
    vertex 3718.7965876661456 134.0291416833342 -13.756445540448032
  endloop
endfacet
facet normal -0.4609289535534418 0.8874370398941713 -1.3223066894348363e-08
  outer loop
    vertex 3718.7965876661456 134.0291416833342 -13.756445540448032
    vertex 3718.407117670051 133.8268535772477 -10.75644553743388
    vertex 3718.7965876661456 134.02914172803506 -10.756445540448032
  endloop
endfacet
facet normal -0.4609289535534418 0.8874370398941713 -1.3223066894348363e-08
  outer loop
    vertex 3718.407117670051 133.8268535772477 -10.75644553743388
    vertex 3718.7965876661456 134.0291416833342 -13.756445540448032
    vertex 3718.407117670051 133.82685353254686 -13.75644553743388
  endloop
endfacet
facet normal 0.7552484719320022 0.655438590292314 -9.766223331861609e-09
  outer loop
    vertex 3718.407117670051 133.8268535772477 -10.75644553743388
    vertex 3718.119464879505 134.15830995535262 -13.756445542372678
    vertex 3718.119464879505 134.1583100000535 -10.756445542372678
  endloop
endfacet
facet normal 0.7552484719320022 0.655438590292314 -9.766223331861609e-09
  outer loop
    vertex 3718.119464879505 134.15830995535262 -13.756445542372678
    vertex 3718.407117670051 133.8268535772477 -10.75644553743388
    vertex 3718.407117670051 133.82685353254686 -13.75644553743388
  endloop
endfacet
facet normal 0.8945218059690188 0.4470243154974073 -6.660790750775297e-09
  outer loop
    vertex 3717.691923683158 134.05923420583352 -10.756445540896419
    vertex 3717.4957378559034 134.45181347822555 -13.75644554674596
    vertex 3717.4957378559034 134.45181352292641 -10.75644554674596
  endloop
endfacet
facet normal 0.8945218059690188 0.4470243154974073 -6.660790750775297e-09
  outer loop
    vertex 3717.4957378559034 134.45181347822555 -13.75644554674596
    vertex 3717.691923683158 134.05923420583352 -10.756445540896419
    vertex 3717.691923683158 134.05923416113268 -13.756445540896419
  endloop
endfacet
facet normal 0.9775892020607364 0.21052161887619267 -3.136832613430665e-09
  outer loop
    vertex 3717.056989615433 134.46217567121133 -10.756445546900359
    vertex 3716.9645978860776 134.89121069406875 -13.756445553293105
    vertex 3716.9645978860776 134.89121073876962 -10.756445553293105
  endloop
endfacet
facet normal 0.9775892020607364 0.21052161887619267 -3.136832613430665e-09
  outer loop
    vertex 3716.9645978860776 134.89121069406875 -13.756445553293105
    vertex 3717.056989615433 134.46217567121133 -10.756445546900359
    vertex 3717.056989615433 134.46217562651046 -13.756445546900359
  endloop
endfacet
facet normal 0.9992310366239747 -0.03920886949883839 5.842234219756511e-10
  outer loop
    vertex 3716.5594181470797 135.44889277612313 -10.75644556160273
    vertex 3716.5422105245516 135.01035954450973 -13.756445555068456
    vertex 3716.5594181470797 135.4488927314223 -13.75644556160273
  endloop
endfacet
facet normal 0.9992310366239747 -0.03920886949883839 5.842234219756511e-10
  outer loop
    vertex 3716.5422105245516 135.01035954450973 -13.756445555068456
    vertex 3716.5594181470797 135.44889277612313 -10.75644556160273
    vertex 3716.5422105245516 135.0103595892106 -10.756445555068456
  endloop
endfacet
facet normal 0.9580875288887706 -0.2864756307049681 4.268569214627517e-09
  outer loop
    vertex 3716.179932063095 135.66934162770855 -10.756445564887478
    vertex 3716.30565780925 136.08981807922729 -13.7564455711527
    vertex 3716.30565780925 136.08981812392815 -10.7564455711527
  endloop
endfacet
facet normal 0.9580875288887706 -0.2864756307049681 4.268569214627517e-09
  outer loop
    vertex 3716.30565780925 136.08981807922729 -13.7564455711527
    vertex 3716.179932063095 135.66934162770855 -10.756445564887478
    vertex 3716.179932063095 135.66934158300768 -13.756445564887478
  endloop
endfacet
facet normal 0.8567438132930719 -0.5157422208662442 7.684707286465525e-09
  outer loop
    vertex 3715.9929174833214 136.39771563207253 -10.756445575740461
    vertex 3716.2192615919034 136.77371527647384 -13.756445581342964
    vertex 3716.2192615919034 136.7737153211747 -10.756445581342964
  endloop
endfacet
facet normal 0.8567438132930719 -0.5157422208662442 7.684707286465525e-09
  outer loop
    vertex 3716.2192615919034 136.77371527647384 -13.756445581342964
    vertex 3715.9929174833214 136.39771563207253 -10.756445575740461
    vertex 3715.9929174833214 136.39771558737166 -13.756445575740461
  endloop
endfacet
facet normal -0.7056724014750357 0.04035188622195628 0.707388285932688
  outer loop
    vertex 3722.8104781560824 136.51380288992937 -4.756445577470199
    vertex 3720.319261615745 136.7737153733257 -7.256445581342965
    vertex 3720.3104619436185 136.61982696895637 -7.256445579049982
  endloop
endfacet
facet normal -0.7069050059564006 0.023888768644960316 0.7069049718925513
  outer loop
    vertex 3722.8104781560824 136.51380288992937 -4.756445577470199
    vertex 3722.819261496536 136.77371541057641 -4.75644558134297
    vertex 3720.319261615745 136.7737153733257 -7.256445581342965
  endloop
endfacet
facet normal -0.7069050059564005 -0.023888747578793702 0.7069049726044501
  outer loop
    vertex 3722.819261496536 136.77371541057641 -4.75644558134297
    vertex 3722.8104781560824 137.03362793122346 -4.756445585215737
    vertex 3720.319261615745 136.7737153733257 -7.256445581342965
  endloop
endfacet
facet normal -0.6967068015382114 0.1205696992310083 0.7071510307690568
  outer loop
    vertex 3722.740451758377 135.9987160900694 -4.7564455697952575
    vertex 3720.3104619436185 136.61982696895637 -7.256445579049982
    vertex 3720.284177725784 136.46794473772084 -7.256445576786894
  endloop
endfacet
facet normal -0.6970695082581271 0.11887010114629112 0.707081324679307
  outer loop
    vertex 3722.78416842746 136.2550762632948 -4.7564455736150935
    vertex 3720.3104619436185 136.61982696895637 -7.256445579049982
    vertex 3722.740451758377 135.9987160900694 -4.7564455697952575
  endloop
endfacet
facet normal -0.7037721939252791 0.07156610975768476 0.7068118497816448
  outer loop
    vertex 3722.8104781560824 136.51380288992937 -4.756445577470199
    vertex 3720.3104619436185 136.61982696895637 -7.256445579049982
    vertex 3722.78416842746 136.2550762632948 -4.7564455736150935
  endloop
endfacet
facet normal -0.6877259771436174 0.16572225490037076 0.7068020335232442
  outer loop
    vertex 3722.740451758377 135.9987160900694 -4.7564455697952575
    vertex 3720.284177725784 136.46794473772084 -7.256445576786894
    vertex 3722.67952842044 135.74589208160458 -4.756445566028106
  endloop
endfacet
facet normal -0.6782267546831268 0.19914570410549343 0.7073538419831485
  outer loop
    vertex 3722.67952842044 135.74589208160458 -4.756445566028106
    vertex 3720.284177725784 136.46794473772084 -7.256445576786894
    vertex 3720.2407514505308 136.32004868631398 -7.256445574583201
  endloop
endfacet
facet normal -0.6748382987170778 0.21173216765083308 0.706939007104941
  outer loop
    vertex 3722.67952842044 135.74589208160458 -4.756445566028106
    vertex 3720.2407514505308 136.32004868631398 -7.256445574583201
    vertex 3722.601675694458 135.4977578261953 -4.756445562330831
  endloop
endfacet
facet normal -0.6590638109689467 0.2568303165646042 0.7068755771452383
  outer loop
    vertex 3722.601675694458 135.4977578261953 -4.756445562330831
    vertex 3720.2407514505308 136.32004868631398 -7.256445574583201
    vertex 3722.50724906253 135.2554453948599 -4.75644555872031
  endloop
endfacet
facet normal -0.651053759962775 0.27513747956489487 0.7074096189457778
  outer loop
    vertex 3722.50724906253 135.2554453948599 -4.75644555872031
    vertex 3720.2407514505308 136.32004868631398 -7.256445574583201
    vertex 3720.180749481193 136.17806690578496 -7.256445572467631
  endloop
endfacet
facet normal -0.640266497547619 0.30075812825775855 0.7068262589950903
  outer loop
    vertex 3722.50724906253 135.2554453948599 -4.75644555872031
    vertex 3720.180749481193 136.17806690578496 -7.256445572467631
    vertex 3722.396679585449 135.02006045375882 -4.756445555213007
  endloop
endfacet
facet normal -0.6183214913821563 0.3431964298747468 0.70703234990782
  outer loop
    vertex 3722.396679585449 135.02006045375882 -4.756445555213007
    vertex 3720.180749481193 136.17806690578496 -7.256445572467631
    vertex 3722.2704715185087 134.79267707859094 -4.756445551824925
  endloop
endfacet
facet normal -0.6156045786124932 0.34764811945539353 0.7072282430944505
  outer loop
    vertex 3722.2704715185087 134.79267707859094 -4.756445551824925
    vertex 3720.180749481193 136.17806690578496 -7.256445572467631
    vertex 3720.104953830711 136.043850299168 -7.256445570467769
  endloop
endfacet
facet normal -0.5939393787386121 0.38428404568593133 0.7067968496073286
  outer loop
    vertex 3722.2704715185087 134.79267707859094 -4.756445551824925
    vertex 3720.104953830711 136.043850299168 -7.256445570467769
    vertex 3722.1292008809964 134.5743328670126 -4.756445548571538
  endloop
endfacet
facet normal -0.5719000589074389 0.41550958927933773 0.7073062305950542
  outer loop
    vertex 3722.1292008809964 134.5743328670126 -4.756445548571538
    vertex 3720.104953830711 136.043850299168 -7.256445570467769
    vertex 3720.0143527440946 135.91914856081047 -7.256445568609674
  endloop
endfacet
facet normal -0.5664969020612887 0.42339567870317957 0.7069776228498584
  outer loop
    vertex 3722.1292008809964 134.5743328670126 -4.756445548571538
    vertex 3720.0143527440946 135.91914856081047 -7.256445568609674
    vertex 3721.973512118331 134.36602369342862 -4.756445545467671
  endloop
endfacet
facet normal -0.5367170105634397 0.46075678553483707 0.7068507870515875
  outer loop
    vertex 3721.973512118331 134.36602369342862 -4.756445545467671
    vertex 3720.0143527440946 135.91914856081047 -7.256445568609674
    vertex 3721.804115479461 134.16870037113247 -4.7564455425274925
  endloop
endfacet
facet normal -0.5207254450350702 0.4779173766567096 0.7074178340857664
  outer loop
    vertex 3721.804115479461 134.16870037113247 -4.7564455425274925
    vertex 3720.0143527440946 135.91914856081047 -7.256445568609674
    vertex 3719.91012728738 135.80558740739858 -7.256445566917578
  endloop
endfacet
facet normal -0.5043910005531469 0.4959429903542024 0.7068452934550296
  outer loop
    vertex 3721.804115479461 134.16870037113247 -4.7564455425274925
    vertex 3719.91012728738 135.80558740739858 -7.256445566917578
    vertex 3721.6217841558378 133.98326316867886 -4.756445539764431
  endloop
endfacet
facet normal -0.4696645040623298 0.5287563317518462 0.7069879739120161
  outer loop
    vertex 3721.6217841558378 133.98326316867886 -4.756445539764431
    vertex 3719.91012728738 135.80558740739858 -7.256445566917578
    vertex 3721.4273499898836 133.810558233605 -4.756445537191072
  endloop
endfacet
facet normal -0.46293500728306647 0.5342554177004141 0.70729225055106
  outer loop
    vertex 3721.4273499898836 133.810558233605 -4.756445537191072
    vertex 3719.91012728738 135.80558740739858 -7.256445566917578
    vertex 3719.7936362080495 135.70464729909935 -7.256445565413544
  endloop
endfacet
facet normal -0.43301444608466005 0.5594082130656917 0.706796251147843
  outer loop
    vertex 3721.4273499898836 133.810558233605 -4.756445537191072
    vertex 3719.7936362080495 135.70464729909935 -7.256445565413544
    vertex 3721.221700137131 133.65137330089627 -4.7564455348191705
  endloop
endfacet
facet normal -0.3990432420640789 0.5835823331401933 0.7072454675780097
  outer loop
    vertex 3721.221700137131 133.65137330089627 -4.7564455348191705
    vertex 3719.7936362080495 135.70464729909935 -7.256445565413544
    vertex 3719.6663981728475 135.61764418726003 -7.256445564117171
  endloop
endfacet
facet normal -0.39413578141900935 0.5871784620343421 0.7070208197275464
  outer loop
    vertex 3721.221700137131 133.65137330089627 -4.7564455348191705
    vertex 3719.6663981728475 135.61764418726003 -7.256445564117171
    vertex 3721.005773013107 133.50643507038174 -4.7564455326595505
  endloop
endfacet
facet normal -0.35369129157513185 0.6126116260208211 0.7068305779520583
  outer loop
    vertex 3721.005773013107 133.50643507038174 -4.7564455326595505
    vertex 3719.6663981728475 135.61764418726003 -7.256445564117171
    vertex 3720.7805536441724 133.37640467678128 -4.756445530722064
  endloop
endfacet
facet normal -0.3298405346362888 0.625117762056019 0.7074128958910217
  outer loop
    vertex 3720.7805536441724 133.37640467678128 -4.756445530722064
    vertex 3719.6663981728475 135.61764418726003 -7.256445564117171
    vertex 3719.530071859829 135.5457122290615 -7.256445563045364
  endloop
endfacet
facet normal -0.31151062297813814 0.6350570312592105 0.7068689403418503
  outer loop
    vertex 3720.7805536441724 133.37640467678128 -4.756445530722064
    vertex 3719.530071859829 135.5457122290615 -7.256445563045364
    vertex 3720.5470698528206 133.26187530551968 -4.756445529015538
  endloop
endfacet
facet normal -0.26789693184567664 0.6545650888911642 0.706948214731868
  outer loop
    vertex 3720.5470698528206 133.26187530551968 -4.756445529015538
    vertex 3719.530071859829 135.5457122290615 -7.256445563045364
    vertex 3720.3063867740548 133.16336980854092 -4.756445527547783
  endloop
endfacet
facet normal -0.2564579982737886 0.6587070410261653 0.7073431481423675
  outer loop
    vertex 3720.3063867740548 133.16336980854092 -4.756445527547783
    vertex 3719.530071859829 135.5457122290615 -7.256445563045364
    vertex 3719.3864345304887 135.4897891247753 -7.256445562212095
  endloop
endfacet
facet normal -0.22314325267195625 0.6712975699704025 0.7068002980607835
  outer loop
    vertex 3720.3063867740548 133.16336980854092 -4.756445527547783
    vertex 3719.3864345304887 135.4897891247753 -7.256445562212095
    vertex 3720.0596028022683 133.08133736644803 -4.756445526325477
  endloop
endfacet
facet normal -0.1797430644434746 0.6838134205572608 0.7071715751147297
  outer loop
    vertex 3720.0596028022683 133.08133736644803 -4.756445526325477
    vertex 3719.3864345304887 135.4897891247753 -7.256445562212095
    vertex 3719.237358724348 135.45060395841634 -7.256445561628223
  endloop
endfacet
facet normal -0.1772480428757583 0.6845707059660135 0.7070686528406611
  outer loop
    vertex 3720.0596028022683 133.08133736644803 -4.756445526325477
    vertex 3719.237358724348 135.45060395841634 -7.256445561628223
    vertex 3719.807843809597 133.01615229641018 -4.756445525354196
  endloop
endfacet
facet normal -0.13067463135603774 0.6952241801421756 0.7068150253535952
  outer loop
    vertex 3719.807843809597 133.01615229641018 -4.756445525354196
    vertex 3719.237358724348 135.45060395841634 -7.256445561628223
    vertex 3719.5522585563585 132.9681123832327 -4.756445524638386
  endloop
endfacet
facet normal -0.10059093626661919 0.6996241685760342 0.7073948588202335
  outer loop
    vertex 3719.5522585563585 132.9681123832327 -4.756445524638386
    vertex 3719.237358724348 135.45060395841634 -7.256445561628223
    vertex 3719.0847878508484 135.4286675417904 -7.256445561301364
  endloop
endfacet
facet normal -0.08343259547698065 0.7023783634565702 0.7068971895262032
  outer loop
    vertex 3719.5522585563585 132.9681123832327 -4.756445524638386
    vertex 3719.0847878508484 135.4286675417904 -7.256445561301364
    vertex 3719.2940132074277 132.93743649517117 -4.756445524181313
  endloop
endfacet
facet normal -0.035824295342352 0.7063926440957953 0.7069130443205693
  outer loop
    vertex 3719.2940132074277 132.93743649517117 -4.756445524181313
    vertex 3719.0847878508484 135.4286675417904 -7.256445561301364
    vertex 3719.0342860870282 132.92426458393155 -4.756445523985043
  endloop
endfacet
facet normal -0.020184622215029153 0.7065442985310284 0.7073808982714571
  outer loop
    vertex 3719.0847878508484 135.4286675417904 -7.256445561301364
    vertex 3718.9307109244387 135.424265857983 -7.256445561235783
    vertex 3719.0342860870282 132.92426458393155 -4.756445523985043
  endloop
endfacet
facet normal 0.0119479445894239 0.7073035922846941 0.7068089380881196
  outer loop
    vertex 3718.9307109244387 135.424265857983 -7.256445561235783
    vertex 3718.77426228451 132.92865696941433 -4.756445524050494
    vertex 3719.0342860870282 132.92426458393155 -4.756445523985043
  endloop
endfacet
facet normal 0.05987028943167139 0.7045668615545045 0.7071075491342202
  outer loop
    vertex 3718.77426228451 132.92865696941433 -4.756445524050494
    vertex 3718.7771365545914 135.4374564850811 -7.256445561432323
    vertex 3718.5151282303254 132.9505933860403 -4.756445524377353
  endloop
endfacet
facet normal 0.05987028943167139 0.7045668615545045 0.7071075491342202
  outer loop
    vertex 3718.7771365545914 135.4374564850811 -7.256445561432323
    vertex 3718.77426228451 132.92865696941433 -4.756445524050494
    vertex 3718.9307109244387 135.424265857983 -7.256445561235783
  endloop
endfacet
facet normal 0.10712109113022038 0.6992518167108153 0.7068040525221226
  outer loop
    vertex 3718.7771365545914 135.4374564850811 -7.256445561432323
    vertex 3718.258066301815 132.98997369800625 -4.756445524964127
    vertex 3718.5151282303254 132.9505933860403 -4.756445524377353
  endloop
endfacet
facet normal 0.1403735768256865 0.6927711587013738 0.707363683405304
  outer loop
    vertex 3718.7771365545914 135.4374564850811 -7.256445561432323
    vertex 3718.6260668389714 135.46806716566124 -7.25644556188843
    vertex 3718.258066301815 132.98997369800625 -4.756445524964127
  endloop
endfacet
facet normal 0.1540562414239923 0.6903017993777223 0.7069300532967824
  outer loop
    vertex 3718.6260668389714 135.46806716566124 -7.25644556188843
    vertex 3718.0042493395727 133.04661861454068 -4.756445525808156
    vertex 3718.258066301815 132.98997369800625 -4.756445524964127
  endloop
endfacet
facet normal 0.20031984825527135 0.678372396211871 0.7068824870179975
  outer loop
    vertex 3718.6260668389714 135.46806716566124 -7.25644556188843
    vertex 3717.754835551254 133.12026921306668 -4.756445526905572
    vertex 3718.0042493395727 133.04661861454068 -4.756445525808156
  endloop
endfacet
facet normal 0.21841534108408858 0.6722143788146289 0.7074055185634219
  outer loop
    vertex 3718.6260668389714 135.46806716566124 -7.25644556188843
    vertex 3718.4794711821 135.5156989062313 -7.256445562598157
    vertex 3717.754835551254 133.12026921306668 -4.756445526905572
  endloop
endfacet
facet normal 0.24568087687777684 0.6633575743527091 0.7068222091059793
  outer loop
    vertex 3718.4794711821 135.5156989062313 -7.256445562598157
    vertex 3717.510962908737 133.21058980022488 -4.75644552825137
    vertex 3717.754835551254 133.12026921306668 -4.756445526905572
  endloop
endfacet
facet normal 0.28981202103539866 0.6450562538563281 0.7070441441835283
  outer loop
    vertex 3718.4794711821 135.5156989062313 -7.256445562598157
    vertex 3717.2737440519254 133.3171679118734 -4.756445529839414
    vertex 3717.510962908737 133.21058980022488 -4.75644552825137
  endloop
endfacet
facet normal 0.2936997301207101 0.6431129326139479 0.7072101699153582
  outer loop
    vertex 3718.4794711821 135.5156989062313 -7.256445562598157
    vertex 3718.3392607026017 135.57973086481132 -7.256445563552253
    vertex 3717.2737440519254 133.3171679118734 -4.756445529839414
  endloop
endfacet
facet normal 0.3328149337815224 0.6242365184628268 0.7067977001019528
  outer loop
    vertex 3718.3392607026017 135.57973086481132 -7.256445563552253
    vertex 3717.0442616395867 133.43951765094815 -4.756445531662461
    vertex 3717.2737440519254 133.3171679118734 -4.756445529839414
  endloop
endfacet
facet normal 0.3650385889585315 0.6053479803061818 0.7073193418183833
  outer loop
    vertex 3718.3392607026017 135.57973086481132 -7.256445563552253
    vertex 3718.207263236515 135.65932833795586 -7.256445564738278
    vertex 3717.0442616395867 133.43951765094815 -4.756445531662461
  endloop
endfacet
facet normal 0.37410732366958127 0.6002004808702296 0.7069675332997466
  outer loop
    vertex 3718.207263236515 135.65932833795586 -7.256445564738278
    vertex 3716.8235623292844 133.57708040271817 -4.75644553371219
    vertex 3717.0442616395867 133.43951765094815 -4.756445531662461
  endloop
endfacet
facet normal 0.41383892787282567 0.5736646779736052 0.706856547697275
  outer loop
    vertex 3718.207263236515 135.65932833795586 -7.256445564738278
    vertex 3716.612653677932 133.72922888790188 -4.756445535979246
    vertex 3716.8235623292844 133.57708040271817 -4.75644553371219
  endloop
endfacet
facet normal 0.431603799915309 0.5597136317242675 0.7074169989198006
  outer loop
    vertex 3718.207263236515 135.65932833795586 -7.256445564738278
    vertex 3718.085199599735 135.75345348959007 -7.256445566140774
    vertex 3716.612653677932 133.72922888790188 -4.756445535979246
  endloop
endfacet
facet normal 0.4516328527349422 0.5444307585944311 0.7068400918360463
  outer loop
    vertex 3718.085199599735 135.75345348959007 -7.256445566140774
    vertex 3716.41249746608 133.89526859317837 -4.756445538453281
    vertex 3716.612653677932 133.72922888790188 -4.756445535979246
  endloop
endfacet
facet normal 0.4872473217960093 0.5125846054215729 0.7069986348554195
  outer loop
    vertex 3718.085199599735 135.75345348959007 -7.256445566140774
    vertex 3716.224007075302 134.07444182430325 -4.756445541123014
    vertex 3716.41249746608 133.89526859317837 -4.756445538453281
  endloop
endfacet
facet normal 0.49269013167242587 0.5069664436344095 0.7072774980029316
  outer loop
    vertex 3718.085199599735 135.75345348959007 -7.256445566140774
    vertex 3717.9746610574643 135.86087923889195 -7.256445567741443
    vertex 3716.224007075302 134.07444182430325 -4.756445541123014
  endloop
endfacet
facet normal 0.5208894729998368 0.47865811162964106 0.7067959883085773
  outer loop
    vertex 3717.9746610574643 135.86087923889195 -7.256445567741443
    vertex 3716.0480427198336 134.26593128238736 -4.756445543976262
    vertex 3716.224007075302 134.07444182430325 -4.756445541123014
  endloop
endfacet
facet normal 0.5472806223655804 0.4475092228290376 0.7072619146158612
  outer loop
    vertex 3717.9746610574643 135.86087923889195 -7.256445567741443
    vertex 3717.8770886115954 135.98020529394185 -7.256445569519437
    vertex 3716.0480427198336 134.26593128238736 -4.756445543976262
  endloop
endfacet
facet normal 0.551849098369545 0.4422669050398028 0.7070095878665539
  outer loop
    vertex 3717.8770886115954 135.98020529394185 -7.256445569519437
    vertex 3715.8854073934476 134.46886340175686 -4.7564455470000135
    vertex 3716.0480427198336 134.26593128238736 -4.756445543976262
  endloop
endfacet
facet normal 0.580589969918453 0.4041030602429933 0.7068352025276738
  outer loop
    vertex 3717.8770886115954 135.98020529394185 -7.256445569519437
    vertex 3715.736842816345 134.68231168781338 -4.7564455501804535
    vertex 3715.8854073934476 134.46886340175686 -4.7564455470000135
  endloop
endfacet
facet normal 0.5945964283024122 0.3821237496664 0.7074153853224461
  outer loop
    vertex 3717.8770886115954 135.98020529394185 -7.256445569519437
    vertex 3717.79375440406 136.10987591390648 -7.256445571451565
    vertex 3715.736842816345 134.68231168781338 -4.7564455501804535
  endloop
endfacet
facet normal 0.6065230347409651 0.36397122228791345 0.7068626158418992
  outer loop
    vertex 3717.79375440406 136.10987591390648 -7.256445571451565
    vertex 3715.603027050964 134.90530279670773 -4.7564455535030845
    vertex 3715.736842816345 134.68231168781338 -4.7564455501804535
  endloop
endfacet
facet normal 0.6296263318497813 0.3221512561380031 0.7069577430158721
  outer loop
    vertex 3717.79375440406 136.10987591390648 -7.256445571451565
    vertex 3715.484570687286 135.136819038735 -4.756445556952744
    vertex 3715.603027050964 134.90530279670773 -4.7564455535030845
  endloop
endfacet
facet normal 0.6343546026897687 0.31189121714737283 0.7073316808348372
  outer loop
    vertex 3717.79375440406 136.10987591390648 -7.256445571451565
    vertex 3717.7257446699064 136.24820071105995 -7.256445573512646
    vertex 3715.484570687286 135.136819038735 -4.756445556952744
  endloop
endfacet
facet normal 0.6500842310649779 0.2789728533031166 0.7067988678829179
  outer loop
    vertex 3717.7257446699064 136.24820071105995 -7.256445573512646
    vertex 3715.3820142202294 135.37580410038052 -4.75644556051369
    vertex 3715.484570687286 135.136819038735 -4.756445556952744
  endloop
endfacet
facet normal 0.6659049507667645 0.23759436176327586 0.7071912865714726
  outer loop
    vertex 3717.7257446699064 136.24820071105995 -7.256445573512646
    vertex 3717.6739460878293 136.39337643628156 -7.256445575675805
    vertex 3715.3820142202294 135.37580410038052 -4.75644556051369
  endloop
endfacet
facet normal 0.6671916446661289 0.23436455404128653 0.707056267277743
  outer loop
    vertex 3717.6739460878293 136.39337643628156 -7.256445575675805
    vertex 3715.2958254270475 135.62116733585415 -4.756445564169672
    vertex 3715.3820142202294 135.37580410038052 -4.75644556051369
  endloop
endfacet
facet normal 0.6817205012691432 0.18885121184444592 0.7068184900907958
  outer loop
    vertex 3717.6739460878293 136.39337643628156 -7.256445575675805
    vertex 3715.226397698394 135.87178954874096 -4.756445567904016
    vertex 3715.2958254270475 135.62116733585415 -4.756445564169672
  endloop
endfacet
facet normal 0.6884440450170309 0.16009112048721383 0.7074006149430014
  outer loop
    vertex 3717.6739460878293 136.39337643628156 -7.256445575675805
    vertex 3717.6390338592455 136.54351041858234 -7.256445577912845
    vertex 3715.226397698394 135.87178954874096 -4.756445567904016
  endloop
endfacet
facet normal 0.6928448689978992 0.14238306511375706 0.7068897016310929
  outer loop
    vertex 3717.6390338592455 136.54351041858234 -7.256445577912845
    vertex 3715.174047892562 136.12652698551236 -4.756445571699676
    vertex 3715.226397698394 135.87178954874096 -4.756445567904016
  endloop
endfacet
facet normal 0.7008450247352337 0.0952804795103586 0.7069214111399836
  outer loop
    vertex 3717.6390338592455 136.54351041858234 -7.256445577912845
    vertex 3715.1390146665494 136.38421738539753 -4.756445575539337
    vertex 3715.174047892562 136.12652698551236 -4.756445571699676
  endloop
endfacet
facet normal 0.7022333779162413 0.08057380005278401 0.7073727063475093
  outer loop
    vertex 3717.6390338592455 136.54351041858234 -7.256445577912845
    vertex 3717.6214632444303 136.69664547984638 -7.256445580194601
    vertex 3715.1390146665494 136.38421738539753 -4.756445575539337
  endloop
endfacet
facet normal 0.7057931939520916 0.04775694683860066 0.7068063676846441
  outer loop
    vertex 3717.6214632444303 136.69664547984638 -7.256445580194601
    vertex 3715.121457999222 136.64368495737133 -4.756445579405475
    vertex 3715.1390146665494 136.38421738539753 -4.756445575539337
  endloop
endfacet
facet normal 0.7071060394023774 1.0536108723550516e-08 0.7071075229699395
  outer loop
    vertex 3717.6214632444303 136.69664547984638 -7.256445580194601
    vertex 3715.121457999222 136.90374586378155 -4.7564455832804615
    vertex 3715.121457999222 136.64368495737133 -4.756445579405475
  endloop
endfacet
facet normal 0.7071060394023774 1.0536108723550516e-08 0.7071075229699395
  outer loop
    vertex 3715.121457999222 136.90374586378155 -4.7564455832804615
    vertex 3717.6214632444303 136.69664547984638 -7.256445580194601
    vertex 3717.6214632444303 136.85078526680508 -7.256445582491328
  endloop
endfacet
facet normal 0.705793193952091 -0.0477569257753737 0.7068063691078283
  outer loop
    vertex 3717.6214632444303 136.85078526680508 -7.256445582491328
    vertex 3715.1390146665494 137.16321343575535 -4.756445587146598
    vertex 3715.121457999222 136.90374586378155 -4.7564455832804615
  endloop
endfacet
facet normal 0.7022333779162412 -0.08057377897267114 0.7073727087486547
  outer loop
    vertex 3717.6390338592455 137.0039203280691 -7.256445584773084
    vertex 3715.1390146665494 137.16321343575535 -4.756445587146598
    vertex 3717.6214632444303 136.85078526680508 -7.256445582491328
  endloop
endfacet
facet normal 0.7008450247352337 -0.09528045844369573 0.7069214139793962
  outer loop
    vertex 3717.6390338592455 137.0039203280691 -7.256445584773084
    vertex 3715.174047892562 137.42090383564053 -4.756445590986259
    vertex 3715.1390146665494 137.16321343575535 -4.756445587146598
  endloop
endfacet
facet normal 0.6928448689978977 -0.1423830440480433 0.7068897058741901
  outer loop
    vertex 3717.6390338592455 137.0039203280691 -7.256445584773084
    vertex 3715.226397698394 137.67564127241192 -4.75644559478192
    vertex 3715.174047892562 137.42090383564053 -4.756445590986259
  endloop
endfacet
facet normal 0.6884440450170232 -0.16009109940630972 0.707400619713807
  outer loop
    vertex 3717.6739460878293 137.15405431036984 -7.256445587010124
    vertex 3715.226397698394 137.67564127241192 -4.75644559478192
    vertex 3717.6390338592455 137.0039203280691 -7.256445584773084
  endloop
endfacet
facet normal 0.6817205012691435 -0.1888511907808443 0.7068184957186711
  outer loop
    vertex 3717.6739460878293 137.15405431036984 -7.256445587010124
    vertex 3715.2958254270475 137.92626348529873 -4.7564455985162635
    vertex 3715.226397698394 137.67564127241192 -4.75644559478192
  endloop
endfacet
facet normal 0.6671916446661276 -0.23436453297060073 0.7070562742619431
  outer loop
    vertex 3717.6739460878293 137.15405431036984 -7.256445587010124
    vertex 3715.3820142202294 138.17162672077237 -4.756445602172246
    vertex 3715.2958254270475 137.92626348529873 -4.7564455985162635
  endloop
endfacet
facet normal 0.6659049507667734 -0.23759434068853888 0.7071912936519225
  outer loop
    vertex 3717.7257446699064 137.2992300355915 -7.256445589173284
    vertex 3715.3820142202294 138.17162672077237 -4.756445602172246
    vertex 3717.6739460878293 137.15405431036984 -7.256445587010124
  endloop
endfacet
facet normal 0.650084231064979 -0.2789728322401028 0.7067988761964683
  outer loop
    vertex 3717.7257446699064 137.2992300355915 -7.256445589173284
    vertex 3715.484570687286 138.41061178241787 -4.756445605733192
    vertex 3715.3820142202294 138.17162672077237 -4.756445602172246
  endloop
endfacet
facet normal 0.6343546026897731 -0.31189119606846605 0.7073316901293777
  outer loop
    vertex 3717.79375440406 137.43755483274498 -7.256445591234364
    vertex 3715.484570687286 138.41061178241787 -4.756445605733192
    vertex 3717.7257446699064 137.2992300355915 -7.256445589173284
  endloop
endfacet
facet normal 0.6296263318497851 -0.3221512350702467 0.7069577526161652
  outer loop
    vertex 3717.79375440406 137.43755483274498 -7.256445591234364
    vertex 3715.603027050964 138.64212802444516 -4.756445609182855
    vertex 3715.484570687286 138.41061178241787 -4.756445605733192
  endloop
endfacet
facet normal 0.6065230347409625 -0.3639712012230134 0.7068626266884463
  outer loop
    vertex 3717.79375440406 137.43755483274498 -7.256445591234364
    vertex 3715.736842816345 138.8651191333395 -4.756445612505486
    vertex 3715.603027050964 138.64212802444516 -4.756445609182855
  endloop
endfacet
facet normal 0.5945964283023826 -0.3821237285850719 0.7074153967099472
  outer loop
    vertex 3717.8770886115954 137.56722545270955 -7.256445593166492
    vertex 3715.736842816345 138.8651191333395 -4.756445612505486
    vertex 3717.79375440406 137.43755483274498 -7.256445591234364
  endloop
endfacet
facet normal 0.5805899699184508 -0.40410303917889334 0.7068352145701813
  outer loop
    vertex 3717.8770886115954 137.56722545270955 -7.256445593166492
    vertex 3715.8854073934476 139.07856741939602 -4.756445615685923
    vertex 3715.736842816345 138.8651191333395 -4.756445612505486
  endloop
endfacet
facet normal 0.5518490983695546 -0.4422668839704987 0.7070096010463613
  outer loop
    vertex 3717.8770886115954 137.56722545270955 -7.256445593166492
    vertex 3716.0480427198336 139.28149953876553 -4.756445618709674
    vertex 3715.8854073934476 139.07856741939602 -4.756445615685923
  endloop
endfacet
facet normal 0.5472806223655861 -0.44750920175220965 0.7072619279518988
  outer loop
    vertex 3717.9746610574643 137.68655150775945 -7.2564455949444895
    vertex 3716.0480427198336 139.28149953876553 -4.756445618709674
    vertex 3717.8770886115954 137.56722545270955 -7.256445593166492
  endloop
endfacet
facet normal 0.5208894729998357 -0.4786580905667095 0.7067960025728678
  outer loop
    vertex 3717.9746610574643 137.68655150775945 -7.2564455949444895
    vertex 3716.224007075302 139.47298899684964 -4.756445621562921
    vertex 3716.0480427198336 139.28149953876553 -4.756445618709674
  endloop
endfacet
facet normal 0.49269013167245523 -0.5069664225570946 0.7072775131108299
  outer loop
    vertex 3718.085199599735 137.79397725706139 -7.256445596545158
    vertex 3716.224007075302 139.47298899684964 -4.756445621562921
    vertex 3717.9746610574643 137.68655150775945 -7.2564455949444895
  endloop
endfacet
facet normal 0.4872473217960119 -0.5125845843526028 0.7069986501307363
  outer loop
    vertex 3718.085199599735 137.79397725706139 -7.256445596545158
    vertex 3716.41249746608 139.65216222797451 -4.756445624232654
    vertex 3716.224007075302 139.47298899684964 -4.756445621562921
  endloop
endfacet
facet normal 0.4516328527349354 -0.5444307375301962 0.7068401080603949
  outer loop
    vertex 3718.085199599735 137.79397725706139 -7.256445596545158
    vertex 3716.612653677932 139.818201933251 -4.75644562670669
    vertex 3716.41249746608 139.65216222797451 -4.756445624232654
  endloop
endfacet
facet normal 0.4316037999153328 -0.559713610642816 0.7074170155995879
  outer loop
    vertex 3718.207263236515 137.88810240869557 -7.256445597947652
    vertex 3716.612653677932 139.818201933251 -4.75644562670669
    vertex 3718.085199599735 137.79397725706139 -7.256445596545158
  endloop
endfacet
facet normal 0.41383892787282933 -0.5736646569088694 0.7068565647928132
  outer loop
    vertex 3718.207263236515 137.88810240869557 -7.256445597947652
    vertex 3716.8235623292844 139.97035041843472 -4.756445628973745
    vertex 3716.612653677932 139.818201933251 -4.75644562670669
  endloop
endfacet
facet normal 0.3741073236695881 -0.6002004598021842 0.7069675511860675
  outer loop
    vertex 3718.207263236515 137.88810240869557 -7.256445597947652
    vertex 3717.0442616395867 140.10791317020474 -4.756445631023475
    vertex 3716.8235623292844 139.97035041843472 -4.756445628973745
  endloop
endfacet
facet normal 0.365038588958509 -0.6053479592276729 0.7073193598581001
  outer loop
    vertex 3718.3392607026017 137.9676998818401 -7.256445599133676
    vertex 3717.0442616395867 140.10791317020474 -4.756445631023475
    vertex 3718.207263236515 137.88810240869557 -7.256445597947652
  endloop
endfacet
facet normal 0.3328149337814791 -0.6242364973998726 0.7067977187045587
  outer loop
    vertex 3718.3392607026017 137.9676998818401 -7.256445599133676
    vertex 3717.2737440519254 140.23026290927942 -4.756445632846521
    vertex 3717.0442616395867 140.10791317020474 -4.756445631023475
  endloop
endfacet
facet normal 0.2936997301207557 -0.6431129115386548 0.7072101890804953
  outer loop
    vertex 3718.4794711821 138.03173184042012 -7.256445600087775
    vertex 3717.2737440519254 140.23026290927942 -4.756445632846521
    vertex 3718.3392607026017 137.9676998818401 -7.256445599133676
  endloop
endfacet
facet normal 0.2898120210354479 -0.6450562327859852 0.7070441634065739
  outer loop
    vertex 3718.4794711821 138.03173184042012 -7.256445600087775
    vertex 3717.510962908737 140.336841020928 -4.756445634434566
    vertex 3717.2737440519254 140.23026290927942 -4.756445632846521
  endloop
endfacet
facet normal 0.24568087687776258 -0.663357553289005 0.7068222288744168
  outer loop
    vertex 3718.4794711821 138.03173184042012 -7.256445600087775
    vertex 3717.754835551254 140.4271616080862 -4.756445635780364
    vertex 3717.510962908737 140.336841020928 -4.756445634434566
  endloop
endfacet
facet normal 0.21841534108408167 -0.6722143577335414 0.707405538595795
  outer loop
    vertex 3718.6260668389714 138.07936358099022 -7.256445600797499
    vertex 3717.754835551254 140.4271616080862 -4.756445635780364
    vertex 3718.4794711821 138.03173184042012 -7.256445600087775
  endloop
endfacet
facet normal 0.2003198482552747 -0.6783723751463652 0.7068825072338847
  outer loop
    vertex 3718.6260668389714 138.07936358099022 -7.256445600797499
    vertex 3718.0042493395727 140.5008122066122 -4.756445636877779
    vertex 3717.754835551254 140.4271616080862 -4.756445635780364
  endloop
endfacet
facet normal 0.15405624142400867 -0.6903017783107971 0.7069300738681717
  outer loop
    vertex 3718.6260668389714 138.07936358099022 -7.256445600797499
    vertex 3718.258066301815 140.55745712314663 -4.756445637721809
    vertex 3718.0042493395727 140.5008122066122 -4.756445636877779
  endloop
endfacet
facet normal 0.14037357682566848 -0.6927711376215322 0.707363704050283
  outer loop
    vertex 3718.7771365545914 138.10997426157036 -7.256445601253606
    vertex 3718.258066301815 140.55745712314663 -4.756445637721809
    vertex 3718.6260668389714 138.07936358099022 -7.256445600797499
  endloop
endfacet
facet normal 0.10712109113020593 -0.6992517956476498 0.7068040733602288
  outer loop
    vertex 3718.7771365545914 138.10997426157036 -7.256445601253606
    vertex 3718.5151282303254 140.59683743511258 -4.756445638308582
    vertex 3718.258066301815 140.55745712314663 -4.756445637721809
  endloop
endfacet
facet normal 0.05987028943167335 -0.7045668404822923 0.7071075701307177
  outer loop
    vertex 3718.7771365545914 138.10997426157036 -7.256445601253606
    vertex 3718.77426228451 140.61877385173855 -4.756445638635442
    vertex 3718.5151282303254 140.59683743511258 -4.756445638308582
  endloop
endfacet
facet normal 0.05987028943167335 -0.7045668404822923 0.7071075701307177
  outer loop
    vertex 3718.77426228451 140.61877385173855 -4.756445638635442
    vertex 3718.7771365545914 138.10997426157036 -7.256445601253606
    vertex 3718.9307109244387 138.12316488866844 -7.2564456014501495
  endloop
endfacet
facet normal 0.011947944589428104 -0.7073035712213807 0.7068089591661734
  outer loop
    vertex 3718.9307109244387 138.12316488866844 -7.2564456014501495
    vertex 3719.0342860870282 140.62316623722134 -4.756445638700893
    vertex 3718.77426228451 140.61877385173855 -4.756445638635442
  endloop
endfacet
facet normal -0.02018462221500603 -0.7065442774506707 0.7073809193268836
  outer loop
    vertex 3719.0847878508484 138.11876320486107 -7.256445601384568
    vertex 3719.0342860870282 140.62316623722134 -4.756445638700893
    vertex 3718.9307109244387 138.12316488866844 -7.2564456014501495
  endloop
endfacet
facet normal -0.035824295342421465 -0.7063926230293789 0.7069130653714731
  outer loop
    vertex 3719.2940132074277 140.6099943259817 -4.756445638504624
    vertex 3719.0342860870282 140.62316623722134 -4.756445638700893
    vertex 3719.0847878508484 138.11876320486107 -7.256445601384568
  endloop
endfacet
facet normal -0.08343259547691056 -0.7023783423906382 0.7068972104574793
  outer loop
    vertex 3719.5522585563585 140.5793184379202 -4.756445638047549
    vertex 3719.2940132074277 140.6099943259817 -4.756445638504624
    vertex 3719.0847878508484 138.11876320486107 -7.256445601384568
  endloop
endfacet
facet normal -0.10059093626673148 -0.6996241474952408 0.707394879669439
  outer loop
    vertex 3719.5522585563585 140.5793184379202 -4.756445638047549
    vertex 3719.0847878508484 138.11876320486107 -7.256445601384568
    vertex 3719.237358724348 138.09682678823506 -7.256445601057706
  endloop
endfacet
facet normal -0.13067463135604093 -0.6952241590786776 0.7068150460716782
  outer loop
    vertex 3719.807843809597 140.5312785247427 -4.75644563733174
    vertex 3719.5522585563585 140.5793184379202 -4.756445638047549
    vertex 3719.237358724348 138.09682678823506 -7.256445601057706
  endloop
endfacet
facet normal -0.1772480428757761 -0.6845706848949535 0.7070686732412639
  outer loop
    vertex 3720.0596028022683 140.46609345470486 -4.756445636360459
    vertex 3719.807843809597 140.5312785247427 -4.75644563733174
    vertex 3719.237358724348 138.09682678823506 -7.256445601057706
  endloop
endfacet
facet normal -0.17974306444340393 -0.6838133994831628 0.7071715954927593
  outer loop
    vertex 3720.0596028022683 140.46609345470486 -4.756445636360459
    vertex 3719.237358724348 138.09682678823506 -7.256445601057706
    vertex 3719.3864345304887 138.05764162187612 -7.2564456004738345
  endloop
endfacet
facet normal -0.2231432526719621 -0.6712975489073445 0.7068003180658371
  outer loop
    vertex 3720.3063867740548 140.38406101261197 -4.756445635138153
    vertex 3720.0596028022683 140.46609345470486 -4.756445636360459
    vertex 3719.3864345304887 138.05764162187612 -7.2564456004738345
  endloop
endfacet
facet normal -0.25645799827379206 -0.6587070199469288 0.707343167772218
  outer loop
    vertex 3720.3063867740548 140.38406101261197 -4.756445635138153
    vertex 3719.3864345304887 138.05764162187612 -7.2564456004738345
    vertex 3719.530071859829 138.00171851758992 -7.256445599640569
  endloop
endfacet
facet normal -0.26789693184567454 -0.6545650678237019 0.7069482342382833
  outer loop
    vertex 3720.5470698528206 140.2855555156332 -4.756445633670397
    vertex 3720.3063867740548 140.38406101261197 -4.756445635138153
    vertex 3719.530071859829 138.00171851758992 -7.256445599640569
  endloop
endfacet
facet normal -0.3115106229781373 -0.6350570101941071 0.7068689592669171
  outer loop
    vertex 3720.7805536441724 140.1710261443716 -4.756445631963872
    vertex 3720.5470698528206 140.2855555156332 -4.756445633670397
    vertex 3719.530071859829 138.00171851758992 -7.256445599640569
  endloop
endfacet
facet normal -0.32984053463629154 -0.6251177409747097 0.7074129145198872
  outer loop
    vertex 3720.7805536441724 140.1710261443716 -4.756445631963872
    vertex 3719.530071859829 138.00171851758992 -7.256445599640569
    vertex 3719.6663981728475 137.9297865593914 -7.256445598568758
  endloop
endfacet
facet normal -0.3536912915751123 -0.6126116049568748 0.7068305962082363
  outer loop
    vertex 3721.005773013107 140.04099575077115 -4.756445630026386
    vertex 3720.7805536441724 140.1710261443716 -4.756445631963872
    vertex 3719.6663981728475 137.9297865593914 -7.256445598568758
  endloop
endfacet
facet normal -0.39413578141900507 -0.5871784409647137 0.7070208372258052
  outer loop
    vertex 3721.221700137131 139.89605752025662 -4.756445627866765
    vertex 3721.005773013107 140.04099575077115 -4.756445630026386
    vertex 3719.6663981728475 137.9297865593914 -7.256445598568758
  endloop
endfacet
facet normal -0.3990432420640716 -0.5835823120638785 0.7072454849690967
  outer loop
    vertex 3721.221700137131 139.89605752025662 -4.756445627866765
    vertex 3719.6663981728475 137.9297865593914 -7.256445598568758
    vertex 3719.7936362080495 137.84278344755208 -7.256445597272386
  endloop
endfacet
facet normal -0.4330144460846644 -0.5594081920027535 0.706796267818529
  outer loop
    vertex 3721.4273499898836 139.73687258754788 -4.756445625494863
    vertex 3721.221700137131 139.89605752025662 -4.756445627866765
    vertex 3719.7936362080495 137.84278344755208 -7.256445597272386
  endloop
endfacet
facet normal -0.462935007283105 -0.5342553966226604 0.7072922664721817
  outer loop
    vertex 3721.4273499898836 139.73687258754788 -4.756445625494863
    vertex 3719.7936362080495 137.84278344755208 -7.256445597272386
    vertex 3719.91012728738 137.74184333925282 -7.256445595768354
  endloop
endfacet
facet normal -0.4696645040623353 -0.5287563106831915 0.7069879896692595
  outer loop
    vertex 3721.6217841558378 139.56416765247403 -4.756445622921506
    vertex 3721.4273499898836 139.73687258754788 -4.756445625494863
    vertex 3719.91012728738 137.74184333925282 -7.256445595768354
  endloop
endfacet
facet normal -0.5043910005531362 -0.49594296928981396 0.7068453082344176
  outer loop
    vertex 3721.804115479461 139.3787304500204 -4.756445620158443
    vertex 3721.6217841558378 139.56416765247403 -4.756445622921506
    vertex 3719.91012728738 137.74184333925282 -7.256445595768354
  endloop
endfacet
facet normal -0.5207254450350234 -0.47791735557529225 0.7074178483279855
  outer loop
    vertex 3721.804115479461 139.3787304500204 -4.756445620158443
    vertex 3719.91012728738 137.74184333925282 -7.256445595768354
    vertex 3720.0143527440946 137.628282185841 -7.256445594076255
  endloop
endfacet
facet normal -0.5367170105634461 -0.46075676447026986 0.7068508007824041
  outer loop
    vertex 3721.973512118331 139.18140712772427 -4.756445617218264
    vertex 3721.804115479461 139.3787304500204 -4.756445620158443
    vertex 3720.0143527440946 137.628282185841 -7.256445594076255
  endloop
endfacet
facet normal -0.566496902061289 -0.42339565763484255 0.706977635467291
  outer loop
    vertex 3722.1292008809964 138.9730979541403 -4.756445614114398
    vertex 3721.973512118331 139.18140712772427 -4.756445617218264
    vertex 3720.0143527440946 137.628282185841 -7.256445594076255
  endloop
endfacet
facet normal -0.5719000589074476 -0.41550956820117924 0.7073062429774868
  outer loop
    vertex 3722.1292008809964 138.9730979541403 -4.756445614114398
    vertex 3720.0143527440946 137.628282185841 -7.256445594076255
    vertex 3720.104953830711 137.50358044748344 -7.256445592218163
  endloop
endfacet
facet normal -0.593939378738623 -0.3842840246229616 0.7067968610592139
  outer loop
    vertex 3722.2704715185087 138.7547537425619 -4.756445610861011
    vertex 3722.1292008809964 138.9730979541403 -4.756445614114398
    vertex 3720.104953830711 137.50358044748344 -7.256445592218163
  endloop
endfacet
facet normal -0.6156045786124739 -0.3476480983796173 0.7072282534545652
  outer loop
    vertex 3722.2704715185087 138.7547537425619 -4.756445610861011
    vertex 3720.104953830711 137.50358044748344 -7.256445592218163
    vertex 3720.180749481193 137.36936384086647 -7.2564455902182985
  endloop
endfacet
facet normal -0.6183214913821504 -0.3431964088047871 0.7070323601352706
  outer loop
    vertex 3722.396679585449 138.52737036739407 -4.756445607472928
    vertex 3722.2704715185087 138.7547537425619 -4.756445610861011
    vertex 3720.180749481193 137.36936384086647 -7.2564455902182985
  endloop
endfacet
facet normal -0.6402664975476284 -0.3007581071939118 0.7068262679578543
  outer loop
    vertex 3722.50724906253 138.29198542629297 -4.756445603965629
    vertex 3722.396679585449 138.52737036739407 -4.756445607472928
    vertex 3720.180749481193 137.36936384086647 -7.2564455902182985
  endloop
endfacet
facet normal -0.6510537599627825 -0.2751374584836626 0.7074096271450329
  outer loop
    vertex 3722.50724906253 138.29198542629297 -4.756445603965629
    vertex 3720.180749481193 137.36936384086647 -7.2564455902182985
    vertex 3720.2407514505308 137.22738206033742 -7.2564455881027285
  endloop
endfacet
facet normal -0.6590638109689424 -0.25683029549931424 0.7068755847989299
  outer loop
    vertex 3722.601675694458 138.04967299495752 -4.7564456003551046
    vertex 3722.50724906253 138.29198542629297 -4.756445603965629
    vertex 3720.2407514505308 137.22738206033742 -7.2564455881027285
  endloop
endfacet
facet normal -0.674838298717075 -0.21173214658365133 0.7069390134146815
  outer loop
    vertex 3722.67952842044 137.80153873954828 -4.756445596657832
    vertex 3722.601675694458 138.04967299495752 -4.7564456003551046
    vertex 3720.2407514505308 137.22738206033742 -7.2564455881027285
  endloop
endfacet
facet normal -0.6782267546831322 -0.19914568302593114 0.7073538479178026
  outer loop
    vertex 3722.67952842044 137.80153873954828 -4.756445596657832
    vertex 3720.2407514505308 137.22738206033742 -7.2564455881027285
    vertex 3720.284177725784 137.07948600893056 -7.256445585899035
  endloop
endfacet
facet normal -0.6877259771436143 -0.16572223383727921 0.7068020384618618
  outer loop
    vertex 3722.740451758377 137.5487147310835 -4.756445592890678
    vertex 3722.67952842044 137.80153873954828 -4.756445596657832
    vertex 3720.284177725784 137.07948600893056 -7.256445585899035
  endloop
endfacet
facet normal -0.696706801538202 -0.12056967815755361 0.7071510343621032
  outer loop
    vertex 3722.740451758377 137.5487147310835 -4.756445592890678
    vertex 3720.284177725784 137.07948600893056 -7.256445585899035
    vertex 3720.3104619436185 136.92760377769508 -7.25644558363595
  endloop
endfacet
facet normal -0.6970695082581261 -0.11887008007486734 0.707081328221704
  outer loop
    vertex 3722.78416842746 137.2923545578581 -4.756445589070842
    vertex 3722.740451758377 137.5487147310835 -4.756445592890678
    vertex 3720.3104619436185 136.92760377769508 -7.25644558363595
  endloop
endfacet
facet normal -0.7037721939252812 -0.07156608869426986 0.7068118519143551
  outer loop
    vertex 3722.8104781560824 137.03362793122346 -4.756445585215737
    vertex 3722.78416842746 137.2923545578581 -4.756445589070842
    vertex 3720.3104619436185 136.92760377769508 -7.25644558363595
  endloop
endfacet
facet normal -0.7056724014750376 -0.040351865141361146 0.7073882871351963
  outer loop
    vertex 3722.8104781560824 137.03362793122346 -4.756445585215737
    vertex 3720.3104619436185 136.92760377769508 -7.25644558363595
    vertex 3720.319261615745 136.7737153733257 -7.256445581342965
  endloop
endfacet
facet normal -0.9983689009148751 -0.05708889520987643 -0.0006290705366601377
  outer loop
    vertex 3720.319261615745 136.7737153733257 -7.256445581342965
    vertex 3720.3104619436185 136.92760377769508 -7.25644558363595
    vertex 3720.3170599393766 136.85078521465405 -10.756445582491327
  endloop
endfacet
facet normal -0.9999998021478614 9.373030898500823e-12 0.0006290502666019969
  outer loop
    vertex 3720.3170599393766 136.6966454276954 -10.756445580194601
    vertex 3720.319261615745 136.7737153733257 -7.256445581342965
    vertex 3720.3170599393766 136.85078521465405 -10.756445582491327
  endloop
endfacet
facet normal -0.9983689009148751 0.05708889519112987 -0.0006290722379420204
  outer loop
    vertex 3720.3104619436185 136.61982696895637 -7.256445579049982
    vertex 3720.319261615745 136.7737153733257 -7.256445581342965
    vertex 3720.3170599393766 136.6966454276954 -10.756445580194601
  endloop
endfacet
facet normal -0.9934815363033778 0.11399140900396569 0.0006290449674898234
  outer loop
    vertex 3720.2994893245614 136.54351036643132 -10.756445577912844
    vertex 3720.3104619436185 136.61982696895637 -7.256445579049982
    vertex 3720.3170599393766 136.6966454276954 -10.756445580194601
  endloop
endfacet
facet normal -0.9853536809599324 0.17052192730015936 -0.000629069591712231
  outer loop
    vertex 3720.284177725784 136.46794473772084 -7.256445576786894
    vertex 3720.3104619436185 136.61982696895637 -7.256445579049982
    vertex 3720.2994893245614 136.54351036643132 -10.756445577912844
  endloop
endfacet
facet normal -0.9740116286851754 0.22649713345842923 0.0006290637219673904
  outer loop
    vertex 3720.2645770959775 136.39337638413056 -10.756445575675805
    vertex 3720.284177725784 136.46794473772084 -7.256445576786894
    vertex 3720.2994893245614 136.54351036643132 -10.756445577912844
  endloop
endfacet
facet normal -0.959492649860698 0.28173295715889474 -0.0006290578674761646
  outer loop
    vertex 3720.2407514505308 136.32004868631398 -7.256445574583201
    vertex 3720.284177725784 136.46794473772084 -7.256445576786894
    vertex 3720.2645770959775 136.39337638413056 -10.756445575675805
  endloop
endfacet
facet normal -0.9418442030096813 0.33604925465499974 0.0006290491854647677
  outer loop
    vertex 3720.2127785139005 136.24820065890893 -10.756445573512645
    vertex 3720.2407514505308 136.32004868631398 -7.256445574583201
    vertex 3720.2645770959775 136.39337638413056 -10.756445575675805
  endloop
endfacet
facet normal -0.9211235456430562 0.3892698523319475 -0.0006290686994517597
  outer loop
    vertex 3720.180749481193 136.17806690578496 -7.256445572467631
    vertex 3720.2407514505308 136.32004868631398 -7.256445574583201
    vertex 3720.2127785139005 136.24820065890893 -10.756445573512645
  endloop
endfacet
facet normal -0.897398224695027 0.4412210677246456 0.00062905495602249
  outer loop
    vertex 3720.1447687797463 136.10987586175548 -10.756445571451565
    vertex 3720.180749481193 136.17806690578496 -7.256445572467631
    vertex 3720.2127785139005 136.24820065890893 -10.756445573512645
  endloop
endfacet
facet normal -0.8707457746352589 0.49173305789331817 -0.0006290705283511879
  outer loop
    vertex 3720.104953830711 136.043850299168 -7.256445570467769
    vertex 3720.180749481193 136.17806690578496 -7.256445572467631
    vertex 3720.1447687797463 136.10987586175548 -10.756445571451565
  endloop
endfacet
facet normal -0.841253483831704 0.5406405277567935 0.0006290372620817749
  outer loop
    vertex 3720.0614345722115 135.98020524179086 -10.756445569519439
    vertex 3720.104953830711 136.043850299168 -7.256445570467769
    vertex 3720.1447687797463 136.10987586175548 -10.756445571451565
  endloop
endfacet
facet normal -0.809016925664513 0.5877850102219918 -0.0006290839952630799
  outer loop
    vertex 3720.0143527440946 135.91914856081047 -7.256445568609674
    vertex 3720.104953830711 136.043850299168 -7.256445570467769
    vertex 3720.0614345722115 135.98020524179086 -10.756445569519439
  endloop
endfacet
facet normal -0.7741414102916313 0.6330123862764941 0.0006290407163045206
  outer loop
    vertex 3719.9638621263425 135.86087918674096 -10.756445567741443
    vertex 3720.0143527440946 135.91914856081047 -7.256445568609674
    vertex 3720.0614345722115 135.98020524179086 -10.756445569519439
  endloop
endfacet
facet normal -0.7367410798725783 0.6761746708453374 -0.0006290750246434521
  outer loop
    vertex 3719.91012728738 135.80558740739858 -7.256445566917578
    vertex 3720.0143527440946 135.91914856081047 -7.256445568609674
    vertex 3719.9638621263425 135.86087918674096 -10.756445567741443
  endloop
endfacet
facet normal -0.6969372380608242 0.7171318501477807 0.0006290530751524679
  outer loop
    vertex 3719.853323584072 135.75345343743905 -10.756445566140773
    vertex 3719.91012728738 135.80558740739858 -7.256445566917578
    vertex 3719.9638621263425 135.86087918674096 -10.756445567741443
  endloop
endfacet
facet normal -0.654860654264237 0.7557493815954078 -0.0006290586412987954
  outer loop
    vertex 3719.853323584072 135.75345343743905 -10.756445566140773
    vertex 3719.7936362080495 135.70464729909935 -7.256445565413544
    vertex 3719.91012728738 135.80558740739858 -7.256445566917578
  endloop
endfacet
facet normal -0.6106478512683216 0.7919020179443611 0.0006290604351287328
  outer loop
    vertex 3719.853323584072 135.75345343743905 -10.756445566140773
    vertex 3719.7312599472916 135.65932828580483 -10.756445564738277
    vertex 3719.7936362080495 135.70464729909935 -7.256445565413544
  endloop
endfacet
facet normal -0.564442987336808 0.8254718155844837 -0.0006290643497999431
  outer loop
    vertex 3719.7312599472916 135.65932828580483 -10.756445564738277
    vertex 3719.6663981728475 135.61764418726003 -7.256445564117171
    vertex 3719.7936362080495 135.70464729909935 -7.256445565413544
  endloop
endfacet
facet normal -0.5163977067374982 0.8563486514156126 0.0006290428559468583
  outer loop
    vertex 3719.599262481205 135.5797308126603 -10.756445563552255
    vertex 3719.6663981728475 135.61764418726003 -7.256445564117171
    vertex 3719.7312599472916 135.65932828580483 -10.756445564738277
  endloop
endfacet
facet normal -0.46666698438878784 0.8844328860483494 -0.0006290927296141059
  outer loop
    vertex 3719.599262481205 135.5797308126603 -10.756445563552255
    vertex 3719.530071859829 135.5457122290615 -7.256445563045364
    vertex 3719.6663981728475 135.61764418726003 -7.256445564117171
  endloop
endfacet
facet normal -0.41541481329533525 0.9096318690687495 0.0006290224917212554
  outer loop
    vertex 3719.599262481205 135.5797308126603 -10.756445563552255
    vertex 3719.459052001707 135.51569885408028 -10.756445562598156
    vertex 3719.530071859829 135.5457122290615 -7.256445563045364
  endloop
endfacet
facet normal -0.3628076300888051 0.931863846164652 -0.0006290950377743559
  outer loop
    vertex 3719.459052001707 135.51569885408028 -10.756445562598156
    vertex 3719.3864345304887 135.4897891247753 -7.256445562212095
    vertex 3719.530071859829 135.5457122290615 -7.256445563045364
  endloop
endfacet
facet normal -0.30901648884533456 0.9510564725281305 0.0006290342205915719
  outer loop
    vertex 3719.312456344835 135.46806711351024 -10.75644556188843
    vertex 3719.3864345304887 135.4897891247753 -7.256445562212095
    vertex 3719.459052001707 135.51569885408028 -10.756445562598156
  endloop
endfacet
facet normal -0.2542183296311173 0.9671466513126262 -0.000629074191137233
  outer loop
    vertex 3719.312456344835 135.46806711351024 -10.75644556188843
    vertex 3719.237358724348 135.45060395841634 -7.256445561628223
    vertex 3719.3864345304887 135.4897891247753 -7.256445562212095
  endloop
endfacet
facet normal -0.19859035676763162 0.9800823814852192 0.0006290478250067867
  outer loop
    vertex 3719.1613866292155 135.43745643293008 -10.756445561432322
    vertex 3719.237358724348 135.45060395841634 -7.256445561628223
    vertex 3719.312456344835 135.46806711351024 -10.75644556188843
  endloop
endfacet
facet normal -0.14231504352256488 0.9898212124744362 -0.0006290650265114754
  outer loop
    vertex 3719.1613866292155 135.43745643293008 -10.756445561432322
    vertex 3719.0847878508484 135.4286675417904 -7.256445561301364
    vertex 3719.237358724348 135.45060395841634 -7.256445561628223
  endloop
endfacet
facet normal -0.08557571760152703 0.9963314713792997 0.0006290438327920526
  outer loop
    vertex 3719.007812259368 135.424265805832 -10.756445561235783
    vertex 3719.0847878508484 135.4286675417904 -7.256445561301364
    vertex 3719.1613866292155 135.43745643293008 -10.756445561432322
  endloop
endfacet
facet normal -0.028556435749111674 0.9995919838771947 -0.0006290832705175131
  outer loop
    vertex 3719.007812259368 135.424265805832 -10.756445561235783
    vertex 3718.9307109244387 135.424265857983 -7.256445561235783
    vertex 3719.0847878508484 135.4286675417904 -7.256445561301364
  endloop
endfacet
facet normal 0.02855643574911167 0.9995919838959413 0.0006290534821019392
  outer loop
    vertex 3719.007812259368 135.424265805832 -10.756445561235783
    vertex 3718.8537353329584 135.4286674896394 -10.756445561301364
    vertex 3718.9307109244387 135.424265857983 -7.256445561235783
  endloop
endfacet
facet normal 0.085575717601527 0.9963314713605533 -0.0006290735240424795
  outer loop
    vertex 3718.8537353329584 135.4286674896394 -10.756445561301364
    vertex 3718.7771365545914 135.4374564850811 -7.256445561432323
    vertex 3718.9307109244387 135.424265857983 -7.256445561235783
  endloop
endfacet
facet normal 0.14231504352256485 0.9898212124931823 0.0006290355292705043
  outer loop
    vertex 3718.701164459459 135.45060390626534 -10.756445561628222
    vertex 3718.7771365545914 135.4374564850811 -7.256445561432323
    vertex 3718.8537353329584 135.4286674896394 -10.756445561301364
  endloop
endfacet
facet normal 0.19859035676763165 0.9800823814664729 -0.0006290770320249972
  outer loop
    vertex 3718.701164459459 135.45060390626534 -10.756445561628222
    vertex 3718.6260668389714 135.46806716566124 -7.25644556188843
    vertex 3718.7771365545914 135.4374564850811 -7.256445561432323
  endloop
endfacet
facet normal 0.2542183296311173 0.9671466513313726 0.0006290453696112158
  outer loop
    vertex 3718.5520886533177 135.4897890726243 -10.756445562212097
    vertex 3718.6260668389714 135.46806716566124 -7.25644556188843
    vertex 3718.701164459459 135.45060390626534 -10.756445561628222
  endloop
endfacet
facet normal 0.30901648884533456 0.9510564725093845 -0.0006290625626210141
  outer loop
    vertex 3718.5520886533177 135.4897890726243 -10.756445562212097
    vertex 3718.4794711821 135.5156989062313 -7.256445562598157
    vertex 3718.6260668389714 135.46806716566124 -7.25644556188843
  endloop
endfacet
facet normal 0.36280763008880507 0.931863846183399 0.0006290672676962083
  outer loop
    vertex 3718.5520886533177 135.4897890726243 -10.756445562212097
    vertex 3718.4084513239777 135.54571217691048 -10.756445563045363
    vertex 3718.4794711821 135.5156989062313 -7.256445562598157
  endloop
endfacet
facet normal 0.41541481329533536 0.909631869050004 -0.0006290495992737079
  outer loop
    vertex 3718.4084513239777 135.54571217691048 -10.756445563045363
    vertex 3718.3392607026017 135.57973086481132 -7.256445563552253
    vertex 3718.4794711821 135.5156989062313 -7.256445562598157
  endloop
endfacet
facet normal 0.46666698438878784 0.8844328860670965 0.0006290663730058272
  outer loop
    vertex 3718.2721250109594 135.61764413510903 -10.75644556411717
    vertex 3718.3392607026017 135.57973086481132 -7.256445563552253
    vertex 3718.4084513239777 135.54571217691048 -10.756445563045363
  endloop
endfacet
facet normal 0.516397706737498 0.8563486513968663 -0.0006290683756288031
  outer loop
    vertex 3718.2721250109594 135.61764413510903 -10.75644556411717
    vertex 3718.207263236515 135.65932833795586 -7.256445564738278
    vertex 3718.3392607026017 135.57973086481132 -7.256445563552253
  endloop
endfacet
facet normal 0.564442987336808 0.82547181560323 0.000629039750265449
  outer loop
    vertex 3718.1448869757573 135.70464724694833 -10.756445565413546
    vertex 3718.207263236515 135.65932833795586 -7.256445564738278
    vertex 3718.2721250109594 135.61764413510903 -10.75644556411717
  endloop
endfacet
facet normal 0.6106478512683216 0.7919020179256143 -0.0006290840342639643
  outer loop
    vertex 3718.1448869757573 135.70464724694833 -10.756445565413546
    vertex 3718.085199599735 135.75345348959007 -7.256445566140774
    vertex 3718.207263236515 135.65932833795586 -7.256445564738278
  endloop
endfacet
facet normal 0.6548606542642371 0.7557493816141538 0.0006290361195329032
  outer loop
    vertex 3718.1448869757573 135.70464724694833 -10.756445565413546
    vertex 3718.028395896427 135.80558735524758 -10.756445566917577
    vertex 3718.085199599735 135.75345348959007 -7.256445566140774
  endloop
endfacet
facet normal 0.6969372380608243 0.717131850129034 -0.0006290744460937301
  outer loop
    vertex 3718.028395896427 135.80558735524758 -10.756445566917577
    vertex 3717.9746610574643 135.86087923889195 -7.256445567741443
    vertex 3718.085199599735 135.75345348959007 -7.256445566140774
  endloop
endfacet
facet normal 0.7367410798725783 0.6761746708640841 0.0006290548742496718
  outer loop
    vertex 3718.028395896427 135.80558735524758 -10.756445566917577
    vertex 3717.9241704397123 135.91914850865945 -10.756445568609676
    vertex 3717.9746610574643 135.86087923889195 -7.256445567741443
  endloop
endfacet
facet normal 0.7741414102916313 0.633012386257748 -0.000629059580437417
  outer loop
    vertex 3717.9746610574643 135.86087923889195 -7.256445567741443
    vertex 3717.9241704397123 135.91914850865945 -10.756445568609676
    vertex 3717.8770886115954 135.98020529394185 -7.256445569519437
  endloop
endfacet
facet normal 0.809016925664513 0.5877850102407386 0.0006290664789319806
  outer loop
    vertex 3717.9241704397123 135.91914850865945 -10.756445568609676
    vertex 3717.8335693530958 136.043850247017 -10.756445570467768
    vertex 3717.8770886115954 135.98020529394185 -7.256445569519437
  endloop
endfacet
facet normal 0.841253483831704 0.5406405277380476 -0.0006290533734802017
  outer loop
    vertex 3717.8770886115954 135.98020529394185 -7.256445569519437
    vertex 3717.8335693530958 136.043850247017 -10.756445570467768
    vertex 3717.79375440406 136.10987591390648 -7.256445571451565
  endloop
endfacet
facet normal 0.8707457746352589 0.4917330579120645 0.0006290558744234695
  outer loop
    vertex 3717.8335693530958 136.043850247017 -10.756445570467768
    vertex 3717.7577737026136 136.178066853634 -10.75644557246763
    vertex 3717.79375440406 136.10987591390648 -7.256445571451565
  endloop
endfacet
facet normal 0.897398224695027 0.44122106770589903 -0.0006290681046638723
  outer loop
    vertex 3717.79375440406 136.10987591390648 -7.256445571451565
    vertex 3717.7577737026136 136.178066853634 -10.75644557246763
    vertex 3717.7257446699064 136.24820071105995 -7.256445573512646
  endloop
endfacet
facet normal 0.921123545643056 0.3892698523506939 0.0006290570989864511
  outer loop
    vertex 3717.7577737026136 136.178066853634 -10.75644557246763
    vertex 3717.697771733276 136.320048634163 -10.7564455745832
    vertex 3717.7257446699064 136.24820071105995 -7.256445573512646
  endloop
endfacet
facet normal 0.9418442030096813 0.3360492546362535 -0.0006290591999256789
  outer loop
    vertex 3717.7257446699064 136.24820071105995 -7.256445573512646
    vertex 3717.697771733276 136.320048634163 -10.7564455745832
    vertex 3717.6739460878293 136.39337643628156 -7.256445575675805
  endloop
endfacet
facet normal 0.959492649860698 0.28173295717764085 0.000629049471672132
  outer loop
    vertex 3717.697771733276 136.320048634163 -10.7564455745832
    vertex 3717.654345458023 136.46794468556985 -10.756445576786893
    vertex 3717.6739460878293 136.39337643628156 -7.256445575675805
  endloop
endfacet
facet normal 0.9740116286851754 0.22649713343968267 -0.0006290704717121322
  outer loop
    vertex 3717.6739460878293 136.39337643628156 -7.256445575675805
    vertex 3717.654345458023 136.46794468556985 -10.756445576786893
    vertex 3717.6390338592455 136.54351041858234 -7.256445577912845
  endloop
endfacet
facet normal 0.9853536809599324 0.17052192731890595 0.0006290645100607997
  outer loop
    vertex 3717.654345458023 136.46794468556985 -10.756445576786893
    vertex 3717.6280612401883 136.61982691680538 -10.75644557904998
    vertex 3717.6390338592455 136.54351041858234 -7.256445577912845
  endloop
endfacet
facet normal 0.9934815363033778 0.11399140898521974 -0.0006290483644993207
  outer loop
    vertex 3717.6390338592455 136.54351041858234 -7.256445577912845
    vertex 3717.6280612401883 136.61982691680538 -10.75644557904998
    vertex 3717.6214632444303 136.69664547984638 -7.256445580194601
  endloop
endfacet
facet normal 0.9983689009148751 0.057088895209876436 0.0006290705366601378
  outer loop
    vertex 3717.6280612401883 136.61982691680538 -10.75644557904998
    vertex 3717.619261568062 136.7737153211747 -10.756445581342964
    vertex 3717.6214632444303 136.69664547984638 -7.256445580194601
  endloop
endfacet
facet normal 0.9999998021478614 -9.373029972516674e-12 -0.0006290502666019969
  outer loop
    vertex 3717.6214632444303 136.69664547984638 -7.256445580194601
    vertex 3717.619261568062 136.7737153211747 -10.756445581342964
    vertex 3717.6214632444303 136.85078526680508 -7.256445582491328
  endloop
endfacet
facet normal 0.9983689009148751 -0.05708889519112986 0.0006290722379420205
  outer loop
    vertex 3717.619261568062 136.7737153211747 -10.756445581342964
    vertex 3717.6280612401883 136.92760372554406 -10.75644558363595
    vertex 3717.6214632444303 136.85078526680508 -7.256445582491328
  endloop
endfacet
facet normal 0.9934815363033778 -0.11399140900396569 -0.0006290449674898232
  outer loop
    vertex 3717.6214632444303 136.85078526680508 -7.256445582491328
    vertex 3717.6280612401883 136.92760372554406 -10.75644558363595
    vertex 3717.6390338592455 137.0039203280691 -7.256445584773084
  endloop
endfacet
facet normal 0.9853536809599324 -0.1705219273001594 0.0006290695917122305
  outer loop
    vertex 3717.6280612401883 136.92760372554406 -10.75644558363595
    vertex 3717.654345458023 137.07948595677956 -10.756445585899034
    vertex 3717.6390338592455 137.0039203280691 -7.256445584773084
  endloop
endfacet
facet normal 0.9740116286851754 -0.22649713345842923 -0.0006290637219673901
  outer loop
    vertex 3717.6390338592455 137.0039203280691 -7.256445584773084
    vertex 3717.654345458023 137.07948595677956 -10.756445585899034
    vertex 3717.6739460878293 137.15405431036984 -7.256445587010124
  endloop
endfacet
facet normal 0.9594926498606978 -0.28173295715889474 0.0006290578674761641
  outer loop
    vertex 3717.654345458023 137.07948595677956 -10.756445585899034
    vertex 3717.697771733276 137.22738200818642 -10.75644558810273
    vertex 3717.6739460878293 137.15405431036984 -7.256445587010124
  endloop
endfacet
facet normal 0.9418442030096813 -0.3360492546549998 -0.000629049185464767
  outer loop
    vertex 3717.6739460878293 137.15405431036984 -7.256445587010124
    vertex 3717.697771733276 137.22738200818642 -10.75644558810273
    vertex 3717.7257446699064 137.2992300355915 -7.256445589173284
  endloop
endfacet
facet normal 0.9211235456430562 -0.3892698523319475 0.0006290686994517597
  outer loop
    vertex 3717.697771733276 137.22738200818642 -10.75644558810273
    vertex 3717.7577737026136 137.36936378871545 -10.7564455902183
    vertex 3717.7257446699064 137.2992300355915 -7.256445589173284
  endloop
endfacet
facet normal 0.897398224695027 -0.4412210677246456 -0.0006290549560224904
  outer loop
    vertex 3717.7257446699064 137.2992300355915 -7.256445589173284
    vertex 3717.7577737026136 137.36936378871545 -10.7564455902183
    vertex 3717.79375440406 137.43755483274498 -7.256445591234364
  endloop
endfacet
facet normal 0.8707457746352589 -0.49173305789331806 0.0006290705283511878
  outer loop
    vertex 3717.7577737026136 137.36936378871545 -10.7564455902183
    vertex 3717.8335693530958 137.50358039533245 -10.756445592218162
    vertex 3717.79375440406 137.43755483274498 -7.256445591234364
  endloop
endfacet
facet normal 0.841253483831704 -0.5406405277567935 -0.0006290372620817748
  outer loop
    vertex 3717.79375440406 137.43755483274498 -7.256445591234364
    vertex 3717.8335693530958 137.50358039533245 -10.756445592218162
    vertex 3717.8770886115954 137.56722545270955 -7.256445593166492
  endloop
endfacet
facet normal 0.809016925664513 -0.5877850102219918 0.00062908399526308
  outer loop
    vertex 3717.8335693530958 137.50358039533245 -10.756445592218162
    vertex 3717.9241704397123 137.62828213369 -10.756445594076254
    vertex 3717.8770886115954 137.56722545270955 -7.256445593166492
  endloop
endfacet
facet normal 0.7741414102916313 -0.6330123862764941 -0.0006290407163045213
  outer loop
    vertex 3717.8770886115954 137.56722545270955 -7.256445593166492
    vertex 3717.9241704397123 137.62828213369 -10.756445594076254
    vertex 3717.9746610574643 137.68655150775945 -7.2564455949444895
  endloop
endfacet
facet normal 0.7367410798725783 -0.6761746708453374 0.0006290750246434522
  outer loop
    vertex 3717.9241704397123 137.62828213369 -10.756445594076254
    vertex 3718.028395896427 137.74184328710183 -10.756445595768353
    vertex 3717.9746610574643 137.68655150775945 -7.2564455949444895
  endloop
endfacet
facet normal 0.6969372380608242 -0.7171318501477806 -0.0006290530751524686
  outer loop
    vertex 3718.028395896427 137.74184328710183 -10.756445595768353
    vertex 3718.085199599735 137.79397725706139 -7.256445596545158
    vertex 3717.9746610574643 137.68655150775945 -7.2564455949444895
  endloop
endfacet
facet normal 0.654860654264237 -0.7557493815954078 0.0006290586412987956
  outer loop
    vertex 3718.028395896427 137.74184328710183 -10.756445595768353
    vertex 3718.1448869757573 137.84278339540109 -10.756445597272386
    vertex 3718.085199599735 137.79397725706139 -7.256445596545158
  endloop
endfacet
facet normal 0.6106478512683214 -0.791902017944361 -0.0006290604351287318
  outer loop
    vertex 3718.1448869757573 137.84278339540109 -10.756445597272386
    vertex 3718.207263236515 137.88810240869557 -7.256445597947652
    vertex 3718.085199599735 137.79397725706139 -7.256445596545158
  endloop
endfacet
facet normal 0.564442987336808 -0.8254718155844839 0.0006290643497999428
  outer loop
    vertex 3718.2721250109594 137.92978650724038 -10.75644559856876
    vertex 3718.207263236515 137.88810240869557 -7.256445597947652
    vertex 3718.1448869757573 137.84278339540109 -10.756445597272386
  endloop
endfacet
facet normal 0.5163977067374981 -0.8563486514156126 -0.0006290428559468578
  outer loop
    vertex 3718.2721250109594 137.92978650724038 -10.75644559856876
    vertex 3718.3392607026017 137.9676998818401 -7.256445599133676
    vertex 3718.207263236515 137.88810240869557 -7.256445597947652
  endloop
endfacet
facet normal 0.46666698438878784 -0.8844328860483494 0.0006290927296141055
  outer loop
    vertex 3718.4084513239777 138.00171846543896 -10.756445599640568
    vertex 3718.3392607026017 137.9676998818401 -7.256445599133676
    vertex 3718.2721250109594 137.92978650724038 -10.75644559856876
  endloop
endfacet
facet normal 0.41541481329533525 -0.9096318690687495 -0.0006290224917212544
  outer loop
    vertex 3718.4084513239777 138.00171846543896 -10.756445599640568
    vertex 3718.4794711821 138.03173184042012 -7.256445600087775
    vertex 3718.3392607026017 137.9676998818401 -7.256445599133676
  endloop
endfacet
facet normal 0.36280763008880507 -0.931863846164652 0.0006290950377743557
  outer loop
    vertex 3718.4084513239777 138.00171846543896 -10.756445599640568
    vertex 3718.5520886533177 138.05764156972512 -10.756445600473834
    vertex 3718.4794711821 138.03173184042012 -7.256445600087775
  endloop
endfacet
facet normal 0.3090164888453346 -0.9510564725281305 -0.0006290342205915718
  outer loop
    vertex 3718.5520886533177 138.05764156972512 -10.756445600473834
    vertex 3718.6260668389714 138.07936358099022 -7.256445600797499
    vertex 3718.4794711821 138.03173184042012 -7.256445600087775
  endloop
endfacet
facet normal 0.2542183296311173 -0.9671466513126262 0.0006290741911372331
  outer loop
    vertex 3718.701164459459 138.09682673608407 -10.756445601057708
    vertex 3718.6260668389714 138.07936358099022 -7.256445600797499
    vertex 3718.5520886533177 138.05764156972512 -10.756445600473834
  endloop
endfacet
facet normal 0.19859035676763165 -0.9800823814852192 -0.0006290478250067869
  outer loop
    vertex 3718.701164459459 138.09682673608407 -10.756445601057708
    vertex 3718.7771365545914 138.10997426157036 -7.256445601253606
    vertex 3718.6260668389714 138.07936358099022 -7.256445600797499
  endloop
endfacet
facet normal 0.14231504352256485 -0.9898212124744362 0.0006290650265114754
  outer loop
    vertex 3718.8537353329584 138.11876315271005 -10.756445601384566
    vertex 3718.7771365545914 138.10997426157036 -7.256445601253606
    vertex 3718.701164459459 138.09682673608407 -10.756445601057708
  endloop
endfacet
facet normal 0.085575717601527 -0.9963314713792997 -0.0006290438327920525
  outer loop
    vertex 3718.8537353329584 138.11876315271005 -10.756445601384566
    vertex 3718.9307109244387 138.12316488866844 -7.2564456014501495
    vertex 3718.7771365545914 138.10997426157036 -7.256445601253606
  endloop
endfacet
facet normal 0.02855643574911167 -0.9995919838771947 0.000629083270517513
  outer loop
    vertex 3718.8537353329584 138.11876315271005 -10.756445601384566
    vertex 3719.007812259368 138.12316483651742 -10.756445601450148
    vertex 3718.9307109244387 138.12316488866844 -7.2564456014501495
  endloop
endfacet
facet normal -0.028556435749111674 -0.9995919838959413 -0.0006290534821019393
  outer loop
    vertex 3719.007812259368 138.12316483651742 -10.756445601450148
    vertex 3719.0847878508484 138.11876320486107 -7.256445601384568
    vertex 3718.9307109244387 138.12316488866844 -7.2564456014501495
  endloop
endfacet
facet normal -0.08557571760152703 -0.9963314713605533 0.0006290735240424795
  outer loop
    vertex 3719.1613866292155 138.10997420941933 -10.756445601253604
    vertex 3719.0847878508484 138.11876320486107 -7.256445601384568
    vertex 3719.007812259368 138.12316483651742 -10.756445601450148
  endloop
endfacet
facet normal -0.14231504352256488 -0.9898212124931823 -0.0006290355292705043
  outer loop
    vertex 3719.1613866292155 138.10997420941933 -10.756445601253604
    vertex 3719.237358724348 138.09682678823506 -7.256445601057706
    vertex 3719.0847878508484 138.11876320486107 -7.256445601384568
  endloop
endfacet
facet normal -0.19859035676763162 -0.9800823814664729 0.0006290770320249967
  outer loop
    vertex 3719.312456344835 138.0793635288392 -10.756445600797502
    vertex 3719.237358724348 138.09682678823506 -7.256445601057706
    vertex 3719.1613866292155 138.10997420941933 -10.756445601253604
  endloop
endfacet
facet normal -0.2542183296311173 -0.9671466513313726 -0.0006290453696112157
  outer loop
    vertex 3719.312456344835 138.0793635288392 -10.756445600797502
    vertex 3719.3864345304887 138.05764162187612 -7.2564456004738345
    vertex 3719.237358724348 138.09682678823506 -7.256445601057706
  endloop
endfacet
facet normal -0.3090164888453345 -0.9510564725093845 0.0006290625626210142
  outer loop
    vertex 3719.459052001707 138.03173178826913 -10.756445600087774
    vertex 3719.3864345304887 138.05764162187612 -7.2564456004738345
    vertex 3719.312456344835 138.0793635288392 -10.756445600797502
  endloop
endfacet
facet normal -0.3628076300888051 -0.931863846183399 -0.0006290672676962085
  outer loop
    vertex 3719.459052001707 138.03173178826913 -10.756445600087774
    vertex 3719.530071859829 138.00171851758992 -7.256445599640569
    vertex 3719.3864345304887 138.05764162187612 -7.2564456004738345
  endloop
endfacet
facet normal -0.41541481329533536 -0.909631869050004 0.000629049599273708
  outer loop
    vertex 3719.459052001707 138.03173178826913 -10.756445600087774
    vertex 3719.599262481205 137.96769982968914 -10.756445599133675
    vertex 3719.530071859829 138.00171851758992 -7.256445599640569
  endloop
endfacet
facet normal -0.46666698438878784 -0.8844328860670965 -0.0006290663730058287
  outer loop
    vertex 3719.599262481205 137.96769982968914 -10.756445599133675
    vertex 3719.6663981728475 137.9297865593914 -7.256445598568758
    vertex 3719.530071859829 138.00171851758992 -7.256445599640569
  endloop
endfacet
facet normal -0.5163977067374981 -0.8563486513968663 0.0006290683756288037
  outer loop
    vertex 3719.7312599472916 137.88810235654458 -10.756445597947653
    vertex 3719.6663981728475 137.9297865593914 -7.256445598568758
    vertex 3719.599262481205 137.96769982968914 -10.756445599133675
  endloop
endfacet
facet normal -0.5644429873368081 -0.82547181560323 -0.0006290397502654493
  outer loop
    vertex 3719.7312599472916 137.88810235654458 -10.756445597947653
    vertex 3719.7936362080495 137.84278344755208 -7.256445597272386
    vertex 3719.6663981728475 137.9297865593914 -7.256445598568758
  endloop
endfacet
facet normal -0.6106478512683216 -0.7919020179256142 0.0006290840342639643
  outer loop
    vertex 3719.7312599472916 137.88810235654458 -10.756445597947653
    vertex 3719.853323584072 137.79397720491036 -10.756445596545158
    vertex 3719.7936362080495 137.84278344755208 -7.256445597272386
  endloop
endfacet
facet normal -0.6548606542642371 -0.7557493816141538 -0.000629036119532903
  outer loop
    vertex 3719.853323584072 137.79397720491036 -10.756445596545158
    vertex 3719.91012728738 137.74184333925282 -7.256445595768354
    vertex 3719.7936362080495 137.84278344755208 -7.256445597272386
  endloop
endfacet
facet normal -0.6969372380608242 -0.717131850129034 0.0006290744460937292
  outer loop
    vertex 3719.9638621263425 137.68655145560845 -10.756445594944488
    vertex 3719.91012728738 137.74184333925282 -7.256445595768354
    vertex 3719.853323584072 137.79397720491036 -10.756445596545158
  endloop
endfacet
facet normal -0.7367410798725783 -0.6761746708640841 -0.0006290548742496708
  outer loop
    vertex 3720.0143527440946 137.628282185841 -7.256445594076255
    vertex 3719.91012728738 137.74184333925282 -7.256445595768354
    vertex 3719.9638621263425 137.68655145560845 -10.756445594944488
  endloop
endfacet
facet normal -0.7741414102916314 -0.633012386257748 0.0006290595804374179
  outer loop
    vertex 3720.0614345722115 137.56722540055856 -10.756445593166491
    vertex 3720.0143527440946 137.628282185841 -7.256445594076255
    vertex 3719.9638621263425 137.68655145560845 -10.756445594944488
  endloop
endfacet
facet normal -0.809016925664513 -0.5877850102407386 -0.0006290664789319829
  outer loop
    vertex 3720.104953830711 137.50358044748344 -7.256445592218163
    vertex 3720.0143527440946 137.628282185841 -7.256445594076255
    vertex 3720.0614345722115 137.56722540055856 -10.756445593166491
  endloop
endfacet
facet normal -0.8412534838317037 -0.5406405277380476 0.0006290533734802018
  outer loop
    vertex 3720.1447687797463 137.43755478059396 -10.756445591234366
    vertex 3720.104953830711 137.50358044748344 -7.256445592218163
    vertex 3720.0614345722115 137.56722540055856 -10.756445593166491
  endloop
endfacet
facet normal -0.8707457746352589 -0.4917330579120646 -0.0006290558744234691
  outer loop
    vertex 3720.180749481193 137.36936384086647 -7.2564455902182985
    vertex 3720.104953830711 137.50358044748344 -7.256445592218163
    vertex 3720.1447687797463 137.43755478059396 -10.756445591234366
  endloop
endfacet
facet normal -0.897398224695027 -0.44122106770589903 0.0006290681046638714
  outer loop
    vertex 3720.2127785139005 137.29922998344048 -10.756445589173284
    vertex 3720.180749481193 137.36936384086647 -7.2564455902182985
    vertex 3720.1447687797463 137.43755478059396 -10.756445591234366
  endloop
endfacet
facet normal -0.921123545643056 -0.3892698523506939 -0.0006290570989864511
  outer loop
    vertex 3720.2407514505308 137.22738206033742 -7.2564455881027285
    vertex 3720.180749481193 137.36936384086647 -7.2564455902182985
    vertex 3720.2127785139005 137.29922998344048 -10.756445589173284
  endloop
endfacet
facet normal -0.9418442030096813 -0.33604925463625346 0.0006290591999256796
  outer loop
    vertex 3720.2645770959775 137.15405425821885 -10.756445587010127
    vertex 3720.2407514505308 137.22738206033742 -7.2564455881027285
    vertex 3720.2127785139005 137.29922998344048 -10.756445589173284
  endloop
endfacet
facet normal -0.959492649860698 -0.2817329571776408 -0.0006290494716721325
  outer loop
    vertex 3720.284177725784 137.07948600893056 -7.256445585899035
    vertex 3720.2407514505308 137.22738206033742 -7.2564455881027285
    vertex 3720.2645770959775 137.15405425821885 -10.756445587010127
  endloop
endfacet
facet normal -0.9740116286851754 -0.22649713343968267 0.0006290704717121325
  outer loop
    vertex 3720.2994893245614 137.0039202759181 -10.756445584773084
    vertex 3720.284177725784 137.07948600893056 -7.256445585899035
    vertex 3720.2645770959775 137.15405425821885 -10.756445587010127
  endloop
endfacet
facet normal -0.9853536809599324 -0.17052192731890592 -0.0006290645100607999
  outer loop
    vertex 3720.3104619436185 136.92760377769508 -7.25644558363595
    vertex 3720.284177725784 137.07948600893056 -7.256445585899035
    vertex 3720.2994893245614 137.0039202759181 -10.756445584773084
  endloop
endfacet
facet normal -0.9934815363033778 -0.11399140898521974 0.0006290483644993208
  outer loop
    vertex 3720.3170599393766 136.85078521465405 -10.756445582491327
    vertex 3720.3104619436185 136.92760377769508 -7.25644558363595
    vertex 3720.2994893245614 137.0039202759181 -10.756445584773084
  endloop
endfacet
facet normal -0.9996573388510661 -0.026176418418203715 3.9003615606476525e-10
  outer loop
    vertex 3712.627963965408 136.44138195013414 -13.756445576391105
    vertex 3712.619261687271 136.7737153509753 -8.756445962812693
    vertex 3712.619261687271 136.77371527647384 -13.756445581342964
  endloop
endfacet
facet normal -0.9996573388510661 -0.026176418418203715 3.9003615606476525e-10
  outer loop
    vertex 3712.619261687271 136.7737153509753 -8.756445962812693
    vertex 3712.627963965408 136.44138195013414 -13.756445576391105
    vertex 3712.627963965408 136.44138202463557 -8.756445957860834
  endloop
endfacet
facet normal -0.9996573388510661 0.02617641841820384 -3.900361560743948e-10
  outer loop
    vertex 3712.619261687271 136.77371527647384 -13.756445581342964
    vertex 3712.627963965408 137.10604867731502 -8.756445967764554
    vertex 3712.627963965408 137.10604860281356 -13.756445586294825
  endloop
endfacet
facet normal -0.9996573388510661 0.02617641841820384 -3.900361560743948e-10
  outer loop
    vertex 3712.627963965408 137.10604867731502 -8.756445967764554
    vertex 3712.619261687271 136.77371527647384 -13.756445581342964
    vertex 3712.619261687271 136.7737153509753 -8.756445962812693
  endloop
endfacet
facet normal -0.9969173427367529 0.07845898132586042 -1.1690613665246085e-09
  outer loop
    vertex 3712.627963965408 137.10604860281356 -13.756445586294825
    vertex 3712.654047434799 137.4374710658686 -8.756445972702842
    vertex 3712.654047434799 137.43747099136718 -13.756445591233113
  endloop
endfacet
facet normal -0.9969173427367529 0.07845898132586042 -1.1690613665246085e-09
  outer loop
    vertex 3712.654047434799 137.4374710658686 -8.756445972702842
    vertex 3712.627963965408 137.10604860281356 -13.756445586294825
    vertex 3712.627963965408 137.10604867731502 -8.756445967764554
  endloop
endfacet
facet normal -0.9914448383845682 0.1305263668405638 -1.9448803719245856e-09
  outer loop
    vertex 3712.654047434799 137.43747099136718 -13.756445591233113
    vertex 3712.6974405698697 137.7670742014544 -8.756445977614026
    vertex 3712.6974405698697 137.767074126953 -13.7564455961443
  endloop
endfacet
facet normal -0.9914448383845682 0.1305263668405638 -1.9448803719245856e-09
  outer loop
    vertex 3712.6974405698697 137.7670742014544 -8.756445977614026
    vertex 3712.654047434799 137.43747099136718 -13.756445591233113
    vertex 3712.654047434799 137.4374710658686 -8.756445972702842
  endloop
endfacet
facet normal -0.9832549602681842 0.18223524112534314 -2.7153574569159475e-09
  outer loop
    vertex 3712.6974405698697 137.767074126953 -13.7564455961443
    vertex 3712.7580241613314 138.09395453726222 -8.756445982484635
    vertex 3712.7580241613314 138.0939544627608 -13.756445601014907
  endloop
endfacet
facet normal -0.9832549602681842 0.18223524112534314 -2.7153574569159475e-09
  outer loop
    vertex 3712.7580241613314 138.09395453726222 -8.756445982484635
    vertex 3712.6974405698697 137.767074126953 -13.7564455961443
    vertex 3712.6974405698697 137.7670742014544 -8.756445977614026
  endloop
endfacet
facet normal -0.9723697097649602 0.23344624120256707 -3.4784160731512237e-09
  outer loop
    vertex 3712.7580241613314 138.0939544627608 -13.756445601014907
    vertex 3712.835632746689 138.4172162750857 -8.756445987301332
    vertex 3712.835632746689 138.41721620058425 -13.756445605831603
  endloop
endfacet
facet normal -0.9723697097649602 0.23344624120256707 -3.4784160731512237e-09
  outer loop
    vertex 3712.835632746689 138.4172162750857 -8.756445987301332
    vertex 3712.7580241613314 138.0939544627608 -13.756445601014907
    vertex 3712.7580241613314 138.09395453726222 -8.756445982484635
  endloop
endfacet
facet normal -0.9588198580951784 0.28401492869626044 -4.23190404742569e-09
  outer loop
    vertex 3712.835632746689 138.41721620058425 -13.756445605831603
    vertex 3712.930052702896 138.73597321306633 -8.756445992050898
    vertex 3712.930052702896 138.73597313856493 -13.756445610581169
  endloop
endfacet
facet normal -0.9588198580951784 0.28401492869626044 -4.23190404742569e-09
  outer loop
    vertex 3712.930052702896 138.73597321306633 -8.756445992050898
    vertex 3712.835632746689 138.41721620058425 -13.756445605831603
    vertex 3712.835632746689 138.4172162750857 -8.756445987301332
  endloop
endfacet
facet normal -0.9426413156005915 0.3338073548063104 -4.9738255041669846e-09
  outer loop
    vertex 3712.930052702896 138.73597313856493 -13.756445610581169
    vertex 3713.04102606105 139.04935178553035 -8.756445996720334
    vertex 3713.04102606105 139.0493517110289 -13.756445615250605
  endloop
endfacet
facet normal -0.9426413156005915 0.3338073548063104 -4.9738255041669846e-09
  outer loop
    vertex 3713.04102606105 139.04935178553035 -8.756445996720334
    vertex 3712.930052702896 138.73597313856493 -13.756445610581169
    vertex 3712.930052702896 138.73597321306633 -8.756445992050898
  endloop
endfacet
facet normal -0.9238795671077942 0.3826833488417219 -5.702091859458356e-09
  outer loop
    vertex 3713.04102606105 139.0493517110289 -13.756445615250605
    vertex 3713.1682481222074 139.35649308954643 -8.756446001296823
    vertex 3713.1682481222074 139.356493015045 -13.756445619827094
  endloop
endfacet
facet normal -0.9238795671077942 0.3826833488417219 -5.702091859458356e-09
  outer loop
    vertex 3713.1682481222074 139.35649308954643 -8.756446001296823
    vertex 3713.04102606105 139.0493517110289 -13.756445615250605
    vertex 3713.04102606105 139.04935178553035 -8.756445996720334
  endloop
endfacet
facet normal -0.9025852937278828 0.4305110771468622 -6.414738755233006e-09
  outer loop
    vertex 3713.1682481222074 139.356493015045 -13.756445619827094
    vertex 3713.311370318405 139.65655503069328 -8.756446005767833
    vertex 3713.311370318405 139.65655495619188 -13.756445624298104
  endloop
endfacet
facet normal -0.9025852937278828 0.4305110771468622 -6.414738755233006e-09
  outer loop
    vertex 3713.311370318405 139.65655503069328 -8.756446005767833
    vertex 3713.1682481222074 139.356493015045 -13.756445619827094
    vertex 3713.1682481222074 139.35649308954643 -8.756446001296823
  endloop
endfacet
facet normal -0.8788173535292357 0.4771583166370155 -7.109796026957319e-09
  outer loop
    vertex 3713.311370318405 139.65655495619188 -13.756445624298104
    vertex 3713.4700002126615 139.94871530329158 -8.756446010121104
    vertex 3713.4700002126615 139.94871522879012 -13.75644562865138
  endloop
endfacet
facet normal -0.8788173535292357 0.4771583166370155 -7.109796026957319e-09
  outer loop
    vertex 3713.4700002126615 139.94871530329158 -8.756446010121104
    vertex 3713.311370318405 139.65655495619188 -13.756445624298104
    vertex 3713.311370318405 139.65655503069328 -8.756446005767833
  endloop
endfacet
facet normal -0.8526402832797371 0.5224983706468854 -7.785375859156383e-09
  outer loop
    vertex 3713.4700002126615 139.94871522879012 -13.75644562865138
    vertex 3713.6437034063256 140.2321732977526 -8.756446014344709
    vertex 3713.6437034063256 140.2321732232512 -13.75644563287498
  endloop
endfacet
facet normal -0.8526402832797371 0.5224983706468854 -7.785375859156383e-09
  outer loop
    vertex 3713.6437034063256 140.2321732977526 -8.756446014344709
    vertex 3713.4700002126615 139.94871522879012 -13.75644562865138
    vertex 3713.4700002126615 139.94871530329158 -8.756446010121104
  endloop
endfacet
facet normal -0.8241262643778614 0.5664061266993775 -8.439614041913431e-09
  outer loop
    vertex 3713.6437034063256 140.2321732232512 -13.75644563287498
    vertex 3713.832003539077 140.5061517695086 -8.756446018427068
    vertex 3713.832003539077 140.5061516950072 -13.75644563695734
  endloop
endfacet
facet normal -0.8241262643778614 0.5664061266993775 -8.439614041913431e-09
  outer loop
    vertex 3713.832003539077 140.5061517695086 -8.756446018427068
    vertex 3713.6437034063256 140.2321732232512 -13.75644563287498
    vertex 3713.6437034063256 140.2321732977526 -8.756446014344709
  endloop
endfacet
facet normal -0.7933532735062259 0.6087615160446297 -9.07072151334649e-09
  outer loop
    vertex 3713.832003539077 140.5061516950072 -13.75644563695734
    vertex 3714.034384673111 140.7698999384539 -8.75644602235699
    vertex 3714.034384673111 140.76989986395247 -13.75644564088726
  endloop
endfacet
facet normal -0.7933532735062259 0.6087615160446297 -9.07072151334649e-09
  outer loop
    vertex 3714.034384673111 140.7698999384539 -8.75644602235699
    vertex 3713.832003539077 140.5061516950072 -13.75644563695734
    vertex 3713.832003539077 140.5061517695086 -8.756446018427068
  endloop
endfacet
facet normal -0.7604062831866379 0.6494476764838585 -9.676956994917654e-09
  outer loop
    vertex 3714.034384673111 140.76989986395247 -13.75644564088726
    vertex 3714.250291769973 141.0226949194567 -8.75644602612371
    vertex 3714.250291769973 141.02269484495528 -13.756445644653983
  endloop
endfacet
facet normal -0.7604062831866379 0.6494476764838585 -9.676956994917654e-09
  outer loop
    vertex 3714.250291769973 141.0226949194567 -8.75644602612371
    vertex 3714.034384673111 140.76989986395247 -13.75644564088726
    vertex 3714.034384673111 140.7698999384539 -8.75644602235699
  endloop
endfacet
facet normal -0.7253737303908696 0.6883552507672429 -1.0256691031530315e-08
  outer loop
    vertex 3714.250291769973 141.02269484495528 -13.756445644653983
    vertex 3714.4791335515897 141.26384339128902 -8.75644602971689
    vertex 3714.4791335515897 141.26384331678756 -13.756445648247166
  endloop
endfacet
facet normal -0.7253737303908696 0.6883552507672429 -1.0256691031530315e-08
  outer loop
    vertex 3714.4791335515897 141.26384339128902 -8.75644602971689
    vertex 3714.250291769973 141.02269484495528 -13.756445644653983
    vertex 3714.250291769973 141.0226949194567 -8.75644602612371
  endloop
endfacet
facet normal -0.6883552507672432 0.7253737303908694 -1.0808277014700362e-08
  outer loop
    vertex 3714.7202820234215 141.49268509840377 -13.75644565165697
    vertex 3714.4791335515897 141.26384339128902 -8.75644602971689
    vertex 3714.7202820234215 141.4926851729052 -8.756446033126698
  endloop
endfacet
facet normal -0.6883552507672432 0.7253737303908694 -1.0808277014700362e-08
  outer loop
    vertex 3714.4791335515897 141.26384339128902 -8.75644602971689
    vertex 3714.7202820234215 141.49268509840377 -13.75644565165697
    vertex 3714.4791335515897 141.26384331678756 -13.756445648247166
  endloop
endfacet
facet normal -0.6494476764838587 0.7604062831866378 -1.1330272117421663e-08
  outer loop
    vertex 3714.973077004425 141.7085921952666 -13.756445654874048
    vertex 3714.7202820234215 141.4926851729052 -8.756446033126698
    vertex 3714.973077004425 141.70859226976802 -8.756446036343776
  endloop
endfacet
facet normal -0.6494476764838587 0.7604062831866378 -1.1330272117421663e-08
  outer loop
    vertex 3714.7202820234215 141.4926851729052 -8.756446033126698
    vertex 3714.973077004425 141.7085921952666 -13.756445654874048
    vertex 3714.7202820234215 141.49268509840377 -13.75644565165697
  endloop
endfacet
facet normal -0.6087615160446297 0.7933532735062255 -1.1821191740575276e-08
  outer loop
    vertex 3715.23682517337 141.9109734038012 -8.756446039359318
    vertex 3714.973077004425 141.7085921952666 -13.756445654874048
    vertex 3714.973077004425 141.70859226976802 -8.756446036343776
  endloop
endfacet
facet normal -0.6087615160446297 0.7933532735062255 -1.1821191740575276e-08
  outer loop
    vertex 3714.973077004425 141.7085921952666 -13.756445654874048
    vertex 3715.23682517337 141.9109734038012 -8.756446039359318
    vertex 3715.23682517337 141.91097332929976 -13.75644565788959
  endloop
endfacet
facet normal -0.5664061266993777 0.8241262643778613 -1.2279718146694848e-08
  outer loop
    vertex 3715.5108036451256 142.09927346205123 -13.756445660695315
    vertex 3715.23682517337 141.9109734038012 -8.756446039359318
    vertex 3715.5108036451256 142.09927353655266 -8.756446042165043
  endloop
endfacet
facet normal -0.5664061266993777 0.8241262643778613 -1.2279718146694848e-08
  outer loop
    vertex 3715.23682517337 141.9109734038012 -8.756446039359318
    vertex 3715.5108036451256 142.09927346205123 -13.756445660695315
    vertex 3715.23682517337 141.91097332929976 -13.75644565788959
  endloop
endfacet
facet normal -0.5224983706468854 0.8526402832797368 -1.2704585221992991e-08
  outer loop
    vertex 3715.794261639587 142.2729766557158 -13.756445663283543
    vertex 3715.5108036451256 142.09927353655266 -8.756446042165043
    vertex 3715.794261639587 142.2729767302172 -8.756446044753272
  endloop
endfacet
facet normal -0.5224983706468854 0.8526402832797368 -1.2704585221992991e-08
  outer loop
    vertex 3715.5108036451256 142.09927353655266 -8.756446042165043
    vertex 3715.794261639587 142.2729766557158 -13.756445663283543
    vertex 3715.5108036451256 142.09927346205123 -13.756445660695315
  endloop
endfacet
facet normal -0.4771583166370157 0.8788173535292355 -1.3094631090545523e-08
  outer loop
    vertex 3716.0864219121854 142.43160654997237 -13.756445665647174
    vertex 3715.794261639587 142.2729767302172 -8.756446044753272
    vertex 3716.0864219121854 142.43160662447383 -8.756446047116903
  endloop
endfacet
facet normal -0.4771583166370157 0.8788173535292355 -1.3094631090545523e-08
  outer loop
    vertex 3715.794261639587 142.2729767302172 -8.756446044753272
    vertex 3716.0864219121854 142.43160654997237 -13.756445665647174
    vertex 3715.794261639587 142.2729766557158 -13.756445663283543
  endloop
endfacet
facet normal -0.4305110771468624 0.9025852937278827 -1.3448780228729728e-08
  outer loop
    vertex 3716.3864838533323 142.57472874616988 -13.756445667779731
    vertex 3716.0864219121854 142.43160662447383 -8.756446047116903
    vertex 3716.3864838533323 142.5747288206713 -8.75644604924946
  endloop
endfacet
facet normal -0.4305110771468624 0.9025852937278827 -1.3448780228729728e-08
  outer loop
    vertex 3716.0864219121854 142.43160662447383 -8.756446047116903
    vertex 3716.3864838533323 142.57472874616988 -13.756445667779731
    vertex 3716.0864219121854 142.43160654997237 -13.756445665647174
  endloop
endfacet
facet normal -0.38268334884172195 0.9238795671077941 -1.3766071021663397e-08
  outer loop
    vertex 3716.6936251573484 142.7019508073271 -13.756445669675378
    vertex 3716.3864838533323 142.5747288206713 -8.75644604924946
    vertex 3716.6936251573484 142.70195088182857 -8.756446051145106
  endloop
endfacet
facet normal -0.38268334884172195 0.9238795671077941 -1.3766071021663397e-08
  outer loop
    vertex 3716.3864838533323 142.5747288206713 -8.75644604924946
    vertex 3716.6936251573484 142.7019508073271 -13.756445669675378
    vertex 3716.3864838533323 142.57472874616988 -13.756445667779731
  endloop
endfacet
facet normal -0.3338073548063104 0.9426413156005914 -1.4045626464935877e-08
  outer loop
    vertex 3717.0070037298124 142.8129241654814 -13.756445671328915
    vertex 3716.6936251573484 142.70195088182857 -8.756446051145106
    vertex 3717.0070037298124 142.81292423998286 -8.75644605279864
  endloop
endfacet
facet normal -0.3338073548063104 0.9426413156005914 -1.4045626464935877e-08
  outer loop
    vertex 3716.6936251573484 142.70195088182857 -8.756446051145106
    vertex 3717.0070037298124 142.8129241654814 -13.756445671328915
    vertex 3716.6936251573484 142.7019508073271 -13.756445669675378
  endloop
endfacet
facet normal -0.28401492869626044 0.9588198580951783 -1.4286691396917447e-08
  outer loop
    vertex 3717.3257606677926 142.9073441216887 -13.756445672735797
    vertex 3717.0070037298124 142.81292423998286 -8.75644605279864
    vertex 3717.3257606677926 142.90734419619014 -8.756446054205526
  endloop
endfacet
facet normal -0.28401492869626044 0.9588198580951783 -1.4286691396917447e-08
  outer loop
    vertex 3717.0070037298124 142.81292423998286 -8.75644605279864
    vertex 3717.3257606677926 142.9073441216887 -13.756445672735797
    vertex 3717.0070037298124 142.8129241654814 -13.756445671328915
  endloop
endfacet
facet normal -0.23344624120256702 0.9723697097649601 -1.4488588080270023e-08
  outer loop
    vertex 3717.6490224056165 142.98495270704635 -13.756445673892186
    vertex 3717.3257606677926 142.90734419619014 -8.756446054205526
    vertex 3717.6490224056165 142.9849527815478 -8.756446055361915
  endloop
endfacet
facet normal -0.23344624120256702 0.9723697097649601 -1.4488588080270023e-08
  outer loop
    vertex 3717.3257606677926 142.90734419619014 -8.756446054205526
    vertex 3717.6490224056165 142.98495270704635 -13.756445673892186
    vertex 3717.3257606677926 142.9073441216887 -13.756445672735797
  endloop
endfacet
facet normal -0.1822352411253432 0.983254960268184 -1.4650781440847499e-08
  outer loop
    vertex 3717.975902741424 143.04553629850753 -13.756445674794898
    vertex 3717.6490224056165 142.9849527815478 -8.756446055361915
    vertex 3717.975902741424 143.04553637300896 -8.756446056264627
  endloop
endfacet
facet normal -0.1822352411253432 0.983254960268184 -1.4650781440847499e-08
  outer loop
    vertex 3717.6490224056165 142.9849527815478 -8.756446055361915
    vertex 3717.975902741424 143.04553629850753 -13.756445674794898
    vertex 3717.6490224056165 142.98495270704635 -13.756445673892186
  endloop
endfacet
facet normal -0.13052636684056387 0.9914448383845681 -1.4772812977897488e-08
  outer loop
    vertex 3718.30550587701 143.08892943357833 -13.75644567544147
    vertex 3717.975902741424 143.04553637300896 -8.756446056264627
    vertex 3718.30550587701 143.08892950807976 -8.756446056911198
  endloop
endfacet
facet normal -0.13052636684056387 0.9914448383845681 -1.4772812977897488e-08
  outer loop
    vertex 3717.975902741424 143.04553637300896 -8.756446056264627
    vertex 3718.30550587701 143.08892943357833 -13.75644567544147
    vertex 3717.975902741424 143.04553629850753 -13.756445674794898
  endloop
endfacet
facet normal -0.07845898132586043 0.9969173427367528 -1.4854354865172416e-08
  outer loop
    vertex 3718.6369282655637 143.1150129029692 -13.75644567583012
    vertex 3718.30550587701 143.08892950807976 -8.756446056911198
    vertex 3718.6369282655637 143.11501297747066 -8.756446057299849
  endloop
endfacet
facet normal -0.07845898132586043 0.9969173427367528 -1.4854354865172416e-08
  outer loop
    vertex 3718.30550587701 143.08892950807976 -8.756446056911198
    vertex 3718.6369282655637 143.1150129029692 -13.75644567583012
    vertex 3718.30550587701 143.08892943357833 -13.75644567544147
  endloop
endfacet
facet normal -0.02617641841820375 0.999657338851066 -1.4895181594646777e-08
  outer loop
    vertex 3718.9692615919034 143.12371525560786 -8.75644605742952
    vertex 3718.6369282655637 143.1150129029692 -13.75644567583012
    vertex 3718.6369282655637 143.11501297747066 -8.756446057299849
  endloop
endfacet
facet normal -0.02617641841820375 0.999657338851066 -1.4895181594646777e-08
  outer loop
    vertex 3718.6369282655637 143.1150129029692 -13.75644567583012
    vertex 3718.9692615919034 143.12371525560786 -8.75644605742952
    vertex 3718.9692615919034 143.1237151811064 -13.75644567595979
  endloop
endfacet
facet normal 0.026176418418203812 0.999657338851066 -1.4895181594663044e-08
  outer loop
    vertex 3719.301594918243 143.1150129029692 -13.75644567583012
    vertex 3718.9692615919034 143.12371525560786 -8.75644605742952
    vertex 3719.301594918243 143.11501297747066 -8.756446057299849
  endloop
endfacet
facet normal 0.026176418418203812 0.999657338851066 -1.4895181594663044e-08
  outer loop
    vertex 3718.9692615919034 143.12371525560786 -8.75644605742952
    vertex 3719.301594918243 143.1150129029692 -13.75644567583012
    vertex 3718.9692615919034 143.1237151811064 -13.75644567595979
  endloop
endfacet
facet normal 0.07845898132586045 0.9969173427367528 -1.485435486527029e-08
  outer loop
    vertex 3719.633017306797 143.08892943357833 -13.75644567544147
    vertex 3719.301594918243 143.11501297747066 -8.756446057299849
    vertex 3719.633017306797 143.08892950807976 -8.756446056911198
  endloop
endfacet
facet normal 0.07845898132586045 0.9969173427367528 -1.485435486527029e-08
  outer loop
    vertex 3719.301594918243 143.11501297747066 -8.756446057299849
    vertex 3719.633017306797 143.08892943357833 -13.75644567544147
    vertex 3719.301594918243 143.1150129029692 -13.75644567583012
  endloop
endfacet
facet normal 0.13052636684056385 0.9914448383845681 -1.4772812977897488e-08
  outer loop
    vertex 3719.9626204423826 143.04553629850753 -13.756445674794898
    vertex 3719.633017306797 143.08892950807976 -8.756446056911198
    vertex 3719.9626204423826 143.04553637300896 -8.756446056264627
  endloop
endfacet
facet normal 0.13052636684056385 0.9914448383845681 -1.4772812977897488e-08
  outer loop
    vertex 3719.633017306797 143.08892950807976 -8.756446056911198
    vertex 3719.9626204423826 143.04553629850753 -13.756445674794898
    vertex 3719.633017306797 143.08892943357833 -13.75644567544147
  endloop
endfacet
facet normal 0.1822352411253432 0.983254960268184 -1.4650781440549798e-08
  outer loop
    vertex 3720.2895007781904 142.98495270704635 -13.756445673892186
    vertex 3719.9626204423826 143.04553637300896 -8.756446056264627
    vertex 3720.2895007781904 142.9849527815478 -8.756446055361915
  endloop
endfacet
facet normal 0.1822352411253432 0.983254960268184 -1.4650781440549798e-08
  outer loop
    vertex 3719.9626204423826 143.04553637300896 -8.756446056264627
    vertex 3720.2895007781904 142.98495270704635 -13.756445673892186
    vertex 3719.9626204423826 143.04553629850753 -13.756445674794898
  endloop
endfacet
facet normal 0.2334462412025671 0.9723697097649601 -1.4488588080136231e-08
  outer loop
    vertex 3720.612762516014 142.9073441216887 -13.756445672735797
    vertex 3720.2895007781904 142.9849527815478 -8.756446055361915
    vertex 3720.612762516014 142.90734419619014 -8.756446054205526
  endloop
endfacet
facet normal 0.2334462412025671 0.9723697097649601 -1.4488588080136231e-08
  outer loop
    vertex 3720.2895007781904 142.9849527815478 -8.756446055361915
    vertex 3720.612762516014 142.9073441216887 -13.756445672735797
    vertex 3720.2895007781904 142.98495270704635 -13.756445673892186
  endloop
endfacet
facet normal 0.28401492869626055 0.9588198580951783 -1.4286691396781765e-08
  outer loop
    vertex 3720.9315194539945 142.8129241654814 -13.756445671328915
    vertex 3720.612762516014 142.90734419619014 -8.756446054205526
    vertex 3720.9315194539945 142.81292423998286 -8.75644605279864
  endloop
endfacet
facet normal 0.28401492869626055 0.9588198580951783 -1.4286691396781765e-08
  outer loop
    vertex 3720.612762516014 142.90734419619014 -8.756446054205526
    vertex 3720.9315194539945 142.8129241654814 -13.756445671328915
    vertex 3720.612762516014 142.9073441216887 -13.756445672735797
  endloop
endfacet
facet normal 0.3338073548063105 0.9426413156005914 -1.4045626464935877e-08
  outer loop
    vertex 3721.2448980264585 142.7019508073271 -13.756445669675378
    vertex 3720.9315194539945 142.81292423998286 -8.75644605279864
    vertex 3721.2448980264585 142.70195088182857 -8.756446051145106
  endloop
endfacet
facet normal 0.3338073548063105 0.9426413156005914 -1.4045626464935877e-08
  outer loop
    vertex 3720.9315194539945 142.81292423998286 -8.75644605279864
    vertex 3721.2448980264585 142.7019508073271 -13.756445669675378
    vertex 3720.9315194539945 142.8129241654814 -13.756445671328915
  endloop
endfacet
facet normal 0.38268334884172195 0.9238795671077941 -1.3766071021240954e-08
  outer loop
    vertex 3721.5520393304746 142.57472874616988 -13.756445667779731
    vertex 3721.2448980264585 142.70195088182857 -8.756446051145106
    vertex 3721.5520393304746 142.5747288206713 -8.75644604924946
  endloop
endfacet
facet normal 0.38268334884172195 0.9238795671077941 -1.3766071021240954e-08
  outer loop
    vertex 3721.2448980264585 142.70195088182857 -8.756446051145106
    vertex 3721.5520393304746 142.57472874616988 -13.756445667779731
    vertex 3721.2448980264585 142.7019508073271 -13.756445669675378
  endloop
endfacet
facet normal 0.43051107714686226 0.9025852937278827 -1.3448780230099024e-08
  outer loop
    vertex 3721.8521012716214 142.43160662447383 -8.756446047116903
    vertex 3721.5520393304746 142.57472874616988 -13.756445667779731
    vertex 3721.5520393304746 142.5747288206713 -8.75644604924946
  endloop
endfacet
facet normal 0.43051107714686226 0.9025852937278827 -1.3448780230099024e-08
  outer loop
    vertex 3721.5520393304746 142.57472874616988 -13.756445667779731
    vertex 3721.8521012716214 142.43160662447383 -8.756446047116903
    vertex 3721.8521012716214 142.43160654997237 -13.756445665647174
  endloop
endfacet
facet normal 0.4771583166370156 0.8788173535292356 -1.3094631091063648e-08
  outer loop
    vertex 3722.1442615442197 142.2729766557158 -13.756445663283543
    vertex 3721.8521012716214 142.43160662447383 -8.756446047116903
    vertex 3722.1442615442197 142.2729767302172 -8.756446044753272
  endloop
endfacet
facet normal 0.4771583166370156 0.8788173535292356 -1.3094631091063648e-08
  outer loop
    vertex 3721.8521012716214 142.43160662447383 -8.756446047116903
    vertex 3722.1442615442197 142.2729766557158 -13.756445663283543
    vertex 3721.8521012716214 142.43160654997237 -13.756445665647174
  endloop
endfacet
facet normal 0.5224983706468856 0.852640283279737 -1.2704585221764125e-08
  outer loop
    vertex 3722.427719538681 142.09927346205123 -13.756445660695315
    vertex 3722.1442615442197 142.2729767302172 -8.756446044753272
    vertex 3722.427719538681 142.09927353655266 -8.756446042165043
  endloop
endfacet
facet normal 0.5224983706468856 0.852640283279737 -1.2704585221764125e-08
  outer loop
    vertex 3722.1442615442197 142.2729767302172 -8.756446044753272
    vertex 3722.427719538681 142.09927346205123 -13.756445660695315
    vertex 3722.1442615442197 142.2729766557158 -13.756445663283543
  endloop
endfacet
facet normal 0.5664061266993777 0.8241262643778613 -1.2279718147720929e-08
  outer loop
    vertex 3722.7016980104368 141.91097332929976 -13.75644565788959
    vertex 3722.427719538681 142.09927353655266 -8.756446042165043
    vertex 3722.7016980104368 141.9109734038012 -8.756446039359318
  endloop
endfacet
facet normal 0.5664061266993777 0.8241262643778613 -1.2279718147720929e-08
  outer loop
    vertex 3722.427719538681 142.09927353655266 -8.756446042165043
    vertex 3722.7016980104368 141.91097332929976 -13.75644565788959
    vertex 3722.427719538681 142.09927346205123 -13.756445660695315
  endloop
endfacet
facet normal 0.6087615160446298 0.7933532735062255 -1.182119174090324e-08
  outer loop
    vertex 3722.965446179382 141.7085921952666 -13.756445654874048
    vertex 3722.7016980104368 141.9109734038012 -8.756446039359318
    vertex 3722.965446179382 141.70859226976802 -8.756446036343776
  endloop
endfacet
facet normal 0.6087615160446298 0.7933532735062255 -1.182119174090324e-08
  outer loop
    vertex 3722.7016980104368 141.9109734038012 -8.756446039359318
    vertex 3722.965446179382 141.7085921952666 -13.756445654874048
    vertex 3722.7016980104368 141.91097332929976 -13.75644565788959
  endloop
endfacet
facet normal 0.6494476764838587 0.7604062831866378 -1.133027211810601e-08
  outer loop
    vertex 3723.2182411603853 141.49268509840377 -13.75644565165697
    vertex 3722.965446179382 141.70859226976802 -8.756446036343776
    vertex 3723.2182411603853 141.4926851729052 -8.756446033126698
  endloop
endfacet
facet normal 0.6494476764838587 0.7604062831866378 -1.133027211810601e-08
  outer loop
    vertex 3722.965446179382 141.70859226976802 -8.756446036343776
    vertex 3723.2182411603853 141.49268509840377 -13.75644565165697
    vertex 3722.965446179382 141.7085921952666 -13.756445654874048
  endloop
endfacet
facet normal 0.6883552507672431 0.7253737303908694 -1.0808277014969385e-08
  outer loop
    vertex 3723.459389632217 141.26384331678756 -13.756445648247166
    vertex 3723.2182411603853 141.4926851729052 -8.756446033126698
    vertex 3723.459389632217 141.26384339128902 -8.75644602971689
  endloop
endfacet
facet normal 0.6883552507672431 0.7253737303908694 -1.0808277014969385e-08
  outer loop
    vertex 3723.2182411603853 141.4926851729052 -8.756446033126698
    vertex 3723.459389632217 141.26384331678756 -13.756445648247166
    vertex 3723.2182411603853 141.49268509840377 -13.75644565165697
  endloop
endfacet
facet normal 0.7253737303908696 0.688355250767243 -1.0256691031261292e-08
  outer loop
    vertex 3723.688231413834 141.0226949194567 -8.75644602612371
    vertex 3723.459389632217 141.26384331678756 -13.756445648247166
    vertex 3723.459389632217 141.26384339128902 -8.75644602971689
  endloop
endfacet
facet normal 0.7253737303908696 0.688355250767243 -1.0256691031261292e-08
  outer loop
    vertex 3723.459389632217 141.26384331678756 -13.756445648247166
    vertex 3723.688231413834 141.0226949194567 -8.75644602612371
    vertex 3723.688231413834 141.02269484495528 -13.756445644653983
  endloop
endfacet
facet normal 0.7604062831866379 0.6494476764838585 -9.676956994233308e-09
  outer loop
    vertex 3723.9041385106957 140.7698999384539 -8.75644602235699
    vertex 3723.688231413834 141.02269484495528 -13.756445644653983
    vertex 3723.688231413834 141.0226949194567 -8.75644602612371
  endloop
endfacet
facet normal 0.7604062831866379 0.6494476764838585 -9.676956994233308e-09
  outer loop
    vertex 3723.688231413834 141.02269484495528 -13.756445644653983
    vertex 3723.9041385106957 140.7698999384539 -8.75644602235699
    vertex 3723.9041385106957 140.76989986395247 -13.75644564088726
  endloop
endfacet
facet normal 0.7933532735062259 0.6087615160446296 -9.070721513018524e-09
  outer loop
    vertex 3724.10651964473 140.5061517695086 -8.756446018427068
    vertex 3723.9041385106957 140.76989986395247 -13.75644564088726
    vertex 3723.9041385106957 140.7698999384539 -8.75644602235699
  endloop
endfacet
facet normal 0.7933532735062259 0.6087615160446296 -9.070721513018524e-09
  outer loop
    vertex 3723.9041385106957 140.76989986395247 -13.75644564088726
    vertex 3724.10651964473 140.5061517695086 -8.756446018427068
    vertex 3724.10651964473 140.5061516950072 -13.75644563695734
  endloop
endfacet
facet normal 0.8241262643778614 0.5664061266993775 -8.43961404088735e-09
  outer loop
    vertex 3724.10651964473 140.5061517695086 -8.756446018427068
    vertex 3724.2948197774813 140.2321732232512 -13.75644563287498
    vertex 3724.10651964473 140.5061516950072 -13.75644563695734
  endloop
endfacet
facet normal 0.8241262643778614 0.5664061266993775 -8.43961404088735e-09
  outer loop
    vertex 3724.2948197774813 140.2321732232512 -13.75644563287498
    vertex 3724.10651964473 140.5061517695086 -8.756446018427068
    vertex 3724.2948197774813 140.2321732977526 -8.756446014344709
  endloop
endfacet
facet normal 0.852640283279737 0.5224983706468852 -7.785375859385247e-09
  outer loop
    vertex 3724.2948197774813 140.2321732977526 -8.756446014344709
    vertex 3724.4685229711454 139.94871522879012 -13.75644562865138
    vertex 3724.2948197774813 140.2321732232512 -13.75644563287498
  endloop
endfacet
facet normal 0.852640283279737 0.5224983706468852 -7.785375859385247e-09
  outer loop
    vertex 3724.4685229711454 139.94871522879012 -13.75644562865138
    vertex 3724.2948197774813 140.2321732977526 -8.756446014344709
    vertex 3724.4685229711454 139.94871530329158 -8.756446010121104
  endloop
endfacet
facet normal 0.8788173535292356 0.47715831663701563 -7.109796026439199e-09
  outer loop
    vertex 3724.627152865402 139.65655503069328 -8.756446005767833
    vertex 3724.4685229711454 139.94871522879012 -13.75644562865138
    vertex 3724.4685229711454 139.94871530329158 -8.756446010121104
  endloop
endfacet
facet normal 0.8788173535292356 0.47715831663701563 -7.109796026439199e-09
  outer loop
    vertex 3724.4685229711454 139.94871522879012 -13.75644562865138
    vertex 3724.627152865402 139.65655503069328 -8.756446005767833
    vertex 3724.627152865402 139.65655495619188 -13.756445624298104
  endloop
endfacet
facet normal 0.9025852937278828 0.4305110771468623 -6.414738753863711e-09
  outer loop
    vertex 3724.627152865402 139.65655503069328 -8.756446005767833
    vertex 3724.770275061599 139.356493015045 -13.756445619827094
    vertex 3724.627152865402 139.65655495619188 -13.756445624298104
  endloop
endfacet
facet normal 0.9025852937278828 0.4305110771468623 -6.414738753863711e-09
  outer loop
    vertex 3724.770275061599 139.356493015045 -13.756445619827094
    vertex 3724.627152865402 139.65655503069328 -8.756446005767833
    vertex 3724.770275061599 139.35649308954643 -8.756446001296823
  endloop
endfacet
facet normal 0.9238795671077942 0.3826833488417219 -5.702091859880799e-09
  outer loop
    vertex 3724.8974971227567 139.04935178553035 -8.756445996720334
    vertex 3724.770275061599 139.356493015045 -13.756445619827094
    vertex 3724.770275061599 139.35649308954643 -8.756446001296823
  endloop
endfacet
facet normal 0.9238795671077942 0.3826833488417219 -5.702091859880799e-09
  outer loop
    vertex 3724.770275061599 139.356493015045 -13.756445619827094
    vertex 3724.8974971227567 139.04935178553035 -8.756445996720334
    vertex 3724.8974971227567 139.0493517110289 -13.756445615250605
  endloop
endfacet
facet normal 0.9426413156005917 0.33380735480631035 -4.973825504166984e-09
  outer loop
    vertex 3725.008470480911 138.73597321306633 -8.756445992050898
    vertex 3724.8974971227567 139.0493517110289 -13.756445615250605
    vertex 3724.8974971227567 139.04935178553035 -8.756445996720334
  endloop
endfacet
facet normal 0.9426413156005917 0.33380735480631035 -4.973825504166984e-09
  outer loop
    vertex 3724.8974971227567 139.0493517110289 -13.756445615250605
    vertex 3725.008470480911 138.73597321306633 -8.756445992050898
    vertex 3725.008470480911 138.73597313856493 -13.756445610581169
  endloop
endfacet
facet normal 0.9588198580951787 0.2840149286962604 -4.231904047561373e-09
  outer loop
    vertex 3725.008470480911 138.73597321306633 -8.756445992050898
    vertex 3725.102890437118 138.41721620058425 -13.756445605831603
    vertex 3725.008470480911 138.73597313856493 -13.756445610581169
  endloop
endfacet
facet normal 0.9588198580951787 0.2840149286962604 -4.231904047561373e-09
  outer loop
    vertex 3725.102890437118 138.41721620058425 -13.756445605831603
    vertex 3725.008470480911 138.73597321306633 -8.756445992050898
    vertex 3725.102890437118 138.4172162750857 -8.756445987301332
  endloop
endfacet
facet normal 0.9723697097649602 0.233446241202567 -3.4784160732850144e-09
  outer loop
    vertex 3725.1804990224755 138.09395453726222 -8.756445982484635
    vertex 3725.102890437118 138.41721620058425 -13.756445605831603
    vertex 3725.102890437118 138.4172162750857 -8.756445987301332
  endloop
endfacet
facet normal 0.9723697097649602 0.233446241202567 -3.4784160732850144e-09
  outer loop
    vertex 3725.102890437118 138.41721620058425 -13.756445605831603
    vertex 3725.1804990224755 138.09395453726222 -8.756445982484635
    vertex 3725.1804990224755 138.0939544627608 -13.756445601014907
  endloop
endfacet
facet normal 0.9832549602681842 0.18223524112534314 -2.7153574572136474e-09
  outer loop
    vertex 3725.241082613937 137.7670742014544 -8.756445977614026
    vertex 3725.1804990224755 138.0939544627608 -13.756445601014907
    vertex 3725.1804990224755 138.09395453726222 -8.756445982484635
  endloop
endfacet
facet normal 0.9832549602681842 0.18223524112534314 -2.7153574572136474e-09
  outer loop
    vertex 3725.1804990224755 138.0939544627608 -13.756445601014907
    vertex 3725.241082613937 137.7670742014544 -8.756445977614026
    vertex 3725.241082613937 137.767074126953 -13.7564455961443
  endloop
endfacet
facet normal 0.9914448383845682 0.13052636684056382 -1.944880371924586e-09
  outer loop
    vertex 3725.241082613937 137.7670742014544 -8.756445977614026
    vertex 3725.2844757490075 137.43747099136718 -13.756445591233113
    vertex 3725.241082613937 137.767074126953 -13.7564455961443
  endloop
endfacet
facet normal 0.9914448383845682 0.13052636684056382 -1.944880371924586e-09
  outer loop
    vertex 3725.2844757490075 137.43747099136718 -13.756445591233113
    vertex 3725.241082613937 137.7670742014544 -8.756445977614026
    vertex 3725.2844757490075 137.4374710658686 -8.756445972702842
  endloop
endfacet
facet normal 0.9969173427367529 0.0784589813258604 -1.169061366426735e-09
  outer loop
    vertex 3725.310559218399 137.10604867731502 -8.756445967764554
    vertex 3725.2844757490075 137.43747099136718 -13.756445591233113
    vertex 3725.2844757490075 137.4374710658686 -8.756445972702842
  endloop
endfacet
facet normal 0.9969173427367529 0.0784589813258604 -1.169061366426735e-09
  outer loop
    vertex 3725.2844757490075 137.43747099136718 -13.756445591233113
    vertex 3725.310559218399 137.10604867731502 -8.756445967764554
    vertex 3725.310559218399 137.10604860281356 -13.756445586294825
  endloop
endfacet
facet normal 0.9996573388510661 0.02617641841820378 -3.900361560825277e-10
  outer loop
    vertex 3725.319261496536 136.7737153509753 -8.756445962812693
    vertex 3725.310559218399 137.10604860281356 -13.756445586294825
    vertex 3725.310559218399 137.10604867731502 -8.756445967764554
  endloop
endfacet
facet normal 0.9996573388510661 0.02617641841820378 -3.900361560825277e-10
  outer loop
    vertex 3725.310559218399 137.10604860281356 -13.756445586294825
    vertex 3725.319261496536 136.7737153509753 -8.756445962812693
    vertex 3725.319261496536 136.77371527647384 -13.756445581342964
  endloop
endfacet
facet normal 0.9996573388510661 -0.02617641841820378 3.9003615605812646e-10
  outer loop
    vertex 3725.310559218399 136.44138202463557 -8.756445957860834
    vertex 3725.319261496536 136.77371527647384 -13.756445581342964
    vertex 3725.319261496536 136.7737153509753 -8.756445962812693
  endloop
endfacet
facet normal 0.9996573388510661 -0.02617641841820378 3.9003615605812646e-10
  outer loop
    vertex 3725.319261496536 136.77371527647384 -13.756445581342964
    vertex 3725.310559218399 136.44138202463557 -8.756445957860834
    vertex 3725.310559218399 136.44138195013414 -13.756445576391105
  endloop
endfacet
facet normal 0.9969173427367529 -0.07845898132586042 1.1690613664593597e-09
  outer loop
    vertex 3725.2844757490075 136.10995963608195 -8.756445952922546
    vertex 3725.310559218399 136.44138195013414 -13.756445576391105
    vertex 3725.310559218399 136.44138202463557 -8.756445957860834
  endloop
endfacet
facet normal 0.9969173427367529 -0.07845898132586042 1.1690613664593597e-09
  outer loop
    vertex 3725.310559218399 136.44138195013414 -13.756445576391105
    vertex 3725.2844757490075 136.10995963608195 -8.756445952922546
    vertex 3725.2844757490075 136.10995956158052 -13.756445571452817
  endloop
endfacet
facet normal 0.9914448383845682 -0.1305263668405638 1.9448803719245856e-09
  outer loop
    vertex 3725.241082613937 135.78035650049614 -8.75644594801136
    vertex 3725.2844757490075 136.10995956158052 -13.756445571452817
    vertex 3725.2844757490075 136.10995963608195 -8.756445952922546
  endloop
endfacet
facet normal 0.9914448383845682 -0.1305263668405638 1.9448803719245856e-09
  outer loop
    vertex 3725.2844757490075 136.10995956158052 -13.756445571452817
    vertex 3725.241082613937 135.78035650049614 -8.75644594801136
    vertex 3725.241082613937 135.78035642599474 -13.75644556654163
  endloop
endfacet
facet normal 0.9832549602681842 -0.18223524112534314 2.715357457114414e-09
  outer loop
    vertex 3725.241082613937 135.78035650049614 -8.75644594801136
    vertex 3725.1804990224755 135.4534760901869 -13.756445561671024
    vertex 3725.241082613937 135.78035642599474 -13.75644556654163
  endloop
endfacet
facet normal 0.9832549602681842 -0.18223524112534314 2.715357457114414e-09
  outer loop
    vertex 3725.1804990224755 135.4534760901869 -13.756445561671024
    vertex 3725.241082613937 135.78035650049614 -8.75644594801136
    vertex 3725.1804990224755 135.45347616468834 -8.756445943140752
  endloop
endfacet
facet normal 0.9723697097649602 -0.23344624120256707 3.4784160735526e-09
  outer loop
    vertex 3725.102890437118 135.13021442686488 -8.756445938324056
    vertex 3725.1804990224755 135.4534760901869 -13.756445561671024
    vertex 3725.1804990224755 135.45347616468834 -8.756445943140752
  endloop
endfacet
facet normal 0.9723697097649602 -0.23344624120256707 3.4784160735526e-09
  outer loop
    vertex 3725.1804990224755 135.4534760901869 -13.756445561671024
    vertex 3725.102890437118 135.13021442686488 -8.756445938324056
    vertex 3725.102890437118 135.13021435236342 -13.756445556854327
  endloop
endfacet
facet normal 0.9588198580951784 -0.28401492869626044 4.231904047832739e-09
  outer loop
    vertex 3725.008470480911 134.81145748888423 -8.75644593357449
    vertex 3725.102890437118 135.13021435236342 -13.756445556854327
    vertex 3725.102890437118 135.13021442686488 -8.756445938324056
  endloop
endfacet
facet normal 0.9588198580951784 -0.28401492869626044 4.231904047832739e-09
  outer loop
    vertex 3725.102890437118 135.13021435236342 -13.756445556854327
    vertex 3725.008470480911 134.81145748888423 -8.75644593357449
    vertex 3725.008470480911 134.81145741438277 -13.756445552104761
  endloop
endfacet
facet normal 0.9426413156005915 -0.3338073548063104 4.973825504304996e-09
  outer loop
    vertex 3724.8974971227567 134.49807891642024 -8.756445928905055
    vertex 3725.008470480911 134.81145741438277 -13.756445552104761
    vertex 3725.008470480911 134.81145748888423 -8.75644593357449
  endloop
endfacet
facet normal 0.9426413156005915 -0.3338073548063104 4.973825504304996e-09
  outer loop
    vertex 3725.008470480911 134.81145741438277 -13.756445552104761
    vertex 3724.8974971227567 134.49807891642024 -8.756445928905055
    vertex 3724.8974971227567 134.49807884191878 -13.756445547435327
  endloop
endfacet
facet normal 0.9238795671077942 -0.3826833488417219 5.7020918597399846e-09
  outer loop
    vertex 3724.770275061599 134.19093761240413 -8.756445924328562
    vertex 3724.8974971227567 134.49807884191878 -13.756445547435327
    vertex 3724.8974971227567 134.49807891642024 -8.756445928905055
  endloop
endfacet
facet normal 0.9238795671077942 -0.3826833488417219 5.7020918597399846e-09
  outer loop
    vertex 3724.8974971227567 134.49807884191878 -13.756445547435327
    vertex 3724.770275061599 134.19093761240413 -8.756445924328562
    vertex 3724.770275061599 134.1909375379027 -13.756445542858833
  endloop
endfacet
facet normal 0.9025852937278828 -0.4305110771468622 6.414738753503368e-09
  outer loop
    vertex 3724.627152865402 133.89087567125725 -8.756445919857553
    vertex 3724.770275061599 134.1909375379027 -13.756445542858833
    vertex 3724.770275061599 134.19093761240413 -8.756445924328562
  endloop
endfacet
facet normal 0.9025852937278828 -0.4305110771468622 6.414738753503368e-09
  outer loop
    vertex 3724.770275061599 134.1909375379027 -13.756445542858833
    vertex 3724.627152865402 133.89087567125725 -8.756445919857553
    vertex 3724.627152865402 133.89087559675585 -13.756445538387824
  endloop
endfacet
facet normal 0.8788173535292357 -0.4771583166370155 7.1097960262171445e-09
  outer loop
    vertex 3724.627152865402 133.89087567125725 -8.756445919857553
    vertex 3724.4685229711454 133.59871532415755 -13.756445534034553
    vertex 3724.627152865402 133.89087559675585 -13.756445538387824
  endloop
endfacet
facet normal 0.8788173535292357 -0.4771583166370155 7.1097960262171445e-09
  outer loop
    vertex 3724.4685229711454 133.59871532415755 -13.756445534034553
    vertex 3724.627152865402 133.89087567125725 -8.756445919857553
    vertex 3724.4685229711454 133.598715398659 -8.756445915504282
  endloop
endfacet
facet normal 0.8526402832797371 -0.5224983706468854 7.785375859919278e-09
  outer loop
    vertex 3724.2948197774813 133.31525740419792 -8.756445911280675
    vertex 3724.4685229711454 133.59871532415755 -13.756445534034553
    vertex 3724.4685229711454 133.598715398659 -8.756445915504282
  endloop
endfacet
facet normal 0.8526402832797371 -0.5224983706468854 7.785375859919278e-09
  outer loop
    vertex 3724.4685229711454 133.59871532415755 -13.756445534034553
    vertex 3724.2948197774813 133.31525740419792 -8.756445911280675
    vertex 3724.2948197774813 133.31525732969652 -13.75644552981095
  endloop
endfacet
facet normal 0.8241262643778614 -0.5664061266993775 8.43961404080842e-09
  outer loop
    vertex 3724.2948197774813 133.31525740419792 -8.756445911280675
    vertex 3724.10651964473 133.04127885794054 -13.756445525728589
    vertex 3724.2948197774813 133.31525732969652 -13.75644552981095
  endloop
endfacet
facet normal 0.8241262643778614 -0.5664061266993775 8.43961404080842e-09
  outer loop
    vertex 3724.10651964473 133.04127885794054 -13.756445525728589
    vertex 3724.2948197774813 133.31525740419792 -8.756445911280675
    vertex 3724.10651964473 133.04127893244194 -8.756445907198318
  endloop
endfacet
facet normal 0.7933532735062259 -0.6087615160446297 9.070721513018525e-09
  outer loop
    vertex 3724.10651964473 133.04127893244194 -8.756445907198318
    vertex 3723.9041385106957 132.77753068899523 -13.75644552179867
    vertex 3724.10651964473 133.04127885794054 -13.756445525728589
  endloop
endfacet
facet normal 0.7933532735062259 -0.6087615160446297 9.070721513018525e-09
  outer loop
    vertex 3723.9041385106957 132.77753068899523 -13.75644552179867
    vertex 3724.10651964473 133.04127893244194 -8.756445907198318
    vertex 3723.9041385106957 132.77753076349666 -8.756445903268398
  endloop
endfacet
facet normal 0.7604062831866379 -0.6494476764838585 9.676956994404395e-09
  outer loop
    vertex 3723.688231413834 132.52473578249385 -8.756445899501676
    vertex 3723.9041385106957 132.77753068899523 -13.75644552179867
    vertex 3723.9041385106957 132.77753076349666 -8.756445903268398
  endloop
endfacet
facet normal 0.7604062831866379 -0.6494476764838585 9.676956994404395e-09
  outer loop
    vertex 3723.9041385106957 132.77753068899523 -13.75644552179867
    vertex 3723.688231413834 132.52473578249385 -8.756445899501676
    vertex 3723.688231413834 132.52473570799242 -13.756445518031947
  endloop
endfacet
facet normal 0.7253737303908696 -0.6883552507672429 1.0256691031171616e-08
  outer loop
    vertex 3723.459389632217 132.28358731066157 -8.756445895908495
    vertex 3723.688231413834 132.52473570799242 -13.756445518031947
    vertex 3723.688231413834 132.52473578249385 -8.756445899501676
  endloop
endfacet
facet normal 0.7253737303908696 -0.6883552507672429 1.0256691031171616e-08
  outer loop
    vertex 3723.688231413834 132.52473570799242 -13.756445518031947
    vertex 3723.459389632217 132.28358731066157 -8.756445895908495
    vertex 3723.459389632217 132.28358723616014 -13.756445514438767
  endloop
endfacet
facet normal 0.6883552507672432 -0.7253737303908694 1.0808277014879711e-08
  outer loop
    vertex 3723.2182411603853 132.0547454545439 -13.75644551102896
    vertex 3723.459389632217 132.28358731066157 -8.756445895908495
    vertex 3723.2182411603853 132.05474552904536 -8.756445892498688
  endloop
endfacet
facet normal 0.6883552507672432 -0.7253737303908694 1.0808277014879711e-08
  outer loop
    vertex 3723.459389632217 132.28358731066157 -8.756445895908495
    vertex 3723.2182411603853 132.0547454545439 -13.75644551102896
    vertex 3723.459389632217 132.28358723616014 -13.756445514438767
  endloop
endfacet
facet normal 0.6494476764838587 -0.7604062831866378 1.1330272118277097e-08
  outer loop
    vertex 3722.965446179382 131.83883843218254 -8.756445889281613
    vertex 3723.2182411603853 132.0547454545439 -13.75644551102896
    vertex 3723.2182411603853 132.05474552904536 -8.756445892498688
  endloop
endfacet
facet normal 0.6494476764838587 -0.7604062831866378 1.1330272118277097e-08
  outer loop
    vertex 3723.2182411603853 132.0547454545439 -13.75644551102896
    vertex 3722.965446179382 131.83883843218254 -8.756445889281613
    vertex 3722.965446179382 131.8388383576811 -13.756445507811884
  endloop
endfacet
facet normal 0.6087615160446297 -0.7933532735062255 1.182119174090324e-08
  outer loop
    vertex 3722.7016980104368 131.6364572236479 -13.756445504796341
    vertex 3722.965446179382 131.83883843218254 -8.756445889281613
    vertex 3722.7016980104368 131.63645729814937 -8.75644588626607
  endloop
endfacet
facet normal 0.6087615160446297 -0.7933532735062255 1.182119174090324e-08
  outer loop
    vertex 3722.965446179382 131.83883843218254 -8.756445889281613
    vertex 3722.7016980104368 131.6364572236479 -13.756445504796341
    vertex 3722.965446179382 131.8388383576811 -13.756445507811884
  endloop
endfacet
facet normal 0.5664061266993777 -0.8241262643778613 1.2279718147642e-08
  outer loop
    vertex 3722.427719538681 131.44815709089644 -13.756445501990616
    vertex 3722.7016980104368 131.63645729814937 -8.75644588626607
    vertex 3722.427719538681 131.4481571653979 -8.756445883460344
  endloop
endfacet
facet normal 0.5664061266993777 -0.8241262643778613 1.2279718147642e-08
  outer loop
    vertex 3722.7016980104368 131.63645729814937 -8.75644588626607
    vertex 3722.427719538681 131.44815709089644 -13.756445501990616
    vertex 3722.7016980104368 131.6364572236479 -13.756445504796341
  endloop
endfacet
facet normal 0.5224983706468854 -0.8526402832797368 1.2704585222298151e-08
  outer loop
    vertex 3722.1442615442197 131.27445389723192 -13.756445499402389
    vertex 3722.427719538681 131.4481571653979 -8.756445883460344
    vertex 3722.1442615442197 131.27445397173332 -8.756445880872118
  endloop
endfacet
facet normal 0.5224983706468854 -0.8526402832797368 1.2704585222298151e-08
  outer loop
    vertex 3722.427719538681 131.4481571653979 -8.756445883460344
    vertex 3722.1442615442197 131.27445389723192 -13.756445499402389
    vertex 3722.427719538681 131.44815709089644 -13.756445501990616
  endloop
endfacet
facet normal 0.4771583166370157 -0.8788173535292355 1.3094631090841594e-08
  outer loop
    vertex 3721.8521012716214 131.1158240029753 -13.756445497038758
    vertex 3722.1442615442197 131.27445397173332 -8.756445880872118
    vertex 3721.8521012716214 131.11582407747676 -8.756445878508487
  endloop
endfacet
facet normal 0.4771583166370157 -0.8788173535292355 1.3094631090841594e-08
  outer loop
    vertex 3722.1442615442197 131.27445397173332 -8.756445880872118
    vertex 3721.8521012716214 131.1158240029753 -13.756445497038758
    vertex 3722.1442615442197 131.27445389723192 -13.756445499402389
  endloop
endfacet
facet normal 0.4305110771468624 -0.9025852937278827 1.3448780229738683e-08
  outer loop
    vertex 3721.5520393304746 130.97270188127925 -8.75644587637593
    vertex 3721.8521012716214 131.1158240029753 -13.756445497038758
    vertex 3721.8521012716214 131.11582407747676 -8.756445878508487
  endloop
endfacet
facet normal 0.4305110771468624 -0.9025852937278827 1.3448780229738683e-08
  outer loop
    vertex 3721.8521012716214 131.1158240029753 -13.756445497038758
    vertex 3721.5520393304746 130.97270188127925 -8.75644587637593
    vertex 3721.5520393304746 130.9727018067778 -13.7564454949062
  endloop
endfacet
facet normal 0.38268334884172195 -0.9238795671077941 1.376607102110014e-08
  outer loop
    vertex 3721.2448980264585 130.84547974562057 -13.75644549301055
    vertex 3721.5520393304746 130.97270188127925 -8.75644587637593
    vertex 3721.2448980264585 130.84547982012202 -8.75644587448028
  endloop
endfacet
facet normal 0.38268334884172195 -0.9238795671077941 1.376607102110014e-08
  outer loop
    vertex 3721.5520393304746 130.97270188127925 -8.75644587637593
    vertex 3721.2448980264585 130.84547974562057 -13.75644549301055
    vertex 3721.5520393304746 130.9727018067778 -13.7564454949062
  endloop
endfacet
facet normal 0.3338073548063104 -0.9426413156005914 1.4045626465073887e-08
  outer loop
    vertex 3720.9315194539945 130.73450638746627 -13.756445491357017
    vertex 3721.2448980264585 130.84547982012202 -8.75644587448028
    vertex 3720.9315194539945 130.73450646196773 -8.756445872826745
  endloop
endfacet
facet normal 0.3338073548063104 -0.9426413156005914 1.4045626465073887e-08
  outer loop
    vertex 3721.2448980264585 130.84547982012202 -8.75644587448028
    vertex 3720.9315194539945 130.73450638746627 -13.756445491357017
    vertex 3721.2448980264585 130.84547974562057 -13.75644549301055
  endloop
endfacet
facet normal 0.28401492869626044 -0.9588198580951783 1.4286691397053131e-08
  outer loop
    vertex 3720.612762516014 130.640086431259 -13.756445489950131
    vertex 3720.9315194539945 130.73450646196773 -8.756445872826745
    vertex 3720.612762516014 130.64008650576042 -8.75644587141986
  endloop
endfacet
facet normal 0.28401492869626044 -0.9588198580951783 1.4286691397053131e-08
  outer loop
    vertex 3720.9315194539945 130.73450646196773 -8.756445872826745
    vertex 3720.612762516014 130.640086431259 -13.756445489950131
    vertex 3720.9315194539945 130.73450638746627 -13.756445491357017
  endloop
endfacet
facet normal 0.23344624120256702 -0.9723697097649601 1.4488588080403814e-08
  outer loop
    vertex 3720.2895007781904 130.56247792040278 -8.756445870263473
    vertex 3720.612762516014 130.640086431259 -13.756445489950131
    vertex 3720.612762516014 130.64008650576042 -8.75644587141986
  endloop
endfacet
facet normal 0.23344624120256702 -0.9723697097649601 1.4488588080403814e-08
  outer loop
    vertex 3720.612762516014 130.640086431259 -13.756445489950131
    vertex 3720.2895007781904 130.56247792040278 -8.756445870263473
    vertex 3720.2895007781904 130.56247784590133 -13.756445488793744
  endloop
endfacet
facet normal 0.1822352411253432 -0.983254960268184 1.4650781440450564e-08
  outer loop
    vertex 3719.9626204423826 130.50189425444017 -13.756445487891028
    vertex 3720.2895007781904 130.56247792040278 -8.756445870263473
    vertex 3719.9626204423826 130.5018943289416 -8.756445869360757
  endloop
endfacet
facet normal 0.1822352411253432 -0.983254960268184 1.4650781440450564e-08
  outer loop
    vertex 3720.2895007781904 130.56247792040278 -8.756445870263473
    vertex 3719.9626204423826 130.50189425444017 -13.756445487891028
    vertex 3720.2895007781904 130.56247784590133 -13.756445488793744
  endloop
endfacet
facet normal 0.13052636684056387 -0.9914448383845681 1.4772812977897488e-08
  outer loop
    vertex 3719.633017306797 130.45850111936934 -13.75644548724446
    vertex 3719.9626204423826 130.5018943289416 -8.756445869360757
    vertex 3719.633017306797 130.4585011938708 -8.756445868714188
  endloop
endfacet
facet normal 0.13052636684056387 -0.9914448383845681 1.4772812977897488e-08
  outer loop
    vertex 3719.9626204423826 130.5018943289416 -8.756445869360757
    vertex 3719.633017306797 130.45850111936934 -13.75644548724446
    vertex 3719.9626204423826 130.50189425444017 -13.756445487891028
  endloop
endfacet
facet normal 0.07845898132586043 -0.9969173427367528 1.4854354865302916e-08
  outer loop
    vertex 3719.301594918243 130.43241764997848 -13.75644548685581
    vertex 3719.633017306797 130.4585011938708 -8.756445868714188
    vertex 3719.301594918243 130.43241772447993 -8.756445868325537
  endloop
endfacet
facet normal 0.07845898132586043 -0.9969173427367528 1.4854354865302916e-08
  outer loop
    vertex 3719.633017306797 130.4585011938708 -8.756445868714188
    vertex 3719.301594918243 130.43241764997848 -13.75644548685581
    vertex 3719.633017306797 130.45850111936934 -13.75644548724446
  endloop
endfacet
facet normal 0.026176418418203805 -0.999657338851066 1.4895181594663044e-08
  outer loop
    vertex 3718.9692615919034 130.42371537184127 -13.75644548672614
    vertex 3719.301594918243 130.43241772447993 -8.756445868325537
    vertex 3718.9692615919034 130.42371544634273 -8.756445868195868
  endloop
endfacet
facet normal 0.026176418418203805 -0.999657338851066 1.4895181594663044e-08
  outer loop
    vertex 3719.301594918243 130.43241772447993 -8.756445868325537
    vertex 3718.9692615919034 130.42371537184127 -13.75644548672614
    vertex 3719.301594918243 130.43241764997848 -13.75644548685581
  endloop
endfacet
facet normal -0.02617641841820375 -0.999657338851066 1.489518159463051e-08
  outer loop
    vertex 3718.6369282655637 130.43241764997848 -13.75644548685581
    vertex 3718.9692615919034 130.42371544634273 -8.756445868195868
    vertex 3718.6369282655637 130.43241772447993 -8.756445868325537
  endloop
endfacet
facet normal -0.02617641841820375 -0.999657338851066 1.489518159463051e-08
  outer loop
    vertex 3718.9692615919034 130.42371544634273 -8.756445868195868
    vertex 3718.6369282655637 130.43241764997848 -13.75644548685581
    vertex 3718.9692615919034 130.42371537184127 -13.75644548672614
  endloop
endfacet
facet normal -0.07845898132586045 -0.9969173427367528 1.4854354865205042e-08
  outer loop
    vertex 3718.30550587701 130.45850111936934 -13.75644548724446
    vertex 3718.6369282655637 130.43241772447993 -8.756445868325537
    vertex 3718.30550587701 130.4585011938708 -8.756445868714188
  endloop
endfacet
facet normal -0.07845898132586045 -0.9969173427367528 1.4854354865205042e-08
  outer loop
    vertex 3718.6369282655637 130.43241772447993 -8.756445868325537
    vertex 3718.30550587701 130.45850111936934 -13.75644548724446
    vertex 3718.6369282655637 130.43241764997848 -13.75644548685581
  endloop
endfacet
facet normal -0.13052636684056385 -0.9914448383845681 1.4772812977897488e-08
  outer loop
    vertex 3717.975902741424 130.50189425444017 -13.756445487891028
    vertex 3718.30550587701 130.4585011938708 -8.756445868714188
    vertex 3717.975902741424 130.5018943289416 -8.756445869360757
  endloop
endfacet
facet normal -0.13052636684056385 -0.9914448383845681 1.4772812977897488e-08
  outer loop
    vertex 3718.30550587701 130.4585011938708 -8.756445868714188
    vertex 3717.975902741424 130.50189425444017 -13.756445487891028
    vertex 3718.30550587701 130.45850111936934 -13.75644548724446
  endloop
endfacet
facet normal -0.1822352411253432 -0.983254960268184 1.4650781440748265e-08
  outer loop
    vertex 3717.6490224056165 130.56247792040278 -8.756445870263473
    vertex 3717.975902741424 130.50189425444017 -13.756445487891028
    vertex 3717.975902741424 130.5018943289416 -8.756445869360757
  endloop
endfacet
facet normal -0.1822352411253432 -0.983254960268184 1.4650781440748265e-08
  outer loop
    vertex 3717.975902741424 130.50189425444017 -13.756445487891028
    vertex 3717.6490224056165 130.56247792040278 -8.756445870263473
    vertex 3717.6490224056165 130.56247784590133 -13.756445488793744
  endloop
endfacet
facet normal -0.2334462412025671 -0.9723697097649601 1.4488588080537606e-08
  outer loop
    vertex 3717.3257606677926 130.640086431259 -13.756445489950131
    vertex 3717.6490224056165 130.56247792040278 -8.756445870263473
    vertex 3717.3257606677926 130.64008650576042 -8.75644587141986
  endloop
endfacet
facet normal -0.2334462412025671 -0.9723697097649601 1.4488588080537606e-08
  outer loop
    vertex 3717.6490224056165 130.56247792040278 -8.756445870263473
    vertex 3717.3257606677926 130.640086431259 -13.756445489950131
    vertex 3717.6490224056165 130.56247784590133 -13.756445488793744
  endloop
endfacet
facet normal -0.28401492869626055 -0.9588198580951783 1.4286691397188813e-08
  outer loop
    vertex 3717.0070037298124 130.73450638746627 -13.756445491357017
    vertex 3717.3257606677926 130.64008650576042 -8.75644587141986
    vertex 3717.0070037298124 130.73450646196773 -8.756445872826745
  endloop
endfacet
facet normal -0.28401492869626055 -0.9588198580951783 1.4286691397188813e-08
  outer loop
    vertex 3717.3257606677926 130.64008650576042 -8.75644587141986
    vertex 3717.0070037298124 130.73450638746627 -13.756445491357017
    vertex 3717.3257606677926 130.640086431259 -13.756445489950131
  endloop
endfacet
facet normal -0.3338073548063105 -0.9426413156005914 1.4045626465073887e-08
  outer loop
    vertex 3716.6936251573484 130.84547974562057 -13.75644549301055
    vertex 3717.0070037298124 130.73450646196773 -8.756445872826745
    vertex 3716.6936251573484 130.84547982012202 -8.75644587448028
  endloop
endfacet
facet normal -0.3338073548063105 -0.9426413156005914 1.4045626465073887e-08
  outer loop
    vertex 3717.0070037298124 130.73450646196773 -8.756445872826745
    vertex 3716.6936251573484 130.84547974562057 -13.75644549301055
    vertex 3717.0070037298124 130.73450638746627 -13.756445491357017
  endloop
endfacet
facet normal -0.38268334884172195 -0.9238795671077941 1.3766071021522583e-08
  outer loop
    vertex 3716.3864838533323 130.97270188127925 -8.75644587637593
    vertex 3716.6936251573484 130.84547974562057 -13.75644549301055
    vertex 3716.6936251573484 130.84547982012202 -8.75644587448028
  endloop
endfacet
facet normal -0.38268334884172195 -0.9238795671077941 1.3766071021522583e-08
  outer loop
    vertex 3716.6936251573484 130.84547974562057 -13.75644549301055
    vertex 3716.3864838533323 130.97270188127925 -8.75644587637593
    vertex 3716.3864838533323 130.9727018067778 -13.7564454949062
  endloop
endfacet
facet normal -0.43051107714686226 -0.9025852937278827 1.3448780228369386e-08
  outer loop
    vertex 3716.0864219121854 131.1158240029753 -13.756445497038758
    vertex 3716.3864838533323 130.97270188127925 -8.75644587637593
    vertex 3716.0864219121854 131.11582407747676 -8.756445878508487
  endloop
endfacet
facet normal -0.43051107714686226 -0.9025852937278827 1.3448780228369386e-08
  outer loop
    vertex 3716.3864838533323 130.97270188127925 -8.75644587637593
    vertex 3716.0864219121854 131.1158240029753 -13.756445497038758
    vertex 3716.3864838533323 130.9727018067778 -13.7564454949062
  endloop
endfacet
facet normal -0.4771583166370156 -0.8788173535292356 1.3094631090323473e-08
  outer loop
    vertex 3715.794261639587 131.27445389723192 -13.756445499402389
    vertex 3716.0864219121854 131.11582407747676 -8.756445878508487
    vertex 3715.794261639587 131.27445397173332 -8.756445880872118
  endloop
endfacet
facet normal -0.4771583166370156 -0.8788173535292356 1.3094631090323473e-08
  outer loop
    vertex 3716.0864219121854 131.11582407747676 -8.756445878508487
    vertex 3715.794261639587 131.27445389723192 -13.756445499402389
    vertex 3716.0864219121854 131.1158240029753 -13.756445497038758
  endloop
endfacet
facet normal -0.5224983706468856 -0.852640283279737 1.270458522252702e-08
  outer loop
    vertex 3715.5108036451256 131.44815709089644 -13.756445501990616
    vertex 3715.794261639587 131.27445397173332 -8.756445880872118
    vertex 3715.5108036451256 131.4481571653979 -8.756445883460344
  endloop
endfacet
facet normal -0.5224983706468856 -0.852640283279737 1.270458522252702e-08
  outer loop
    vertex 3715.794261639587 131.27445397173332 -8.756445880872118
    vertex 3715.5108036451256 131.44815709089644 -13.756445501990616
    vertex 3715.794261639587 131.27445389723192 -13.756445499402389
  endloop
endfacet
facet normal -0.5664061266993777 -0.8241262643778613 1.2279718146615918e-08
  outer loop
    vertex 3715.23682517337 131.6364572236479 -13.756445504796341
    vertex 3715.5108036451256 131.4481571653979 -8.756445883460344
    vertex 3715.23682517337 131.63645729814937 -8.75644588626607
  endloop
endfacet
facet normal -0.5664061266993777 -0.8241262643778613 1.2279718146615918e-08
  outer loop
    vertex 3715.5108036451256 131.4481571653979 -8.756445883460344
    vertex 3715.23682517337 131.6364572236479 -13.756445504796341
    vertex 3715.5108036451256 131.44815709089644 -13.756445501990616
  endloop
endfacet
facet normal -0.6087615160446298 -0.7933532735062255 1.1821191740575276e-08
  outer loop
    vertex 3714.973077004425 131.83883843218254 -8.756445889281613
    vertex 3715.23682517337 131.6364572236479 -13.756445504796341
    vertex 3715.23682517337 131.63645729814937 -8.75644588626607
  endloop
endfacet
facet normal -0.6087615160446298 -0.7933532735062255 1.1821191740575276e-08
  outer loop
    vertex 3715.23682517337 131.6364572236479 -13.756445504796341
    vertex 3714.973077004425 131.83883843218254 -8.756445889281613
    vertex 3714.973077004425 131.8388383576811 -13.756445507811884
  endloop
endfacet
facet normal -0.6494476764838587 -0.7604062831866378 1.133027211759275e-08
  outer loop
    vertex 3714.7202820234215 132.0547454545439 -13.75644551102896
    vertex 3714.973077004425 131.83883843218254 -8.756445889281613
    vertex 3714.7202820234215 132.05474552904536 -8.756445892498688
  endloop
endfacet
facet normal -0.6494476764838587 -0.7604062831866378 1.133027211759275e-08
  outer loop
    vertex 3714.973077004425 131.83883843218254 -8.756445889281613
    vertex 3714.7202820234215 132.0547454545439 -13.75644551102896
    vertex 3714.973077004425 131.8388383576811 -13.756445507811884
  endloop
endfacet
facet normal -0.6883552507672431 -0.7253737303908694 1.0808277014610687e-08
  outer loop
    vertex 3714.4791335515897 132.28358723616014 -13.756445514438767
    vertex 3714.7202820234215 132.05474552904536 -8.756445892498688
    vertex 3714.4791335515897 132.28358731066157 -8.756445895908495
  endloop
endfacet
facet normal -0.6883552507672431 -0.7253737303908694 1.0808277014610687e-08
  outer loop
    vertex 3714.7202820234215 132.05474552904536 -8.756445892498688
    vertex 3714.4791335515897 132.28358723616014 -13.756445514438767
    vertex 3714.7202820234215 132.0547454545439 -13.75644551102896
  endloop
endfacet
facet normal -0.7253737303908696 -0.688355250767243 1.0256691031440642e-08
  outer loop
    vertex 3714.4791335515897 132.28358723616014 -13.756445514438767
    vertex 3714.250291769973 132.52473578249385 -8.756445899501676
    vertex 3714.250291769973 132.52473570799242 -13.756445518031947
  endloop
endfacet
facet normal -0.7253737303908696 -0.688355250767243 1.0256691031440642e-08
  outer loop
    vertex 3714.250291769973 132.52473578249385 -8.756445899501676
    vertex 3714.4791335515897 132.28358723616014 -13.756445514438767
    vertex 3714.4791335515897 132.28358731066157 -8.756445895908495
  endloop
endfacet
facet normal -0.7604062831866379 -0.6494476764838585 9.676956995088742e-09
  outer loop
    vertex 3714.250291769973 132.52473570799242 -13.756445518031947
    vertex 3714.034384673111 132.77753076349666 -8.756445903268398
    vertex 3714.034384673111 132.77753068899523 -13.75644552179867
  endloop
endfacet
facet normal -0.7604062831866379 -0.6494476764838585 9.676956995088742e-09
  outer loop
    vertex 3714.034384673111 132.77753076349666 -8.756445903268398
    vertex 3714.250291769973 132.52473570799242 -13.756445518031947
    vertex 3714.250291769973 132.52473578249385 -8.756445899501676
  endloop
endfacet
facet normal -0.7933532735062259 -0.6087615160446296 9.070721513346488e-09
  outer loop
    vertex 3714.034384673111 132.77753068899523 -13.75644552179867
    vertex 3713.832003539077 133.04127893244194 -8.756445907198318
    vertex 3713.832003539077 133.04127885794054 -13.756445525728589
  endloop
endfacet
facet normal -0.7933532735062259 -0.6087615160446296 9.070721513346488e-09
  outer loop
    vertex 3713.832003539077 133.04127893244194 -8.756445907198318
    vertex 3714.034384673111 132.77753068899523 -13.75644552179867
    vertex 3714.034384673111 132.77753076349666 -8.756445903268398
  endloop
endfacet
facet normal -0.8241262643778614 -0.5664061266993775 8.439614041834501e-09
  outer loop
    vertex 3713.832003539077 133.04127885794054 -13.756445525728589
    vertex 3713.6437034063256 133.31525740419792 -8.756445911280675
    vertex 3713.6437034063256 133.31525732969652 -13.75644552981095
  endloop
endfacet
facet normal -0.8241262643778614 -0.5664061266993775 8.439614041834501e-09
  outer loop
    vertex 3713.6437034063256 133.31525740419792 -8.756445911280675
    vertex 3713.832003539077 133.04127885794054 -13.756445525728589
    vertex 3713.832003539077 133.04127893244194 -8.756445907198318
  endloop
endfacet
facet normal -0.852640283279737 -0.5224983706468852 7.785375859690407e-09
  outer loop
    vertex 3713.6437034063256 133.31525732969652 -13.75644552981095
    vertex 3713.4700002126615 133.598715398659 -8.756445915504282
    vertex 3713.4700002126615 133.59871532415755 -13.756445534034553
  endloop
endfacet
facet normal -0.852640283279737 -0.5224983706468852 7.785375859690407e-09
  outer loop
    vertex 3713.4700002126615 133.598715398659 -8.756445915504282
    vertex 3713.6437034063256 133.31525732969652 -13.75644552981095
    vertex 3713.6437034063256 133.31525740419792 -8.756445911280675
  endloop
endfacet
facet normal -0.8788173535292356 -0.47715831663701563 7.109796026735268e-09
  outer loop
    vertex 3713.4700002126615 133.59871532415755 -13.756445534034553
    vertex 3713.311370318405 133.89087567125725 -8.756445919857553
    vertex 3713.311370318405 133.89087559675585 -13.756445538387824
  endloop
endfacet
facet normal -0.8788173535292356 -0.47715831663701563 7.109796026735268e-09
  outer loop
    vertex 3713.311370318405 133.89087567125725 -8.756445919857553
    vertex 3713.4700002126615 133.59871532415755 -13.756445534034553
    vertex 3713.4700002126615 133.598715398659 -8.756445915504282
  endloop
endfacet
facet normal -0.9025852937278828 -0.4305110771468623 6.414738754872666e-09
  outer loop
    vertex 3713.311370318405 133.89087559675585 -13.756445538387824
    vertex 3713.1682481222074 134.19093761240413 -8.756445924328562
    vertex 3713.1682481222074 134.1909375379027 -13.756445542858833
  endloop
endfacet
facet normal -0.9025852937278828 -0.4305110771468623 6.414738754872666e-09
  outer loop
    vertex 3713.1682481222074 134.19093761240413 -8.756445924328562
    vertex 3713.311370318405 133.89087559675585 -13.756445538387824
    vertex 3713.311370318405 133.89087567125725 -8.756445919857553
  endloop
endfacet
facet normal -0.9238795671077942 -0.3826833488417219 5.702091859317542e-09
  outer loop
    vertex 3713.1682481222074 134.1909375379027 -13.756445542858833
    vertex 3713.04102606105 134.49807891642024 -8.756445928905055
    vertex 3713.04102606105 134.49807884191878 -13.756445547435327
  endloop
endfacet
facet normal -0.9238795671077942 -0.3826833488417219 5.702091859317542e-09
  outer loop
    vertex 3713.04102606105 134.49807891642024 -8.756445928905055
    vertex 3713.1682481222074 134.1909375379027 -13.756445542858833
    vertex 3713.1682481222074 134.19093761240413 -8.756445924328562
  endloop
endfacet
facet normal -0.9426413156005917 -0.33380735480631035 4.9738255043049955e-09
  outer loop
    vertex 3713.04102606105 134.49807884191878 -13.756445547435327
    vertex 3712.930052702896 134.81145748888423 -8.75644593357449
    vertex 3712.930052702896 134.81145741438277 -13.756445552104761
  endloop
endfacet
facet normal -0.9426413156005917 -0.33380735480631035 4.9738255043049955e-09
  outer loop
    vertex 3712.930052702896 134.81145748888423 -8.75644593357449
    vertex 3713.04102606105 134.49807884191878 -13.756445547435327
    vertex 3713.04102606105 134.49807891642024 -8.756445928905055
  endloop
endfacet
facet normal -0.9588198580951787 -0.2840149286962604 4.231904047697055e-09
  outer loop
    vertex 3712.930052702896 134.81145741438277 -13.756445552104761
    vertex 3712.835632746689 135.13021442686488 -8.756445938324056
    vertex 3712.835632746689 135.13021435236342 -13.756445556854327
  endloop
endfacet
facet normal -0.9588198580951787 -0.2840149286962604 4.231904047697055e-09
  outer loop
    vertex 3712.835632746689 135.13021442686488 -8.756445938324056
    vertex 3712.930052702896 134.81145741438277 -13.756445552104761
    vertex 3712.930052702896 134.81145748888423 -8.75644593357449
  endloop
endfacet
facet normal -0.9723697097649602 -0.233446241202567 3.4784160734188067e-09
  outer loop
    vertex 3712.835632746689 135.13021435236342 -13.756445556854327
    vertex 3712.7580241613314 135.45347616468834 -8.756445943140752
    vertex 3712.7580241613314 135.4534760901869 -13.756445561671024
  endloop
endfacet
facet normal -0.9723697097649602 -0.233446241202567 3.4784160734188067e-09
  outer loop
    vertex 3712.7580241613314 135.45347616468834 -8.756445943140752
    vertex 3712.835632746689 135.13021435236342 -13.756445556854327
    vertex 3712.835632746689 135.13021442686488 -8.756445938324056
  endloop
endfacet
facet normal -0.9832549602681842 -0.18223524112534314 2.715357456816714e-09
  outer loop
    vertex 3712.7580241613314 135.4534760901869 -13.756445561671024
    vertex 3712.6974405698697 135.78035650049614 -8.75644594801136
    vertex 3712.6974405698697 135.78035642599474 -13.75644556654163
  endloop
endfacet
facet normal -0.9832549602681842 -0.18223524112534314 2.715357456816714e-09
  outer loop
    vertex 3712.6974405698697 135.78035650049614 -8.75644594801136
    vertex 3712.7580241613314 135.4534760901869 -13.756445561671024
    vertex 3712.7580241613314 135.45347616468834 -8.756445943140752
  endloop
endfacet
facet normal -0.9914448383845682 -0.13052636684056382 1.944880371924586e-09
  outer loop
    vertex 3712.6974405698697 135.78035642599474 -13.75644556654163
    vertex 3712.654047434799 136.10995963608195 -8.756445952922546
    vertex 3712.654047434799 136.10995956158052 -13.756445571452817
  endloop
endfacet
facet normal -0.9914448383845682 -0.13052636684056382 1.944880371924586e-09
  outer loop
    vertex 3712.654047434799 136.10995963608195 -8.756445952922546
    vertex 3712.6974405698697 135.78035642599474 -13.75644556654163
    vertex 3712.6974405698697 135.78035650049614 -8.75644594801136
  endloop
endfacet
facet normal -0.9969173427367529 -0.0784589813258604 1.1690613665572327e-09
  outer loop
    vertex 3712.654047434799 136.10995956158052 -13.756445571452817
    vertex 3712.627963965408 136.44138202463557 -8.756445957860834
    vertex 3712.627963965408 136.44138195013414 -13.756445576391105
  endloop
endfacet
facet normal -0.9969173427367529 -0.0784589813258604 1.1690613665572327e-09
  outer loop
    vertex 3712.627963965408 136.44138202463557 -8.756445957860834
    vertex 3712.654047434799 136.10995956158052 -13.756445571452817
    vertex 3712.654047434799 136.10995963608195 -8.756445952922546
  endloop
endfacet
facet normal 0.9985334004995733 -0.054139154839717644 8.066889636863041e-10
  outer loop
    vertex 3717.504261558525 126.77371541057643 -4.756445432340094
    vertex 3717.512849514953 126.93211016451289 -8.756445816169947
    vertex 3717.512849514953 126.93211022411403 -4.756445434700217
  endloop
endfacet
facet normal 0.9985334004995733 -0.054139154839717644 8.066889636863041e-10
  outer loop
    vertex 3717.512849514953 126.93211016451289 -8.756445816169947
    vertex 3717.504261558525 126.77371541057643 -4.756445432340094
    vertex 3717.504261558525 126.77371535097528 -8.756445813809822
  endloop
endfacet
facet normal 0.9985334004995733 0.05413915483971716 -8.066889636862968e-10
  outer loop
    vertex 3717.512849514953 126.61532059703882 -4.756445429979966
    vertex 3717.504261558525 126.77371535097528 -8.756445813809822
    vertex 3717.504261558525 126.77371541057643 -4.756445432340094
  endloop
endfacet
facet normal 0.9985334004995733 0.05413915483971716 -8.066889636862968e-10
  outer loop
    vertex 3717.504261558525 126.77371535097528 -8.756445813809822
    vertex 3717.512849514953 126.61532059703882 -4.756445429979966
    vertex 3717.512849514953 126.61532053743768 -8.756445811449694
  endloop
endfacet
facet normal 0.9868264515719983 0.1617824294471399 -2.4106046860122457e-09
  outer loop
    vertex 3717.53851253318 126.45878354106958 -4.756445427647518
    vertex 3717.512849514953 126.61532053743768 -8.756445811449694
    vertex 3717.512849514953 126.61532059703882 -4.756445429979966
  endloop
endfacet
facet normal 0.9868264515719983 0.1617824294471399 -2.4106046860122457e-09
  outer loop
    vertex 3717.512849514953 126.61532053743768 -8.756445811449694
    vertex 3717.53851253318 126.45878354106958 -4.756445427647518
    vertex 3717.53851253318 126.45878348146844 -8.756445809117244
  endloop
endfacet
facet normal 0.9635497504574507 0.2675292103554011 -3.9862621072741395e-09
  outer loop
    vertex 3717.580949728958 126.30593911205348 -4.756445425370093
    vertex 3717.53851253318 126.45878348146844 -8.756445809117244
    vertex 3717.53851253318 126.45878354106958 -4.756445427647518
  endloop
endfacet
facet normal 0.9635497504574507 0.2675292103554011 -3.9862621072741395e-09
  outer loop
    vertex 3717.53851253318 126.45878348146844 -8.756445809117244
    vertex 3717.580949728958 126.30593911205348 -4.756445425370093
    vertex 3717.580949728958 126.30593905245233 -8.756445806839823
  endloop
endfacet
facet normal 0.9289767129022075 0.37013817269421095 -5.515165130217104e-09
  outer loop
    vertex 3717.639663641922 126.15857831035669 -4.756445423174374
    vertex 3717.580949728958 126.30593905245233 -8.756445806839823
    vertex 3717.580949728958 126.30593911205348 -4.756445425370093
  endloop
endfacet
facet normal 0.9289767129022075 0.37013817269421095 -5.515165130217104e-09
  outer loop
    vertex 3717.580949728958 126.30593905245233 -8.756445806839823
    vertex 3717.639663641922 126.15857831035669 -4.756445423174374
    vertex 3717.639663641922 126.15857825075555 -8.7564458046441
  endloop
endfacet
facet normal 0.8835124684622654 0.46840764091943965 -6.979408443939054e-09
  outer loop
    vertex 3717.7139658384244 126.01842919384059 -4.756445421086113
    vertex 3717.639663641922 126.15857825075555 -8.7564458046441
    vertex 3717.639663641922 126.15857831035669 -4.756445423174374
  endloop
endfacet
facet normal 0.8835124684622654 0.46840764091943965 -6.979408443939054e-09
  outer loop
    vertex 3717.639663641922 126.15857825075555 -8.7564458046441
    vertex 3717.7139658384244 126.01842919384059 -4.756445421086113
    vertex 3717.7139658384244 126.01842913423945 -8.756445802555842
  endloop
endfacet
facet normal 0.8276898558029879 0.5611858004269434 -8.361829679870951e-09
  outer loop
    vertex 3717.802985256187 125.88713494335231 -4.756445419129789
    vertex 3717.7139658384244 126.01842913423945 -8.756445802555842
    vertex 3717.7139658384244 126.01842919384059 -4.756445421086113
  endloop
endfacet
facet normal 0.8276898558029879 0.5611858004269434 -8.361829679870951e-09
  outer loop
    vertex 3717.7139658384244 126.01842913423945 -8.756445802555842
    vertex 3717.802985256187 125.88713494335231 -4.756445419129789
    vertex 3717.802985256187 125.88713488375116 -8.756445800599515
  endloop
endfacet
facet normal 0.7621612612319495 0.6473872194269239 -9.646255592452223e-09
  outer loop
    vertex 3717.9056782178804 125.76623574291285 -4.756445417328353
    vertex 3717.802985256187 125.88713488375116 -8.756445800599515
    vertex 3717.802985256187 125.88713494335231 -4.756445419129789
  endloop
endfacet
facet normal 0.7621612612319495 0.6473872194269239 -9.646255592452223e-09
  outer loop
    vertex 3717.802985256187 125.88713488375116 -8.756445800599515
    vertex 3717.9056782178804 125.76623574291285 -4.756445417328353
    vertex 3717.9056782178804 125.7662356833117 -8.756445798798081
  endloop
endfacet
facet normal 0.6877002474233321 0.7259947449492233 -1.0817530310154468e-08
  outer loop
    vertex 3718.020840709678 125.65714779888208 -4.756445415702915
    vertex 3717.9056782178804 125.7662356833117 -8.756445798798081
    vertex 3717.9056782178804 125.76623574291285 -4.756445417328353
  endloop
endfacet
facet normal 0.6877002474233321 0.7259947449492233 -1.0817530310154468e-08
  outer loop
    vertex 3717.9056782178804 125.7662356833117 -8.756445798798081
    vertex 3718.020840709678 125.65714779888208 -4.756445415702915
    vertex 3718.020840709678 125.65714773928094 -8.756445797172642
  endloop
endfacet
facet normal 0.6051737531765571 0.7960934169217829 -1.18620206649955e-08
  outer loop
    vertex 3718.1471225671685 125.56115088259149 -8.756445795742264
    vertex 3718.020840709678 125.65714779888208 -4.756445415702915
    vertex 3718.1471225671685 125.56115094219263 -4.756445414272535
  endloop
endfacet
facet normal 0.6051737531765571 0.7960934169217829 -1.18620206649955e-08
  outer loop
    vertex 3718.020840709678 125.65714779888208 -4.756445415702915
    vertex 3718.1471225671685 125.56115088259149 -8.756445795742264
    vertex 3718.020840709678 125.65714773928094 -8.756445797172642
  endloop
endfacet
facet normal 0.5155524487475647 0.8568580235899 -1.2767430764710403e-08
  outer loop
    vertex 3718.2830432109754 125.47937044893672 -8.756445794523708
    vertex 3718.1471225671685 125.56115094219263 -4.756445414272535
    vertex 3718.2830432109754 125.47937050853785 -4.756445413053982
  endloop
endfacet
facet normal 0.5155524487475647 0.8568580235899 -1.2767430764710403e-08
  outer loop
    vertex 3718.1471225671685 125.56115094219263 -4.756445414272535
    vertex 3718.2830432109754 125.47937044893672 -8.756445794523708
    vertex 3718.1471225671685 125.56115088259149 -8.756445795742264
  endloop
endfacet
facet normal 0.4198881795956027 0.9075758462166623 -1.3523140895323554e-08
  outer loop
    vertex 3718.427009170525 125.41276488100458 -8.756445793531267
    vertex 3718.2830432109754 125.47937050853785 -4.756445413053982
    vertex 3718.427009170525 125.41276494060571 -4.756445412061541
  endloop
endfacet
facet normal 0.4198881795956027 0.9075758462166623 -1.3523140895323554e-08
  outer loop
    vertex 3718.2830432109754 125.47937050853785 -4.756445413053982
    vertex 3718.427009170525 125.41276488100458 -8.756445793531267
    vertex 3718.2830432109754 125.47937044893672 -8.756445794523708
  endloop
endfacet
facet normal 0.31930577029549967 0.9476517424961542 -1.4120283265466097e-08
  outer loop
    vertex 3718.577332561485 125.36211428438592 -8.756445792776562
    vertex 3718.427009170525 125.41276494060571 -4.756445412061541
    vertex 3718.577332561485 125.36211434398706 -4.756445411306832
  endloop
endfacet
facet normal 0.31930577029549967 0.9476517424961542 -1.4120283265466097e-08
  outer loop
    vertex 3718.427009170525 125.41276494060571 -4.756445412061541
    vertex 3718.577332561485 125.36211428438592 -8.756445792776562
    vertex 3718.427009170525 125.41276488100458 -8.756445793531267
  endloop
endfacet
facet normal 0.2149671924524415 0.9766212705901478 -1.4551937558293747e-08
  outer loop
    vertex 3718.7322509639184 125.3280147055285 -8.756445792268464
    vertex 3718.577332561485 125.36211434398706 -4.756445411306832
    vertex 3718.7322509639184 125.32801476512964 -4.756445410798734
  endloop
endfacet
facet normal 0.2149671924524415 0.9766212705901478 -1.4551937558293747e-08
  outer loop
    vertex 3718.577332561485 125.36211434398706 -4.756445411306832
    vertex 3718.7322509639184 125.3280147055285 -8.756445792268464
    vertex 3718.577332561485 125.36211428438592 -8.756445792776562
  endloop
endfacet
facet normal 0.10812078086122183 0.9941377654761737 -1.4812938365359511e-08
  outer loop
    vertex 3718.8899480901878 125.31086388622339 -4.7564454105431855
    vertex 3718.7322509639184 125.3280147055285 -8.756445792268464
    vertex 3718.7322509639184 125.32801476512964 -4.756445410798734
  endloop
endfacet
facet normal 0.10812078086122183 0.9941377654761737 -1.4812938365359511e-08
  outer loop
    vertex 3718.7322509639184 125.3280147055285 -8.756445792268464
    vertex 3718.8899480901878 125.31086388622339 -4.7564454105431855
    vertex 3718.8899480901878 125.31086382662225 -8.756445792012915
  endloop
endfacet
facet normal 0.0 0.9999999999999999 -1.4900287344243868e-08
  outer loop
    vertex 3719.048575093619 125.31086382662225 -8.756445792012915
    vertex 3718.8899480901878 125.31086388622339 -4.7564454105431855
    vertex 3719.048575093619 125.31086388622339 -4.7564454105431855
  endloop
endfacet
facet normal 0.0 0.9999999999999999 -1.4900287344243868e-08
  outer loop
    vertex 3718.8899480901878 125.31086388622339 -4.7564454105431855
    vertex 3719.048575093619 125.31086382662225 -8.756445792012915
    vertex 3718.8899480901878 125.31086382662225 -8.756445792012915
  endloop
endfacet
facet normal -0.10812078086122183 0.9941377654761737 -1.4812938365359511e-08
  outer loop
    vertex 3719.2062722198884 125.3280147055285 -8.756445792268464
    vertex 3719.048575093619 125.31086388622339 -4.7564454105431855
    vertex 3719.2062722198884 125.32801476512964 -4.756445410798734
  endloop
endfacet
facet normal -0.10812078086122183 0.9941377654761737 -1.4812938365359511e-08
  outer loop
    vertex 3719.048575093619 125.31086388622339 -4.7564454105431855
    vertex 3719.2062722198884 125.3280147055285 -8.756445792268464
    vertex 3719.048575093619 125.31086382662225 -8.756445792012915
  endloop
endfacet
facet normal -0.2149671924524415 0.9766212705901478 -1.4551937558293747e-08
  outer loop
    vertex 3719.361190622322 125.36211434398706 -4.756445411306832
    vertex 3719.2062722198884 125.3280147055285 -8.756445792268464
    vertex 3719.2062722198884 125.32801476512964 -4.756445410798734
  endloop
endfacet
facet normal -0.2149671924524415 0.9766212705901478 -1.4551937558293747e-08
  outer loop
    vertex 3719.2062722198884 125.3280147055285 -8.756445792268464
    vertex 3719.361190622322 125.36211434398706 -4.756445411306832
    vertex 3719.361190622322 125.36211428438592 -8.756445792776562
  endloop
endfacet
facet normal -0.3193057702954996 0.9476517424961542 -1.4120283265466097e-08
  outer loop
    vertex 3719.511514013282 125.41276488100458 -8.756445793531267
    vertex 3719.361190622322 125.36211434398706 -4.756445411306832
    vertex 3719.511514013282 125.41276494060571 -4.756445412061541
  endloop
endfacet
facet normal -0.3193057702954996 0.9476517424961542 -1.4120283265466097e-08
  outer loop
    vertex 3719.361190622322 125.36211434398706 -4.756445411306832
    vertex 3719.511514013282 125.41276488100458 -8.756445793531267
    vertex 3719.361190622322 125.36211428438592 -8.756445792776562
  endloop
endfacet
facet normal -0.4198881795956027 0.9075758462166623 -1.3523140895323554e-08
  outer loop
    vertex 3719.6554799728315 125.47937044893672 -8.756445794523708
    vertex 3719.511514013282 125.41276494060571 -4.756445412061541
    vertex 3719.6554799728315 125.47937050853785 -4.756445413053982
  endloop
endfacet
facet normal -0.4198881795956027 0.9075758462166623 -1.3523140895323554e-08
  outer loop
    vertex 3719.511514013282 125.41276494060571 -4.756445412061541
    vertex 3719.6554799728315 125.47937044893672 -8.756445794523708
    vertex 3719.511514013282 125.41276488100458 -8.756445793531267
  endloop
endfacet
facet normal -0.5155524487475646 0.8568580235899003 -1.2767430764710407e-08
  outer loop
    vertex 3719.7914006166384 125.56115088259149 -8.756445795742264
    vertex 3719.6554799728315 125.47937050853785 -4.756445413053982
    vertex 3719.7914006166384 125.56115094219263 -4.756445414272535
  endloop
endfacet
facet normal -0.5155524487475646 0.8568580235899003 -1.2767430764710407e-08
  outer loop
    vertex 3719.6554799728315 125.47937050853785 -4.756445413053982
    vertex 3719.7914006166384 125.56115088259149 -8.756445795742264
    vertex 3719.6554799728315 125.47937044893672 -8.756445794523708
  endloop
endfacet
facet normal -0.6051737531765572 0.7960934169217829 -1.18620206649955e-08
  outer loop
    vertex 3719.917682474129 125.65714773928094 -8.756445797172642
    vertex 3719.7914006166384 125.56115094219263 -4.756445414272535
    vertex 3719.917682474129 125.65714779888208 -4.756445415702915
  endloop
endfacet
facet normal -0.6051737531765572 0.7960934169217829 -1.18620206649955e-08
  outer loop
    vertex 3719.7914006166384 125.56115094219263 -4.756445414272535
    vertex 3719.917682474129 125.65714773928094 -8.756445797172642
    vertex 3719.7914006166384 125.56115088259149 -8.756445795742264
  endloop
endfacet
facet normal -0.687700247423332 0.7259947449492234 -1.081753031015447e-08
  outer loop
    vertex 3720.0328449659264 125.7662356833117 -8.756445798798081
    vertex 3719.917682474129 125.65714779888208 -4.756445415702915
    vertex 3720.0328449659264 125.76623574291285 -4.756445417328353
  endloop
endfacet
facet normal -0.687700247423332 0.7259947449492234 -1.081753031015447e-08
  outer loop
    vertex 3719.917682474129 125.65714779888208 -4.756445415702915
    vertex 3720.0328449659264 125.7662356833117 -8.756445798798081
    vertex 3719.917682474129 125.65714773928094 -8.756445797172642
  endloop
endfacet
facet normal -0.7621612612319495 0.6473872194269239 -9.646255592452223e-09
  outer loop
    vertex 3720.0328449659264 125.7662356833117 -8.756445798798081
    vertex 3720.1355379276197 125.88713494335231 -4.756445419129789
    vertex 3720.1355379276197 125.88713488375116 -8.756445800599515
  endloop
endfacet
facet normal -0.7621612612319495 0.6473872194269239 -9.646255592452223e-09
  outer loop
    vertex 3720.1355379276197 125.88713494335231 -4.756445419129789
    vertex 3720.0328449659264 125.7662356833117 -8.756445798798081
    vertex 3720.0328449659264 125.76623574291285 -4.756445417328353
  endloop
endfacet
facet normal -0.8276898558029879 0.5611858004269434 -8.361829679870951e-09
  outer loop
    vertex 3720.1355379276197 125.88713488375116 -8.756445800599515
    vertex 3720.224557345382 126.01842919384059 -4.756445421086113
    vertex 3720.224557345382 126.01842913423945 -8.756445802555842
  endloop
endfacet
facet normal -0.8276898558029879 0.5611858004269434 -8.361829679870951e-09
  outer loop
    vertex 3720.224557345382 126.01842919384059 -4.756445421086113
    vertex 3720.1355379276197 125.88713488375116 -8.756445800599515
    vertex 3720.1355379276197 125.88713494335231 -4.756445419129789
  endloop
endfacet
facet normal -0.8835124684622654 0.46840764091943976 -6.979408443939055e-09
  outer loop
    vertex 3720.224557345382 126.01842913423945 -8.756445802555842
    vertex 3720.2988595418847 126.15857831035669 -4.756445423174374
    vertex 3720.2988595418847 126.15857825075555 -8.7564458046441
  endloop
endfacet
facet normal -0.8835124684622654 0.46840764091943976 -6.979408443939055e-09
  outer loop
    vertex 3720.2988595418847 126.15857831035669 -4.756445423174374
    vertex 3720.224557345382 126.01842913423945 -8.756445802555842
    vertex 3720.224557345382 126.01842919384059 -4.756445421086113
  endloop
endfacet
facet normal -0.9289767129022075 0.370138172694211 -5.5151651302171044e-09
  outer loop
    vertex 3720.2988595418847 126.15857825075555 -8.7564458046441
    vertex 3720.357573454849 126.30593911205348 -4.756445425370093
    vertex 3720.357573454849 126.30593905245233 -8.756445806839823
  endloop
endfacet
facet normal -0.9289767129022075 0.370138172694211 -5.5151651302171044e-09
  outer loop
    vertex 3720.357573454849 126.30593911205348 -4.756445425370093
    vertex 3720.2988595418847 126.15857825075555 -8.7564458046441
    vertex 3720.2988595418847 126.15857831035669 -4.756445423174374
  endloop
endfacet
facet normal -0.9635497504574507 0.26752921035540117 -3.98626210727414e-09
  outer loop
    vertex 3720.357573454849 126.30593905245233 -8.756445806839823
    vertex 3720.400010650627 126.45878354106958 -4.756445427647518
    vertex 3720.400010650627 126.45878348146844 -8.756445809117244
  endloop
endfacet
facet normal -0.9635497504574507 0.26752921035540117 -3.98626210727414e-09
  outer loop
    vertex 3720.400010650627 126.45878354106958 -4.756445427647518
    vertex 3720.357573454849 126.30593905245233 -8.756445806839823
    vertex 3720.357573454849 126.30593911205348 -4.756445425370093
  endloop
endfacet
facet normal -0.9868264515719983 0.1617824294471399 -2.4106046860122457e-09
  outer loop
    vertex 3720.400010650627 126.45878348146844 -8.756445809117244
    vertex 3720.4256736688535 126.61532059703882 -4.756445429979966
    vertex 3720.4256736688535 126.61532053743768 -8.756445811449694
  endloop
endfacet
facet normal -0.9868264515719983 0.1617824294471399 -2.4106046860122457e-09
  outer loop
    vertex 3720.4256736688535 126.61532059703882 -4.756445429979966
    vertex 3720.400010650627 126.45878348146844 -8.756445809117244
    vertex 3720.400010650627 126.45878354106958 -4.756445427647518
  endloop
endfacet
facet normal -0.9985334004995733 0.05413915483971716 -8.066889636862968e-10
  outer loop
    vertex 3720.4256736688535 126.61532053743768 -8.756445811449694
    vertex 3720.4342616252816 126.77371541057643 -4.756445432340094
    vertex 3720.4342616252816 126.77371535097528 -8.756445813809822
  endloop
endfacet
facet normal -0.9985334004995733 0.05413915483971716 -8.066889636862968e-10
  outer loop
    vertex 3720.4342616252816 126.77371541057643 -4.756445432340094
    vertex 3720.4256736688535 126.61532053743768 -8.756445811449694
    vertex 3720.4256736688535 126.61532059703882 -4.756445429979966
  endloop
endfacet
facet normal -0.9985334004995733 -0.054139154839717644 8.066889636863041e-10
  outer loop
    vertex 3720.4342616252816 126.77371535097528 -8.756445813809822
    vertex 3720.4256736688535 126.93211022411403 -4.756445434700217
    vertex 3720.4256736688535 126.93211016451289 -8.756445816169947
  endloop
endfacet
facet normal -0.9985334004995733 -0.054139154839717644 8.066889636863041e-10
  outer loop
    vertex 3720.4256736688535 126.93211022411403 -4.756445434700217
    vertex 3720.4342616252816 126.77371535097528 -8.756445813809822
    vertex 3720.4342616252816 126.77371541057643 -4.756445432340094
  endloop
endfacet
facet normal -0.9868264515719983 -0.1617824294471399 2.4106046860122457e-09
  outer loop
    vertex 3720.4256736688535 126.93211016451289 -8.756445816169947
    vertex 3720.400010650627 127.08864728008326 -4.756445437032665
    vertex 3720.400010650627 127.08864722048213 -8.756445818502394
  endloop
endfacet
facet normal -0.9868264515719983 -0.1617824294471399 2.4106046860122457e-09
  outer loop
    vertex 3720.400010650627 127.08864728008326 -4.756445437032665
    vertex 3720.4256736688535 126.93211016451289 -8.756445816169947
    vertex 3720.4256736688535 126.93211022411403 -4.756445434700217
  endloop
endfacet
facet normal -0.9635497504574507 -0.2675292103554011 3.9862621072741395e-09
  outer loop
    vertex 3720.400010650627 127.08864722048213 -8.756445818502394
    vertex 3720.357573454849 127.24149170909938 -4.756445439310095
    vertex 3720.357573454849 127.24149164949823 -8.756445820779824
  endloop
endfacet
facet normal -0.9635497504574507 -0.2675292103554011 3.9862621072741395e-09
  outer loop
    vertex 3720.357573454849 127.24149170909938 -4.756445439310095
    vertex 3720.400010650627 127.08864722048213 -8.756445818502394
    vertex 3720.400010650627 127.08864728008326 -4.756445437032665
  endloop
endfacet
facet normal -0.9289767129022075 -0.37013817269421084 5.515165130217102e-09
  outer loop
    vertex 3720.357573454849 127.24149164949823 -8.756445820779824
    vertex 3720.2988595418847 127.38885251079616 -4.756445441505809
    vertex 3720.2988595418847 127.38885245119502 -8.756445822975538
  endloop
endfacet
facet normal -0.9289767129022075 -0.37013817269421084 5.515165130217102e-09
  outer loop
    vertex 3720.2988595418847 127.38885251079616 -4.756445441505809
    vertex 3720.357573454849 127.24149164949823 -8.756445820779824
    vertex 3720.357573454849 127.24149170909938 -4.756445439310095
  endloop
endfacet
facet normal -0.8835124684622654 -0.46840764091943965 6.979408443939054e-09
  outer loop
    vertex 3720.2988595418847 127.38885245119502 -8.756445822975538
    vertex 3720.224557345382 127.52900162731225 -4.7564454435940755
    vertex 3720.224557345382 127.52900156771113 -8.756445825063805
  endloop
endfacet
facet normal -0.8835124684622654 -0.46840764091943965 6.979408443939054e-09
  outer loop
    vertex 3720.224557345382 127.52900162731225 -4.7564454435940755
    vertex 3720.2988595418847 127.38885245119502 -8.756445822975538
    vertex 3720.2988595418847 127.38885251079616 -4.756445441505809
  endloop
endfacet
facet normal -0.8276898558029879 -0.5611858004269434 8.361829679870951e-09
  outer loop
    vertex 3720.224557345382 127.52900156771113 -8.756445825063805
    vertex 3720.1355379276197 127.66029587780054 -4.756445445550393
    vertex 3720.1355379276197 127.6602958181994 -8.756445827020123
  endloop
endfacet
facet normal -0.8276898558029879 -0.5611858004269434 8.361829679870951e-09
  outer loop
    vertex 3720.1355379276197 127.66029587780054 -4.756445445550393
    vertex 3720.224557345382 127.52900156771113 -8.756445825063805
    vertex 3720.224557345382 127.52900162731225 -4.7564454435940755
  endloop
endfacet
facet normal -0.7621612612319495 -0.6473872194269239 9.646255592452223e-09
  outer loop
    vertex 3720.1355379276197 127.6602958181994 -8.756445827020123
    vertex 3720.0328449659264 127.78119507823999 -4.7564454473518305
    vertex 3720.0328449659264 127.78119501863885 -8.75644582882156
  endloop
endfacet
facet normal -0.7621612612319495 -0.6473872194269239 9.646255592452223e-09
  outer loop
    vertex 3720.0328449659264 127.78119507823999 -4.7564454473518305
    vertex 3720.1355379276197 127.6602958181994 -8.756445827020123
    vertex 3720.1355379276197 127.66029587780054 -4.756445445550393
  endloop
endfacet
facet normal -0.6877002474233321 -0.7259947449492233 1.0817530310154468e-08
  outer loop
    vertex 3719.917682474129 127.89028296266962 -8.756445830446996
    vertex 3720.0328449659264 127.78119507823999 -4.7564454473518305
    vertex 3719.917682474129 127.89028302227076 -4.756445448977267
  endloop
endfacet
facet normal -0.6877002474233321 -0.7259947449492233 1.0817530310154468e-08
  outer loop
    vertex 3720.0328449659264 127.78119507823999 -4.7564454473518305
    vertex 3719.917682474129 127.89028296266962 -8.756445830446996
    vertex 3720.0328449659264 127.78119501863885 -8.75644582882156
  endloop
endfacet
facet normal -0.6051737531765572 -0.7960934169217827 1.1862020664995497e-08
  outer loop
    vertex 3719.7914006166384 127.98627987896022 -4.756445450407654
    vertex 3719.917682474129 127.89028296266962 -8.756445830446996
    vertex 3719.917682474129 127.89028302227076 -4.756445448977267
  endloop
endfacet
facet normal -0.6051737531765572 -0.7960934169217827 1.1862020664995497e-08
  outer loop
    vertex 3719.917682474129 127.89028296266962 -8.756445830446996
    vertex 3719.7914006166384 127.98627987896022 -4.756445450407654
    vertex 3719.7914006166384 127.98627981935907 -8.756445831877382
  endloop
endfacet
facet normal -0.5155524487475647 -0.8568580235899 1.2767430764710403e-08
  outer loop
    vertex 3719.6554799728315 128.06806025301384 -8.75644583309593
    vertex 3719.7914006166384 127.98627987896022 -4.756445450407654
    vertex 3719.6554799728315 128.068060312615 -4.756445451626201
  endloop
endfacet
facet normal -0.5155524487475647 -0.8568580235899 1.2767430764710403e-08
  outer loop
    vertex 3719.7914006166384 127.98627987896022 -4.756445450407654
    vertex 3719.6554799728315 128.06806025301384 -8.75644583309593
    vertex 3719.7914006166384 127.98627981935907 -8.756445831877382
  endloop
endfacet
facet normal -0.4198881795956027 -0.9075758462166623 1.3523140895323554e-08
  outer loop
    vertex 3719.511514013282 128.134665820946 -8.756445834088371
    vertex 3719.6554799728315 128.068060312615 -4.756445451626201
    vertex 3719.511514013282 128.13466588054712 -4.756445452618642
  endloop
endfacet
facet normal -0.4198881795956027 -0.9075758462166623 1.3523140895323554e-08
  outer loop
    vertex 3719.6554799728315 128.068060312615 -4.756445451626201
    vertex 3719.511514013282 128.134665820946 -8.756445834088371
    vertex 3719.6554799728315 128.06806025301384 -8.75644583309593
  endloop
endfacet
facet normal -0.31930577029549967 -0.9476517424961542 1.4120283265466097e-08
  outer loop
    vertex 3719.361190622322 128.18531647716577 -4.756445453373356
    vertex 3719.511514013282 128.134665820946 -8.756445834088371
    vertex 3719.511514013282 128.13466588054712 -4.756445452618642
  endloop
endfacet
facet normal -0.31930577029549967 -0.9476517424961542 1.4120283265466097e-08
  outer loop
    vertex 3719.511514013282 128.134665820946 -8.756445834088371
    vertex 3719.361190622322 128.18531647716577 -4.756445453373356
    vertex 3719.361190622322 128.18531641756465 -8.756445834843085
  endloop
endfacet
facet normal -0.2149671924524415 -0.9766212705901478 1.4551937558293747e-08
  outer loop
    vertex 3719.2062722198884 128.21941599642207 -8.756445835351178
    vertex 3719.361190622322 128.18531647716577 -4.756445453373356
    vertex 3719.2062722198884 128.21941605602322 -4.756445453881449
  endloop
endfacet
facet normal -0.2149671924524415 -0.9766212705901478 1.4551937558293747e-08
  outer loop
    vertex 3719.361190622322 128.18531647716577 -4.756445453373356
    vertex 3719.2062722198884 128.21941599642207 -8.756445835351178
    vertex 3719.361190622322 128.18531641756465 -8.756445834843085
  endloop
endfacet
facet normal -0.10812078086122183 -0.9941377654761737 1.4812938365359511e-08
  outer loop
    vertex 3719.048575093619 128.23656687532832 -8.756445835606726
    vertex 3719.2062722198884 128.21941605602322 -4.756445453881449
    vertex 3719.048575093619 128.23656693492944 -4.756445454136997
  endloop
endfacet
facet normal -0.10812078086122183 -0.9941377654761737 1.4812938365359511e-08
  outer loop
    vertex 3719.2062722198884 128.21941605602322 -4.756445453881449
    vertex 3719.048575093619 128.23656687532832 -8.756445835606726
    vertex 3719.2062722198884 128.21941599642207 -8.756445835351178
  endloop
endfacet
facet normal 0.0 -0.9999999999999999 1.4900287344243868e-08
  outer loop
    vertex 3718.8899480901878 128.23656687532832 -8.756445835606726
    vertex 3719.048575093619 128.23656693492944 -4.756445454136997
    vertex 3718.8899480901878 128.23656693492944 -4.756445454136997
  endloop
endfacet
facet normal 0.0 -0.9999999999999999 1.4900287344243868e-08
  outer loop
    vertex 3719.048575093619 128.23656693492944 -4.756445454136997
    vertex 3718.8899480901878 128.23656687532832 -8.756445835606726
    vertex 3719.048575093619 128.23656687532832 -8.756445835606726
  endloop
endfacet
facet normal 0.1081207808612218 -0.9941377654761737 1.4812938365359511e-08
  outer loop
    vertex 3718.7322509639184 128.21941605602322 -4.756445453881449
    vertex 3718.8899480901878 128.23656687532832 -8.756445835606726
    vertex 3718.8899480901878 128.23656693492944 -4.756445454136997
  endloop
endfacet
facet normal 0.1081207808612218 -0.9941377654761737 1.4812938365359511e-08
  outer loop
    vertex 3718.8899480901878 128.23656687532832 -8.756445835606726
    vertex 3718.7322509639184 128.21941605602322 -4.756445453881449
    vertex 3718.7322509639184 128.21941599642207 -8.756445835351178
  endloop
endfacet
facet normal 0.2149671924524415 -0.9766212705901478 1.4551937558293747e-08
  outer loop
    vertex 3718.577332561485 128.18531641756465 -8.756445834843085
    vertex 3718.7322509639184 128.21941605602322 -4.756445453881449
    vertex 3718.577332561485 128.18531647716577 -4.756445453373356
  endloop
endfacet
facet normal 0.2149671924524415 -0.9766212705901478 1.4551937558293747e-08
  outer loop
    vertex 3718.7322509639184 128.21941605602322 -4.756445453881449
    vertex 3718.577332561485 128.18531641756465 -8.756445834843085
    vertex 3718.7322509639184 128.21941599642207 -8.756445835351178
  endloop
endfacet
facet normal 0.3193057702954996 -0.9476517424961542 1.4120283265466097e-08
  outer loop
    vertex 3718.427009170525 128.134665820946 -8.756445834088371
    vertex 3718.577332561485 128.18531647716577 -4.756445453373356
    vertex 3718.427009170525 128.13466588054712 -4.756445452618642
  endloop
endfacet
facet normal 0.3193057702954996 -0.9476517424961542 1.4120283265466097e-08
  outer loop
    vertex 3718.577332561485 128.18531647716577 -4.756445453373356
    vertex 3718.427009170525 128.134665820946 -8.756445834088371
    vertex 3718.577332561485 128.18531641756465 -8.756445834843085
  endloop
endfacet
facet normal 0.4198881795956027 -0.9075758462166623 1.3523140895323554e-08
  outer loop
    vertex 3718.2830432109754 128.06806025301384 -8.75644583309593
    vertex 3718.427009170525 128.13466588054712 -4.756445452618642
    vertex 3718.2830432109754 128.068060312615 -4.756445451626201
  endloop
endfacet
facet normal 0.4198881795956027 -0.9075758462166623 1.3523140895323554e-08
  outer loop
    vertex 3718.427009170525 128.13466588054712 -4.756445452618642
    vertex 3718.2830432109754 128.06806025301384 -8.75644583309593
    vertex 3718.427009170525 128.134665820946 -8.756445834088371
  endloop
endfacet
facet normal 0.5155524487475646 -0.8568580235899003 1.2767430764710407e-08
  outer loop
    vertex 3718.1471225671685 127.98627987896022 -4.756445450407654
    vertex 3718.2830432109754 128.06806025301384 -8.75644583309593
    vertex 3718.2830432109754 128.068060312615 -4.756445451626201
  endloop
endfacet
facet normal 0.5155524487475646 -0.8568580235899003 1.2767430764710407e-08
  outer loop
    vertex 3718.2830432109754 128.06806025301384 -8.75644583309593
    vertex 3718.1471225671685 127.98627987896022 -4.756445450407654
    vertex 3718.1471225671685 127.98627981935907 -8.756445831877382
  endloop
endfacet
facet normal 0.6051737531765572 -0.7960934169217827 1.1862020664995497e-08
  outer loop
    vertex 3718.020840709678 127.89028296266962 -8.756445830446996
    vertex 3718.1471225671685 127.98627987896022 -4.756445450407654
    vertex 3718.020840709678 127.89028302227076 -4.756445448977267
  endloop
endfacet
facet normal 0.6051737531765572 -0.7960934169217827 1.1862020664995497e-08
  outer loop
    vertex 3718.1471225671685 127.98627987896022 -4.756445450407654
    vertex 3718.020840709678 127.89028296266962 -8.756445830446996
    vertex 3718.1471225671685 127.98627981935907 -8.756445831877382
  endloop
endfacet
facet normal 0.687700247423332 -0.7259947449492234 1.081753031015447e-08
  outer loop
    vertex 3717.9056782178804 127.78119507823999 -4.7564454473518305
    vertex 3718.020840709678 127.89028296266962 -8.756445830446996
    vertex 3718.020840709678 127.89028302227076 -4.756445448977267
  endloop
endfacet
facet normal 0.687700247423332 -0.7259947449492234 1.081753031015447e-08
  outer loop
    vertex 3718.020840709678 127.89028296266962 -8.756445830446996
    vertex 3717.9056782178804 127.78119507823999 -4.7564454473518305
    vertex 3717.9056782178804 127.78119501863885 -8.75644582882156
  endloop
endfacet
facet normal 0.7621612612319495 -0.6473872194269239 9.646255592452223e-09
  outer loop
    vertex 3717.802985256187 127.66029587780054 -4.756445445550393
    vertex 3717.9056782178804 127.78119501863885 -8.75644582882156
    vertex 3717.9056782178804 127.78119507823999 -4.7564454473518305
  endloop
endfacet
facet normal 0.7621612612319495 -0.6473872194269239 9.646255592452223e-09
  outer loop
    vertex 3717.9056782178804 127.78119501863885 -8.75644582882156
    vertex 3717.802985256187 127.66029587780054 -4.756445445550393
    vertex 3717.802985256187 127.6602958181994 -8.756445827020123
  endloop
endfacet
facet normal 0.8276898558029879 -0.5611858004269434 8.361829679870951e-09
  outer loop
    vertex 3717.7139658384244 127.52900162731225 -4.7564454435940755
    vertex 3717.802985256187 127.6602958181994 -8.756445827020123
    vertex 3717.802985256187 127.66029587780054 -4.756445445550393
  endloop
endfacet
facet normal 0.8276898558029879 -0.5611858004269434 8.361829679870951e-09
  outer loop
    vertex 3717.802985256187 127.6602958181994 -8.756445827020123
    vertex 3717.7139658384244 127.52900162731225 -4.7564454435940755
    vertex 3717.7139658384244 127.52900156771113 -8.756445825063805
  endloop
endfacet
facet normal 0.8835124684622654 -0.46840764091943976 6.979408443939055e-09
  outer loop
    vertex 3717.7139658384244 127.52900162731225 -4.7564454435940755
    vertex 3717.639663641922 127.38885245119502 -8.756445822975538
    vertex 3717.7139658384244 127.52900156771113 -8.756445825063805
  endloop
endfacet
facet normal 0.8835124684622654 -0.46840764091943976 6.979408443939055e-09
  outer loop
    vertex 3717.639663641922 127.38885245119502 -8.756445822975538
    vertex 3717.7139658384244 127.52900162731225 -4.7564454435940755
    vertex 3717.639663641922 127.38885251079616 -4.756445441505809
  endloop
endfacet
facet normal 0.9289767129022075 -0.370138172694211 5.5151651302171044e-09
  outer loop
    vertex 3717.580949728958 127.24149170909938 -4.756445439310095
    vertex 3717.639663641922 127.38885245119502 -8.756445822975538
    vertex 3717.639663641922 127.38885251079616 -4.756445441505809
  endloop
endfacet
facet normal 0.9289767129022075 -0.370138172694211 5.5151651302171044e-09
  outer loop
    vertex 3717.639663641922 127.38885245119502 -8.756445822975538
    vertex 3717.580949728958 127.24149170909938 -4.756445439310095
    vertex 3717.580949728958 127.24149164949823 -8.756445820779824
  endloop
endfacet
facet normal 0.9635497504574507 -0.2675292103554011 3.9862621072741395e-09
  outer loop
    vertex 3717.53851253318 127.08864728008326 -4.756445437032665
    vertex 3717.580949728958 127.24149164949823 -8.756445820779824
    vertex 3717.580949728958 127.24149170909938 -4.756445439310095
  endloop
endfacet
facet normal 0.9635497504574507 -0.2675292103554011 3.9862621072741395e-09
  outer loop
    vertex 3717.580949728958 127.24149164949823 -8.756445820779824
    vertex 3717.53851253318 127.08864728008326 -4.756445437032665
    vertex 3717.53851253318 127.08864722048213 -8.756445818502394
  endloop
endfacet
facet normal 0.9868264515719983 -0.1617824294471399 2.4106046860122457e-09
  outer loop
    vertex 3717.512849514953 126.93211022411403 -4.756445434700217
    vertex 3717.53851253318 127.08864722048213 -8.756445818502394
    vertex 3717.53851253318 127.08864728008326 -4.756445437032665
  endloop
endfacet
facet normal 0.9868264515719983 -0.1617824294471399 2.4106046860122457e-09
  outer loop
    vertex 3717.53851253318 127.08864722048213 -8.756445818502394
    vertex 3717.512849514953 126.93211022411403 -4.756445434700217
    vertex 3717.512849514953 126.93211016451289 -8.756445816169947
  endloop
endfacet
facet normal -0.9998272458841716 -0.018587048923175337 2.7695236983683115e-10
  outer loop
    vertex 3706.2780374936974 136.30165574346947 -8.756445955778872
    vertex 3706.2692617826383 136.77371541057641 -4.756445581342967
    vertex 3706.2692617826383 136.7737153509753 -8.756445962812693
  endloop
endfacet
facet normal -0.9998272458841716 -0.018587048923175337 2.7695236983683115e-10
  outer loop
    vertex 3706.2692617826383 136.77371541057641 -4.756445581342967
    vertex 3706.2780374936974 136.30165574346947 -8.756445955778872
    vertex 3706.2780374936974 136.30165580307062 -4.756445574309144
  endloop
endfacet
facet normal -0.9998272458841716 0.018587048923175458 -2.7695236983683296e-10
  outer loop
    vertex 3706.2692617826383 136.7737153509753 -8.756445962812693
    vertex 3706.2780374936974 137.2457750180822 -4.756445588376787
    vertex 3706.2780374936974 137.2457749584811 -8.756445969846515
  endloop
endfacet
facet normal -0.9998272458841716 0.018587048923175458 -2.7695236983683296e-10
  outer loop
    vertex 3706.2780374936974 137.2457750180822 -4.756445588376787
    vertex 3706.2692617826383 136.7737153509753 -8.756445962812693
    vertex 3706.2692617826383 136.77371541057641 -4.756445581342967
  endloop
endfacet
facet normal -0.9984453775593705 0.05573892742353506 -8.30526034870627e-10
  outer loop
    vertex 3706.2780374936974 137.2457749584811 -8.756445969846515
    vertex 3706.3043541364596 137.7171821931463 -4.756445595400889
    vertex 3706.3043541364596 137.71718213354518 -8.756445976870618
  endloop
endfacet
facet normal -0.9984453775593705 0.05573892742353506 -8.30526034870627e-10
  outer loop
    vertex 3706.3043541364596 137.7171821931463 -4.756445595400889
    vertex 3706.2780374936974 137.2457749584811 -8.756445969846515
    vertex 3706.2780374936974 137.2457750180822 -4.756445588376787
  endloop
endfacet
facet normal -0.9956834595041926 0.0928140531911149 -1.3829560621315466e-09
  outer loop
    vertex 3706.3043541364596 137.71718213354518 -8.756445976870618
    vertex 3706.348175471298 138.18728533779202 -4.756445602405561
    vertex 3706.348175471298 138.18728527819087 -8.75644598387529
  endloop
endfacet
facet normal -0.9956834595041926 0.0928140531911149 -1.3829560621315466e-09
  outer loop
    vertex 3706.348175471298 138.18728533779202 -4.756445602405561
    vertex 3706.3043541364596 137.71718213354518 -8.756445976870618
    vertex 3706.3043541364596 137.7171821931463 -4.756445595400889
  endloop
endfacet
facet normal -0.991545708255419 0.12975788392332752 -1.933429755638622e-09
  outer loop
    vertex 3706.348175471298 138.18728527819087 -8.75644598387529
    vertex 3706.4094395093834 138.65543488060052 -4.756445609381124
    vertex 3706.4094395093834 138.6554348209994 -8.756445990850853
  endloop
endfacet
facet normal -0.991545708255419 0.12975788392332752 -1.933429755638622e-09
  outer loop
    vertex 3706.4094395093834 138.65543488060052 -4.756445609381124
    vertex 3706.348175471298 138.18728527819087 -8.75644598387529
    vertex 3706.348175471298 138.18728533779202 -4.756445602405561
  endloop
endfacet
facet normal -0.9860374091675325 0.16652395540035833 -2.48125478516539e-09
  outer loop
    vertex 3706.4094395093834 138.6554348209994 -8.756445990850853
    vertex 3706.4880623273766 139.12098375354822 -4.756445616317939
    vertex 3706.4880623273766 139.12098369394707 -8.756445997787665
  endloop
endfacet
facet normal -0.9860374091675325 0.16652395540035833 -2.48125478516539e-09
  outer loop
    vertex 3706.4880623273766 139.12098375354822 -4.756445616317939
    vertex 3706.4094395093834 138.6554348209994 -8.756445990850853
    vertex 3706.4094395093834 138.65543488060052 -4.756445609381124
  endloop
endfacet
facet normal -0.9791663303954666 0.20305983704286823 -3.025649920014072e-09
  outer loop
    vertex 3706.4880623273766 139.12098369394707 -8.756445997787665
    vertex 3706.583935206405 139.58328834568078 -4.756445623206407
    vertex 3706.583935206405 139.58328828607966 -8.756446004676135
  endloop
endfacet
facet normal -0.9791663303954666 0.20305983704286823 -3.025649920014072e-09
  outer loop
    vertex 3706.583935206405 139.58328834568078 -4.756445623206407
    vertex 3706.4880623273766 139.12098369394707 -8.756445997787665
    vertex 3706.4880623273766 139.12098375354822 -4.756445616317939
  endloop
endfacet
facet normal -0.9709415564605791 0.2393167230636177 -3.565887939930738e-09
  outer loop
    vertex 3706.583935206405 139.58328828607966 -8.756446004676135
    vertex 3706.6969265394137 140.0417100528341 -4.756445630037023
    vertex 3706.6969265394137 140.04170999323298 -8.756446011506752
  endloop
endfacet
facet normal -0.9709415564605791 0.2393167230636177 -3.565887939930738e-09
  outer loop
    vertex 3706.6969265394137 140.0417100528341 -4.756445630037023
    vertex 3706.583935206405 139.58328828607966 -8.756446004676135
    vertex 3706.583935206405 139.58328834568078 -4.756445623206407
  endloop
endfacet
facet normal -0.9613753642375118 0.27524063841880575 -4.101164601253334e-09
  outer loop
    vertex 3706.6969265394137 140.04170999323298 -8.756446011506752
    vertex 3706.8268789701383 140.49561492000635 -4.75644563680034
    vertex 3706.8268789701383 140.4956148604052 -8.756446018270069
  endloop
endfacet
facet normal -0.9613753642375118 0.27524063841880575 -4.101164601253334e-09
  outer loop
    vertex 3706.8268789701383 140.49561492000635 -4.75644563680034
    vertex 3706.6969265394137 140.04170999323298 -8.756446011506752
    vertex 3706.6969265394137 140.0417100528341 -4.756445630037023
  endloop
endfacet
facet normal -0.9504803635110294 0.3107846176694425 -4.630780105445664e-09
  outer loop
    vertex 3706.8268789701383 140.4956148604052 -8.756446018270069
    vertex 3706.9736132078087 140.94437590633447 -4.756445643487002
    vertex 3706.9736132078087 140.94437584673332 -8.75644602495673
  endloop
endfacet
facet normal -0.9504803635110294 0.3107846176694425 -4.630780105445664e-09
  outer loop
    vertex 3706.9736132078087 140.94437590633447 -4.756445643487002
    vertex 3706.8268789701383 140.4956148604052 -8.756446018270069
    vertex 3706.8268789701383 140.49561492000635 -4.75644563680034
  endloop
endfacet
facet normal -0.938271866091335 0.34589869225176945 -5.153989906549545e-09
  outer loop
    vertex 3706.9736132078087 140.94437584673332 -8.75644602495673
    vertex 3707.1369261197965 141.38737240825708 -4.756445650087782
    vertex 3707.1369261197965 141.38737234865593 -8.75644603155751
  endloop
endfacet
facet normal -0.938271866091335 0.34589869225176945 -5.153989906549545e-09
  outer loop
    vertex 3707.1369261197965 141.38737240825708 -4.756445650087782
    vertex 3706.9736132078087 140.94437584673332 -8.75644602495673
    vertex 3706.9736132078087 140.94437590633447 -4.756445643487002
  endloop
endfacet
facet normal -0.9247662766228089 0.38053558785110586 -5.670089603692234e-09
  outer loop
    vertex 3707.1369261197965 141.38737234865593 -8.75644603155751
    vertex 3707.316592638962 141.8239926437002 -4.75644565659355
    vertex 3707.316592638962 141.82399258409907 -8.75644603806328
  endloop
endfacet
facet normal -0.9247662766228089 0.38053558785110586 -5.670089603692234e-09
  outer loop
    vertex 3707.316592638962 141.8239926437002 -4.75644565659355
    vertex 3707.1369261197965 141.38737234865593 -8.75644603155751
    vertex 3707.1369261197965 141.38737240825708 -4.756445650087782
  endloop
endfacet
facet normal -0.9099829647781286 0.41464563643381985 -6.178339128900791e-09
  outer loop
    vertex 3707.316592638962 141.82399258409907 -8.75644603806328
    vertex 3707.5123638563073 142.25363293682153 -4.756445662995313
    vertex 3707.5123638563073 142.2536328772204 -8.756446044465042
  endloop
endfacet
facet normal -0.9099829647781286 0.41464563643381985 -6.178339128900791e-09
  outer loop
    vertex 3707.5123638563073 142.25363293682153 -4.756445662995313
    vertex 3707.316592638962 141.82399258409907 -8.75644603806328
    vertex 3707.316592638962 141.8239926437002 -4.75644565659355
  endloop
endfacet
facet normal -0.8939414866281657 0.44818368832993594 -6.678065739119083e-09
  outer loop
    vertex 3707.5123638563073 142.2536328772204 -8.756446044465042
    vertex 3707.723969882003 142.67569962535913 -4.756445669284227
    vertex 3707.723969882003 142.675699565758 -8.756446050753954
  endloop
endfacet
facet normal -0.8939414866281657 0.44818368832993594 -6.678065739119083e-09
  outer loop
    vertex 3707.723969882003 142.67569962535913 -4.756445669284227
    vertex 3707.5123638563073 142.2536328772204 -8.756446044465042
    vertex 3707.5123638563073 142.25363293682153 -4.756445662995313
  endloop
endfacet
facet normal -0.8766646169940375 0.48110201549224224 -7.168558272729275e-09
  outer loop
    vertex 3707.723969882003 142.675699565758 -8.756446050753954
    vertex 3707.9511179380333 143.08960906063135 -4.756445675451593
    vertex 3707.9511179380333 143.08960900103023 -8.756446056921321
  endloop
endfacet
facet normal -0.8766646169940375 0.48110201549224224 -7.168558272729275e-09
  outer loop
    vertex 3707.9511179380333 143.08960906063135 -4.756445675451593
    vertex 3707.723969882003 142.675699565758 -8.756446050753954
    vertex 3707.723969882003 142.67569962535913 -4.756445669284227
  endloop
endfacet
facet normal -0.8581761092203823 0.5133553988840152 -7.649142953090755e-09
  outer loop
    vertex 3707.9511179380333 143.08960900103023 -8.756446056921321
    vertex 3708.1934942655485 143.4947895148855 -4.7564456814888985
    vertex 3708.1934942655485 143.49478945528435 -8.756446062958627
  endloop
endfacet
facet normal -0.8581761092203823 0.5133553988840152 -7.649142953090755e-09
  outer loop
    vertex 3708.1934942655485 143.4947895148855 -4.7564456814888985
    vertex 3707.9511179380333 143.08960900103023 -8.756446056921321
    vertex 3707.9511179380333 143.08960906063135 -4.756445675451593
  endloop
endfacet
facet normal -0.8385020357350274 0.5448984639987663 -8.119143687018741e-09
  outer loop
    vertex 3708.1934942655485 143.49478945528435 -8.756446062958627
    vertex 3708.450763171188 143.8906807044607 -4.756445687387795
    vertex 3708.450763171188 143.89068064485957 -8.756446068857521
  endloop
endfacet
facet normal -0.8385020357350274 0.5448984639987663 -8.119143687018741e-09
  outer loop
    vertex 3708.450763171188 143.8906807044607 -4.756445687387795
    vertex 3708.1934942655485 143.49478945528435 -8.756446062958627
    vertex 3708.1934942655485 143.4947895148855 -4.7564456814888985
  endloop
endfacet
facet normal -0.8176684464465602 0.5756894229405893 -8.57793782285672e-09
  outer loop
    vertex 3708.450763171188 143.89068064485957 -8.756446068857521
    vertex 3708.722569888107 144.27673569713647 -4.756445693140126
    vertex 3708.722569888107 144.27673563753532 -8.756446074609855
  endloop
endfacet
facet normal -0.8176684464465602 0.5756894229405893 -8.57793782285672e-09
  outer loop
    vertex 3708.722569888107 144.27673569713647 -4.756445693140126
    vertex 3708.450763171188 143.89068064485957 -8.756446068857521
    vertex 3708.450763171188 143.8906807044607 -4.756445687387795
  endloop
endfacet
facet normal -0.7957048374688188 0.6056845809732331 -9.024874296479117e-09
  outer loop
    vertex 3708.722569888107 144.27673563753532 -8.756446074609855
    vertex 3709.0085386686246 144.6524209121328 -4.756445698737942
    vertex 3709.0085386686246 144.65242085253166 -8.756446080207668
  endloop
endfacet
facet normal -0.7957048374688188 0.6056845809732331 -9.024874296479117e-09
  outer loop
    vertex 3709.0085386686246 144.6524209121328 -4.756445698737942
    vertex 3708.722569888107 144.27673563753532 -8.756446074609855
    vertex 3708.722569888107 144.27673569713647 -4.756445693140126
  endloop
endfacet
facet normal -0.7726420191483985 0.6348419569044614 -9.45932757605856e-09
  outer loop
    vertex 3709.0085386686246 144.65242085253166 -8.756446080207668
    vertex 3709.3082737379 145.01721707378442 -4.75644570417351
    vertex 3709.3082737379 145.0172170141833 -8.756446085643237
  endloop
endfacet
facet normal -0.7726420191483985 0.6348419569044614 -9.45932757605856e-09
  outer loop
    vertex 3709.3082737379 145.01721707378442 -4.75644570417351
    vertex 3709.0085386686246 144.65242085253166 -8.756446080207668
    vertex 3709.0085386686246 144.6524209121328 -4.756445698737942
  endloop
endfacet
facet normal -0.7485102335053976 0.6631232391778281 -9.880726808395393e-09
  outer loop
    vertex 3709.3082737379 145.0172170141833 -8.756446085643237
    vertex 3709.6213612012784 145.37061921154077 -4.756445709439304
    vertex 3709.6213612012784 145.37061915193962 -8.75644609090903
  endloop
endfacet
facet normal -0.7485102335053976 0.6631232391778281 -9.880726808395393e-09
  outer loop
    vertex 3709.6213612012784 145.37061921154077 -4.756445709439304
    vertex 3709.3082737379 145.0172170141833 -8.756446085643237
    vertex 3709.3082737379 145.01721707378442 -4.75644570417351
  endloop
endfacet
facet normal -0.7233456848112855 0.6904860753591577 -1.0288440930050677e-08
  outer loop
    vertex 3709.6213612012784 145.37061915193962 -8.75644609090903
    vertex 3709.9473680906217 145.71214047466333 -4.756445714528069
    vertex 3709.9473680906217 145.71214041506218 -8.756446095997795
  endloop
endfacet
facet normal -0.7233456848112855 0.6904860753591577 -1.0288440930050677e-08
  outer loop
    vertex 3709.9473680906217 145.71214047466333 -4.756445714528069
    vertex 3709.6213612012784 145.37061915193962 -8.75644609090903
    vertex 3709.6213612012784 145.37061921154077 -4.756445709439304
  endloop
endfacet
facet normal -0.6971799754212101 0.7168961444112255 -1.068195854770781e-08
  outer loop
    vertex 3710.2858442716515 146.04130778109 -8.756446100902487
    vertex 3709.9473680906217 145.71214047466333 -4.756445714528069
    vertex 3710.2858442716515 146.04130784069116 -4.756445719432757
  endloop
endfacet
facet normal -0.6971799754212101 0.7168961444112255 -1.068195854770781e-08
  outer loop
    vertex 3709.9473680906217 145.71214047466333 -4.756445714528069
    vertex 3710.2858442716515 146.04130778109 -8.756446100902487
    vertex 3709.9473680906217 145.71214041506218 -8.756446095997795
  endloop
endfacet
facet normal -0.6700501827887928 0.742315803782127 -1.1060718776527043e-08
  outer loop
    vertex 3710.6363224439538 146.3576663473742 -8.756446105616318
    vertex 3710.2858442716515 146.04130784069116 -4.756445719432757
    vertex 3710.6363224439538 146.35766640697534 -4.756445724146591
  endloop
endfacet
facet normal -0.6700501827887928 0.742315803782127 -1.1060718776527043e-08
  outer loop
    vertex 3710.2858442716515 146.04130784069116 -4.756445719432757
    vertex 3710.6363224439538 146.3576663473742 -8.756446105616318
    vertex 3710.2858442716515 146.04130778109 -8.756446100902487
  endloop
endfacet
facet normal -0.6419969423600436 0.76670719704484 -1.142415754486792e-08
  outer loop
    vertex 3710.9983162336266 146.6607793310778 -8.756446110132787
    vertex 3710.6363224439538 146.35766640697534 -4.756445724146591
    vertex 3710.9983162336266 146.66077939067895 -4.756445728663057
  endloop
endfacet
facet normal -0.6419969423600436 0.76670719704484 -1.142415754486792e-08
  outer loop
    vertex 3710.6363224439538 146.35766640697534 -4.756445724146591
    vertex 3710.9983162336266 146.6607793310778 -8.756446110132787
    vertex 3710.6363224439538 146.3576663473742 -8.756446105616318
  endloop
endfacet
facet normal -0.6130534390312187 0.7900414425155152 -1.1771844507342103e-08
  outer loop
    vertex 3711.37132734584 146.95022717510278 -4.7564457329759176
    vertex 3710.9983162336266 146.6607793310778 -8.756446110132787
    vertex 3710.9983162336266 146.66077939067895 -4.756445728663057
  endloop
endfacet
facet normal -0.6130534390312187 0.7900414425155152 -1.1771844507342103e-08
  outer loop
    vertex 3710.9983162336266 146.6607793310778 -8.756446110132787
    vertex 3711.37132734584 146.95022717510278 -4.7564457329759176
    vertex 3711.37132734584 146.95022711550166 -8.756446114445646
  endloop
endfacet
facet normal -0.5832641290560181 0.8122825590621313 -1.2103243534743499e-08
  outer loop
    vertex 3711.7548393659517 147.22561011110713 -8.756446118548931
    vertex 3711.37132734584 146.95022717510278 -4.7564457329759176
    vertex 3711.7548393659517 147.22561017070825 -4.756445737079202
  endloop
endfacet
facet normal -0.5832641290560181 0.8122825590621313 -1.2103243534743499e-08
  outer loop
    vertex 3711.37132734584 146.95022717510278 -4.7564457329759176
    vertex 3711.7548393659517 147.22561011110713 -8.756446118548931
    vertex 3711.37132734584 146.95022711550166 -8.756446114445646
  endloop
endfacet
facet normal -0.5526690196222501 0.8334008367825058 -1.2417911940992622e-08
  outer loop
    vertex 3712.1483220510404 147.48654780184197 -8.756446122436975
    vertex 3711.7548393659517 147.22561017070825 -4.756445737079202
    vertex 3712.1483220510404 147.4865478614431 -4.756445740967248
  endloop
endfacet
facet normal -0.5526690196222501 0.8334008367825058 -1.2417911940992622e-08
  outer loop
    vertex 3711.7548393659517 147.22561017070825 -4.756445737079202
    vertex 3712.1483220510404 147.48654780184197 -8.756446122436975
    vertex 3711.7548393659517 147.22561011110713 -8.756446118548931
  endloop
endfacet
facet normal -0.5213096358587992 0.8533676016587263 -1.2715422474983263e-08
  outer loop
    vertex 3712.551232283585 147.73267969881462 -8.756446126104414
    vertex 3712.1483220510404 147.4865478614431 -4.756445740967248
    vertex 3712.551232283585 147.73267975841577 -4.756445744634685
  endloop
endfacet
facet normal -0.5213096358587992 0.8533676016587263 -1.2715422474983263e-08
  outer loop
    vertex 3712.1483220510404 147.4865478614431 -4.756445740967248
    vertex 3712.551232283585 147.73267969881462 -8.756446126104414
    vertex 3712.1483220510404 147.48654780184197 -8.756446122436975
  endloop
endfacet
facet normal -0.4892298767831119 0.8721548759611338 -1.2995358260504265e-08
  outer loop
    vertex 3712.9630126409447 147.9636653402941 -8.756446129546163
    vertex 3712.551232283585 147.73267975841577 -4.756445744634685
    vertex 3712.9630126409447 147.96366539989526 -4.7564457480764375
  endloop
endfacet
facet normal -0.4892298767831119 0.8721548759611338 -1.2995358260504265e-08
  outer loop
    vertex 3712.551232283585 147.73267975841577 -4.756445744634685
    vertex 3712.9630126409447 147.9636653402941 -8.756446129546163
    vertex 3712.551232283585 147.73267969881462 -8.756446126104414
  endloop
endfacet
facet normal -0.45647333092122455 0.8897370949655197 -1.3257338375819039e-08
  outer loop
    vertex 3713.383094256393 148.17918524538447 -8.756446132757471
    vertex 3712.9630126409447 147.96366539989526 -4.7564457480764375
    vertex 3713.383094256393 148.1791853049856 -4.756445751287742
  endloop
endfacet
facet normal -0.45647333092122455 0.8897370949655197 -1.3257338375819039e-08
  outer loop
    vertex 3712.9630126409447 147.96366539989526 -4.7564457480764375
    vertex 3713.383094256393 148.17918524538447 -8.756446132757471
    vertex 3712.9630126409447 147.9636653402941 -8.756446129546163
  endloop
endfacet
facet normal -0.42308493802835156 0.90609002599827 -1.3501001747127621e-08
  outer loop
    vertex 3713.8108963422696 148.37894097362573 -4.7564457542641625
    vertex 3713.383094256393 148.17918524538447 -8.756446132757471
    vertex 3713.383094256393 148.1791853049856 -4.756445751287742
  endloop
endfacet
facet normal -0.42308493802835156 0.90609002599827 -1.3501001747127621e-08
  outer loop
    vertex 3713.383094256393 148.17918524538447 -8.756446132757471
    vertex 3713.8108963422696 148.37894097362573 -4.7564457542641625
    vertex 3713.8108963422696 148.37894091402458 -8.756446135733892
  endloop
endfacet
facet normal -0.38911597497205475 0.9211887743679614 -1.3725977436374458e-08
  outer loop
    vertex 3714.2458276204984 148.56265864168574 -8.756446138471334
    vertex 3713.8108963422696 148.37894097362573 -4.7564457542641625
    vertex 3714.2458276204984 148.56265870128686 -4.756445757001606
  endloop
endfacet
facet normal -0.38911597497205475 0.9211887743679614 -1.3725977436374458e-08
  outer loop
    vertex 3713.8108963422696 148.37894097362573 -4.7564457542641625
    vertex 3714.2458276204984 148.56265864168574 -8.756446138471334
    vertex 3713.8108963422696 148.37894091402458 -8.756446135733892
  endloop
endfacet
facet normal -0.3546043032082325 0.9350164641043515 -1.393201398675372e-08
  outer loop
    vertex 3714.68728727626 148.73008194957788 -4.7564457594962635
    vertex 3714.2458276204984 148.56265864168574 -8.756446138471334
    vertex 3714.2458276204984 148.56265870128686 -4.756445757001606
  endloop
endfacet
facet normal -0.3546043032082325 0.9350164641043515 -1.393201398675372e-08
  outer loop
    vertex 3714.2458276204984 148.56265864168574 -8.756446138471334
    vertex 3714.68728727626 148.73008194957788 -4.7564457594962635
    vertex 3714.68728727626 148.73008188997673 -8.75644614096599
  endloop
endfacet
facet normal -0.31960539112343656 0.9475507342432041 -1.4118778213473001e-08
  outer loop
    vertex 3715.134665196411 148.88098082338738 -8.756446143214431
    vertex 3714.68728727626 148.73008194957788 -4.7564457594962635
    vertex 3715.134665196411 148.88098088298852 -4.756445761744702
  endloop
endfacet
facet normal -0.31960539112343656 0.9475507342432041 -1.4118778213473001e-08
  outer loop
    vertex 3714.68728727626 148.73008194957788 -4.7564457594962635
    vertex 3715.134665196411 148.88098082338738 -8.756446143214431
    vertex 3714.68728727626 148.73008188997673 -8.75644614096599
  endloop
endfacet
facet normal -0.2841626038495028 0.9587761024209305 -1.4286039424866054e-08
  outer loop
    vertex 3715.587342684738 149.01514563356804 -8.756446145213525
    vertex 3715.134665196411 148.88098088298852 -4.756445761744702
    vertex 3715.587342684738 149.0151456931692 -4.756445763743796
  endloop
endfacet
facet normal -0.2841626038495028 0.9587761024209305 -1.4286039424866054e-08
  outer loop
    vertex 3715.134665196411 148.88098088298852 -4.756445761744702
    vertex 3715.587342684738 149.01514563356804 -8.756446145213525
    vertex 3715.134665196411 148.88098082338738 -8.756446143214431
  endloop
endfacet
facet normal -0.24832957158498456 0.9686756030149712 -1.4433544828281774e-08
  outer loop
    vertex 3716.044694369308 149.13239226137566 -8.756446146960533
    vertex 3715.587342684738 149.0151456931692 -4.756445763743796
    vertex 3716.044694369308 149.1323923209768 -4.756445765490804
  endloop
endfacet
facet normal -0.24832957158498456 0.9686756030149712 -1.4433544828281774e-08
  outer loop
    vertex 3715.587342684738 149.0151456931692 -4.756445763743796
    vertex 3716.044694369308 149.13239226137566 -8.756446146960533
    vertex 3715.587342684738 149.01514563356804 -8.756446145213525
  endloop
endfacet
facet normal -0.21215330166149998 0.977236397497619 -1.4561103125968244e-08
  outer loop
    vertex 3716.50608796405 149.23255858217644 -8.75644614845304
    vertex 3716.044694369308 149.1323923209768 -4.756445765490804
    vertex 3716.50608796405 149.2325586417776 -4.756445766983312
  endloop
endfacet
facet normal -0.21215330166149998 0.977236397497619 -1.4561103125968244e-08
  outer loop
    vertex 3716.044694369308 149.1323923209768 -4.756445765490804
    vertex 3716.50608796405 149.23255858217644 -8.75644614845304
    vertex 3716.044694369308 149.13239226137566 -8.756446146960533
  endloop
endfacet
facet normal -0.1756821811672318 0.9844469367214892 -1.4668542232310851e-08
  outer loop
    vertex 3716.9708858184736 149.3155053595202 -8.756446149688967
    vertex 3716.50608796405 149.2325586417776 -4.756445766983312
    vertex 3716.9708858184736 149.31550541912134 -4.756445768219238
  endloop
endfacet
facet normal -0.1756821811672318 0.9844469367214892 -1.4668542232310851e-08
  outer loop
    vertex 3716.50608796405 149.2325586417776 -4.756445766983312
    vertex 3716.9708858184736 149.3155053595202 -8.756446149688967
    vertex 3716.50608796405 149.23255858217644 -8.75644614845304
  endloop
endfacet
facet normal -0.13896857635721477 0.9902967912627249 -1.4755706745897292e-08
  outer loop
    vertex 3717.438445752136 149.3811182120901 -4.756445769196892
    vertex 3716.9708858184736 149.3155053595202 -8.756446149688967
    vertex 3716.9708858184736 149.31550541912134 -4.756445768219238
  endloop
endfacet
facet normal -0.13896857635721477 0.9902967912627249 -1.4755706745897292e-08
  outer loop
    vertex 3716.9708858184736 149.3155053595202 -8.756446149688967
    vertex 3717.438445752136 149.3811182120901 -4.756445769196892
    vertex 3717.438445752136 149.38111815248894 -8.756446150666621
  endloop
endfacet
facet normal -0.1020631280385371 0.9947779239081399 -1.4822476909941647e-08
  outer loop
    vertex 3717.90812141227 149.42930636202263 -8.756446151384635
    vertex 3717.438445752136 149.3811182120901 -4.756445769196892
    vertex 3717.90812141227 149.42930642162378 -4.756445769914909
  endloop
endfacet
facet normal -0.1020631280385371 0.9947779239081399 -1.4822476909941647e-08
  outer loop
    vertex 3717.438445752136 149.3811182120901 -4.756445769196892
    vertex 3717.90812141227 149.42930636202263 -8.756446151384635
    vertex 3717.438445752136 149.38111815248894 -8.756446150666621
  endloop
endfacet
facet normal -0.06501629931188745 0.9978842021115412 -1.4868761347743488e-08
  outer loop
    vertex 3718.3792635850823 149.4600032309191 -8.756446151842031
    vertex 3717.90812141227 149.42930642162378 -4.756445769914909
    vertex 3718.3792635850823 149.46000329052026 -4.756445770372302
  endloop
endfacet
facet normal -0.06501629931188745 0.9978842021115412 -1.4868761347743488e-08
  outer loop
    vertex 3717.90812141227 149.42930642162378 -4.756445769914909
    vertex 3718.3792635850823 149.4600032309191 -8.756446151842031
    vertex 3717.90812141227 149.42930636202263 -8.756446151384635
  endloop
endfacet
facet normal -0.02788057431516327 0.9996112612290122 -1.4894495024854304e-08
  outer loop
    vertex 3718.8512212015903 149.47316679750847 -8.75644615203817
    vertex 3718.3792635850823 149.46000329052026 -4.756445770372302
    vertex 3718.8512212015903 149.47316685710962 -4.756445770568442
  endloop
endfacet
facet normal -0.02788057431516327 0.9996112612290122 -1.4894495024854304e-08
  outer loop
    vertex 3718.3792635850823 149.46000329052026 -4.756445770372302
    vertex 3718.8512212015903 149.47316679750847 -8.75644615203817
    vertex 3718.3792635850823 149.4600032309191 -8.756446151842031
  endloop
endfacet
facet normal 0.009295544430442528 0.9999567954935562 -1.489964358468329e-08
  outer loop
    vertex 3719.323341970912 149.46877798830437 -8.756446151972773
    vertex 3718.8512212015903 149.47316685710962 -4.756445770568442
    vertex 3719.323341970912 149.46877804790552 -4.756445770503044
  endloop
endfacet
facet normal 0.009295544430442528 0.9999567954935562 -1.489964358468329e-08
  outer loop
    vertex 3718.8512212015903 149.47316685710962 -4.756445770568442
    vertex 3719.323341970912 149.46877798830437 -8.756446151972773
    vertex 3718.8512212015903 149.47316679750847 -8.75644615203817
  endloop
endfacet
facet normal 0.046455505092009845 0.9989203602122875 -1.4884200401178675e-08
  outer loop
    vertex 3719.79497337865 149.4468444923025 -4.756445770176232
    vertex 3719.323341970912 149.46877798830437 -8.756446151972773
    vertex 3719.323341970912 149.46877804790552 -4.756445770503044
  endloop
endfacet
facet normal 0.046455505092009845 0.9989203602122875 -1.4884200401178675e-08
  outer loop
    vertex 3719.323341970912 149.46877798830437 -8.756446151972773
    vertex 3719.79497337865 149.4468444923025 -4.756445770176232
    vertex 3719.79497337865 149.44684443270134 -8.756446151645962
  endloop
endfacet
facet normal 0.08355486845122982 0.9965031780973395 -1.4848183693102582e-08
  outer loop
    vertex 3720.2654635362546 149.40739474092888 -8.756446151058146
    vertex 3719.79497337865 149.4468444923025 -4.756445770176232
    vertex 3720.2654635362546 149.40739480053003 -4.756445769588416
  endloop
endfacet
facet normal 0.08355486845122982 0.9965031780973395 -1.4848183693102582e-08
  outer loop
    vertex 3719.79497337865 149.4468444923025 -4.756445770176232
    vertex 3720.2654635362546 149.40739474092888 -8.756446151058146
    vertex 3719.79497337865 149.44684443270134 -8.756446151645962
  endloop
endfacet
facet normal 0.12053706490462526 0.9927088273930972 -1.4791646777324539e-08
  outer loop
    vertex 3720.73416227626 149.35048422609734 -8.756446150210161
    vertex 3720.2654635362546 149.40739480053003 -4.756445769588416
    vertex 3720.73416227626 149.35048428569849 -4.7564457687404325
  endloop
endfacet
facet normal 0.12053706490462526 0.9927088273930972 -1.4791646777324539e-08
  outer loop
    vertex 3720.2654635362546 149.40739480053003 -4.756445769588416
    vertex 3720.73416227626 149.35048422609734 -8.756446150210161
    vertex 3720.2654635362546 149.40739474092888 -8.756446151058146
  endloop
endfacet
facet normal 0.15735164945306074 0.9875426362514184 -1.4714669044838237e-08
  outer loop
    vertex 3721.2004217557824 149.276192043175 -8.756446149103187
    vertex 3720.73416227626 149.35048428569849 -4.7564457687404325
    vertex 3721.2004217557824 149.27619210277612 -4.7564457676334575
  endloop
endfacet
facet normal 0.15735164945306074 0.9875426362514184 -1.4714669044838237e-08
  outer loop
    vertex 3720.73416227626 149.35048428569849 -4.7564457687404325
    vertex 3721.2004217557824 149.276192043175 -8.756446149103187
    vertex 3720.73416227626 149.35048422609734 -8.756446150210161
  endloop
endfacet
facet normal 0.19395009882736614 0.9810113960422961 -1.4617351689008036e-08
  outer loop
    vertex 3721.6635975294034 149.1846202949148 -4.7564457662690165
    vertex 3721.2004217557824 149.276192043175 -8.756446149103187
    vertex 3721.2004217557824 149.27619210277612 -4.7564457676334575
  endloop
endfacet
facet normal 0.19395009882736614 0.9810113960422961 -1.4617351689008036e-08
  outer loop
    vertex 3721.2004217557824 149.276192043175 -8.756446149103187
    vertex 3721.6635975294034 149.1846202949148 -4.7564457662690165
    vertex 3721.6635975294034 149.18462023531364 -8.756446147738746
  endloop
endfacet
facet normal 0.2302817378317823 0.9731240009480673 -1.4499827235706446e-08
  outer loop
    vertex 3722.1230496816556 149.07589468752312 -8.756446146118703
    vertex 3721.6635975294034 149.1846202949148 -4.7564457662690165
    vertex 3722.1230496816556 149.07589474712427 -4.756445764648975
  endloop
endfacet
facet normal 0.2302817378317823 0.9731240009480673 -1.4499827235706446e-08
  outer loop
    vertex 3721.6635975294034 149.1846202949148 -4.7564457662690165
    vertex 3722.1230496816556 149.07589468752312 -8.756446146118703
    vertex 3721.6635975294034 149.18462023531364 -8.756446147738746
  endloop
endfacet
facet normal 0.26629254426223736 0.9638922558410479 -1.436227158092304e-08
  outer loop
    vertex 3722.5781428270266 148.9501670340197 -8.75644614424532
    vertex 3722.1230496816556 149.07589474712427 -4.756445764648975
    vertex 3722.5781428270266 148.95016709362085 -4.756445762775591
  endloop
endfacet
facet normal 0.26629254426223736 0.9638922558410479 -1.436227158092304e-08
  outer loop
    vertex 3722.1230496816556 149.07589474712427 -4.756445764648975
    vertex 3722.5781428270266 148.9501670340197 -8.75644614424532
    vertex 3722.1230496816556 149.07589468752312 -8.756446146118703
  endloop
endfacet
facet normal 0.3019374387523987 0.9533277416920382 -1.4204857284450465e-08
  outer loop
    vertex 3723.028248255722 148.8076098898547 -8.756446142121177
    vertex 3722.5781428270266 148.95016709362085 -4.756445762775591
    vertex 3723.028248255722 148.8076099494558 -4.756445760651449
  endloop
endfacet
facet normal 0.3019374387523987 0.9533277416920382 -1.4204857284450465e-08
  outer loop
    vertex 3722.5781428270266 148.95016709362085 -4.756445762775591
    vertex 3723.028248255722 148.8076098898547 -8.756446142121177
    vertex 3722.5781428270266 148.9501670340197 -8.75644614424532
  endloop
endfacet
facet normal 0.3371627423347983 0.9414463793447178 -1.4027821571434311e-08
  outer loop
    vertex 3723.472743456833 148.64842167888696 -4.756445758279502
    vertex 3723.028248255722 148.8076098898547 -8.756446142121177
    vertex 3723.028248255722 148.8076099494558 -4.756445760651449
  endloop
endfacet
facet normal 0.3371627423347983 0.9414463793447178 -1.4027821571434311e-08
  outer loop
    vertex 3723.028248255722 148.8076098898547 -8.756446142121177
    vertex 3723.472743456833 148.64842167888696 -4.756445758279502
    vertex 3723.472743456833 148.64842161928584 -8.756446139749228
  endloop
endfacet
facet normal 0.3719244929629292 0.9282629861920962 -1.3831385225288113e-08
  outer loop
    vertex 3723.911014979354 148.47282061373164 -8.756446137132722
    vertex 3723.472743456833 148.64842167888696 -4.756445758279502
    vertex 3723.911014979354 148.47282067333276 -4.756445755662993
  endloop
endfacet
facet normal 0.3719244929629292 0.9282629861920962 -1.3831385225288113e-08
  outer loop
    vertex 3723.472743456833 148.64842167888696 -4.756445758279502
    vertex 3723.911014979354 148.47282061373164 -8.756446137132722
    vertex 3723.472743456833 148.64842161928584 -8.756446139749228
  endloop
endfacet
facet normal 0.4061701385611467 0.9137974712928563 -1.3615844896706997e-08
  outer loop
    vertex 3724.342456286422 148.2810510734182 -4.756445752805575
    vertex 3723.911014979354 148.47282061373164 -8.756446137132722
    vertex 3723.911014979354 148.47282067333276 -4.756445755662993
  endloop
endfacet
facet normal 0.4061701385611467 0.9137974712928563 -1.3615844896706997e-08
  outer loop
    vertex 3723.911014979354 148.47282061373164 -8.756446137132722
    vertex 3724.342456286422 148.2810510734182 -4.756445752805575
    vertex 3724.342456286422 148.28105101381706 -8.7564461342753
  endloop
endfacet
facet normal 0.43985581251014066 0.898068407305949 -1.338147732364608e-08
  outer loop
    vertex 3724.7664713315885 148.07337698732783 -8.756446131180898
    vertex 3724.342456286422 148.2810510734182 -4.756445752805575
    vertex 3724.7664713315885 148.07337704692895 -4.756445749711172
  endloop
endfacet
facet normal 0.43985581251014066 0.898068407305949 -1.338147732364608e-08
  outer loop
    vertex 3724.342456286422 148.2810510734182 -4.756445752805575
    vertex 3724.7664713315885 148.07337698732783 -8.756446131180898
    vertex 3724.342456286422 148.28105101381706 -8.7564461342753
  endloop
endfacet
facet normal 0.4729319214163377 0.881098971572122 -1.312862785514238e-08
  outer loop
    vertex 3725.182474081985 147.85008654390742 -8.756446127853806
    vertex 3724.7664713315885 148.07337704692895 -4.756445749711172
    vertex 3725.182474081985 147.85008660350854 -4.756445746384077
  endloop
endfacet
facet normal 0.4729319214163377 0.881098971572122 -1.312862785514238e-08
  outer loop
    vertex 3724.7664713315885 148.07337704692895 -4.756445749711172
    vertex 3725.182474081985 147.85008654390742 -8.756446127853806
    vertex 3724.7664713315885 148.07337698732783 -8.756446131180898
  endloop
endfacet
facet normal 0.50535656365246 0.8629106231663723 -1.2857616237579489e-08
  outer loop
    vertex 3725.5898899488375 147.61148676668574 -8.7564461242986
    vertex 3725.182474081985 147.85008660350854 -4.756445746384077
    vertex 3725.5898899488375 147.61148682628686 -4.756445742828872
  endloop
endfacet
facet normal 0.50535656365246 0.8629106231663723 -1.2857616237579489e-08
  outer loop
    vertex 3725.182474081985 147.85008660350854 -4.756445746384077
    vertex 3725.5898899488375 147.61148676668574 -8.7564461242986
    vertex 3725.182474081985 147.85008654390742 -8.756446127853806
  endloop
endfacet
facet normal 0.5370828296212519 0.8435295099319462 -1.2568832081335211e-08
  outer loop
    vertex 3725.988155310623 147.35790762697624 -8.756446120520199
    vertex 3725.5898899488375 147.61148682628686 -4.756445742828872
    vertex 3725.988155310623 147.3579076865774 -4.756445739050469
  endloop
endfacet
facet normal 0.5370828296212519 0.8435295099319462 -1.2568832081335211e-08
  outer loop
    vertex 3725.5898899488375 147.61148682628686 -4.756445742828872
    vertex 3725.988155310623 147.35790762697624 -8.756446120520199
    vertex 3725.5898899488375 147.61148676668574 -8.7564461242986
  endloop
endfacet
facet normal 0.568064499290026 0.8229840366898812 -1.2262698626404969e-08
  outer loop
    vertex 3726.376719897262 147.08970103060173 -8.756446116523843
    vertex 3725.988155310623 147.3579076865774 -4.756445739050469
    vertex 3726.376719897262 147.08970109020288 -4.756445735054114
  endloop
endfacet
facet normal 0.568064499290026 0.8229840366898812 -1.2262698626404969e-08
  outer loop
    vertex 3725.988155310623 147.3579076865774 -4.756445739050469
    vertex 3726.376719897262 147.08970103060173 -8.756446116523843
    vertex 3725.988155310623 147.35790762697624 -8.756446120520199
  endloop
endfacet
facet normal 0.5982624473950799 0.8013002209140151 -1.1939603540624917e-08
  outer loop
    vertex 3726.755046313278 146.8072370627981 -4.756445730845322
    vertex 3726.376719897262 147.08970103060173 -8.756446116523843
    vertex 3726.376719897262 147.08970109020288 -4.756445735054114
  endloop
endfacet
facet normal 0.5982624473950799 0.8013002209140151 -1.1939603540624917e-08
  outer loop
    vertex 3726.376719897262 147.08970103060173 -8.756446116523843
    vertex 3726.755046313278 146.8072370627981 -4.756445730845322
    vertex 3726.755046313278 146.80723700319697 -8.756446112315048
  endloop
endfacet
facet normal 0.6276332510438396 0.778509153564774 -1.160001008823921e-08
  outer loop
    vertex 3727.1226124219816 146.51090559755733 -8.756446107899624
    vertex 3726.755046313278 146.8072370627981 -4.756445730845322
    vertex 3727.1226124219816 146.51090565715845 -4.756445726429895
  endloop
endfacet
facet normal 0.6276332510438396 0.778509153564774 -1.160001008823921e-08
  outer loop
    vertex 3726.755046313278 146.8072370627981 -4.756445730845322
    vertex 3727.1226124219816 146.51090559755733 -8.756446107899624
    vertex 3726.755046313278 146.80723700319697 -8.756446112315048
  endloop
endfacet
facet normal 0.6561374072760242 0.7546414398726703 -1.124437429597672e-08
  outer loop
    vertex 3727.478909914963 146.20111593996452 -8.756446103283668
    vertex 3727.1226124219816 146.51090565715845 -4.756445726429895
    vertex 3727.478909914963 146.20111599956567 -4.7564457218139395
  endloop
endfacet
facet normal 0.6561374072760242 0.7546414398726703 -1.124437429597672e-08
  outer loop
    vertex 3727.1226124219816 146.51090565715845 -4.756445726429895
    vertex 3727.478909914963 146.20111593996452 -8.756446103283668
    vertex 3727.1226124219816 146.51090559755733 -8.756446107899624
  endloop
endfacet
facet normal 0.6837331488940767 0.7297321296910191 -1.0873218416723217e-08
  outer loop
    vertex 3727.8234466962735 145.87829724346216 -4.756445717003853
    vertex 3727.478909914963 146.20111593996452 -8.756446103283668
    vertex 3727.478909914963 146.20111599956567 -4.7564457218139395
  endloop
endfacet
facet normal 0.6837331488940767 0.7297321296910191 -1.0873218416723217e-08
  outer loop
    vertex 3727.478909914963 146.20111593996452 -8.756446103283668
    vertex 3727.8234466962735 145.87829724346216 -4.756445717003853
    vertex 3727.8234466962735 145.878297183861 -8.756446098473582
  endloop
endfacet
facet normal 0.7103855066523357 0.7038127818804546 -1.0487012686570409e-08
  outer loop
    vertex 3728.155745928757 145.54289475475366 -4.756445712006254
    vertex 3727.8234466962735 145.878297183861 -8.756446098473582
    vertex 3727.8234466962735 145.87829724346216 -4.756445717003853
  endloop
endfacet
facet normal 0.7103855066523357 0.7038127818804546 -1.0487012686570409e-08
  outer loop
    vertex 3727.8234466962735 145.878297183861 -8.756446098473582
    vertex 3728.155745928757 145.54289475475366 -4.756445712006254
    vertex 3728.155745928757 145.5428946951525 -8.756446093475983
  endloop
endfacet
facet normal 0.7360555571252728 0.6769211304317543 -1.0086319352823522e-08
  outer loop
    vertex 3728.4753479413907 145.19537297283227 -4.756445706828085
    vertex 3728.155745928757 145.5428946951525 -8.756446093475983
    vertex 3728.155745928757 145.54289475475366 -4.756445712006254
  endloop
endfacet
facet normal 0.7360555571252728 0.6769211304317543 -1.0086319352823522e-08
  outer loop
    vertex 3728.155745928757 145.5428946951525 -8.756446093475983
    vertex 3728.4753479413907 145.19537297283227 -4.756445706828085
    vertex 3728.4753479413907 145.19537291323115 -8.756446088297814
  endloop
endfacet
facet normal 0.7607077494062069 0.6490945385637933 -9.671695138179903e-09
  outer loop
    vertex 3728.781812136642 144.83621159587915 -4.756445701476477
    vertex 3728.4753479413907 145.19537291323115 -8.756446088297814
    vertex 3728.4753479413907 145.19537297283227 -4.756445706828085
  endloop
endfacet
facet normal 0.7607077494062069 0.6490945385637933 -9.671695138179903e-09
  outer loop
    vertex 3728.4753479413907 145.19537291323115 -8.756446088297814
    vertex 3728.781812136642 144.83621159587915 -4.756445701476477
    vertex 3728.781812136642 144.836211536278 -8.756446082946207
  endloop
endfacet
facet normal 0.7843084402900196 0.6203710748333106 -9.243707275073744e-09
  outer loop
    vertex 3729.074715083115 144.46590701137598 -4.756445695958832
    vertex 3728.781812136642 144.836211536278 -8.756446082946207
    vertex 3728.781812136642 144.83621159587915 -4.756445701476477
  endloop
endfacet
facet normal 0.7843084402900196 0.6203710748333106 -9.243707275073744e-09
  outer loop
    vertex 3728.781812136642 144.836211536278 -8.756446082946207
    vertex 3729.074715083115 144.46590701137598 -4.756445695958832
    vertex 3729.074715083115 144.46590695177485 -8.756446077428558
  endloop
endfacet
facet normal 0.8068263707939061 0.5907886317385725 -8.802920372617406e-09
  outer loop
    vertex 3729.3536505155485 144.08497134243066 -4.7564456902827805
    vertex 3729.074715083115 144.46590695177485 -8.756446077428558
    vertex 3729.074715083115 144.46590701137598 -4.756445695958832
  endloop
endfacet
facet normal 0.8068263707939061 0.5907886317385725 -8.802920372617406e-09
  outer loop
    vertex 3729.074715083115 144.46590695177485 -8.756446077428558
    vertex 3729.3536505155485 144.08497134243066 -4.7564456902827805
    vertex 3729.3536505155485 144.0849712828295 -8.756446071752507
  endloop
endfacet
facet normal 0.8282283769694823 0.5603907168953614 -8.349982706787703e-09
  outer loop
    vertex 3729.6182341031945 143.6939305404287 -4.7564456844561604
    vertex 3729.3536505155485 144.0849712828295 -8.756446071752507
    vertex 3729.3536505155485 144.08497134243066 -4.7564456902827805
  endloop
endfacet
facet normal 0.8282283769694823 0.5603907168953614 -8.349982706787703e-09
  outer loop
    vertex 3729.3536505155485 144.0849712828295 -8.756446071752507
    vertex 3729.6182341031945 143.6939305404287 -4.7564456844561604
    vertex 3729.6182341031945 143.69393048082756 -8.756446065925887
  endloop
endfacet
facet normal 0.8484857265477174 0.5292182648442818 -7.885504214001954e-09
  outer loop
    vertex 3729.8680996351163 143.29332581554468 -4.756445678487036
    vertex 3729.6182341031945 143.69393048082756 -8.756446065925887
    vertex 3729.6182341031945 143.6939305404287 -4.7564456844561604
  endloop
endfacet
facet normal 0.8484857265477174 0.5292182648442818 -7.885504214001954e-09
  outer loop
    vertex 3729.6182341031945 143.69393048082756 -8.756446065925887
    vertex 3729.8680996351163 143.29332581554468 -4.756445678487036
    vertex 3729.8680996351163 143.29332575594353 -8.756446059956765
  endloop
endfacet
facet normal 0.867569751429326 0.4973155199718358 -7.410144148332404e-09
  outer loop
    vertex 3730.1029028348844 142.88371029888208 -4.756445672383647
    vertex 3729.8680996351163 143.29332575594353 -8.756446059956765
    vertex 3729.8680996351163 143.29332581554468 -4.756445678487036
  endloop
endfacet
facet normal 0.867569751429326 0.4973155199718358 -7.410144148332404e-09
  outer loop
    vertex 3729.8680996351163 143.29332575594353 -8.756446059956765
    vertex 3730.1029028348844 142.88371029888208 -4.756445672383647
    vertex 3730.1029028348844 142.88371023928096 -8.756446053853375
  endloop
endfacet
facet normal 0.8854562540294318 0.4647227369089728 -6.924502315347141e-09
  outer loop
    vertex 3730.322317545883 142.4656499961477 -4.756445666154429
    vertex 3730.1029028348844 142.88371023928096 -8.756446053853375
    vertex 3730.1029028348844 142.88371029888208 -4.756445672383647
  endloop
endfacet
facet normal 0.8854562540294318 0.4647227369089728 -6.924502315347141e-09
  outer loop
    vertex 3730.1029028348844 142.88371023928096 -8.756446053853375
    vertex 3730.322317545883 142.4656499961477 -4.756445666154429
    vertex 3730.322317545883 142.46564993654655 -8.756446047624157
  endloop
endfacet
facet normal 0.9021180525445738 0.43148930377610295 -6.4293146122316655e-09
  outer loop
    vertex 3730.5260414533536 142.0397228339773 -4.756445659807987
    vertex 3730.322317545883 142.46564993654655 -8.756446047624157
    vertex 3730.322317545883 142.4656499961477 -4.756445666154429
  endloop
endfacet
facet normal 0.9021180525445738 0.43148930377610295 -6.4293146122316655e-09
  outer loop
    vertex 3730.322317545883 142.46564993654655 -8.756446047624157
    vertex 3730.5260414533536 142.0397228339773 -4.756445659807987
    vertex 3730.5260414533536 142.03972277437617 -8.756446041277716
  endloop
endfacet
facet normal 0.9175327918403404 0.39766012610981066 -5.925250144384433e-09
  outer loop
    vertex 3730.713793223373 141.60651770626123 -4.756445653353106
    vertex 3730.5260414533536 142.03972277437617 -8.756446041277716
    vertex 3730.5260414533536 142.0397228339773 -4.756445659807987
  endloop
endfacet
facet normal 0.9175327918403404 0.39766012610981066 -5.925250144384433e-09
  outer loop
    vertex 3730.5260414533536 142.03972277437617 -8.756446041277716
    vertex 3730.713793223373 141.60651770626123 -4.756445653353106
    vertex 3730.713793223373 141.6065176466601 -8.756446034822835
  endloop
endfacet
facet normal 0.9316801766288818 0.3632795734372847 -5.412970030509884e-09
  outer loop
    vertex 3730.885312502853 141.16663304363306 -4.7564456467986975
    vertex 3730.713793223373 141.6065176466601 -8.756446034822835
    vertex 3730.713793223373 141.60651770626123 -4.756445653353106
  endloop
endfacet
facet normal 0.9316801766288818 0.3632795734372847 -5.412970030509884e-09
  outer loop
    vertex 3730.713793223373 141.6065176466601 -8.756446034822835
    vertex 3730.885312502853 141.16663304363306 -4.7564456467986975
    vertex 3730.885312502853 141.16663298403193 -8.756446028268426
  endloop
endfacet
facet normal 0.9445393530002982 0.32839825004676615 -4.893228289043664e-09
  outer loop
    vertex 3730.885312502853 141.16663304363306 -4.7564456467986975
    vertex 3731.0403627805636 140.72067723070552 -8.756446021623558
    vertex 3730.885312502853 141.16663298403193 -8.756446028268426
  endloop
endfacet
facet normal 0.9445393530002982 0.32839825004676615 -4.893228289043664e-09
  outer loop
    vertex 3731.0403627805636 140.72067723070552 -8.756446021623558
    vertex 3730.885312502853 141.16663304363306 -4.7564456467986975
    vertex 3731.0403627805636 140.72067729030664 -4.756445640153832
  endloop
endfacet
facet normal 0.9560927798939209 0.2930641503744775 -4.36674005087641e-09
  outer loop
    vertex 3731.178730433456 140.26926651989038 -4.756445633427682
    vertex 3731.0403627805636 140.72067723070552 -8.756446021623558
    vertex 3731.0403627805636 140.72067729030664 -4.756445640153832
  endloop
endfacet
facet normal 0.9560927798939209 0.2930641503744775 -4.36674005087641e-09
  outer loop
    vertex 3731.0403627805636 140.72067723070552 -8.756446021623558
    vertex 3731.178730433456 140.26926651989038 -4.756445633427682
    vertex 3731.178730433456 140.26926646028926 -8.756446014897408
  endloop
endfacet
facet normal 0.9663256658296309 0.2573221862936049 -3.834174515823765e-09
  outer loop
    vertex 3731.178730433456 140.26926651989038 -4.756445633427682
    vertex 3731.30022281932 139.81302437578606 -8.756446008099271
    vertex 3731.178730433456 140.26926646028926 -8.756446014897408
  endloop
endfacet
facet normal 0.9663256658296309 0.2573221862936049 -3.834174515823765e-09
  outer loop
    vertex 3731.30022281932 139.81302437578606 -8.756446008099271
    vertex 3731.178730433456 140.26926651989038 -4.756445633427682
    vertex 3731.30022281932 139.8130244353872 -4.756445626629544
  endloop
endfacet
facet normal 0.9752224260664496 0.2212266251992932 -3.2963402836668104e-09
  outer loop
    vertex 3731.4046730451505 139.35258165393884 -4.756445619768811
    vertex 3731.30022281932 139.81302437578606 -8.756446008099271
    vertex 3731.30022281932 139.8130244353872 -4.756445626629544
  endloop
endfacet
facet normal 0.9752224260664496 0.2212266251992932 -3.2963402836668104e-09
  outer loop
    vertex 3731.30022281932 139.81302437578606 -8.756446008099271
    vertex 3731.4046730451505 139.35258165393884 -4.756445619768811
    vertex 3731.4046730451505 139.3525815943377 -8.75644600123854
  endloop
endfacet
facet normal 0.9827715989415634 0.18482419839902667 -2.7539336643150352e-09
  outer loop
    vertex 3731.4919361524503 138.88857475315152 -4.756445612854975
    vertex 3731.4046730451505 139.3525815943377 -8.75644600123854
    vertex 3731.4046730451505 139.35258165393884 -4.756445619768811
  endloop
endfacet
facet normal 0.9827715989415634 0.18482419839902667 -2.7539336643150352e-09
  outer loop
    vertex 3731.4046730451505 139.3525815943377 -8.75644600123854
    vertex 3731.4919361524503 138.88857475315152 -4.756445612854975
    vertex 3731.4919361524503 138.88857469355037 -8.756445994324704
  endloop
endfacet
facet normal 0.9889623320643572 0.148167154787518 -2.2077331813130767e-09
  outer loop
    vertex 3731.561891978256 138.42164484058435 -4.756445605897585
    vertex 3731.4919361524503 138.88857469355037 -8.756445994324704
    vertex 3731.4919361524503 138.88857475315152 -4.756445612854975
  endloop
endfacet
facet normal 0.9889623320643572 0.148167154787518 -2.2077331813130767e-09
  outer loop
    vertex 3731.4919361524503 138.88857469355037 -8.756445994324704
    vertex 3731.561891978256 138.42164484058435 -4.756445605897585
    vertex 3731.561891978256 138.4216447809832 -8.756445987367314
  endloop
endfacet
facet normal 0.9937863874671917 0.11130416023181126 -1.6584639700637491e-09
  outer loop
    vertex 3731.6144432477877 137.95243743454034 -4.756445598906259
    vertex 3731.561891978256 138.4216447809832 -8.756445987367314
    vertex 3731.561891978256 138.42164484058435 -4.756445605897585
  endloop
endfacet
facet normal 0.9937863874671917 0.11130416023181126 -1.6584639700637491e-09
  outer loop
    vertex 3731.561891978256 138.4216447809832 -8.756445987367314
    vertex 3731.6144432477877 137.95243743454034 -4.756445598906259
    vertex 3731.6144432477877 137.95243737493922 -8.756445980375988
  endloop
endfacet
facet normal 0.9972368581596321 0.07428760817192752 -1.106906707878319e-09
  outer loop
    vertex 3731.6495174817956 137.48160091434534 -4.756445591890665
    vertex 3731.6144432477877 137.95243737493922 -8.756445980375988
    vertex 3731.6144432477877 137.95243743454034 -4.756445598906259
  endloop
endfacet
facet normal 0.9972368581596321 0.07428760817192752 -1.106906707878319e-09
  outer loop
    vertex 3731.6144432477877 137.95243737493922 -8.756445980375988
    vertex 3731.6495174817956 137.48160091434534 -4.756445591890665
    vertex 3731.6495174817956 137.48160085474422 -8.756445973360394
  endloop
endfacet
facet normal 0.9993089546629328 0.03717005690709797 -5.538445285176564e-10
  outer loop
    vertex 3731.667066996566 137.0097859988075 -4.756445584860483
    vertex 3731.6495174817956 137.48160085474422 -8.756445973360394
    vertex 3731.6495174817956 137.48160091434534 -4.756445591890665
  endloop
endfacet
facet normal 0.9993089546629328 0.03717005690709797 -5.538445285176564e-10
  outer loop
    vertex 3731.6495174817956 137.48160085474422 -8.756445973360394
    vertex 3731.667066996566 137.0097859988075 -4.756445584860483
    vertex 3731.667066996566 137.00978593920635 -8.756445966330212
  endloop
endfacet
facet normal 1.0 0.0 0.0
  outer loop
    vertex 3731.667066996566 136.53764482234533 -4.756445577825447
    vertex 3731.667066996566 137.00978593920635 -8.756445966330212
    vertex 3731.667066996566 137.0097859988075 -4.756445584860483
  endloop
endfacet
facet normal 1.0 0.0 0.0
  outer loop
    vertex 3731.667066996566 137.00978593920635 -8.756445966330212
    vertex 3731.667066996566 136.53764482234533 -4.756445577825447
    vertex 3731.667066996566 136.53764476274418 -8.756445959295174
  endloop
endfacet
facet normal 0.9993089546629328 -0.03717005690709796 5.538445285176562e-10
  outer loop
    vertex 3731.6495174817956 136.0658299068075 -4.7564455707952655
    vertex 3731.667066996566 136.53764476274418 -8.756445959295174
    vertex 3731.667066996566 136.53764482234533 -4.756445577825447
  endloop
endfacet
facet normal 0.9993089546629328 -0.03717005690709796 5.538445285176562e-10
  outer loop
    vertex 3731.667066996566 136.53764476274418 -8.756445959295174
    vertex 3731.6495174817956 136.0658299068075 -4.7564455707952655
    vertex 3731.6495174817956 136.06582984720637 -8.756445952264995
  endloop
endfacet
facet normal 0.9972368581596321 -0.0742876081719275 1.1069067078783188e-09
  outer loop
    vertex 3731.6495174817956 136.0658299068075 -4.7564455707952655
    vertex 3731.6144432477877 135.59499332701137 -8.7564459452494
    vertex 3731.6495174817956 136.06582984720637 -8.756445952264995
  endloop
endfacet
facet normal 0.9972368581596321 -0.0742876081719275 1.1069067078783188e-09
  outer loop
    vertex 3731.6144432477877 135.59499332701137 -8.7564459452494
    vertex 3731.6495174817956 136.0658299068075 -4.7564455707952655
    vertex 3731.6144432477877 135.5949933866125 -4.756445563779671
  endloop
endfacet
facet normal 0.9937863874671917 -0.11130416023181126 1.6584639700637491e-09
  outer loop
    vertex 3731.561891978256 135.12578598056848 -4.7564455567883455
    vertex 3731.6144432477877 135.59499332701137 -8.7564459452494
    vertex 3731.6144432477877 135.5949933866125 -4.756445563779671
  endloop
endfacet
facet normal 0.9937863874671917 -0.11130416023181126 1.6584639700637491e-09
  outer loop
    vertex 3731.6144432477877 135.59499332701137 -8.7564459452494
    vertex 3731.561891978256 135.12578598056848 -4.7564455567883455
    vertex 3731.561891978256 135.12578592096733 -8.756445938258075
  endloop
endfacet
facet normal 0.9889623320643572 -0.148167154787518 2.2077331813130767e-09
  outer loop
    vertex 3731.4919361524503 134.65885606800134 -4.756445549830955
    vertex 3731.561891978256 135.12578592096733 -8.756445938258075
    vertex 3731.561891978256 135.12578598056848 -4.7564455567883455
  endloop
endfacet
facet normal 0.9889623320643572 -0.148167154787518 2.2077331813130767e-09
  outer loop
    vertex 3731.561891978256 135.12578592096733 -8.756445938258075
    vertex 3731.4919361524503 134.65885606800134 -4.756445549830955
    vertex 3731.4919361524503 134.65885600840022 -8.75644593130068
  endloop
endfacet
facet normal 0.9827715989415634 -0.18482419839902667 2.7539336643150352e-09
  outer loop
    vertex 3731.4046730451505 134.194849167214 -4.756445542917119
    vertex 3731.4919361524503 134.65885600840022 -8.75644593130068
    vertex 3731.4919361524503 134.65885606800134 -4.756445549830955
  endloop
endfacet
facet normal 0.9827715989415634 -0.18482419839902667 2.7539336643150352e-09
  outer loop
    vertex 3731.4919361524503 134.65885600840022 -8.75644593130068
    vertex 3731.4046730451505 134.194849167214 -4.756445542917119
    vertex 3731.4046730451505 134.19484910761284 -8.756445924386846
  endloop
endfacet
facet normal 0.9752224260664496 -0.2212266251992932 3.2963402836668104e-09
  outer loop
    vertex 3731.30022281932 133.73440638576562 -4.756445536056389
    vertex 3731.4046730451505 134.19484910761284 -8.756445924386846
    vertex 3731.4046730451505 134.194849167214 -4.756445542917119
  endloop
endfacet
facet normal 0.9752224260664496 -0.2212266251992932 3.2963402836668104e-09
  outer loop
    vertex 3731.4046730451505 134.19484910761284 -8.756445924386846
    vertex 3731.30022281932 133.73440638576562 -4.756445536056389
    vertex 3731.30022281932 133.7344063261645 -8.756445917526115
  endloop
endfacet
facet normal 0.9663256658296309 -0.2573221862936049 3.834174515823765e-09
  outer loop
    vertex 3731.30022281932 133.73440638576562 -4.756445536056389
    vertex 3731.178730433456 133.2781642416613 -8.756445910727976
    vertex 3731.30022281932 133.7344063261645 -8.756445917526115
  endloop
endfacet
facet normal 0.9663256658296309 -0.2573221862936049 3.834174515823765e-09
  outer loop
    vertex 3731.178730433456 133.2781642416613 -8.756445910727976
    vertex 3731.30022281932 133.73440638576562 -4.756445536056389
    vertex 3731.178730433456 133.27816430126245 -4.756445529258251
  endloop
endfacet
facet normal 0.9560927798939209 -0.2930641503744775 4.36674005087641e-09
  outer loop
    vertex 3731.0403627805636 132.8267535308462 -4.7564455225321005
    vertex 3731.178730433456 133.2781642416613 -8.756445910727976
    vertex 3731.178730433456 133.27816430126245 -4.756445529258251
  endloop
endfacet
facet normal 0.9560927798939209 -0.2930641503744775 4.36674005087641e-09
  outer loop
    vertex 3731.178730433456 133.2781642416613 -8.756445910727976
    vertex 3731.0403627805636 132.8267535308462 -4.7564455225321005
    vertex 3731.0403627805636 132.82675347124507 -8.756445904001826
  endloop
endfacet
facet normal 0.9445393530002982 -0.32839825004676615 4.893228289043664e-09
  outer loop
    vertex 3731.0403627805636 132.8267535308462 -4.7564455225321005
    vertex 3730.885312502853 132.38079771791865 -8.756445897356961
    vertex 3731.0403627805636 132.82675347124507 -8.756445904001826
  endloop
endfacet
facet normal 0.9445393530002982 -0.32839825004676615 4.893228289043664e-09
  outer loop
    vertex 3730.885312502853 132.38079771791865 -8.756445897356961
    vertex 3731.0403627805636 132.8267535308462 -4.7564455225321005
    vertex 3730.885312502853 132.38079777751977 -4.756445515887233
  endloop
endfacet
facet normal 0.9316801766288818 -0.3632795734372847 5.412970030509884e-09
  outer loop
    vertex 3730.713793223373 131.9409131148916 -4.756445509332824
    vertex 3730.885312502853 132.38079771791865 -8.756445897356961
    vertex 3730.885312502853 132.38079777751977 -4.756445515887233
  endloop
endfacet
facet normal 0.9316801766288818 -0.3632795734372847 5.412970030509884e-09
  outer loop
    vertex 3730.885312502853 132.38079771791865 -8.756445897356961
    vertex 3730.713793223373 131.9409131148916 -4.756445509332824
    vertex 3730.713793223373 131.94091305529048 -8.756445890802551
  endloop
endfacet
facet normal 0.9175327918403404 -0.39766012610981066 5.925250144384433e-09
  outer loop
    vertex 3730.5260414533536 131.50770798717554 -4.756445502877943
    vertex 3730.713793223373 131.94091305529048 -8.756445890802551
    vertex 3730.713793223373 131.9409131148916 -4.756445509332824
  endloop
endfacet
facet normal 0.9175327918403404 -0.39766012610981066 5.925250144384433e-09
  outer loop
    vertex 3730.713793223373 131.94091305529048 -8.756445890802551
    vertex 3730.5260414533536 131.50770798717554 -4.756445502877943
    vertex 3730.5260414533536 131.50770792757442 -8.756445884347672
  endloop
endfacet
facet normal 0.9021180525445738 -0.43148930377610295 6.4293146122316655e-09
  outer loop
    vertex 3730.5260414533536 131.50770798717554 -4.756445502877943
    vertex 3730.322317545883 131.08178076540398 -8.75644587800123
    vertex 3730.5260414533536 131.50770792757442 -8.756445884347672
  endloop
endfacet
facet normal 0.9021180525445738 -0.43148930377610295 6.4293146122316655e-09
  outer loop
    vertex 3730.322317545883 131.08178076540398 -8.75644587800123
    vertex 3730.5260414533536 131.50770798717554 -4.756445502877943
    vertex 3730.322317545883 131.08178082500513 -4.7564454965315015
  endloop
endfacet
facet normal 0.8854562540294318 -0.4647227369089729 6.924502315347143e-09
  outer loop
    vertex 3730.1029028348844 130.66372052227075 -4.7564454903022835
    vertex 3730.322317545883 131.08178076540398 -8.75644587800123
    vertex 3730.322317545883 131.08178082500513 -4.7564454965315015
  endloop
endfacet
facet normal 0.8854562540294318 -0.4647227369089729 6.924502315347143e-09
  outer loop
    vertex 3730.322317545883 131.08178076540398 -8.75644587800123
    vertex 3730.1029028348844 130.66372052227075 -4.7564454903022835
    vertex 3730.1029028348844 130.66372046266963 -8.756445871772012
  endloop
endfacet
facet normal 0.867569751429326 -0.4973155199718358 7.410144148332404e-09
  outer loop
    vertex 3729.8680996351163 130.25410500560815 -4.756445484198895
    vertex 3730.1029028348844 130.66372046266963 -8.756445871772012
    vertex 3730.1029028348844 130.66372052227075 -4.7564454903022835
  endloop
endfacet
facet normal 0.867569751429326 -0.4973155199718358 7.410144148332404e-09
  outer loop
    vertex 3730.1029028348844 130.66372046266963 -8.756445871772012
    vertex 3729.8680996351163 130.25410500560815 -4.756445484198895
    vertex 3729.8680996351163 130.25410494600703 -8.756445865668624
  endloop
endfacet
facet normal 0.8484857265477171 -0.5292182648442818 7.885504214001954e-09
  outer loop
    vertex 3729.6182341031945 129.85350028072412 -4.7564454782297725
    vertex 3729.8680996351163 130.25410494600703 -8.756445865668624
    vertex 3729.8680996351163 130.25410500560815 -4.756445484198895
  endloop
endfacet
facet normal 0.8484857265477171 -0.5292182648442818 7.885504214001954e-09
  outer loop
    vertex 3729.8680996351163 130.25410494600703 -8.756445865668624
    vertex 3729.6182341031945 129.85350028072412 -4.7564454782297725
    vertex 3729.6182341031945 129.85350022112297 -8.756445859699499
  endloop
endfacet
facet normal 0.8282283769694823 -0.5603907168953615 8.349982706787705e-09
  outer loop
    vertex 3729.3536505155485 129.46245947872217 -4.756445472403152
    vertex 3729.6182341031945 129.85350022112297 -8.756445859699499
    vertex 3729.6182341031945 129.85350028072412 -4.7564454782297725
  endloop
endfacet
facet normal 0.8282283769694823 -0.5603907168953615 8.349982706787705e-09
  outer loop
    vertex 3729.6182341031945 129.85350022112297 -8.756445859699499
    vertex 3729.3536505155485 129.46245947872217 -4.756445472403152
    vertex 3729.3536505155485 129.46245941912105 -8.756445853872878
  endloop
endfacet
facet normal 0.8068263707939061 -0.5907886317385725 8.802920372617406e-09
  outer loop
    vertex 3729.3536505155485 129.46245947872217 -4.756445472403152
    vertex 3729.074715083115 129.08152375017573 -8.756445848196828
    vertex 3729.3536505155485 129.46245941912105 -8.756445853872878
  endloop
endfacet
facet normal 0.8068263707939061 -0.5907886317385725 8.802920372617406e-09
  outer loop
    vertex 3729.074715083115 129.08152375017573 -8.756445848196828
    vertex 3729.3536505155485 129.46245947872217 -4.756445472403152
    vertex 3729.074715083115 129.08152380977685 -4.756445466727098
  endloop
endfacet
facet normal 0.7843084402900196 -0.6203710748333106 9.243707275073744e-09
  outer loop
    vertex 3729.074715083115 129.08152380977685 -4.756445466727098
    vertex 3728.781812136642 128.71121916567253 -8.756445842679183
    vertex 3729.074715083115 129.08152375017573 -8.756445848196828
  endloop
endfacet
facet normal 0.7843084402900196 -0.6203710748333106 9.243707275073744e-09
  outer loop
    vertex 3728.781812136642 128.71121916567253 -8.756445842679183
    vertex 3729.074715083115 129.08152380977685 -4.756445466727098
    vertex 3728.781812136642 128.71121922527368 -4.756445461209453
  endloop
endfacet
facet normal 0.7607077494062069 -0.6490945385637933 9.671695138179903e-09
  outer loop
    vertex 3728.4753479413907 128.35205784832056 -4.756445455857845
    vertex 3728.781812136642 128.71121916567253 -8.756445842679183
    vertex 3728.781812136642 128.71121922527368 -4.756445461209453
  endloop
endfacet
facet normal 0.7607077494062069 -0.6490945385637933 9.671695138179903e-09
  outer loop
    vertex 3728.781812136642 128.71121916567253 -8.756445842679183
    vertex 3728.4753479413907 128.35205784832056 -4.756445455857845
    vertex 3728.4753479413907 128.35205778871943 -8.756445837327574
  endloop
endfacet
facet normal 0.7360555571252728 -0.6769211304317543 1.0086319352823522e-08
  outer loop
    vertex 3728.155745928757 128.0045360663992 -4.756445450679676
    vertex 3728.4753479413907 128.35205778871943 -8.756445837327574
    vertex 3728.4753479413907 128.35205784832056 -4.756445455857845
  endloop
endfacet
facet normal 0.7360555571252728 -0.6769211304317543 1.0086319352823522e-08
  outer loop
    vertex 3728.4753479413907 128.35205778871943 -8.756445837327574
    vertex 3728.155745928757 128.0045360663992 -4.756445450679676
    vertex 3728.155745928757 128.00453600679805 -8.756445832149405
  endloop
endfacet
facet normal 0.7103855066523358 -0.7038127818804546 1.0487012686570409e-08
  outer loop
    vertex 3727.8234466962735 127.66913357769067 -4.756445445682077
    vertex 3728.155745928757 128.00453600679805 -8.756445832149405
    vertex 3728.155745928757 128.0045360663992 -4.756445450679676
  endloop
endfacet
facet normal 0.7103855066523358 -0.7038127818804546 1.0487012686570409e-08
  outer loop
    vertex 3728.155745928757 128.00453600679805 -8.756445832149405
    vertex 3727.8234466962735 127.66913357769067 -4.756445445682077
    vertex 3727.8234466962735 127.66913351808955 -8.756445827151806
  endloop
endfacet
facet normal 0.6837331488940767 -0.7297321296910191 1.0873218416723217e-08
  outer loop
    vertex 3727.478909914963 127.34631482158716 -4.75644544087199
    vertex 3727.8234466962735 127.66913351808955 -8.756445827151806
    vertex 3727.8234466962735 127.66913357769067 -4.756445445682077
  endloop
endfacet
facet normal 0.6837331488940767 -0.7297321296910191 1.0873218416723217e-08
  outer loop
    vertex 3727.8234466962735 127.66913351808955 -8.756445827151806
    vertex 3727.478909914963 127.34631482158716 -4.75644544087199
    vertex 3727.478909914963 127.34631476198601 -8.75644582234172
  endloop
endfacet
facet normal 0.6561374072760242 -0.7546414398726703 1.124437429597672e-08
  outer loop
    vertex 3727.1226124219816 127.03652510439325 -8.756445817725764
    vertex 3727.478909914963 127.34631482158716 -4.75644544087199
    vertex 3727.1226124219816 127.0365251639944 -4.756445436256035
  endloop
endfacet
facet normal 0.6561374072760242 -0.7546414398726703 1.124437429597672e-08
  outer loop
    vertex 3727.478909914963 127.34631482158716 -4.75644544087199
    vertex 3727.1226124219816 127.03652510439325 -8.756445817725764
    vertex 3727.478909914963 127.34631476198601 -8.75644582234172
  endloop
endfacet
facet normal 0.6276332510438396 -0.7785091535647738 1.1600010088239207e-08
  outer loop
    vertex 3726.755046313278 126.74019369875361 -8.756445813310338
    vertex 3727.1226124219816 127.0365251639944 -4.756445436256035
    vertex 3726.755046313278 126.74019375835474 -4.756445431840608
  endloop
endfacet
facet normal 0.6276332510438396 -0.7785091535647738 1.1600010088239207e-08
  outer loop
    vertex 3727.1226124219816 127.0365251639944 -4.756445436256035
    vertex 3726.755046313278 126.74019369875361 -8.756445813310338
    vertex 3727.1226124219816 127.03652510439325 -8.756445817725764
  endloop
endfacet
facet normal 0.5982624473950799 -0.8013002209140151 1.1939603540624917e-08
  outer loop
    vertex 3726.376719897262 126.45772973094995 -4.756445427631816
    vertex 3726.755046313278 126.74019369875361 -8.756445813310338
    vertex 3726.755046313278 126.74019375835474 -4.756445431840608
  endloop
endfacet
facet normal 0.5982624473950799 -0.8013002209140151 1.1939603540624917e-08
  outer loop
    vertex 3726.755046313278 126.74019369875361 -8.756445813310338
    vertex 3726.376719897262 126.45772973094995 -4.756445427631816
    vertex 3726.376719897262 126.45772967134882 -8.756445809101542
  endloop
endfacet
facet normal 0.568064499290026 -0.8229840366898812 1.2262698626404969e-08
  outer loop
    vertex 3725.988155310623 126.1895230749743 -8.75644580510519
    vertex 3726.376719897262 126.45772973094995 -4.756445427631816
    vertex 3725.988155310623 126.18952313457544 -4.756445423635461
  endloop
endfacet
facet normal 0.568064499290026 -0.8229840366898812 1.2262698626404969e-08
  outer loop
    vertex 3726.376719897262 126.45772973094995 -4.756445427631816
    vertex 3725.988155310623 126.1895230749743 -8.75644580510519
    vertex 3726.376719897262 126.45772967134882 -8.756445809101542
  endloop
endfacet
facet normal 0.5370828296212519 -0.8435295099319462 1.2568832081335211e-08
  outer loop
    vertex 3725.5898899488375 125.93594393526485 -8.756445801326786
    vertex 3725.988155310623 126.18952313457544 -4.756445423635461
    vertex 3725.5898899488375 125.93594399486598 -4.756445419857059
  endloop
endfacet
facet normal 0.5370828296212519 -0.8435295099319462 1.2568832081335211e-08
  outer loop
    vertex 3725.988155310623 126.18952313457544 -4.756445423635461
    vertex 3725.5898899488375 125.93594393526485 -8.756445801326786
    vertex 3725.988155310623 126.1895230749743 -8.75644580510519
  endloop
endfacet
facet normal 0.50535656365246 -0.8629106231663723 1.2857616237579489e-08
  outer loop
    vertex 3725.182474081985 125.69734415804317 -8.75644579777158
    vertex 3725.5898899488375 125.93594399486598 -4.756445419857059
    vertex 3725.182474081985 125.6973442176443 -4.756445416301854
  endloop
endfacet
facet normal 0.50535656365246 -0.8629106231663723 1.2857616237579489e-08
  outer loop
    vertex 3725.5898899488375 125.93594399486598 -4.756445419857059
    vertex 3725.182474081985 125.69734415804317 -8.75644579777158
    vertex 3725.5898899488375 125.93594393526485 -8.756445801326786
  endloop
endfacet
facet normal 0.4729319214163377 -0.8810989715721218 1.3128627855142376e-08
  outer loop
    vertex 3724.7664713315885 125.47405371462274 -8.756445794444488
    vertex 3725.182474081985 125.6973442176443 -4.756445416301854
    vertex 3724.7664713315885 125.47405377422389 -4.756445412974761
  endloop
endfacet
facet normal 0.4729319214163377 -0.8810989715721218 1.3128627855142376e-08
  outer loop
    vertex 3725.182474081985 125.6973442176443 -4.756445416301854
    vertex 3724.7664713315885 125.47405371462274 -8.756445794444488
    vertex 3725.182474081985 125.69734415804317 -8.75644579777158
  endloop
endfacet
facet normal 0.43985581251014066 -0.898068407305949 1.338147732364608e-08
  outer loop
    vertex 3724.342456286422 125.2663796881335 -8.756445791350085
    vertex 3724.7664713315885 125.47405377422389 -4.756445412974761
    vertex 3724.342456286422 125.26637974773463 -4.756445409880358
  endloop
endfacet
facet normal 0.43985581251014066 -0.898068407305949 1.338147732364608e-08
  outer loop
    vertex 3724.7664713315885 125.47405377422389 -4.756445412974761
    vertex 3724.342456286422 125.2663796881335 -8.756445791350085
    vertex 3724.7664713315885 125.47405371462274 -8.756445794444488
  endloop
endfacet
facet normal 0.4061701385611467 -0.9137974712928563 1.3615844896706997e-08
  outer loop
    vertex 3723.911014979354 125.07461008821895 -8.756445788492666
    vertex 3724.342456286422 125.26637974773463 -4.756445409880358
    vertex 3723.911014979354 125.07461014782007 -4.756445407022937
  endloop
endfacet
facet normal 0.4061701385611467 -0.9137974712928563 1.3615844896706997e-08
  outer loop
    vertex 3724.342456286422 125.26637974773463 -4.756445409880358
    vertex 3723.911014979354 125.07461008821895 -8.756445788492666
    vertex 3724.342456286422 125.2663796881335 -8.756445791350085
  endloop
endfacet
facet normal 0.3719244929629292 -0.9282629861920962 1.3831385225288113e-08
  outer loop
    vertex 3723.472743456833 124.89900908266475 -8.756445785876158
    vertex 3723.911014979354 125.07461014782007 -4.756445407022937
    vertex 3723.472743456833 124.89900914226588 -4.756445404406431
  endloop
endfacet
facet normal 0.3719244929629292 -0.9282629861920962 1.3831385225288113e-08
  outer loop
    vertex 3723.911014979354 125.07461014782007 -4.756445407022937
    vertex 3723.472743456833 124.89900908266475 -8.756445785876158
    vertex 3723.911014979354 125.07461008821895 -8.756445788492666
  endloop
endfacet
facet normal 0.3371627423347983 -0.9414463793447178 1.4027821571434311e-08
  outer loop
    vertex 3723.028248255722 124.73982081209589 -8.75644578350421
    vertex 3723.472743456833 124.89900914226588 -4.756445404406431
    vertex 3723.028248255722 124.73982087169703 -4.7564454020344815
  endloop
endfacet
facet normal 0.3371627423347983 -0.9414463793447178 1.4027821571434311e-08
  outer loop
    vertex 3723.472743456833 124.89900914226588 -4.756445404406431
    vertex 3723.028248255722 124.73982081209589 -8.75644578350421
    vertex 3723.472743456833 124.89900908266475 -8.756445785876158
  endloop
endfacet
facet normal 0.3019374387523987 -0.9533277416920382 1.4204857284450465e-08
  outer loop
    vertex 3722.5781428270266 124.59726366793085 -8.756445781380068
    vertex 3723.028248255722 124.73982087169703 -4.7564454020344815
    vertex 3722.5781428270266 124.59726372753198 -4.756445399910339
  endloop
endfacet
facet normal 0.3019374387523987 -0.9533277416920382 1.4204857284450465e-08
  outer loop
    vertex 3723.028248255722 124.73982087169703 -4.7564454020344815
    vertex 3722.5781428270266 124.59726366793085 -8.756445781380068
    vertex 3723.028248255722 124.73982081209589 -8.75644578350421
  endloop
endfacet
facet normal 0.26629254426223736 -0.9638922558410479 1.436227158092304e-08
  outer loop
    vertex 3722.1230496816556 124.47153601442743 -8.756445779506684
    vertex 3722.5781428270266 124.59726372753198 -4.756445399910339
    vertex 3722.1230496816556 124.47153607402858 -4.756445398036956
  endloop
endfacet
facet normal 0.26629254426223736 -0.9638922558410479 1.436227158092304e-08
  outer loop
    vertex 3722.5781428270266 124.59726372753198 -4.756445399910339
    vertex 3722.1230496816556 124.47153601442743 -8.756445779506684
    vertex 3722.5781428270266 124.59726366793085 -8.756445781380068
  endloop
endfacet
facet normal 0.2302817378317823 -0.9731240009480673 1.4499827235706446e-08
  outer loop
    vertex 3721.6635975294034 124.3628104666369 -8.756445777886642
    vertex 3722.1230496816556 124.47153607402858 -4.756445398036956
    vertex 3721.6635975294034 124.36281052623804 -4.756445396416914
  endloop
endfacet
facet normal 0.2302817378317823 -0.9731240009480673 1.4499827235706446e-08
  outer loop
    vertex 3722.1230496816556 124.47153607402858 -4.756445398036956
    vertex 3721.6635975294034 124.3628104666369 -8.756445777886642
    vertex 3722.1230496816556 124.47153601442743 -8.756445779506684
  endloop
endfacet
facet normal 0.19395009882736614 -0.9810113960422961 1.4617351689008036e-08
  outer loop
    vertex 3721.2004217557824 124.27123871837672 -4.756445395052473
    vertex 3721.6635975294034 124.3628104666369 -8.756445777886642
    vertex 3721.6635975294034 124.36281052623804 -4.756445396416914
  endloop
endfacet
facet normal 0.19395009882736614 -0.9810113960422961 1.4617351689008036e-08
  outer loop
    vertex 3721.6635975294034 124.3628104666369 -8.756445777886642
    vertex 3721.2004217557824 124.27123871837672 -4.756445395052473
    vertex 3721.2004217557824 124.27123865877557 -8.756445776522202
  endloop
endfacet
facet normal 0.15735164945306074 -0.9875426362514184 1.4714669044838237e-08
  outer loop
    vertex 3720.73416227626 124.19694647585321 -8.756445775415227
    vertex 3721.2004217557824 124.27123871837672 -4.756445395052473
    vertex 3720.73416227626 124.19694653545436 -4.756445393945498
  endloop
endfacet
facet normal 0.15735164945306074 -0.9875426362514184 1.4714669044838237e-08
  outer loop
    vertex 3721.2004217557824 124.27123871837672 -4.756445395052473
    vertex 3720.73416227626 124.19694647585321 -8.756445775415227
    vertex 3721.2004217557824 124.27123865877557 -8.756445776522202
  endloop
endfacet
facet normal 0.12053706490462528 -0.9927088273930972 1.4791646777324539e-08
  outer loop
    vertex 3720.2654635362546 124.14003596102167 -8.75644577456724
    vertex 3720.73416227626 124.19694653545436 -4.756445393945498
    vertex 3720.2654635362546 124.1400360206228 -4.756445393097514
  endloop
endfacet
facet normal 0.12053706490462528 -0.9927088273930972 1.4791646777324539e-08
  outer loop
    vertex 3720.73416227626 124.19694653545436 -4.756445393945498
    vertex 3720.2654635362546 124.14003596102167 -8.75644577456724
    vertex 3720.73416227626 124.19694647585321 -8.756445775415227
  endloop
endfacet
facet normal 0.08355486845122982 -0.9965031780973395 1.4848183693102582e-08
  outer loop
    vertex 3719.79497337865 124.1005862692492 -8.756445773979427
    vertex 3720.2654635362546 124.1400360206228 -4.756445393097514
    vertex 3719.79497337865 124.10058632885035 -4.756445392509698
  endloop
endfacet
facet normal 0.08355486845122982 -0.9965031780973395 1.4848183693102582e-08
  outer loop
    vertex 3720.2654635362546 124.1400360206228 -4.756445393097514
    vertex 3719.79497337865 124.1005862692492 -8.756445773979427
    vertex 3720.2654635362546 124.14003596102167 -8.75644577456724
  endloop
endfacet
facet normal 0.046455505092009845 -0.9989203602122875 1.4884200401178675e-08
  outer loop
    vertex 3719.323341970912 124.07865277324731 -4.756445392182886
    vertex 3719.79497337865 124.1005862692492 -8.756445773979427
    vertex 3719.79497337865 124.10058632885035 -4.756445392509698
  endloop
endfacet
facet normal 0.046455505092009845 -0.9989203602122875 1.4884200401178675e-08
  outer loop
    vertex 3719.79497337865 124.1005862692492 -8.756445773979427
    vertex 3719.323341970912 124.07865277324731 -4.756445392182886
    vertex 3719.323341970912 124.07865271364618 -8.756445773652615
  endloop
endfacet
facet normal 0.009295544430442528 -0.9999567954935562 1.489964358468329e-08
  outer loop
    vertex 3718.8512212015903 124.07426390444208 -8.756445773587217
    vertex 3719.323341970912 124.07865277324731 -4.756445392182886
    vertex 3718.8512212015903 124.07426396404321 -4.756445392117491
  endloop
endfacet
facet normal 0.009295544430442528 -0.9999567954935562 1.489964358468329e-08
  outer loop
    vertex 3719.323341970912 124.07865277324731 -4.756445392182886
    vertex 3718.8512212015903 124.07426390444208 -8.756445773587217
    vertex 3719.323341970912 124.07865271364618 -8.756445773652615
  endloop
endfacet
facet normal -0.027880574315163272 -0.9996112612290122 1.4894495024854304e-08
  outer loop
    vertex 3718.3792635850823 124.08742747103143 -8.756445773783357
    vertex 3718.8512212015903 124.07426396404321 -4.756445392117491
    vertex 3718.3792635850823 124.08742753063258 -4.756445392313628
  endloop
endfacet
facet normal -0.027880574315163272 -0.9996112612290122 1.4894495024854304e-08
  outer loop
    vertex 3718.8512212015903 124.07426396404321 -4.756445392117491
    vertex 3718.3792635850823 124.08742747103143 -8.756445773783357
    vertex 3718.8512212015903 124.07426390444208 -8.756445773587217
  endloop
endfacet
facet normal -0.06501629931188743 -0.9978842021115412 1.4868761347743488e-08
  outer loop
    vertex 3717.90812141227 124.11812439952907 -4.756445392771024
    vertex 3718.3792635850823 124.08742747103143 -8.756445773783357
    vertex 3718.3792635850823 124.08742753063258 -4.756445392313628
  endloop
endfacet
facet normal -0.06501629931188743 -0.9978842021115412 1.4868761347743488e-08
  outer loop
    vertex 3718.3792635850823 124.08742747103143 -8.756445773783357
    vertex 3717.90812141227 124.11812439952907 -4.756445392771024
    vertex 3717.90812141227 124.11812433992792 -8.75644577424075
  endloop
endfacet
facet normal -0.1020631280385371 -0.9947779239081399 1.4822476909941647e-08
  outer loop
    vertex 3717.438445752136 124.16631254946161 -8.756445774958767
    vertex 3717.90812141227 124.11812439952907 -4.756445392771024
    vertex 3717.438445752136 124.16631260906274 -4.756445393489038
  endloop
endfacet
facet normal -0.1020631280385371 -0.9947779239081399 1.4822476909941647e-08
  outer loop
    vertex 3717.90812141227 124.11812439952907 -4.756445392771024
    vertex 3717.438445752136 124.16631254946161 -8.756445774958767
    vertex 3717.90812141227 124.11812433992792 -8.75644577424075
  endloop
endfacet
facet normal -0.13896857635721474 -0.9902967912627249 1.4755706745897292e-08
  outer loop
    vertex 3716.9708858184736 124.23192540203151 -4.7564453944666925
    vertex 3717.438445752136 124.16631254946161 -8.756445774958767
    vertex 3717.438445752136 124.16631260906274 -4.756445393489038
  endloop
endfacet
facet normal -0.13896857635721474 -0.9902967912627249 1.4755706745897292e-08
  outer loop
    vertex 3717.438445752136 124.16631254946161 -8.756445774958767
    vertex 3716.9708858184736 124.23192540203151 -4.7564453944666925
    vertex 3716.9708858184736 124.23192534243036 -8.756445775936422
  endloop
endfacet
facet normal -0.1756821811672318 -0.9844469367214892 1.4668542232310851e-08
  outer loop
    vertex 3716.50608796405 124.31487211977411 -8.756445777172347
    vertex 3716.9708858184736 124.23192540203151 -4.7564453944666925
    vertex 3716.50608796405 124.31487217937526 -4.7564453957026185
  endloop
endfacet
facet normal -0.1756821811672318 -0.9844469367214892 1.4668542232310851e-08
  outer loop
    vertex 3716.9708858184736 124.23192540203151 -4.7564453944666925
    vertex 3716.50608796405 124.31487211977411 -8.756445777172347
    vertex 3716.9708858184736 124.23192534243036 -8.756445775936422
  endloop
endfacet
facet normal -0.21215330166149998 -0.977236397497619 1.4561103125968244e-08
  outer loop
    vertex 3716.044694369308 124.4150384405749 -8.756445778664855
    vertex 3716.50608796405 124.31487217937526 -4.7564453957026185
    vertex 3716.044694369308 124.41503850017604 -4.756445397195125
  endloop
endfacet
facet normal -0.21215330166149998 -0.977236397497619 1.4561103125968244e-08
  outer loop
    vertex 3716.50608796405 124.31487217937526 -4.7564453957026185
    vertex 3716.044694369308 124.4150384405749 -8.756445778664855
    vertex 3716.50608796405 124.31487211977411 -8.756445777172347
  endloop
endfacet
facet normal -0.24832957158498456 -0.9686756030149712 1.4433544828281774e-08
  outer loop
    vertex 3715.587342684738 124.53228506838252 -8.756445780411863
    vertex 3716.044694369308 124.41503850017604 -4.756445397195125
    vertex 3715.587342684738 124.53228512798364 -4.756445398942134
  endloop
endfacet
facet normal -0.24832957158498456 -0.9686756030149712 1.4433544828281774e-08
  outer loop
    vertex 3716.044694369308 124.41503850017604 -4.756445397195125
    vertex 3715.587342684738 124.53228506838252 -8.756445780411863
    vertex 3716.044694369308 124.4150384405749 -8.756445778664855
  endloop
endfacet
facet normal -0.2841626038495028 -0.9587761024209305 1.4286039424866054e-08
  outer loop
    vertex 3715.134665196411 124.66644987856317 -8.756445782410957
    vertex 3715.587342684738 124.53228512798364 -4.756445398942134
    vertex 3715.134665196411 124.6664499381643 -4.756445400941228
  endloop
endfacet
facet normal -0.2841626038495028 -0.9587761024209305 1.4286039424866054e-08
  outer loop
    vertex 3715.587342684738 124.53228512798364 -4.756445398942134
    vertex 3715.134665196411 124.66644987856317 -8.756445782410957
    vertex 3715.587342684738 124.53228506838252 -8.756445780411863
  endloop
endfacet
facet normal -0.31960539112343656 -0.9475507342432041 1.4118778213473001e-08
  outer loop
    vertex 3714.68728727626 124.81734881197382 -8.756445784659395
    vertex 3715.134665196411 124.6664499381643 -4.756445400941228
    vertex 3714.68728727626 124.81734887157496 -4.756445403189667
  endloop
endfacet
facet normal -0.31960539112343656 -0.9475507342432041 1.4118778213473001e-08
  outer loop
    vertex 3715.134665196411 124.6664499381643 -4.756445400941228
    vertex 3714.68728727626 124.81734881197382 -8.756445784659395
    vertex 3715.134665196411 124.66644987856317 -8.756445782410957
  endloop
endfacet
facet normal -0.3546043032082325 -0.9350164641043515 1.393201398675372e-08
  outer loop
    vertex 3714.2458276204984 124.98477211986598 -4.756445405684325
    vertex 3714.68728727626 124.81734881197382 -8.756445784659395
    vertex 3714.68728727626 124.81734887157496 -4.756445403189667
  endloop
endfacet
facet normal -0.3546043032082325 -0.9350164641043515 1.393201398675372e-08
  outer loop
    vertex 3714.68728727626 124.81734881197382 -8.756445784659395
    vertex 3714.2458276204984 124.98477211986598 -4.756445405684325
    vertex 3714.2458276204984 124.98477206026485 -8.75644578715405
  endloop
endfacet
facet normal -0.38911597497205475 -0.9211887743679614 1.3725977436374458e-08
  outer loop
    vertex 3713.8108963422696 125.16848978792596 -8.756445789891496
    vertex 3714.2458276204984 124.98477211986598 -4.756445405684325
    vertex 3713.8108963422696 125.16848984752711 -4.756445408421767
  endloop
endfacet
facet normal -0.38911597497205475 -0.9211887743679614 1.3725977436374458e-08
  outer loop
    vertex 3714.2458276204984 124.98477211986598 -4.756445405684325
    vertex 3713.8108963422696 125.16848978792596 -8.756445789891496
    vertex 3714.2458276204984 124.98477206026485 -8.75644578715405
  endloop
endfacet
facet normal -0.42308493802835156 -0.90609002599827 1.3501001747127621e-08
  outer loop
    vertex 3713.383094256393 125.36824551616725 -4.756445411398189
    vertex 3713.8108963422696 125.16848978792596 -8.756445789891496
    vertex 3713.8108963422696 125.16848984752711 -4.756445408421767
  endloop
endfacet
facet normal -0.42308493802835156 -0.90609002599827 1.3501001747127621e-08
  outer loop
    vertex 3713.8108963422696 125.16848978792596 -8.756445789891496
    vertex 3713.383094256393 125.36824551616725 -4.756445411398189
    vertex 3713.383094256393 125.36824545656611 -8.756445792867915
  endloop
endfacet
facet normal -0.45647333092122455 -0.8897370949655197 1.3257338375819039e-08
  outer loop
    vertex 3712.9630126409447 125.58376536165645 -8.756445796079221
    vertex 3713.383094256393 125.36824551616725 -4.756445411398189
    vertex 3712.9630126409447 125.58376542125758 -4.756445414609493
  endloop
endfacet
facet normal -0.45647333092122455 -0.8897370949655197 1.3257338375819039e-08
  outer loop
    vertex 3713.383094256393 125.36824551616725 -4.756445411398189
    vertex 3712.9630126409447 125.58376536165645 -8.756445796079221
    vertex 3713.383094256393 125.36824545656611 -8.756445792867915
  endloop
endfacet
facet normal -0.4892298767831119 -0.8721548759611338 1.2995358260504265e-08
  outer loop
    vertex 3712.551232283585 125.81475100313592 -8.756445799520973
    vertex 3712.9630126409447 125.58376542125758 -4.756445414609493
    vertex 3712.551232283585 125.81475106273706 -4.756445418051245
  endloop
endfacet
facet normal -0.4892298767831119 -0.8721548759611338 1.2995358260504265e-08
  outer loop
    vertex 3712.9630126409447 125.58376542125758 -4.756445414609493
    vertex 3712.551232283585 125.81475100313592 -8.756445799520973
    vertex 3712.9630126409447 125.58376536165645 -8.756445796079221
  endloop
endfacet
facet normal -0.5213096358587992 -0.8533676016587263 1.2715422474983263e-08
  outer loop
    vertex 3712.1483220510404 126.06088295970973 -4.756445421718685
    vertex 3712.551232283585 125.81475100313592 -8.756445799520973
    vertex 3712.551232283585 125.81475106273706 -4.756445418051245
  endloop
endfacet
facet normal -0.5213096358587992 -0.8533676016587263 1.2715422474983263e-08
  outer loop
    vertex 3712.551232283585 125.81475100313592 -8.756445799520973
    vertex 3712.1483220510404 126.06088295970973 -4.756445421718685
    vertex 3712.1483220510404 126.06088290010858 -8.756445803188411
  endloop
endfacet
facet normal -0.5526690196222501 -0.8334008367825058 1.2417911940992622e-08
  outer loop
    vertex 3711.7548393659517 126.32182059084346 -8.756445807076457
    vertex 3712.1483220510404 126.06088295970973 -4.756445421718685
    vertex 3711.7548393659517 126.32182065044458 -4.756445425606728
  endloop
endfacet
facet normal -0.5526690196222501 -0.8334008367825058 1.2417911940992622e-08
  outer loop
    vertex 3712.1483220510404 126.06088295970973 -4.756445421718685
    vertex 3711.7548393659517 126.32182059084346 -8.756445807076457
    vertex 3712.1483220510404 126.06088290010858 -8.756445803188411
  endloop
endfacet
facet normal -0.5832641290560181 -0.8122825590621313 1.2103243534743499e-08
  outer loop
    vertex 3711.37132734584 126.59720358644893 -8.756445811179741
    vertex 3711.7548393659517 126.32182065044458 -4.756445425606728
    vertex 3711.37132734584 126.59720364605005 -4.756445429710013
  endloop
endfacet
facet normal -0.5832641290560181 -0.8122825590621313 1.2103243534743499e-08
  outer loop
    vertex 3711.7548393659517 126.32182065044458 -4.756445425606728
    vertex 3711.37132734584 126.59720358644893 -8.756445811179741
    vertex 3711.7548393659517 126.32182059084346 -8.756445807076457
  endloop
endfacet
facet normal -0.6130534390312187 -0.790041442515515 1.17718445073421e-08
  outer loop
    vertex 3710.9983162336266 126.88665143047388 -4.756445434022872
    vertex 3711.37132734584 126.59720358644893 -8.756445811179741
    vertex 3711.37132734584 126.59720364605005 -4.756445429710013
  endloop
endfacet
facet normal -0.6130534390312187 -0.790041442515515 1.17718445073421e-08
  outer loop
    vertex 3711.37132734584 126.59720358644893 -8.756445811179741
    vertex 3710.9983162336266 126.88665143047388 -4.756445434022872
    vertex 3710.9983162336266 126.88665137087274 -8.756445815492599
  endloop
endfacet
facet normal -0.6419969423600436 -0.76670719704484 1.142415754486792e-08
  outer loop
    vertex 3710.6363224439538 127.18976435457635 -8.756445820009068
    vertex 3710.9983162336266 126.88665143047388 -4.756445434022872
    vertex 3710.6363224439538 127.18976441417749 -4.756445438539339
  endloop
endfacet
facet normal -0.6419969423600436 -0.76670719704484 1.142415754486792e-08
  outer loop
    vertex 3710.9983162336266 126.88665143047388 -4.756445434022872
    vertex 3710.6363224439538 127.18976435457635 -8.756445820009068
    vertex 3710.9983162336266 126.88665137087274 -8.756445815492599
  endloop
endfacet
facet normal -0.6700501827887928 -0.742315803782127 1.1060718776527043e-08
  outer loop
    vertex 3710.2858442716515 127.50612292086055 -8.756445824722901
    vertex 3710.6363224439538 127.18976441417749 -4.756445438539339
    vertex 3710.2858442716515 127.50612298046167 -4.756445443253173
  endloop
endfacet
facet normal -0.6700501827887928 -0.742315803782127 1.1060718776527043e-08
  outer loop
    vertex 3710.6363224439538 127.18976441417749 -4.756445438539339
    vertex 3710.2858442716515 127.50612292086055 -8.756445824722901
    vertex 3710.6363224439538 127.18976435457635 -8.756445820009068
  endloop
endfacet
facet normal -0.6971799754212101 -0.7168961444112255 1.068195854770781e-08
  outer loop
    vertex 3709.9473680906217 127.83529028688837 -8.75644582962759
    vertex 3710.2858442716515 127.50612298046167 -4.756445443253173
    vertex 3709.9473680906217 127.83529034648951 -4.756445448157861
  endloop
endfacet
facet normal -0.6971799754212101 -0.7168961444112255 1.068195854770781e-08
  outer loop
    vertex 3710.2858442716515 127.50612298046167 -4.756445443253173
    vertex 3709.9473680906217 127.83529028688837 -8.75644582962759
    vertex 3710.2858442716515 127.50612292086055 -8.756445824722901
  endloop
endfacet
facet normal -0.7233456848112855 -0.6904860753591577 1.0288440930050677e-08
  outer loop
    vertex 3709.9473680906217 127.83529028688837 -8.75644582962759
    vertex 3709.6213612012784 128.17681160961206 -4.756445453246626
    vertex 3709.6213612012784 128.1768115500109 -8.756445834716356
  endloop
endfacet
facet normal -0.7233456848112855 -0.6904860753591577 1.0288440930050677e-08
  outer loop
    vertex 3709.6213612012784 128.17681160961206 -4.756445453246626
    vertex 3709.9473680906217 127.83529028688837 -8.75644582962759
    vertex 3709.9473680906217 127.83529034648951 -4.756445448157861
  endloop
endfacet
facet normal -0.7485102335053976 -0.6631232391778282 9.880726808395395e-09
  outer loop
    vertex 3709.6213612012784 128.1768115500109 -8.756445834716356
    vertex 3709.3082737379 128.53021374736844 -4.756445458512423
    vertex 3709.3082737379 128.5302136877673 -8.756445839982149
  endloop
endfacet
facet normal -0.7485102335053976 -0.6631232391778282 9.880726808395395e-09
  outer loop
    vertex 3709.3082737379 128.53021374736844 -4.756445458512423
    vertex 3709.6213612012784 128.1768115500109 -8.756445834716356
    vertex 3709.6213612012784 128.17681160961206 -4.756445453246626
  endloop
endfacet
facet normal -0.7726420191483985 -0.6348419569044614 9.45932757605856e-09
  outer loop
    vertex 3709.3082737379 128.5302136877673 -8.756445839982149
    vertex 3709.0085386686246 128.89500990902005 -4.756445463947988
    vertex 3709.0085386686246 128.8950098494189 -8.756445845417716
  endloop
endfacet
facet normal -0.7726420191483985 -0.6348419569044614 9.45932757605856e-09
  outer loop
    vertex 3709.0085386686246 128.89500990902005 -4.756445463947988
    vertex 3709.3082737379 128.5302136877673 -8.756445839982149
    vertex 3709.3082737379 128.53021374736844 -4.756445458512423
  endloop
endfacet
facet normal -0.7957048374688188 -0.6056845809732331 9.024874296479117e-09
  outer loop
    vertex 3709.0085386686246 128.8950098494189 -8.756445845417716
    vertex 3708.722569888107 129.27069512401636 -4.756445469545804
    vertex 3708.722569888107 129.27069506441524 -8.756445851015533
  endloop
endfacet
facet normal -0.7957048374688188 -0.6056845809732331 9.024874296479117e-09
  outer loop
    vertex 3708.722569888107 129.27069512401636 -4.756445469545804
    vertex 3709.0085386686246 128.8950098494189 -8.756445845417716
    vertex 3709.0085386686246 128.89500990902005 -4.756445463947988
  endloop
endfacet
facet normal -0.8176684464465602 -0.5756894229405893 8.57793782285672e-09
  outer loop
    vertex 3708.722569888107 129.27069506441524 -8.756445851015533
    vertex 3708.450763171188 129.65675011669217 -4.756445475298135
    vertex 3708.450763171188 129.65675005709102 -8.756445856767865
  endloop
endfacet
facet normal -0.8176684464465602 -0.5756894229405893 8.57793782285672e-09
  outer loop
    vertex 3708.450763171188 129.65675011669217 -4.756445475298135
    vertex 3708.722569888107 129.27069506441524 -8.756445851015533
    vertex 3708.722569888107 129.27069512401636 -4.756445469545804
  endloop
endfacet
facet normal -0.8385020357350274 -0.5448984639987663 8.119143687018741e-09
  outer loop
    vertex 3708.450763171188 129.65675005709102 -8.756445856767865
    vertex 3708.1934942655485 130.05264130626733 -4.756445481197032
    vertex 3708.1934942655485 130.05264124666618 -8.756445862666757
  endloop
endfacet
facet normal -0.8385020357350274 -0.5448984639987663 8.119143687018741e-09
  outer loop
    vertex 3708.1934942655485 130.05264130626733 -4.756445481197032
    vertex 3708.450763171188 129.65675005709102 -8.756445856767865
    vertex 3708.450763171188 129.65675011669217 -4.756445475298135
  endloop
endfacet
facet normal -0.8581761092203823 -0.5133553988840152 7.649142953090755e-09
  outer loop
    vertex 3708.1934942655485 130.05264124666618 -8.756445862666757
    vertex 3707.9511179380333 130.45782176052148 -4.756445487234338
    vertex 3707.9511179380333 130.45782170092036 -8.756445868704066
  endloop
endfacet
facet normal -0.8581761092203823 -0.5133553988840152 7.649142953090755e-09
  outer loop
    vertex 3707.9511179380333 130.45782176052148 -4.756445487234338
    vertex 3708.1934942655485 130.05264124666618 -8.756445862666757
    vertex 3708.1934942655485 130.05264130626733 -4.756445481197032
  endloop
endfacet
facet normal -0.8766646169940375 -0.48110201549224224 7.168558272729275e-09
  outer loop
    vertex 3707.9511179380333 130.45782170092036 -8.756445868704066
    vertex 3707.723969882003 130.8717311957937 -4.756445493401703
    vertex 3707.723969882003 130.87173113619258 -8.756445874871432
  endloop
endfacet
facet normal -0.8766646169940375 -0.48110201549224224 7.168558272729275e-09
  outer loop
    vertex 3707.723969882003 130.8717311957937 -4.756445493401703
    vertex 3707.9511179380333 130.45782170092036 -8.756445868704066
    vertex 3707.9511179380333 130.45782176052148 -4.756445487234338
  endloop
endfacet
facet normal -0.8939414866281657 -0.44818368832993594 6.678065739119083e-09
  outer loop
    vertex 3707.723969882003 130.87173113619258 -8.756445874871432
    vertex 3707.5123638563073 131.2937978843313 -4.756445499690617
    vertex 3707.5123638563073 131.29379782473018 -8.756445881160346
  endloop
endfacet
facet normal -0.8939414866281657 -0.44818368832993594 6.678065739119083e-09
  outer loop
    vertex 3707.5123638563073 131.2937978843313 -4.756445499690617
    vertex 3707.723969882003 130.87173113619258 -8.756445874871432
    vertex 3707.723969882003 130.8717311957937 -4.756445493401703
  endloop
endfacet
facet normal -0.9099829647781286 -0.41464563643381985 6.178339128900791e-09
  outer loop
    vertex 3707.5123638563073 131.29379782473018 -8.756445881160346
    vertex 3707.316592638962 131.72343817745264 -4.756445506092381
    vertex 3707.316592638962 131.7234381178515 -8.75644588756211
  endloop
endfacet
facet normal -0.9099829647781286 -0.41464563643381985 6.178339128900791e-09
  outer loop
    vertex 3707.316592638962 131.72343817745264 -4.756445506092381
    vertex 3707.5123638563073 131.29379782473018 -8.756445881160346
    vertex 3707.5123638563073 131.2937978843313 -4.756445499690617
  endloop
endfacet
facet normal -0.9247662766228089 -0.38053558785110586 5.670089603692234e-09
  outer loop
    vertex 3707.316592638962 131.7234381178515 -8.75644588756211
    vertex 3707.1369261197965 132.16005841289575 -4.756445512598148
    vertex 3707.1369261197965 132.1600583532946 -8.756445894067877
  endloop
endfacet
facet normal -0.9247662766228089 -0.38053558785110586 5.670089603692234e-09
  outer loop
    vertex 3707.1369261197965 132.16005841289575 -4.756445512598148
    vertex 3707.316592638962 131.7234381178515 -8.75644588756211
    vertex 3707.316592638962 131.72343817745264 -4.756445506092381
  endloop
endfacet
facet normal -0.938271866091335 -0.34589869225176945 5.153989906549545e-09
  outer loop
    vertex 3707.1369261197965 132.1600583532946 -8.756445894067877
    vertex 3706.9736132078087 132.60305491481836 -4.756445519198928
    vertex 3706.9736132078087 132.6030548552172 -8.756445900668657
  endloop
endfacet
facet normal -0.938271866091335 -0.34589869225176945 5.153989906549545e-09
  outer loop
    vertex 3706.9736132078087 132.60305491481836 -4.756445519198928
    vertex 3707.1369261197965 132.1600583532946 -8.756445894067877
    vertex 3707.1369261197965 132.16005841289575 -4.756445512598148
  endloop
endfacet
facet normal -0.9504803635110294 -0.3107846176694425 4.630780105445664e-09
  outer loop
    vertex 3706.9736132078087 132.6030548552172 -8.756445900668657
    vertex 3706.8268789701383 133.05181590114648 -4.75644552588559
    vertex 3706.8268789701383 133.05181584154533 -8.75644590735532
  endloop
endfacet
facet normal -0.9504803635110294 -0.3107846176694425 4.630780105445664e-09
  outer loop
    vertex 3706.8268789701383 133.05181590114648 -4.75644552588559
    vertex 3706.9736132078087 132.6030548552172 -8.756445900668657
    vertex 3706.9736132078087 132.60305491481836 -4.756445519198928
  endloop
endfacet
facet normal -0.9613753642375118 -0.27524063841880575 4.101164601253334e-09
  outer loop
    vertex 3706.8268789701383 133.05181584154533 -8.75644590735532
    vertex 3706.6969265394137 133.50572076831872 -4.7564455326489075
    vertex 3706.6969265394137 133.5057207087176 -8.756445914118634
  endloop
endfacet
facet normal -0.9613753642375118 -0.27524063841880575 4.101164601253334e-09
  outer loop
    vertex 3706.6969265394137 133.50572076831872 -4.7564455326489075
    vertex 3706.8268789701383 133.05181584154533 -8.75644590735532
    vertex 3706.8268789701383 133.05181590114648 -4.75644552588559
  endloop
endfacet
facet normal -0.9709415564605791 -0.2393167230636177 3.565887939930738e-09
  outer loop
    vertex 3706.6969265394137 133.5057207087176 -8.756445914118634
    vertex 3706.583935206405 133.96414247547204 -4.7564455394795235
    vertex 3706.583935206405 133.96414241587092 -8.756445920949252
  endloop
endfacet
facet normal -0.9709415564605791 -0.2393167230636177 3.565887939930738e-09
  outer loop
    vertex 3706.583935206405 133.96414247547204 -4.7564455394795235
    vertex 3706.6969265394137 133.5057207087176 -8.756445914118634
    vertex 3706.6969265394137 133.50572076831872 -4.7564455326489075
  endloop
endfacet
facet normal -0.9791663303954666 -0.20305983704286817 3.025649920014071e-09
  outer loop
    vertex 3706.583935206405 133.96414241587092 -8.756445920949252
    vertex 3706.4880623273766 134.4264470676046 -4.756445546367994
    vertex 3706.4880623273766 134.42644700800346 -8.75644592783772
  endloop
endfacet
facet normal -0.9791663303954666 -0.20305983704286817 3.025649920014071e-09
  outer loop
    vertex 3706.4880623273766 134.4264470676046 -4.756445546367994
    vertex 3706.583935206405 133.96414241587092 -8.756445920949252
    vertex 3706.583935206405 133.96414247547204 -4.7564455394795235
  endloop
endfacet
facet normal -0.9860374091675325 -0.16652395540035833 2.48125478516539e-09
  outer loop
    vertex 3706.4880623273766 134.42644700800346 -8.75644592783772
    vertex 3706.4094395093834 134.8919959405523 -4.756445553304807
    vertex 3706.4094395093834 134.89199588095119 -8.756445934774536
  endloop
endfacet
facet normal -0.9860374091675325 -0.16652395540035833 2.48125478516539e-09
  outer loop
    vertex 3706.4094395093834 134.8919959405523 -4.756445553304807
    vertex 3706.4880623273766 134.42644700800346 -8.75644592783772
    vertex 3706.4880623273766 134.4264470676046 -4.756445546367994
  endloop
endfacet
facet normal -0.991545708255419 -0.12975788392332752 1.933429755638622e-09
  outer loop
    vertex 3706.4094395093834 134.89199588095119 -8.756445934774536
    vertex 3706.348175471298 135.36014548336084 -4.756445560280369
    vertex 3706.348175471298 135.36014542375972 -8.756445941750096
  endloop
endfacet
facet normal -0.991545708255419 -0.12975788392332752 1.933429755638622e-09
  outer loop
    vertex 3706.348175471298 135.36014548336084 -4.756445560280369
    vertex 3706.4094395093834 134.89199588095119 -8.756445934774536
    vertex 3706.4094395093834 134.8919959405523 -4.756445553304807
  endloop
endfacet
facet normal -0.9956834595041926 -0.0928140531911149 1.3829560621315466e-09
  outer loop
    vertex 3706.348175471298 135.36014542375972 -8.756445941750096
    vertex 3706.3043541364596 135.83024862800653 -4.756445567285041
    vertex 3706.3043541364596 135.8302485684054 -8.75644594875477
  endloop
endfacet
facet normal -0.9956834595041926 -0.0928140531911149 1.3829560621315466e-09
  outer loop
    vertex 3706.3043541364596 135.83024862800653 -4.756445567285041
    vertex 3706.348175471298 135.36014542375972 -8.756445941750096
    vertex 3706.348175471298 135.36014548336084 -4.756445560280369
  endloop
endfacet
facet normal -0.9984453775593705 -0.05573892742353506 8.30526034870627e-10
  outer loop
    vertex 3706.3043541364596 135.8302485684054 -8.75644594875477
    vertex 3706.2780374936974 136.30165580307062 -4.756445574309144
    vertex 3706.2780374936974 136.30165574346947 -8.756445955778872
  endloop
endfacet
facet normal -0.9984453775593705 -0.05573892742353506 8.30526034870627e-10
  outer loop
    vertex 3706.2780374936974 136.30165580307062 -4.756445574309144
    vertex 3706.3043541364596 135.8302485684054 -8.75644594875477
    vertex 3706.3043541364596 135.83024862800653 -4.756445567285041
  endloop
endfacet
facet normal -2.0839027189153125e-32 -1.4900287344243868e-08 -0.9999999999999999
  outer loop
    vertex 3712.551232283585 125.81475100313592 -8.756445799520973
    vertex 3712.627963965408 136.44138202463557 -8.756445957860834
    vertex 3712.9630126409447 125.58376536165645 -8.756445796079221
  endloop
endfacet
facet normal -2.0839027189153125e-32 -1.4900287344243868e-08 -0.9999999999999999
  outer loop
    vertex 3712.627963965408 136.44138202463557 -8.756445957860834
    vertex 3712.551232283585 125.81475100313592 -8.756445799520973
    vertex 3712.619261687271 136.7737153509753 -8.756445962812693
  endloop
endfacet
facet normal -2.0839027189153125e-32 -1.4900287344243868e-08 -0.9999999999999999
  outer loop
    vertex 3712.9630126409447 125.58376536165645 -8.756445796079221
    vertex 3712.627963965408 136.44138202463557 -8.756445957860834
    vertex 3712.654047434799 136.10995963608195 -8.756445952922546
  endloop
endfacet
facet normal -2.0839027189153125e-32 -1.4900287344243868e-08 -0.9999999999999999
  outer loop
    vertex 3712.9630126409447 125.58376536165645 -8.756445796079221
    vertex 3712.654047434799 136.10995963608195 -8.756445952922546
    vertex 3712.6974405698697 135.78035650049614 -8.75644594801136
  endloop
endfacet
facet normal -2.0839027189153125e-32 -1.4900287344243868e-08 -0.9999999999999999
  outer loop
    vertex 3712.9630126409447 125.58376536165645 -8.756445796079221
    vertex 3712.6974405698697 135.78035650049614 -8.75644594801136
    vertex 3712.7580241613314 135.45347616468834 -8.756445943140752
  endloop
endfacet
facet normal -2.0839027189153125e-32 -1.4900287344243868e-08 -0.9999999999999999
  outer loop
    vertex 3712.9630126409447 125.58376536165645 -8.756445796079221
    vertex 3712.7580241613314 135.45347616468834 -8.756445943140752
    vertex 3712.835632746689 135.13021442686488 -8.756445938324056
  endloop
endfacet
facet normal -2.0839027189153125e-32 -1.4900287344243868e-08 -0.9999999999999999
  outer loop
    vertex 3712.9630126409447 125.58376536165645 -8.756445796079221
    vertex 3712.835632746689 135.13021442686488 -8.756445938324056
    vertex 3712.930052702896 134.81145748888423 -8.75644593357449
  endloop
endfacet
facet normal -2.0839027189153125e-32 -1.4900287344243868e-08 -0.9999999999999999
  outer loop
    vertex 3712.9630126409447 125.58376536165645 -8.756445796079221
    vertex 3712.930052702896 134.81145748888423 -8.75644593357449
    vertex 3713.04102606105 134.49807891642024 -8.756445928905055
  endloop
endfacet
facet normal -2.0839027189153125e-32 -1.4900287344243868e-08 -0.9999999999999999
  outer loop
    vertex 3712.9630126409447 125.58376536165645 -8.756445796079221
    vertex 3713.04102606105 134.49807891642024 -8.756445928905055
    vertex 3713.383094256393 125.36824545656611 -8.756445792867915
  endloop
endfacet
facet normal -2.0839027189153125e-32 -1.4900287344243868e-08 -0.9999999999999999
  outer loop
    vertex 3713.383094256393 125.36824545656611 -8.756445792867915
    vertex 3713.04102606105 134.49807891642024 -8.756445928905055
    vertex 3713.1682481222074 134.19093761240413 -8.756445924328562
  endloop
endfacet
facet normal -2.0839027189153125e-32 -1.4900287344243868e-08 -0.9999999999999999
  outer loop
    vertex 3713.383094256393 125.36824545656611 -8.756445792867915
    vertex 3713.1682481222074 134.19093761240413 -8.756445924328562
    vertex 3713.311370318405 133.89087567125725 -8.756445919857553
  endloop
endfacet
facet normal -2.0839027189153125e-32 -1.4900287344243868e-08 -0.9999999999999999
  outer loop
    vertex 3713.383094256393 125.36824545656611 -8.756445792867915
    vertex 3713.311370318405 133.89087567125725 -8.756445919857553
    vertex 3713.4700002126615 133.598715398659 -8.756445915504282
  endloop
endfacet
facet normal -2.0839027189153125e-32 -1.4900287344243868e-08 -0.9999999999999999
  outer loop
    vertex 3713.383094256393 125.36824545656611 -8.756445792867915
    vertex 3713.4700002126615 133.598715398659 -8.756445915504282
    vertex 3713.8108963422696 125.16848978792596 -8.756445789891496
  endloop
endfacet
facet normal -2.0839027189153125e-32 -1.4900287344243868e-08 -0.9999999999999999
  outer loop
    vertex 3713.8108963422696 125.16848978792596 -8.756445789891496
    vertex 3713.4700002126615 133.598715398659 -8.756445915504282
    vertex 3713.6437034063256 133.31525740419792 -8.756445911280675
  endloop
endfacet
facet normal -2.0839027189153125e-32 -1.4900287344243868e-08 -0.9999999999999999
  outer loop
    vertex 3713.8108963422696 125.16848978792596 -8.756445789891496
    vertex 3713.6437034063256 133.31525740419792 -8.756445911280675
    vertex 3713.832003539077 133.04127893244194 -8.756445907198318
  endloop
endfacet
facet normal -2.0839027189153125e-32 -1.4900287344243868e-08 -0.9999999999999999
  outer loop
    vertex 3713.8108963422696 125.16848978792596 -8.756445789891496
    vertex 3713.832003539077 133.04127893244194 -8.756445907198318
    vertex 3714.2458276204984 124.98477206026485 -8.75644578715405
  endloop
endfacet
facet normal -2.0839027189153125e-32 -1.4900287344243868e-08 -0.9999999999999999
  outer loop
    vertex 3714.2458276204984 124.98477206026485 -8.75644578715405
    vertex 3713.832003539077 133.04127893244194 -8.756445907198318
    vertex 3714.034384673111 132.77753076349666 -8.756445903268398
  endloop
endfacet
facet normal -2.0839027189153125e-32 -1.4900287344243868e-08 -0.9999999999999999
  outer loop
    vertex 3714.2458276204984 124.98477206026485 -8.75644578715405
    vertex 3714.034384673111 132.77753076349666 -8.756445903268398
    vertex 3714.250291769973 132.52473578249385 -8.756445899501676
  endloop
endfacet
facet normal -2.0839027189153125e-32 -1.4900287344243868e-08 -0.9999999999999999
  outer loop
    vertex 3714.2458276204984 124.98477206026485 -8.75644578715405
    vertex 3714.250291769973 132.52473578249385 -8.756445899501676
    vertex 3714.68728727626 124.81734881197382 -8.756445784659395
  endloop
endfacet
facet normal -2.0839027189153125e-32 -1.4900287344243868e-08 -0.9999999999999999
  outer loop
    vertex 3714.68728727626 124.81734881197382 -8.756445784659395
    vertex 3714.250291769973 132.52473578249385 -8.756445899501676
    vertex 3714.4791335515897 132.28358731066157 -8.756445895908495
  endloop
endfacet
facet normal -2.0839027189153125e-32 -1.4900287344243868e-08 -0.9999999999999999
  outer loop
    vertex 3714.68728727626 124.81734881197382 -8.756445784659395
    vertex 3714.4791335515897 132.28358731066157 -8.756445895908495
    vertex 3714.7202820234215 132.05474552904536 -8.756445892498688
  endloop
endfacet
facet normal -2.0839027189153125e-32 -1.4900287344243868e-08 -0.9999999999999999
  outer loop
    vertex 3714.68728727626 124.81734881197382 -8.756445784659395
    vertex 3714.7202820234215 132.05474552904536 -8.756445892498688
    vertex 3715.134665196411 124.66644987856317 -8.756445782410957
  endloop
endfacet
facet normal -2.0839027189153125e-32 -1.4900287344243868e-08 -0.9999999999999999
  outer loop
    vertex 3715.134665196411 124.66644987856317 -8.756445782410957
    vertex 3714.7202820234215 132.05474552904536 -8.756445892498688
    vertex 3714.973077004425 131.83883843218254 -8.756445889281613
  endloop
endfacet
facet normal -2.0839027189153125e-32 -1.4900287344243868e-08 -0.9999999999999999
  outer loop
    vertex 3715.134665196411 124.66644987856317 -8.756445782410957
    vertex 3714.973077004425 131.83883843218254 -8.756445889281613
    vertex 3715.23682517337 131.63645729814937 -8.75644588626607
  endloop
endfacet
facet normal -2.0839027189153125e-32 -1.4900287344243868e-08 -0.9999999999999999
  outer loop
    vertex 3715.134665196411 124.66644987856317 -8.756445782410957
    vertex 3715.23682517337 131.63645729814937 -8.75644588626607
    vertex 3715.587342684738 124.53228506838252 -8.756445780411863
  endloop
endfacet
facet normal -2.0839027189153125e-32 -1.4900287344243868e-08 -0.9999999999999999
  outer loop
    vertex 3715.587342684738 124.53228506838252 -8.756445780411863
    vertex 3715.23682517337 131.63645729814937 -8.75644588626607
    vertex 3715.5108036451256 131.4481571653979 -8.756445883460344
  endloop
endfacet
facet normal -2.0839027189153125e-32 -1.4900287344243868e-08 -0.9999999999999999
  outer loop
    vertex 3715.587342684738 124.53228506838252 -8.756445780411863
    vertex 3715.5108036451256 131.4481571653979 -8.756445883460344
    vertex 3715.794261639587 131.27445397173332 -8.756445880872118
  endloop
endfacet
facet normal -2.0839027189153125e-32 -1.4900287344243868e-08 -0.9999999999999999
  outer loop
    vertex 3715.587342684738 124.53228506838252 -8.756445780411863
    vertex 3715.794261639587 131.27445397173332 -8.756445880872118
    vertex 3716.044694369308 124.4150384405749 -8.756445778664855
  endloop
endfacet
facet normal -2.0839027189153125e-32 -1.4900287344243868e-08 -0.9999999999999999
  outer loop
    vertex 3716.044694369308 124.4150384405749 -8.756445778664855
    vertex 3715.794261639587 131.27445397173332 -8.756445880872118
    vertex 3716.0864219121854 131.11582407747676 -8.756445878508487
  endloop
endfacet
facet normal -2.0839027189153125e-32 -1.4900287344243868e-08 -0.9999999999999999
  outer loop
    vertex 3716.044694369308 124.4150384405749 -8.756445778664855
    vertex 3716.0864219121854 131.11582407747676 -8.756445878508487
    vertex 3716.50608796405 124.31487211977411 -8.756445777172347
  endloop
endfacet
facet normal -2.0839027189153125e-32 -1.4900287344243868e-08 -0.9999999999999999
  outer loop
    vertex 3716.50608796405 124.31487211977411 -8.756445777172347
    vertex 3716.0864219121854 131.11582407747676 -8.756445878508487
    vertex 3716.3864838533323 130.97270188127925 -8.75644587637593
  endloop
endfacet
facet normal -2.0839027189153125e-32 -1.4900287344243868e-08 -0.9999999999999999
  outer loop
    vertex 3716.50608796405 124.31487211977411 -8.756445777172347
    vertex 3716.3864838533323 130.97270188127925 -8.75644587637593
    vertex 3716.6936251573484 130.84547982012202 -8.75644587448028
  endloop
endfacet
facet normal -2.0839027189153125e-32 -1.4900287344243868e-08 -0.9999999999999999
  outer loop
    vertex 3716.50608796405 124.31487211977411 -8.756445777172347
    vertex 3716.6936251573484 130.84547982012202 -8.75644587448028
    vertex 3716.9708858184736 124.23192534243036 -8.756445775936422
  endloop
endfacet
facet normal -2.0839027189153125e-32 -1.4900287344243868e-08 -0.9999999999999999
  outer loop
    vertex 3716.9708858184736 124.23192534243036 -8.756445775936422
    vertex 3716.6936251573484 130.84547982012202 -8.75644587448028
    vertex 3717.0070037298124 130.73450646196773 -8.756445872826745
  endloop
endfacet
facet normal -2.0839027189153125e-32 -1.4900287344243868e-08 -0.9999999999999999
  outer loop
    vertex 3716.9708858184736 124.23192534243036 -8.756445775936422
    vertex 3717.0070037298124 130.73450646196773 -8.756445872826745
    vertex 3717.438445752136 124.16631254946161 -8.756445774958767
  endloop
endfacet
facet normal -2.0839027189153125e-32 -1.4900287344243868e-08 -0.9999999999999999
  outer loop
    vertex 3717.438445752136 124.16631254946161 -8.756445774958767
    vertex 3717.0070037298124 130.73450646196773 -8.756445872826745
    vertex 3717.3257606677926 130.64008650576042 -8.75644587141986
  endloop
endfacet
facet normal -2.0839027189153125e-32 -1.4900287344243868e-08 -0.9999999999999999
  outer loop
    vertex 3717.438445752136 124.16631254946161 -8.756445774958767
    vertex 3717.3257606677926 130.64008650576042 -8.75644587141986
    vertex 3717.504261558525 126.77371535097528 -8.756445813809822
  endloop
endfacet
facet normal -2.0839027189153125e-32 -1.4900287344243868e-08 -0.9999999999999999
  outer loop
    vertex 3717.504261558525 126.77371535097528 -8.756445813809822
    vertex 3717.3257606677926 130.64008650576042 -8.75644587141986
    vertex 3717.6490224056165 130.56247792040278 -8.756445870263473
  endloop
endfacet
facet normal -2.0839027189153125e-32 -1.4900287344243868e-08 -0.9999999999999999
  outer loop
    vertex 3717.504261558525 126.77371535097528 -8.756445813809822
    vertex 3717.6490224056165 130.56247792040278 -8.756445870263473
    vertex 3717.512849514953 126.93211016451289 -8.756445816169947
  endloop
endfacet
facet normal -2.0839027189153125e-32 -1.4900287344243868e-08 -0.9999999999999999
  outer loop
    vertex 3717.512849514953 126.93211016451289 -8.756445816169947
    vertex 3717.6490224056165 130.56247792040278 -8.756445870263473
    vertex 3717.53851253318 127.08864722048213 -8.756445818502394
  endloop
endfacet
facet normal -2.0839027189153125e-32 -1.4900287344243868e-08 -0.9999999999999999
  outer loop
    vertex 3717.53851253318 127.08864722048213 -8.756445818502394
    vertex 3717.6490224056165 130.56247792040278 -8.756445870263473
    vertex 3717.580949728958 127.24149164949823 -8.756445820779824
  endloop
endfacet
facet normal -2.0839027189153125e-32 -1.4900287344243868e-08 -0.9999999999999999
  outer loop
    vertex 3717.580949728958 127.24149164949823 -8.756445820779824
    vertex 3717.6490224056165 130.56247792040278 -8.756445870263473
    vertex 3717.639663641922 127.38885245119502 -8.756445822975538
  endloop
endfacet
facet normal -2.0839027189153125e-32 -1.4900287344243868e-08 -0.9999999999999999
  outer loop
    vertex 3717.639663641922 127.38885245119502 -8.756445822975538
    vertex 3717.6490224056165 130.56247792040278 -8.756445870263473
    vertex 3717.7139658384244 127.52900156771113 -8.756445825063805
  endloop
endfacet
facet normal -2.0839027189153125e-32 -1.4900287344243868e-08 -0.9999999999999999
  outer loop
    vertex 3717.7139658384244 127.52900156771113 -8.756445825063805
    vertex 3717.6490224056165 130.56247792040278 -8.756445870263473
    vertex 3717.975902741424 130.5018943289416 -8.756445869360757
  endloop
endfacet
facet normal -2.0839027189153125e-32 -1.4900287344243868e-08 -0.9999999999999999
  outer loop
    vertex 3717.7139658384244 127.52900156771113 -8.756445825063805
    vertex 3717.975902741424 130.5018943289416 -8.756445869360757
    vertex 3717.802985256187 127.6602958181994 -8.756445827020123
  endloop
endfacet
facet normal -2.0839027189153125e-32 -1.4900287344243868e-08 -0.9999999999999999
  outer loop
    vertex 3717.802985256187 127.6602958181994 -8.756445827020123
    vertex 3717.975902741424 130.5018943289416 -8.756445869360757
    vertex 3717.9056782178804 127.78119501863885 -8.75644582882156
  endloop
endfacet
facet normal -2.0839027189153125e-32 -1.4900287344243868e-08 -0.9999999999999999
  outer loop
    vertex 3717.9056782178804 127.78119501863885 -8.75644582882156
    vertex 3717.975902741424 130.5018943289416 -8.756445869360757
    vertex 3718.020840709678 127.89028296266962 -8.756445830446996
  endloop
endfacet
facet normal -2.0839027189153125e-32 -1.4900287344243868e-08 -0.9999999999999999
  outer loop
    vertex 3718.020840709678 127.89028296266962 -8.756445830446996
    vertex 3717.975902741424 130.5018943289416 -8.756445869360757
    vertex 3718.30550587701 130.4585011938708 -8.756445868714188
  endloop
endfacet
facet normal -2.0839027189153125e-32 -1.4900287344243868e-08 -0.9999999999999999
  outer loop
    vertex 3718.020840709678 127.89028296266962 -8.756445830446996
    vertex 3718.30550587701 130.4585011938708 -8.756445868714188
    vertex 3718.1471225671685 127.98627981935907 -8.756445831877382
  endloop
endfacet
facet normal -2.0839027189153125e-32 -1.4900287344243868e-08 -0.9999999999999999
  outer loop
    vertex 3718.1471225671685 127.98627981935907 -8.756445831877382
    vertex 3718.30550587701 130.4585011938708 -8.756445868714188
    vertex 3718.2830432109754 128.06806025301384 -8.75644583309593
  endloop
endfacet
facet normal -2.0839027189153125e-32 -1.4900287344243868e-08 -0.9999999999999999
  outer loop
    vertex 3718.2830432109754 128.06806025301384 -8.75644583309593
    vertex 3718.30550587701 130.4585011938708 -8.756445868714188
    vertex 3718.427009170525 128.134665820946 -8.756445834088371
  endloop
endfacet
facet normal -2.0839027189153125e-32 -1.4900287344243868e-08 -0.9999999999999999
  outer loop
    vertex 3718.427009170525 128.134665820946 -8.756445834088371
    vertex 3718.30550587701 130.4585011938708 -8.756445868714188
    vertex 3718.6369282655637 130.43241772447993 -8.756445868325537
  endloop
endfacet
facet normal -2.0839027189153125e-32 -1.4900287344243868e-08 -0.9999999999999999
  outer loop
    vertex 3718.427009170525 128.134665820946 -8.756445834088371
    vertex 3718.6369282655637 130.43241772447993 -8.756445868325537
    vertex 3718.577332561485 128.18531641756465 -8.756445834843085
  endloop
endfacet
facet normal -2.0839027189153125e-32 -1.4900287344243868e-08 -0.9999999999999999
  outer loop
    vertex 3718.577332561485 128.18531641756465 -8.756445834843085
    vertex 3718.6369282655637 130.43241772447993 -8.756445868325537
    vertex 3718.7322509639184 128.21941599642207 -8.756445835351178
  endloop
endfacet
facet normal -2.0839027189153125e-32 -1.4900287344243868e-08 -0.9999999999999999
  outer loop
    vertex 3718.7322509639184 128.21941599642207 -8.756445835351178
    vertex 3718.6369282655637 130.43241772447993 -8.756445868325537
    vertex 3718.9692615919034 130.42371544634273 -8.756445868195868
  endloop
endfacet
facet normal -2.0839027189153125e-32 -1.4900287344243868e-08 -0.9999999999999999
  outer loop
    vertex 3718.7322509639184 128.21941599642207 -8.756445835351178
    vertex 3718.9692615919034 130.42371544634273 -8.756445868195868
    vertex 3718.8899480901878 128.23656687532832 -8.756445835606726
  endloop
endfacet
facet normal -2.0839027189153125e-32 -1.4900287344243868e-08 -0.9999999999999999
  outer loop
    vertex 3718.8899480901878 128.23656687532832 -8.756445835606726
    vertex 3718.9692615919034 130.42371544634273 -8.756445868195868
    vertex 3719.048575093619 128.23656687532832 -8.756445835606726
  endloop
endfacet
facet normal -2.0839027189153125e-32 -1.4900287344243868e-08 -0.9999999999999999
  outer loop
    vertex 3719.048575093619 128.23656687532832 -8.756445835606726
    vertex 3718.9692615919034 130.42371544634273 -8.756445868195868
    vertex 3719.301594918243 130.43241772447993 -8.756445868325537
  endloop
endfacet
facet normal -2.0839027189153125e-32 -1.4900287344243868e-08 -0.9999999999999999
  outer loop
    vertex 3719.048575093619 128.23656687532832 -8.756445835606726
    vertex 3719.301594918243 130.43241772447993 -8.756445868325537
    vertex 3719.2062722198884 128.21941599642207 -8.756445835351178
  endloop
endfacet
facet normal -2.0839027189153125e-32 -1.4900287344243868e-08 -0.9999999999999999
  outer loop
    vertex 3719.2062722198884 128.21941599642207 -8.756445835351178
    vertex 3719.301594918243 130.43241772447993 -8.756445868325537
    vertex 3719.361190622322 128.18531641756465 -8.756445834843085
  endloop
endfacet
facet normal -2.0839027189153125e-32 -1.4900287344243868e-08 -0.9999999999999999
  outer loop
    vertex 3719.361190622322 128.18531641756465 -8.756445834843085
    vertex 3719.301594918243 130.43241772447993 -8.756445868325537
    vertex 3719.633017306797 130.4585011938708 -8.756445868714188
  endloop
endfacet
facet normal -2.0839027189153125e-32 -1.4900287344243868e-08 -0.9999999999999999
  outer loop
    vertex 3719.361190622322 128.18531641756465 -8.756445834843085
    vertex 3719.633017306797 130.4585011938708 -8.756445868714188
    vertex 3719.511514013282 128.134665820946 -8.756445834088371
  endloop
endfacet
facet normal -2.0839027189153125e-32 -1.4900287344243868e-08 -0.9999999999999999
  outer loop
    vertex 3719.511514013282 128.134665820946 -8.756445834088371
    vertex 3719.633017306797 130.4585011938708 -8.756445868714188
    vertex 3719.6554799728315 128.06806025301384 -8.75644583309593
  endloop
endfacet
facet normal -2.0839027189153125e-32 -1.4900287344243868e-08 -0.9999999999999999
  outer loop
    vertex 3719.6554799728315 128.06806025301384 -8.75644583309593
    vertex 3719.633017306797 130.4585011938708 -8.756445868714188
    vertex 3719.9626204423826 130.5018943289416 -8.756445869360757
  endloop
endfacet
facet normal -2.0839027189153125e-32 -1.4900287344243868e-08 -0.9999999999999999
  outer loop
    vertex 3719.6554799728315 128.06806025301384 -8.75644583309593
    vertex 3719.9626204423826 130.5018943289416 -8.756445869360757
    vertex 3719.7914006166384 127.98627981935907 -8.756445831877382
  endloop
endfacet
facet normal -2.0839027189153125e-32 -1.4900287344243868e-08 -0.9999999999999999
  outer loop
    vertex 3719.7914006166384 127.98627981935907 -8.756445831877382
    vertex 3719.9626204423826 130.5018943289416 -8.756445869360757
    vertex 3719.917682474129 127.89028296266962 -8.756445830446996
  endloop
endfacet
facet normal -2.0839027189153125e-32 -1.4900287344243868e-08 -0.9999999999999999
  outer loop
    vertex 3719.917682474129 127.89028296266962 -8.756445830446996
    vertex 3719.9626204423826 130.5018943289416 -8.756445869360757
    vertex 3720.0328449659264 127.78119501863885 -8.75644582882156
  endloop
endfacet
facet normal -2.0839027189153125e-32 -1.4900287344243868e-08 -0.9999999999999999
  outer loop
    vertex 3720.0328449659264 127.78119501863885 -8.75644582882156
    vertex 3719.9626204423826 130.5018943289416 -8.756445869360757
    vertex 3720.2895007781904 130.56247792040278 -8.756445870263473
  endloop
endfacet
facet normal -2.0839027189153125e-32 -1.4900287344243868e-08 -0.9999999999999999
  outer loop
    vertex 3720.0328449659264 127.78119501863885 -8.75644582882156
    vertex 3720.2895007781904 130.56247792040278 -8.756445870263473
    vertex 3720.1355379276197 127.6602958181994 -8.756445827020123
  endloop
endfacet
facet normal -2.0839027189153125e-32 -1.4900287344243868e-08 -0.9999999999999999
  outer loop
    vertex 3720.1355379276197 127.6602958181994 -8.756445827020123
    vertex 3720.2895007781904 130.56247792040278 -8.756445870263473
    vertex 3720.224557345382 127.52900156771113 -8.756445825063805
  endloop
endfacet
facet normal -2.0839027189153125e-32 -1.4900287344243868e-08 -0.9999999999999999
  outer loop
    vertex 3720.224557345382 127.52900156771113 -8.756445825063805
    vertex 3720.2895007781904 130.56247792040278 -8.756445870263473
    vertex 3720.2988595418847 127.38885245119502 -8.756445822975538
  endloop
endfacet
facet normal -2.0839027189153125e-32 -1.4900287344243868e-08 -0.9999999999999999
  outer loop
    vertex 3720.2988595418847 127.38885245119502 -8.756445822975538
    vertex 3720.2895007781904 130.56247792040278 -8.756445870263473
    vertex 3720.612762516014 130.64008650576042 -8.75644587141986
  endloop
endfacet
facet normal -2.0839027189153125e-32 -1.4900287344243868e-08 -0.9999999999999999
  outer loop
    vertex 3720.2988595418847 127.38885245119502 -8.756445822975538
    vertex 3720.612762516014 130.64008650576042 -8.75644587141986
    vertex 3720.357573454849 127.24149164949823 -8.756445820779824
  endloop
endfacet
facet normal -2.0839027189153125e-32 -1.4900287344243868e-08 -0.9999999999999999
  outer loop
    vertex 3720.357573454849 127.24149164949823 -8.756445820779824
    vertex 3720.612762516014 130.64008650576042 -8.75644587141986
    vertex 3720.400010650627 127.08864722048213 -8.756445818502394
  endloop
endfacet
facet normal -2.0839027189153125e-32 -1.4900287344243868e-08 -0.9999999999999999
  outer loop
    vertex 3720.400010650627 127.08864722048213 -8.756445818502394
    vertex 3720.612762516014 130.64008650576042 -8.75644587141986
    vertex 3720.4256736688535 126.93211016451289 -8.756445816169947
  endloop
endfacet
facet normal -2.0839027189153125e-32 -1.4900287344243868e-08 -0.9999999999999999
  outer loop
    vertex 3720.4256736688535 126.93211016451289 -8.756445816169947
    vertex 3720.612762516014 130.64008650576042 -8.75644587141986
    vertex 3720.4342616252816 126.77371535097528 -8.756445813809822
  endloop
endfacet
facet normal -2.0839027189153125e-32 -1.4900287344243868e-08 -0.9999999999999999
  outer loop
    vertex 3717.438445752136 149.38111815248894 -8.756446150666621
    vertex 3717.512849514953 146.93211016451286 -8.756446114175693
    vertex 3717.504261558525 146.77371535097527 -8.756446111815565
  endloop
endfacet
facet normal -2.0839027189153125e-32 -1.4900287344243868e-08 -0.9999999999999999
  outer loop
    vertex 3717.512849514953 146.93211016451286 -8.756446114175693
    vertex 3717.438445752136 149.38111815248894 -8.756446150666621
    vertex 3717.90812141227 149.42930636202263 -8.756446151384635
  endloop
endfacet
facet normal -2.0839027189153125e-32 -1.4900287344243868e-08 -0.9999999999999999
  outer loop
    vertex 3717.512849514953 146.93211016451286 -8.756446114175693
    vertex 3717.90812141227 149.42930636202263 -8.756446151384635
    vertex 3717.53851253318 147.0886472204821 -8.756446116508142
  endloop
endfacet
facet normal -2.0839027189153125e-32 -1.4900287344243868e-08 -0.9999999999999999
  outer loop
    vertex 3717.53851253318 147.0886472204821 -8.756446116508142
    vertex 3717.90812141227 149.42930636202263 -8.756446151384635
    vertex 3717.580949728958 147.24149164949822 -8.756446118785567
  endloop
endfacet
facet normal -2.0839027189153125e-32 -1.4900287344243868e-08 -0.9999999999999999
  outer loop
    vertex 3717.580949728958 147.24149164949822 -8.756446118785567
    vertex 3717.90812141227 149.42930636202263 -8.756446151384635
    vertex 3717.639663641922 147.388852451195 -8.756446120981286
  endloop
endfacet
facet normal -2.0839027189153125e-32 -1.4900287344243868e-08 -0.9999999999999999
  outer loop
    vertex 3717.639663641922 147.388852451195 -8.756446120981286
    vertex 3717.90812141227 149.42930636202263 -8.756446151384635
    vertex 3717.7139658384244 147.5290015677111 -8.756446123069546
  endloop
endfacet
facet normal -2.0839027189153125e-32 -1.4900287344243868e-08 -0.9999999999999999
  outer loop
    vertex 3717.7139658384244 147.5290015677111 -8.756446123069546
    vertex 3717.90812141227 149.42930636202263 -8.756446151384635
    vertex 3717.802985256187 147.6602958181994 -8.75644612502587
  endloop
endfacet
facet normal -2.0839027189153125e-32 -1.4900287344243868e-08 -0.9999999999999999
  outer loop
    vertex 3717.802985256187 147.6602958181994 -8.75644612502587
    vertex 3717.90812141227 149.42930636202263 -8.756446151384635
    vertex 3717.9056782178804 147.78119501863887 -8.756446126827306
  endloop
endfacet
facet normal -2.0839027189153125e-32 -1.4900287344243868e-08 -0.9999999999999999
  outer loop
    vertex 3717.9056782178804 147.78119501863887 -8.756446126827306
    vertex 3717.90812141227 149.42930636202263 -8.756446151384635
    vertex 3718.020840709678 147.8902829626696 -8.756446128452744
  endloop
endfacet
facet normal -2.0839027189153125e-32 -1.4900287344243868e-08 -0.9999999999999999
  outer loop
    vertex 3718.020840709678 147.8902829626696 -8.756446128452744
    vertex 3717.90812141227 149.42930636202263 -8.756446151384635
    vertex 3718.3792635850823 149.4600032309191 -8.756446151842031
  endloop
endfacet
facet normal -2.0839027189153125e-32 -1.4900287344243868e-08 -0.9999999999999999
  outer loop
    vertex 3718.020840709678 147.8902829626696 -8.756446128452744
    vertex 3718.3792635850823 149.4600032309191 -8.756446151842031
    vertex 3718.1471225671685 147.98627981935905 -8.756446129883123
  endloop
endfacet
facet normal -2.0839027189153125e-32 -1.4900287344243868e-08 -0.9999999999999999
  outer loop
    vertex 3718.1471225671685 147.98627981935905 -8.756446129883123
    vertex 3718.3792635850823 149.4600032309191 -8.756446151842031
    vertex 3718.2830432109754 148.06806025301387 -8.756446131101677
  endloop
endfacet
facet normal -2.0839027189153125e-32 -1.4900287344243868e-08 -0.9999999999999999
  outer loop
    vertex 3718.2830432109754 148.06806025301387 -8.756446131101677
    vertex 3718.3792635850823 149.4600032309191 -8.756446151842031
    vertex 3718.427009170525 148.13466582094597 -8.75644613209412
  endloop
endfacet
facet normal -2.0839027189153125e-32 -1.4900287344243868e-08 -0.9999999999999999
  outer loop
    vertex 3718.427009170525 148.13466582094597 -8.75644613209412
    vertex 3718.3792635850823 149.4600032309191 -8.756446151842031
    vertex 3718.8512212015903 149.47316679750847 -8.75644615203817
  endloop
endfacet
facet normal -2.0839027189153125e-32 -1.4900287344243868e-08 -0.9999999999999999
  outer loop
    vertex 3718.427009170525 148.13466582094597 -8.75644613209412
    vertex 3718.8512212015903 149.47316679750847 -8.75644615203817
    vertex 3718.577332561485 148.18531641756462 -8.756446132848826
  endloop
endfacet
facet normal -2.0839027189153125e-32 -1.4900287344243868e-08 -0.9999999999999999
  outer loop
    vertex 3718.577332561485 148.18531641756462 -8.756446132848826
    vertex 3718.8512212015903 149.47316679750847 -8.75644615203817
    vertex 3718.7322509639184 148.21941599642204 -8.756446133356926
  endloop
endfacet
facet normal -2.0839027189153125e-32 -1.4900287344243868e-08 -0.9999999999999999
  outer loop
    vertex 3718.7322509639184 148.21941599642204 -8.756446133356926
    vertex 3718.8512212015903 149.47316679750847 -8.75644615203817
    vertex 3718.8899480901878 148.2365668753283 -8.756446133612473
  endloop
endfacet
facet normal -2.0839027189153125e-32 -1.4900287344243868e-08 -0.9999999999999999
  outer loop
    vertex 3718.8899480901878 148.2365668753283 -8.756446133612473
    vertex 3718.8512212015903 149.47316679750847 -8.75644615203817
    vertex 3719.323341970912 149.46877798830437 -8.756446151972773
  endloop
endfacet
facet normal -2.0839027189153125e-32 -1.4900287344243868e-08 -0.9999999999999999
  outer loop
    vertex 3718.8899480901878 148.2365668753283 -8.756446133612473
    vertex 3719.323341970912 149.46877798830437 -8.756446151972773
    vertex 3719.048575093619 148.2365668753283 -8.756446133612473
  endloop
endfacet
facet normal -2.0839027189153125e-32 -1.4900287344243868e-08 -0.9999999999999999
  outer loop
    vertex 3719.048575093619 148.2365668753283 -8.756446133612473
    vertex 3719.323341970912 149.46877798830437 -8.756446151972773
    vertex 3719.2062722198884 148.21941599642204 -8.756446133356926
  endloop
endfacet
facet normal -2.0839027189153125e-32 -1.4900287344243868e-08 -0.9999999999999999
  outer loop
    vertex 3719.2062722198884 148.21941599642204 -8.756446133356926
    vertex 3719.323341970912 149.46877798830437 -8.756446151972773
    vertex 3719.361190622322 148.18531641756462 -8.756446132848826
  endloop
endfacet
facet normal -2.0839027189153125e-32 -1.4900287344243868e-08 -0.9999999999999999
  outer loop
    vertex 3719.361190622322 148.18531641756462 -8.756446132848826
    vertex 3719.323341970912 149.46877798830437 -8.756446151972773
    vertex 3719.79497337865 149.44684443270134 -8.756446151645962
  endloop
endfacet
facet normal -2.0839027189153125e-32 -1.4900287344243868e-08 -0.9999999999999999
  outer loop
    vertex 3719.361190622322 148.18531641756462 -8.756446132848826
    vertex 3719.79497337865 149.44684443270134 -8.756446151645962
    vertex 3719.511514013282 148.13466582094597 -8.75644613209412
  endloop
endfacet
facet normal -2.0839027189153125e-32 -1.4900287344243868e-08 -0.9999999999999999
  outer loop
    vertex 3719.511514013282 148.13466582094597 -8.75644613209412
    vertex 3719.79497337865 149.44684443270134 -8.756446151645962
    vertex 3719.6554799728315 148.06806025301387 -8.756446131101677
  endloop
endfacet
facet normal -2.0839027189153125e-32 -1.4900287344243868e-08 -0.9999999999999999
  outer loop
    vertex 3719.6554799728315 148.06806025301387 -8.756446131101677
    vertex 3719.79497337865 149.44684443270134 -8.756446151645962
    vertex 3719.7914006166384 147.98627981935905 -8.756446129883123
  endloop
endfacet
facet normal -2.0839027189153125e-32 -1.4900287344243868e-08 -0.9999999999999999
  outer loop
    vertex 3719.7914006166384 147.98627981935905 -8.756446129883123
    vertex 3719.79497337865 149.44684443270134 -8.756446151645962
    vertex 3719.917682474129 147.8902829626696 -8.756446128452744
  endloop
endfacet
facet normal -2.0839027189153125e-32 -1.4900287344243868e-08 -0.9999999999999999
  outer loop
    vertex 3719.917682474129 147.8902829626696 -8.756446128452744
    vertex 3719.79497337865 149.44684443270134 -8.756446151645962
    vertex 3720.2654635362546 149.40739474092888 -8.756446151058146
  endloop
endfacet
facet normal -2.0839027189153125e-32 -1.4900287344243868e-08 -0.9999999999999999
  outer loop
    vertex 3719.917682474129 147.8902829626696 -8.756446128452744
    vertex 3720.2654635362546 149.40739474092888 -8.756446151058146
    vertex 3720.0328449659264 147.78119501863887 -8.756446126827306
  endloop
endfacet
facet normal -2.0839027189153125e-32 -1.4900287344243868e-08 -0.9999999999999999
  outer loop
    vertex 3720.0328449659264 147.78119501863887 -8.756446126827306
    vertex 3720.2654635362546 149.40739474092888 -8.756446151058146
    vertex 3720.1355379276197 147.6602958181994 -8.75644612502587
  endloop
endfacet
facet normal -2.0839027189153125e-32 -1.4900287344243868e-08 -0.9999999999999999
  outer loop
    vertex 3720.1355379276197 147.6602958181994 -8.75644612502587
    vertex 3720.2654635362546 149.40739474092888 -8.756446151058146
    vertex 3720.224557345382 147.5290015677111 -8.756446123069546
  endloop
endfacet
facet normal -2.0839027189153125e-32 -1.4900287344243868e-08 -0.9999999999999999
  outer loop
    vertex 3720.224557345382 147.5290015677111 -8.756446123069546
    vertex 3720.2654635362546 149.40739474092888 -8.756446151058146
    vertex 3720.2988595418847 147.388852451195 -8.756446120981286
  endloop
endfacet
facet normal -2.0839027189153125e-32 -1.4900287344243868e-08 -0.9999999999999999
  outer loop
    vertex 3720.2988595418847 147.388852451195 -8.756446120981286
    vertex 3720.2654635362546 149.40739474092888 -8.756446151058146
    vertex 3720.73416227626 149.35048422609734 -8.756446150210161
  endloop
endfacet
facet normal -2.0839027189153125e-32 -1.4900287344243868e-08 -0.9999999999999999
  outer loop
    vertex 3720.2988595418847 147.388852451195 -8.756446120981286
    vertex 3720.73416227626 149.35048422609734 -8.756446150210161
    vertex 3720.357573454849 147.24149164949822 -8.756446118785567
  endloop
endfacet
facet normal -2.0839027189153125e-32 -1.4900287344243868e-08 -0.9999999999999999
  outer loop
    vertex 3720.357573454849 147.24149164949822 -8.756446118785567
    vertex 3720.73416227626 149.35048422609734 -8.756446150210161
    vertex 3720.400010650627 147.0886472204821 -8.756446116508142
  endloop
endfacet
facet normal -2.0839027189153125e-32 -1.4900287344243868e-08 -0.9999999999999999
  outer loop
    vertex 3720.400010650627 147.0886472204821 -8.756446116508142
    vertex 3720.73416227626 149.35048422609734 -8.756446150210161
    vertex 3720.4256736688535 146.93211016451286 -8.756446114175693
  endloop
endfacet
facet normal -2.0839027189153125e-32 -1.4900287344243868e-08 -0.9999999999999999
  outer loop
    vertex 3720.4256736688535 146.93211016451286 -8.756446114175693
    vertex 3720.73416227626 149.35048422609734 -8.756446150210161
    vertex 3720.4342616252816 146.77371535097527 -8.756446111815565
  endloop
endfacet
facet normal -2.0839027189153125e-32 -1.4900287344243868e-08 -0.9999999999999999
  outer loop
    vertex 3720.4342616252816 146.77371535097527 -8.756446111815565
    vertex 3720.73416227626 149.35048422609734 -8.756446150210161
    vertex 3720.612762516014 142.90734419619014 -8.756446054205526
  endloop
endfacet
facet normal -2.0839027189153125e-32 -1.4900287344243868e-08 -0.9999999999999999
  outer loop
    vertex 3720.612762516014 142.90734419619014 -8.756446054205526
    vertex 3720.73416227626 149.35048422609734 -8.756446150210161
    vertex 3720.9315194539945 142.81292423998286 -8.75644605279864
  endloop
endfacet
facet normal -2.0839027189153125e-32 -1.4900287344243868e-08 -0.9999999999999999
  outer loop
    vertex 3720.9315194539945 142.81292423998286 -8.75644605279864
    vertex 3720.73416227626 149.35048422609734 -8.756446150210161
    vertex 3721.2004217557824 149.276192043175 -8.756446149103187
  endloop
endfacet
facet normal -2.0839027189153125e-32 -1.4900287344243868e-08 -0.9999999999999999
  outer loop
    vertex 3720.9315194539945 142.81292423998286 -8.75644605279864
    vertex 3721.2004217557824 149.276192043175 -8.756446149103187
    vertex 3721.2448980264585 142.70195088182857 -8.756446051145106
  endloop
endfacet
facet normal -2.0839027189153125e-32 -1.4900287344243868e-08 -0.9999999999999999
  outer loop
    vertex 3721.2448980264585 142.70195088182857 -8.756446051145106
    vertex 3721.2004217557824 149.276192043175 -8.756446149103187
    vertex 3721.6635975294034 149.18462023531364 -8.756446147738746
  endloop
endfacet
facet normal -2.0839027189153125e-32 -1.4900287344243868e-08 -0.9999999999999999
  outer loop
    vertex 3721.2448980264585 142.70195088182857 -8.756446051145106
    vertex 3721.6635975294034 149.18462023531364 -8.756446147738746
    vertex 3721.5520393304746 142.5747288206713 -8.75644604924946
  endloop
endfacet
facet normal -2.0839027189153125e-32 -1.4900287344243868e-08 -0.9999999999999999
  outer loop
    vertex 3721.5520393304746 142.5747288206713 -8.75644604924946
    vertex 3721.6635975294034 149.18462023531364 -8.756446147738746
    vertex 3721.8521012716214 142.43160662447383 -8.756446047116903
  endloop
endfacet
facet normal -2.0839027189153125e-32 -1.4900287344243868e-08 -0.9999999999999999
  outer loop
    vertex 3721.8521012716214 142.43160662447383 -8.756446047116903
    vertex 3721.6635975294034 149.18462023531364 -8.756446147738746
    vertex 3722.1230496816556 149.07589468752312 -8.756446146118703
  endloop
endfacet
facet normal -2.0839027189153125e-32 -1.4900287344243868e-08 -0.9999999999999999
  outer loop
    vertex 3721.8521012716214 142.43160662447383 -8.756446047116903
    vertex 3722.1230496816556 149.07589468752312 -8.756446146118703
    vertex 3722.1442615442197 142.2729767302172 -8.756446044753272
  endloop
endfacet
facet normal -2.0839027189153125e-32 -1.4900287344243868e-08 -0.9999999999999999
  outer loop
    vertex 3722.1442615442197 142.2729767302172 -8.756446044753272
    vertex 3722.1230496816556 149.07589468752312 -8.756446146118703
    vertex 3722.5781428270266 148.9501670340197 -8.75644614424532
  endloop
endfacet
facet normal -2.0839027189153125e-32 -1.4900287344243868e-08 -0.9999999999999999
  outer loop
    vertex 3722.1442615442197 142.2729767302172 -8.756446044753272
    vertex 3722.5781428270266 148.9501670340197 -8.75644614424532
    vertex 3722.427719538681 142.09927353655266 -8.756446042165043
  endloop
endfacet
facet normal -2.0839027189153125e-32 -1.4900287344243868e-08 -0.9999999999999999
  outer loop
    vertex 3722.427719538681 142.09927353655266 -8.756446042165043
    vertex 3722.5781428270266 148.9501670340197 -8.75644614424532
    vertex 3722.7016980104368 141.9109734038012 -8.756446039359318
  endloop
endfacet
facet normal -2.0839027189153125e-32 -1.4900287344243868e-08 -0.9999999999999999
  outer loop
    vertex 3722.7016980104368 141.9109734038012 -8.756446039359318
    vertex 3722.5781428270266 148.9501670340197 -8.75644614424532
    vertex 3723.028248255722 148.8076098898547 -8.756446142121177
  endloop
endfacet
facet normal -2.0839027189153125e-32 -1.4900287344243868e-08 -0.9999999999999999
  outer loop
    vertex 3722.7016980104368 141.9109734038012 -8.756446039359318
    vertex 3723.028248255722 148.8076098898547 -8.756446142121177
    vertex 3722.965446179382 141.70859226976802 -8.756446036343776
  endloop
endfacet
facet normal -2.0839027189153125e-32 -1.4900287344243868e-08 -0.9999999999999999
  outer loop
    vertex 3722.965446179382 141.70859226976802 -8.756446036343776
    vertex 3723.028248255722 148.8076098898547 -8.756446142121177
    vertex 3723.2182411603853 141.4926851729052 -8.756446033126698
  endloop
endfacet
facet normal -2.0839027189153125e-32 -1.4900287344243868e-08 -0.9999999999999999
  outer loop
    vertex 3723.2182411603853 141.4926851729052 -8.756446033126698
    vertex 3723.028248255722 148.8076098898547 -8.756446142121177
    vertex 3723.472743456833 148.64842161928584 -8.756446139749228
  endloop
endfacet
facet normal -2.0839027189153125e-32 -1.4900287344243868e-08 -0.9999999999999999
  outer loop
    vertex 3723.2182411603853 141.4926851729052 -8.756446033126698
    vertex 3723.472743456833 148.64842161928584 -8.756446139749228
    vertex 3723.459389632217 141.26384339128902 -8.75644602971689
  endloop
endfacet
facet normal -2.0839027189153125e-32 -1.4900287344243868e-08 -0.9999999999999999
  outer loop
    vertex 3723.459389632217 141.26384339128902 -8.75644602971689
    vertex 3723.472743456833 148.64842161928584 -8.756446139749228
    vertex 3723.688231413834 141.0226949194567 -8.75644602612371
  endloop
endfacet
facet normal -2.0839027189153125e-32 -1.4900287344243868e-08 -0.9999999999999999
  outer loop
    vertex 3723.688231413834 141.0226949194567 -8.75644602612371
    vertex 3723.472743456833 148.64842161928584 -8.756446139749228
    vertex 3723.911014979354 148.47282061373164 -8.756446137132722
  endloop
endfacet
facet normal -2.0839027189153125e-32 -1.4900287344243868e-08 -0.9999999999999999
  outer loop
    vertex 3723.688231413834 141.0226949194567 -8.75644602612371
    vertex 3723.911014979354 148.47282061373164 -8.756446137132722
    vertex 3723.9041385106957 140.7698999384539 -8.75644602235699
  endloop
endfacet
facet normal -2.0839027189153125e-32 -1.4900287344243868e-08 -0.9999999999999999
  outer loop
    vertex 3723.9041385106957 140.7698999384539 -8.75644602235699
    vertex 3723.911014979354 148.47282061373164 -8.756446137132722
    vertex 3724.10651964473 140.5061517695086 -8.756446018427068
  endloop
endfacet
facet normal -2.0839027189153125e-32 -1.4900287344243868e-08 -0.9999999999999999
  outer loop
    vertex 3724.10651964473 140.5061517695086 -8.756446018427068
    vertex 3723.911014979354 148.47282061373164 -8.756446137132722
    vertex 3724.342456286422 148.28105101381706 -8.7564461342753
  endloop
endfacet
facet normal -2.0839027189153125e-32 -1.4900287344243868e-08 -0.9999999999999999
  outer loop
    vertex 3724.10651964473 140.5061517695086 -8.756446018427068
    vertex 3724.342456286422 148.28105101381706 -8.7564461342753
    vertex 3724.2948197774813 140.2321732977526 -8.756446014344709
  endloop
endfacet
facet normal -2.0839027189153125e-32 -1.4900287344243868e-08 -0.9999999999999999
  outer loop
    vertex 3724.2948197774813 140.2321732977526 -8.756446014344709
    vertex 3724.342456286422 148.28105101381706 -8.7564461342753
    vertex 3724.4685229711454 139.94871530329158 -8.756446010121104
  endloop
endfacet
facet normal -2.0839027189153125e-32 -1.4900287344243868e-08 -0.9999999999999999
  outer loop
    vertex 3724.4685229711454 139.94871530329158 -8.756446010121104
    vertex 3724.342456286422 148.28105101381706 -8.7564461342753
    vertex 3724.7664713315885 148.07337698732783 -8.756446131180898
  endloop
endfacet
facet normal -2.0839027189153125e-32 -1.4900287344243868e-08 -0.9999999999999999
  outer loop
    vertex 3724.4685229711454 139.94871530329158 -8.756446010121104
    vertex 3724.7664713315885 148.07337698732783 -8.756446131180898
    vertex 3724.627152865402 139.65655503069328 -8.756446005767833
  endloop
endfacet
facet normal -2.0839027189153125e-32 -1.4900287344243868e-08 -0.9999999999999999
  outer loop
    vertex 3724.627152865402 139.65655503069328 -8.756446005767833
    vertex 3724.7664713315885 148.07337698732783 -8.756446131180898
    vertex 3724.770275061599 139.35649308954643 -8.756446001296823
  endloop
endfacet
facet normal -2.0839027189153125e-32 -1.4900287344243868e-08 -0.9999999999999999
  outer loop
    vertex 3724.770275061599 139.35649308954643 -8.756446001296823
    vertex 3724.7664713315885 148.07337698732783 -8.756446131180898
    vertex 3725.182474081985 147.85008654390742 -8.756446127853806
  endloop
endfacet
facet normal -2.0839027189153125e-32 -1.4900287344243868e-08 -0.9999999999999999
  outer loop
    vertex 3724.770275061599 139.35649308954643 -8.756446001296823
    vertex 3725.182474081985 147.85008654390742 -8.756446127853806
    vertex 3724.8974971227567 139.04935178553035 -8.756445996720334
  endloop
endfacet
facet normal -2.0839027189153125e-32 -1.4900287344243868e-08 -0.9999999999999999
  outer loop
    vertex 3724.8974971227567 139.04935178553035 -8.756445996720334
    vertex 3725.182474081985 147.85008654390742 -8.756446127853806
    vertex 3725.008470480911 138.73597321306633 -8.756445992050898
  endloop
endfacet
facet normal -2.0839027189153125e-32 -1.4900287344243868e-08 -0.9999999999999999
  outer loop
    vertex 3725.008470480911 138.73597321306633 -8.756445992050898
    vertex 3725.182474081985 147.85008654390742 -8.756446127853806
    vertex 3725.102890437118 138.4172162750857 -8.756445987301332
  endloop
endfacet
facet normal -2.0839027189153125e-32 -1.4900287344243868e-08 -0.9999999999999999
  outer loop
    vertex 3725.102890437118 138.4172162750857 -8.756445987301332
    vertex 3725.182474081985 147.85008654390742 -8.756446127853806
    vertex 3725.1804990224755 138.09395453726222 -8.756445982484635
  endloop
endfacet
facet normal -2.0839027189153125e-32 -1.4900287344243868e-08 -0.9999999999999999
  outer loop
    vertex 3725.1804990224755 138.09395453726222 -8.756445982484635
    vertex 3725.182474081985 147.85008654390742 -8.756446127853806
    vertex 3725.241082613937 137.7670742014544 -8.756445977614026
  endloop
endfacet
facet normal -2.0839027189153125e-32 -1.4900287344243868e-08 -0.9999999999999999
  outer loop
    vertex 3725.241082613937 137.7670742014544 -8.756445977614026
    vertex 3725.182474081985 147.85008654390742 -8.756446127853806
    vertex 3725.5898899488375 147.61148676668574 -8.7564461242986
  endloop
endfacet
facet normal -2.0839027189153125e-32 -1.4900287344243868e-08 -0.9999999999999999
  outer loop
    vertex 3725.241082613937 137.7670742014544 -8.756445977614026
    vertex 3725.5898899488375 147.61148676668574 -8.7564461242986
    vertex 3725.2844757490075 137.4374710658686 -8.756445972702842
  endloop
endfacet
facet normal -2.0839027189153125e-32 -1.4900287344243868e-08 -0.9999999999999999
  outer loop
    vertex 3725.2844757490075 137.4374710658686 -8.756445972702842
    vertex 3725.5898899488375 147.61148676668574 -8.7564461242986
    vertex 3725.310559218399 137.10604867731502 -8.756445967764554
  endloop
endfacet
facet normal -2.0839027189153125e-32 -1.4900287344243868e-08 -0.9999999999999999
  outer loop
    vertex 3725.310559218399 137.10604867731502 -8.756445967764554
    vertex 3725.5898899488375 147.61148676668574 -8.7564461242986
    vertex 3725.319261496536 136.7737153509753 -8.756445962812693
  endloop
endfacet
facet normal -2.0839027189153125e-32 -1.4900287344243868e-08 -0.9999999999999999
  outer loop
    vertex 3707.316592638962 131.7234381178515 -8.75644588756211
    vertex 3707.5064100675504 136.6944018492596 -8.756445961630899
    vertex 3707.5123638563073 131.29379782473018 -8.756445881160346
  endloop
endfacet
facet normal -2.0839027189153125e-32 -1.4900287344243868e-08 -0.9999999999999999
  outer loop
    vertex 3707.5064100675504 136.6944018492596 -8.756445961630899
    vertex 3707.316592638962 131.7234381178515 -8.75644588756211
    vertex 3707.5064100675504 136.85302885269095 -8.756445963994487
  endloop
endfacet
facet normal -2.0839027189153125e-32 -1.4900287344243868e-08 -0.9999999999999999
  outer loop
    vertex 3707.5123638563073 131.29379782473018 -8.756445881160346
    vertex 3707.5064100675504 136.6944018492596 -8.756445961630899
    vertex 3707.5235609464567 136.53670472299027 -8.75644595928117
  endloop
endfacet
facet normal -2.0839027189153125e-32 -1.4900287344243868e-08 -0.9999999999999999
  outer loop
    vertex 3707.5123638563073 131.29379782473018 -8.756445881160346
    vertex 3707.5235609464567 136.53670472299027 -8.75644595928117
    vertex 3707.723969882003 130.87173113619258 -8.756445874871432
  endloop
endfacet
facet normal -2.0839027189153125e-32 -1.4900287344243868e-08 -0.9999999999999999
  outer loop
    vertex 3707.723969882003 130.87173113619258 -8.756445874871432
    vertex 3707.5235609464567 136.53670472299027 -8.75644595928117
    vertex 3707.557660525314 136.3817863205569 -8.756445956972842
  endloop
endfacet
facet normal -2.0839027189153125e-32 -1.4900287344243868e-08 -0.9999999999999999
  outer loop
    vertex 3707.723969882003 130.87173113619258 -8.756445874871432
    vertex 3707.557660525314 136.3817863205569 -8.756445956972842
    vertex 3707.608311121933 136.23146292959618 -8.756445954732975
  endloop
endfacet
facet normal -2.0839027189153125e-32 -1.4900287344243868e-08 -0.9999999999999999
  outer loop
    vertex 3707.723969882003 130.87173113619258 -8.756445874871432
    vertex 3707.608311121933 136.23146292959618 -8.756445954732975
    vertex 3707.674916689865 136.08749697004725 -8.75644595258784
  endloop
endfacet
facet normal -2.0839027189153125e-32 -1.4900287344243868e-08 -0.9999999999999999
  outer loop
    vertex 3707.723969882003 130.87173113619258 -8.756445874871432
    vertex 3707.674916689865 136.08749697004725 -8.75644595258784
    vertex 3707.75669712352 135.9515763262408 -8.75644595056259
  endloop
endfacet
facet normal -2.0839027189153125e-32 -1.4900287344243868e-08 -0.9999999999999999
  outer loop
    vertex 3707.723969882003 130.87173113619258 -8.756445874871432
    vertex 3707.75669712352 135.9515763262408 -8.75644595056259
    vertex 3707.9511179380333 130.45782170092036 -8.756445868704066
  endloop
endfacet
facet normal -2.0839027189153125e-32 -1.4900287344243868e-08 -0.9999999999999999
  outer loop
    vertex 3707.9511179380333 130.45782170092036 -8.756445868704066
    vertex 3707.75669712352 135.9515763262408 -8.75644595056259
    vertex 3707.8526939802096 135.82529446875026 -8.75644594868095
  endloop
endfacet
facet normal -2.0839027189153125e-32 -1.4900287344243868e-08 -0.9999999999999999
  outer loop
    vertex 3707.9511179380333 130.45782170092036 -8.756445868704066
    vertex 3707.8526939802096 135.82529446875026 -8.75644594868095
    vertex 3707.96178192424 135.71013197695183 -8.756445946964995
  endloop
endfacet
facet normal -2.0839027189153125e-32 -1.4900287344243868e-08 -0.9999999999999999
  outer loop
    vertex 3707.9511179380333 130.45782170092036 -8.756445868704066
    vertex 3707.96178192424 135.71013197695183 -8.756445946964995
    vertex 3708.1934942655485 130.05264124666618 -8.756445862666757
  endloop
endfacet
facet normal -2.0839027189153125e-32 -1.4900287344243868e-08 -0.9999999999999999
  outer loop
    vertex 3708.1934942655485 130.05264124666618 -8.756445862666757
    vertex 3707.96178192424 135.71013197695183 -8.756445946964995
    vertex 3708.082681124679 135.60743901525905 -8.756445945434844
  endloop
endfacet
facet normal -2.0839027189153125e-32 -1.4900287344243868e-08 -0.9999999999999999
  outer loop
    vertex 3708.1934942655485 130.05264124666618 -8.756445862666757
    vertex 3708.082681124679 135.60743901525905 -8.756445945434844
    vertex 3708.2139753751676 135.5184195974963 -8.756445944108425
  endloop
endfacet
facet normal -2.0839027189153125e-32 -1.4900287344243868e-08 -0.9999999999999999
  outer loop
    vertex 3708.1934942655485 130.05264124666618 -8.756445862666757
    vertex 3708.2139753751676 135.5184195974963 -8.756445944108425
    vertex 3708.450763171188 129.65675005709102 -8.756445856767865
  endloop
endfacet
facet normal -2.0839027189153125e-32 -1.4900287344243868e-08 -0.9999999999999999
  outer loop
    vertex 3708.450763171188 129.65675005709102 -8.756445856767865
    vertex 3708.2139753751676 135.5184195974963 -8.756445944108425
    vertex 3708.3541244916833 135.44411740099358 -8.7564459430013
  endloop
endfacet
facet normal -2.0839027189153125e-32 -1.4900287344243868e-08 -0.9999999999999999
  outer loop
    vertex 3708.450763171188 129.65675005709102 -8.756445856767865
    vertex 3708.3541244916833 135.44411740099358 -8.7564459430013
    vertex 3708.5014852933805 135.38540348802974 -8.75644594212645
  endloop
endfacet
facet normal -2.0839027189153125e-32 -1.4900287344243868e-08 -0.9999999999999999
  outer loop
    vertex 3708.450763171188 129.65675005709102 -8.756445856767865
    vertex 3708.5014852933805 135.38540348802974 -8.75644594212645
    vertex 3708.722569888107 129.27069506441524 -8.756445851015533
  endloop
endfacet
facet normal -2.0839027189153125e-32 -1.4900287344243868e-08 -0.9999999999999999
  outer loop
    vertex 3708.722569888107 129.27069506441524 -8.756445851015533
    vertex 3708.5014852933805 135.38540348802974 -8.75644594212645
    vertex 3708.6543297223966 135.34296629225184 -8.756445941494121
  endloop
endfacet
facet normal -2.0839027189153125e-32 -1.4900287344243868e-08 -0.9999999999999999
  outer loop
    vertex 3708.722569888107 129.27069506441524 -8.756445851015533
    vertex 3708.6543297223966 135.34296629225184 -8.756445941494121
    vertex 3708.810866778366 135.3173032740252 -8.756445941111734
  endloop
endfacet
facet normal -2.0839027189153125e-32 -1.4900287344243868e-08 -0.9999999999999999
  outer loop
    vertex 3708.722569888107 129.27069506441524 -8.756445851015533
    vertex 3708.810866778366 135.3173032740252 -8.756445941111734
    vertex 3709.0085386686246 128.8950098494189 -8.756445845417716
  endloop
endfacet
facet normal -2.0839027189153125e-32 -1.4900287344243868e-08 -0.9999999999999999
  outer loop
    vertex 3709.0085386686246 128.8950098494189 -8.756445845417716
    vertex 3708.810866778366 135.3173032740252 -8.756445941111734
    vertex 3708.9692615919034 135.3087153175967 -8.756445940983776
  endloop
endfacet
facet normal -2.0839027189153125e-32 -1.4900287344243868e-08 -0.9999999999999999
  outer loop
    vertex 3709.0085386686246 128.8950098494189 -8.756445845417716
    vertex 3708.9692615919034 135.3087153175967 -8.756445940983776
    vertex 3709.127656405441 135.3173032740252 -8.756445941111734
  endloop
endfacet
facet normal -2.0839027189153125e-32 -1.4900287344243868e-08 -0.9999999999999999
  outer loop
    vertex 3709.0085386686246 128.8950098494189 -8.756445845417716
    vertex 3709.127656405441 135.3173032740252 -8.756445941111734
    vertex 3709.3082737379 128.5302136877673 -8.756445839982149
  endloop
endfacet
facet normal -2.0839027189153125e-32 -1.4900287344243868e-08 -0.9999999999999999
  outer loop
    vertex 3709.3082737379 128.5302136877673 -8.756445839982149
    vertex 3709.127656405441 135.3173032740252 -8.756445941111734
    vertex 3709.2841934614103 135.34296629225184 -8.756445941494121
  endloop
endfacet
facet normal -2.0839027189153125e-32 -1.4900287344243868e-08 -0.9999999999999999
  outer loop
    vertex 3709.3082737379 128.5302136877673 -8.756445839982149
    vertex 3709.2841934614103 135.34296629225184 -8.756445941494121
    vertex 3709.437037890426 135.38540348802974 -8.75644594212645
  endloop
endfacet
facet normal -2.0839027189153125e-32 -1.4900287344243868e-08 -0.9999999999999999
  outer loop
    vertex 3709.3082737379 128.5302136877673 -8.756445839982149
    vertex 3709.437037890426 135.38540348802974 -8.75644594212645
    vertex 3709.6213612012784 128.1768115500109 -8.756445834716356
  endloop
endfacet
facet normal -2.0839027189153125e-32 -1.4900287344243868e-08 -0.9999999999999999
  outer loop
    vertex 3709.6213612012784 128.1768115500109 -8.756445834716356
    vertex 3709.437037890426 135.38540348802974 -8.75644594212645
    vertex 3709.5843986921236 135.44411740099358 -8.7564459430013
  endloop
endfacet
facet normal -2.0839027189153125e-32 -1.4900287344243868e-08 -0.9999999999999999
  outer loop
    vertex 3709.6213612012784 128.1768115500109 -8.756445834716356
    vertex 3709.5843986921236 135.44411740099358 -8.7564459430013
    vertex 3709.724547808639 135.5184195974963 -8.756445944108425
  endloop
endfacet
facet normal -2.0839027189153125e-32 -1.4900287344243868e-08 -0.9999999999999999
  outer loop
    vertex 3709.6213612012784 128.1768115500109 -8.756445834716356
    vertex 3709.724547808639 135.5184195974963 -8.756445944108425
    vertex 3709.9473680906217 127.83529028688837 -8.75644582962759
  endloop
endfacet
facet normal -2.0839027189153125e-32 -1.4900287344243868e-08 -0.9999999999999999
  outer loop
    vertex 3709.9473680906217 127.83529028688837 -8.75644582962759
    vertex 3709.724547808639 135.5184195974963 -8.756445944108425
    vertex 3709.855842059128 135.60743901525905 -8.756445945434844
  endloop
endfacet
facet normal -2.0839027189153125e-32 -1.4900287344243868e-08 -0.9999999999999999
  outer loop
    vertex 3709.9473680906217 127.83529028688837 -8.75644582962759
    vertex 3709.855842059128 135.60743901525905 -8.756445945434844
    vertex 3709.976741259567 135.71013197695183 -8.756445946964995
  endloop
endfacet
facet normal -2.0839027189153125e-32 -1.4900287344243868e-08 -0.9999999999999999
  outer loop
    vertex 3709.9473680906217 127.83529028688837 -8.75644582962759
    vertex 3709.976741259567 135.71013197695183 -8.756445946964995
    vertex 3710.2858442716515 127.50612292086055 -8.756445824722901
  endloop
endfacet
facet normal -2.0839027189153125e-32 -1.4900287344243868e-08 -0.9999999999999999
  outer loop
    vertex 3710.2858442716515 127.50612292086055 -8.756445824722901
    vertex 3709.976741259567 135.71013197695183 -8.756445946964995
    vertex 3710.0858292035973 135.82529446875026 -8.75644594868095
  endloop
endfacet
facet normal -2.0839027189153125e-32 -1.4900287344243868e-08 -0.9999999999999999
  outer loop
    vertex 3710.2858442716515 127.50612292086055 -8.756445824722901
    vertex 3710.0858292035973 135.82529446875026 -8.75644594868095
    vertex 3710.1818260602868 135.9515763262408 -8.75644595056259
  endloop
endfacet
facet normal -2.0839027189153125e-32 -1.4900287344243868e-08 -0.9999999999999999
  outer loop
    vertex 3710.2858442716515 127.50612292086055 -8.756445824722901
    vertex 3710.1818260602868 135.9515763262408 -8.75644595056259
    vertex 3710.263606493942 136.08749697004725 -8.75644595258784
  endloop
endfacet
facet normal -2.0839027189153125e-32 -1.4900287344243868e-08 -0.9999999999999999
  outer loop
    vertex 3710.2858442716515 127.50612292086055 -8.756445824722901
    vertex 3710.263606493942 136.08749697004725 -8.75644595258784
    vertex 3710.3302120618737 136.23146292959618 -8.756445954732975
  endloop
endfacet
facet normal -2.0839027189153125e-32 -1.4900287344243868e-08 -0.9999999999999999
  outer loop
    vertex 3710.2858442716515 127.50612292086055 -8.756445824722901
    vertex 3710.3302120618737 136.23146292959618 -8.756445954732975
    vertex 3710.6363224439538 127.18976435457635 -8.756445820009068
  endloop
endfacet
facet normal -2.0839027189153125e-32 -1.4900287344243868e-08 -0.9999999999999999
  outer loop
    vertex 3710.6363224439538 127.18976435457635 -8.756445820009068
    vertex 3710.3302120618737 136.23146292959618 -8.756445954732975
    vertex 3710.380862658493 136.3817863205569 -8.756445956972842
  endloop
endfacet
facet normal -2.0839027189153125e-32 -1.4900287344243868e-08 -0.9999999999999999
  outer loop
    vertex 3710.6363224439538 127.18976435457635 -8.756445820009068
    vertex 3710.380862658493 136.3817863205569 -8.756445956972842
    vertex 3710.4149622373507 136.53670472299027 -8.75644595928117
  endloop
endfacet
facet normal -2.0839027189153125e-32 -1.4900287344243868e-08 -0.9999999999999999
  outer loop
    vertex 3710.6363224439538 127.18976435457635 -8.756445820009068
    vertex 3710.4149622373507 136.53670472299027 -8.75644595928117
    vertex 3710.4321131162565 136.6944018492596 -8.756445961630899
  endloop
endfacet
facet normal -2.0839027189153125e-32 -1.4900287344243868e-08 -0.9999999999999999
  outer loop
    vertex 3710.6363224439538 127.18976435457635 -8.756445820009068
    vertex 3710.4321131162565 136.6944018492596 -8.756445961630899
    vertex 3710.6363224439538 146.3576663473742 -8.756446105616318
  endloop
endfacet
facet normal -2.0839027189153125e-32 -1.4900287344243868e-08 -0.9999999999999999
  outer loop
    vertex 3710.6363224439538 127.18976435457635 -8.756445820009068
    vertex 3710.6363224439538 146.3576663473742 -8.756446105616318
    vertex 3710.9983162336266 146.6607793310778 -8.756446110132787
  endloop
endfacet
facet normal -2.0839027189153125e-32 -1.4900287344243868e-08 -0.9999999999999999
  outer loop
    vertex 3710.6363224439538 127.18976435457635 -8.756445820009068
    vertex 3710.9983162336266 146.6607793310778 -8.756446110132787
    vertex 3710.9983162336266 126.88665137087274 -8.756445815492599
  endloop
endfacet
facet normal -2.0839027189153125e-32 -1.4900287344243868e-08 -0.9999999999999999
  outer loop
    vertex 3710.9983162336266 126.88665137087274 -8.756445815492599
    vertex 3710.9983162336266 146.6607793310778 -8.756446110132787
    vertex 3711.37132734584 146.95022711550166 -8.756446114445646
  endloop
endfacet
facet normal -2.0839027189153125e-32 -1.4900287344243868e-08 -0.9999999999999999
  outer loop
    vertex 3710.9983162336266 126.88665137087274 -8.756445815492599
    vertex 3711.37132734584 146.95022711550166 -8.756446114445646
    vertex 3711.37132734584 126.59720358644893 -8.756445811179741
  endloop
endfacet
facet normal -2.0839027189153125e-32 -1.4900287344243868e-08 -0.9999999999999999
  outer loop
    vertex 3711.37132734584 126.59720358644893 -8.756445811179741
    vertex 3711.37132734584 146.95022711550166 -8.756446114445646
    vertex 3711.7548393659517 147.22561011110713 -8.756446118548931
  endloop
endfacet
facet normal -2.0839027189153125e-32 -1.4900287344243868e-08 -0.9999999999999999
  outer loop
    vertex 3711.37132734584 126.59720358644893 -8.756445811179741
    vertex 3711.7548393659517 147.22561011110713 -8.756446118548931
    vertex 3711.7548393659517 126.32182059084346 -8.756445807076457
  endloop
endfacet
facet normal -2.0839027189153125e-32 -1.4900287344243868e-08 -0.9999999999999999
  outer loop
    vertex 3711.7548393659517 126.32182059084346 -8.756445807076457
    vertex 3711.7548393659517 147.22561011110713 -8.756446118548931
    vertex 3712.1483220510404 147.48654780184197 -8.756446122436975
  endloop
endfacet
facet normal -2.0839027189153125e-32 -1.4900287344243868e-08 -0.9999999999999999
  outer loop
    vertex 3711.7548393659517 126.32182059084346 -8.756445807076457
    vertex 3712.1483220510404 147.48654780184197 -8.756446122436975
    vertex 3712.1483220510404 126.06088290010858 -8.756445803188411
  endloop
endfacet
facet normal -2.0839027189153125e-32 -1.4900287344243868e-08 -0.9999999999999999
  outer loop
    vertex 3712.1483220510404 126.06088290010858 -8.756445803188411
    vertex 3712.1483220510404 147.48654780184197 -8.756446122436975
    vertex 3712.551232283585 147.73267969881462 -8.756446126104414
  endloop
endfacet
facet normal -2.0839027189153125e-32 -1.4900287344243868e-08 -0.9999999999999999
  outer loop
    vertex 3712.1483220510404 126.06088290010858 -8.756445803188411
    vertex 3712.551232283585 147.73267969881462 -8.756446126104414
    vertex 3712.551232283585 125.81475100313592 -8.756445799520973
  endloop
endfacet
facet normal -2.0839027189153125e-32 -1.4900287344243868e-08 -0.9999999999999999
  outer loop
    vertex 3712.551232283585 125.81475100313592 -8.756445799520973
    vertex 3712.551232283585 147.73267969881462 -8.756446126104414
    vertex 3712.619261687271 136.7737153509753 -8.756445962812693
  endloop
endfacet
facet normal -2.0839027189153125e-32 -1.4900287344243868e-08 -0.9999999999999999
  outer loop
    vertex 3712.619261687271 136.7737153509753 -8.756445962812693
    vertex 3712.551232283585 147.73267969881462 -8.756446126104414
    vertex 3712.627963965408 137.10604867731502 -8.756445967764554
  endloop
endfacet
facet normal -2.0839027189153125e-32 -1.4900287344243868e-08 -0.9999999999999999
  outer loop
    vertex 3712.627963965408 137.10604867731502 -8.756445967764554
    vertex 3712.551232283585 147.73267969881462 -8.756446126104414
    vertex 3712.9630126409447 147.9636653402941 -8.756446129546163
  endloop
endfacet
facet normal -2.0839027189153125e-32 -1.4900287344243868e-08 -0.9999999999999999
  outer loop
    vertex 3712.627963965408 137.10604867731502 -8.756445967764554
    vertex 3712.9630126409447 147.9636653402941 -8.756446129546163
    vertex 3712.654047434799 137.4374710658686 -8.756445972702842
  endloop
endfacet
facet normal -2.0839027189153125e-32 -1.4900287344243868e-08 -0.9999999999999999
  outer loop
    vertex 3712.654047434799 137.4374710658686 -8.756445972702842
    vertex 3712.9630126409447 147.9636653402941 -8.756446129546163
    vertex 3712.6974405698697 137.7670742014544 -8.756445977614026
  endloop
endfacet
facet normal -2.0839027189153125e-32 -1.4900287344243868e-08 -0.9999999999999999
  outer loop
    vertex 3712.6974405698697 137.7670742014544 -8.756445977614026
    vertex 3712.9630126409447 147.9636653402941 -8.756446129546163
    vertex 3712.7580241613314 138.09395453726222 -8.756445982484635
  endloop
endfacet
facet normal -2.0839027189153125e-32 -1.4900287344243868e-08 -0.9999999999999999
  outer loop
    vertex 3712.7580241613314 138.09395453726222 -8.756445982484635
    vertex 3712.9630126409447 147.9636653402941 -8.756446129546163
    vertex 3712.835632746689 138.4172162750857 -8.756445987301332
  endloop
endfacet
facet normal -2.0839027189153125e-32 -1.4900287344243868e-08 -0.9999999999999999
  outer loop
    vertex 3712.835632746689 138.4172162750857 -8.756445987301332
    vertex 3712.9630126409447 147.9636653402941 -8.756446129546163
    vertex 3712.930052702896 138.73597321306633 -8.756445992050898
  endloop
endfacet
facet normal -2.0839027189153125e-32 -1.4900287344243868e-08 -0.9999999999999999
  outer loop
    vertex 3712.930052702896 138.73597321306633 -8.756445992050898
    vertex 3712.9630126409447 147.9636653402941 -8.756446129546163
    vertex 3713.04102606105 139.04935178553035 -8.756445996720334
  endloop
endfacet
facet normal -2.0839027189153125e-32 -1.4900287344243868e-08 -0.9999999999999999
  outer loop
    vertex 3713.04102606105 139.04935178553035 -8.756445996720334
    vertex 3712.9630126409447 147.9636653402941 -8.756446129546163
    vertex 3713.383094256393 148.17918524538447 -8.756446132757471
  endloop
endfacet
facet normal -2.0839027189153125e-32 -1.4900287344243868e-08 -0.9999999999999999
  outer loop
    vertex 3713.04102606105 139.04935178553035 -8.756445996720334
    vertex 3713.383094256393 148.17918524538447 -8.756446132757471
    vertex 3713.1682481222074 139.35649308954643 -8.756446001296823
  endloop
endfacet
facet normal -2.0839027189153125e-32 -1.4900287344243868e-08 -0.9999999999999999
  outer loop
    vertex 3713.1682481222074 139.35649308954643 -8.756446001296823
    vertex 3713.383094256393 148.17918524538447 -8.756446132757471
    vertex 3713.311370318405 139.65655503069328 -8.756446005767833
  endloop
endfacet
facet normal -2.0839027189153125e-32 -1.4900287344243868e-08 -0.9999999999999999
  outer loop
    vertex 3713.311370318405 139.65655503069328 -8.756446005767833
    vertex 3713.383094256393 148.17918524538447 -8.756446132757471
    vertex 3713.4700002126615 139.94871530329158 -8.756446010121104
  endloop
endfacet
facet normal -2.0839027189153125e-32 -1.4900287344243868e-08 -0.9999999999999999
  outer loop
    vertex 3713.4700002126615 139.94871530329158 -8.756446010121104
    vertex 3713.383094256393 148.17918524538447 -8.756446132757471
    vertex 3713.8108963422696 148.37894091402458 -8.756446135733892
  endloop
endfacet
facet normal -2.0839027189153125e-32 -1.4900287344243868e-08 -0.9999999999999999
  outer loop
    vertex 3713.4700002126615 139.94871530329158 -8.756446010121104
    vertex 3713.8108963422696 148.37894091402458 -8.756446135733892
    vertex 3713.6437034063256 140.2321732977526 -8.756446014344709
  endloop
endfacet
facet normal -2.0839027189153125e-32 -1.4900287344243868e-08 -0.9999999999999999
  outer loop
    vertex 3713.6437034063256 140.2321732977526 -8.756446014344709
    vertex 3713.8108963422696 148.37894091402458 -8.756446135733892
    vertex 3713.832003539077 140.5061517695086 -8.756446018427068
  endloop
endfacet
facet normal -2.0839027189153125e-32 -1.4900287344243868e-08 -0.9999999999999999
  outer loop
    vertex 3713.832003539077 140.5061517695086 -8.756446018427068
    vertex 3713.8108963422696 148.37894091402458 -8.756446135733892
    vertex 3714.2458276204984 148.56265864168574 -8.756446138471334
  endloop
endfacet
facet normal -2.0839027189153125e-32 -1.4900287344243868e-08 -0.9999999999999999
  outer loop
    vertex 3713.832003539077 140.5061517695086 -8.756446018427068
    vertex 3714.2458276204984 148.56265864168574 -8.756446138471334
    vertex 3714.034384673111 140.7698999384539 -8.75644602235699
  endloop
endfacet
facet normal -2.0839027189153125e-32 -1.4900287344243868e-08 -0.9999999999999999
  outer loop
    vertex 3714.034384673111 140.7698999384539 -8.75644602235699
    vertex 3714.2458276204984 148.56265864168574 -8.756446138471334
    vertex 3714.250291769973 141.0226949194567 -8.75644602612371
  endloop
endfacet
facet normal -2.0839027189153125e-32 -1.4900287344243868e-08 -0.9999999999999999
  outer loop
    vertex 3714.250291769973 141.0226949194567 -8.75644602612371
    vertex 3714.2458276204984 148.56265864168574 -8.756446138471334
    vertex 3714.68728727626 148.73008188997673 -8.75644614096599
  endloop
endfacet
facet normal -2.0839027189153125e-32 -1.4900287344243868e-08 -0.9999999999999999
  outer loop
    vertex 3714.250291769973 141.0226949194567 -8.75644602612371
    vertex 3714.68728727626 148.73008188997673 -8.75644614096599
    vertex 3714.4791335515897 141.26384339128902 -8.75644602971689
  endloop
endfacet
facet normal -2.0839027189153125e-32 -1.4900287344243868e-08 -0.9999999999999999
  outer loop
    vertex 3714.4791335515897 141.26384339128902 -8.75644602971689
    vertex 3714.68728727626 148.73008188997673 -8.75644614096599
    vertex 3714.7202820234215 141.4926851729052 -8.756446033126698
  endloop
endfacet
facet normal -2.0839027189153125e-32 -1.4900287344243868e-08 -0.9999999999999999
  outer loop
    vertex 3714.7202820234215 141.4926851729052 -8.756446033126698
    vertex 3714.68728727626 148.73008188997673 -8.75644614096599
    vertex 3715.134665196411 148.88098082338738 -8.756446143214431
  endloop
endfacet
facet normal -2.0839027189153125e-32 -1.4900287344243868e-08 -0.9999999999999999
  outer loop
    vertex 3714.7202820234215 141.4926851729052 -8.756446033126698
    vertex 3715.134665196411 148.88098082338738 -8.756446143214431
    vertex 3714.973077004425 141.70859226976802 -8.756446036343776
  endloop
endfacet
facet normal -2.0839027189153125e-32 -1.4900287344243868e-08 -0.9999999999999999
  outer loop
    vertex 3714.973077004425 141.70859226976802 -8.756446036343776
    vertex 3715.134665196411 148.88098082338738 -8.756446143214431
    vertex 3715.23682517337 141.9109734038012 -8.756446039359318
  endloop
endfacet
facet normal -2.0839027189153125e-32 -1.4900287344243868e-08 -0.9999999999999999
  outer loop
    vertex 3715.23682517337 141.9109734038012 -8.756446039359318
    vertex 3715.134665196411 148.88098082338738 -8.756446143214431
    vertex 3715.587342684738 149.01514563356804 -8.756446145213525
  endloop
endfacet
facet normal -2.0839027189153125e-32 -1.4900287344243868e-08 -0.9999999999999999
  outer loop
    vertex 3715.23682517337 141.9109734038012 -8.756446039359318
    vertex 3715.587342684738 149.01514563356804 -8.756446145213525
    vertex 3715.5108036451256 142.09927353655266 -8.756446042165043
  endloop
endfacet
facet normal -2.0839027189153125e-32 -1.4900287344243868e-08 -0.9999999999999999
  outer loop
    vertex 3715.5108036451256 142.09927353655266 -8.756446042165043
    vertex 3715.587342684738 149.01514563356804 -8.756446145213525
    vertex 3715.794261639587 142.2729767302172 -8.756446044753272
  endloop
endfacet
facet normal -2.0839027189153125e-32 -1.4900287344243868e-08 -0.9999999999999999
  outer loop
    vertex 3715.794261639587 142.2729767302172 -8.756446044753272
    vertex 3715.587342684738 149.01514563356804 -8.756446145213525
    vertex 3716.044694369308 149.13239226137566 -8.756446146960533
  endloop
endfacet
facet normal -2.0839027189153125e-32 -1.4900287344243868e-08 -0.9999999999999999
  outer loop
    vertex 3715.794261639587 142.2729767302172 -8.756446044753272
    vertex 3716.044694369308 149.13239226137566 -8.756446146960533
    vertex 3716.0864219121854 142.43160662447383 -8.756446047116903
  endloop
endfacet
facet normal -2.0839027189153125e-32 -1.4900287344243868e-08 -0.9999999999999999
  outer loop
    vertex 3716.0864219121854 142.43160662447383 -8.756446047116903
    vertex 3716.044694369308 149.13239226137566 -8.756446146960533
    vertex 3716.50608796405 149.23255858217644 -8.75644614845304
  endloop
endfacet
facet normal -2.0839027189153125e-32 -1.4900287344243868e-08 -0.9999999999999999
  outer loop
    vertex 3716.0864219121854 142.43160662447383 -8.756446047116903
    vertex 3716.50608796405 149.23255858217644 -8.75644614845304
    vertex 3716.3864838533323 142.5747288206713 -8.75644604924946
  endloop
endfacet
facet normal -2.0839027189153125e-32 -1.4900287344243868e-08 -0.9999999999999999
  outer loop
    vertex 3716.3864838533323 142.5747288206713 -8.75644604924946
    vertex 3716.50608796405 149.23255858217644 -8.75644614845304
    vertex 3716.6936251573484 142.70195088182857 -8.756446051145106
  endloop
endfacet
facet normal -2.0839027189153125e-32 -1.4900287344243868e-08 -0.9999999999999999
  outer loop
    vertex 3716.6936251573484 142.70195088182857 -8.756446051145106
    vertex 3716.50608796405 149.23255858217644 -8.75644614845304
    vertex 3716.9708858184736 149.3155053595202 -8.756446149688967
  endloop
endfacet
facet normal -2.0839027189153125e-32 -1.4900287344243868e-08 -0.9999999999999999
  outer loop
    vertex 3716.6936251573484 142.70195088182857 -8.756446051145106
    vertex 3716.9708858184736 149.3155053595202 -8.756446149688967
    vertex 3717.0070037298124 142.81292423998286 -8.75644605279864
  endloop
endfacet
facet normal -2.0839027189153125e-32 -1.4900287344243868e-08 -0.9999999999999999
  outer loop
    vertex 3717.0070037298124 142.81292423998286 -8.75644605279864
    vertex 3716.9708858184736 149.3155053595202 -8.756446149688967
    vertex 3717.438445752136 149.38111815248894 -8.756446150666621
  endloop
endfacet
facet normal -2.0839027189153125e-32 -1.4900287344243868e-08 -0.9999999999999999
  outer loop
    vertex 3717.0070037298124 142.81292423998286 -8.75644605279864
    vertex 3717.438445752136 149.38111815248894 -8.756446150666621
    vertex 3717.3257606677926 142.90734419619014 -8.756446054205526
  endloop
endfacet
facet normal -2.0839027189153125e-32 -1.4900287344243868e-08 -0.9999999999999999
  outer loop
    vertex 3717.3257606677926 142.90734419619014 -8.756446054205526
    vertex 3717.438445752136 149.38111815248894 -8.756446150666621
    vertex 3717.504261558525 146.77371535097527 -8.756446111815565
  endloop
endfacet
facet normal -2.0839027189153125e-32 -1.4900287344243868e-08 -0.9999999999999999
  outer loop
    vertex 3717.3257606677926 142.90734419619014 -8.756446054205526
    vertex 3717.504261558525 146.77371535097527 -8.756446111815565
    vertex 3717.6490224056165 142.9849527815478 -8.756446055361915
  endloop
endfacet
facet normal -2.0839027189153125e-32 -1.4900287344243868e-08 -0.9999999999999999
  outer loop
    vertex 3717.6490224056165 142.9849527815478 -8.756446055361915
    vertex 3717.504261558525 146.77371535097527 -8.756446111815565
    vertex 3717.512849514953 146.6153205374377 -8.756446109455442
  endloop
endfacet
facet normal -2.0839027189153125e-32 -1.4900287344243868e-08 -0.9999999999999999
  outer loop
    vertex 3717.6490224056165 142.9849527815478 -8.756446055361915
    vertex 3717.512849514953 146.6153205374377 -8.756446109455442
    vertex 3717.53851253318 146.45878348146846 -8.756446107122992
  endloop
endfacet
facet normal -2.0839027189153125e-32 -1.4900287344243868e-08 -0.9999999999999999
  outer loop
    vertex 3717.6490224056165 142.9849527815478 -8.756446055361915
    vertex 3717.53851253318 146.45878348146846 -8.756446107122992
    vertex 3717.580949728958 146.30593905245232 -8.756446104845564
  endloop
endfacet
facet normal -2.0839027189153125e-32 -1.4900287344243868e-08 -0.9999999999999999
  outer loop
    vertex 3717.6490224056165 142.9849527815478 -8.756446055361915
    vertex 3717.580949728958 146.30593905245232 -8.756446104845564
    vertex 3717.639663641922 146.15857825075557 -8.75644610264985
  endloop
endfacet
facet normal -2.0839027189153125e-32 -1.4900287344243868e-08 -0.9999999999999999
  outer loop
    vertex 3717.6490224056165 142.9849527815478 -8.756446055361915
    vertex 3717.639663641922 146.15857825075557 -8.75644610264985
    vertex 3717.7139658384244 146.01842913423943 -8.756446100561584
  endloop
endfacet
facet normal -2.0839027189153125e-32 -1.4900287344243868e-08 -0.9999999999999999
  outer loop
    vertex 3717.6490224056165 142.9849527815478 -8.756446055361915
    vertex 3717.7139658384244 146.01842913423943 -8.756446100561584
    vertex 3717.975902741424 143.04553637300896 -8.756446056264627
  endloop
endfacet
facet normal -2.0839027189153125e-32 -1.4900287344243868e-08 -0.9999999999999999
  outer loop
    vertex 3717.975902741424 143.04553637300896 -8.756446056264627
    vertex 3717.7139658384244 146.01842913423943 -8.756446100561584
    vertex 3717.802985256187 145.88713488375114 -8.756446098605263
  endloop
endfacet
facet normal -2.0839027189153125e-32 -1.4900287344243868e-08 -0.9999999999999999
  outer loop
    vertex 3717.975902741424 143.04553637300896 -8.756446056264627
    vertex 3717.802985256187 145.88713488375114 -8.756446098605263
    vertex 3717.9056782178804 145.7662356833117 -8.75644609680383
  endloop
endfacet
facet normal -2.0839027189153125e-32 -1.4900287344243868e-08 -0.9999999999999999
  outer loop
    vertex 3717.975902741424 143.04553637300896 -8.756446056264627
    vertex 3717.9056782178804 145.7662356833117 -8.75644609680383
    vertex 3718.020840709678 145.65714773928093 -8.756446095178392
  endloop
endfacet
facet normal -2.0839027189153125e-32 -1.4900287344243868e-08 -0.9999999999999999
  outer loop
    vertex 3717.975902741424 143.04553637300896 -8.756446056264627
    vertex 3718.020840709678 145.65714773928093 -8.756446095178392
    vertex 3718.30550587701 143.08892950807976 -8.756446056911198
  endloop
endfacet
facet normal -2.0839027189153125e-32 -1.4900287344243868e-08 -0.9999999999999999
  outer loop
    vertex 3718.30550587701 143.08892950807976 -8.756446056911198
    vertex 3718.020840709678 145.65714773928093 -8.756446095178392
    vertex 3718.1471225671685 145.5611508825915 -8.756446093748005
  endloop
endfacet
facet normal -2.0839027189153125e-32 -1.4900287344243868e-08 -0.9999999999999999
  outer loop
    vertex 3718.30550587701 143.08892950807976 -8.756446056911198
    vertex 3718.1471225671685 145.5611508825915 -8.756446093748005
    vertex 3718.2830432109754 145.4793704489367 -8.756446092529458
  endloop
endfacet
facet normal -2.0839027189153125e-32 -1.4900287344243868e-08 -0.9999999999999999
  outer loop
    vertex 3718.30550587701 143.08892950807976 -8.756446056911198
    vertex 3718.2830432109754 145.4793704489367 -8.756446092529458
    vertex 3718.427009170525 145.4127648810046 -8.756446091537017
  endloop
endfacet
facet normal -2.0839027189153125e-32 -1.4900287344243868e-08 -0.9999999999999999
  outer loop
    vertex 3718.30550587701 143.08892950807976 -8.756446056911198
    vertex 3718.427009170525 145.4127648810046 -8.756446091537017
    vertex 3718.6369282655637 143.11501297747066 -8.756446057299849
  endloop
endfacet
facet normal -2.0839027189153125e-32 -1.4900287344243868e-08 -0.9999999999999999
  outer loop
    vertex 3718.6369282655637 143.11501297747066 -8.756446057299849
    vertex 3718.427009170525 145.4127648810046 -8.756446091537017
    vertex 3718.577332561485 145.36211428438594 -8.756446090782303
  endloop
endfacet
facet normal -2.0839027189153125e-32 -1.4900287344243868e-08 -0.9999999999999999
  outer loop
    vertex 3718.6369282655637 143.11501297747066 -8.756446057299849
    vertex 3718.577332561485 145.36211428438594 -8.756446090782303
    vertex 3718.7322509639184 145.32801470552852 -8.75644609027421
  endloop
endfacet
facet normal -2.0839027189153125e-32 -1.4900287344243868e-08 -0.9999999999999999
  outer loop
    vertex 3718.6369282655637 143.11501297747066 -8.756446057299849
    vertex 3718.7322509639184 145.32801470552852 -8.75644609027421
    vertex 3718.9692615919034 143.12371525560786 -8.75644605742952
  endloop
endfacet
facet normal -2.0839027189153125e-32 -1.4900287344243868e-08 -0.9999999999999999
  outer loop
    vertex 3718.9692615919034 143.12371525560786 -8.75644605742952
    vertex 3718.7322509639184 145.32801470552852 -8.75644609027421
    vertex 3718.8899480901878 145.31086382662227 -8.756446090018663
  endloop
endfacet
facet normal -2.0839027189153125e-32 -1.4900287344243868e-08 -0.9999999999999999
  outer loop
    vertex 3718.9692615919034 143.12371525560786 -8.75644605742952
    vertex 3718.8899480901878 145.31086382662227 -8.756446090018663
    vertex 3719.048575093619 145.31086382662227 -8.756446090018663
  endloop
endfacet
facet normal -2.0839027189153125e-32 -1.4900287344243868e-08 -0.9999999999999999
  outer loop
    vertex 3718.9692615919034 143.12371525560786 -8.75644605742952
    vertex 3719.048575093619 145.31086382662227 -8.756446090018663
    vertex 3719.301594918243 143.11501297747066 -8.756446057299849
  endloop
endfacet
facet normal -2.0839027189153125e-32 -1.4900287344243868e-08 -0.9999999999999999
  outer loop
    vertex 3719.301594918243 143.11501297747066 -8.756446057299849
    vertex 3719.048575093619 145.31086382662227 -8.756446090018663
    vertex 3719.2062722198884 145.32801470552852 -8.75644609027421
  endloop
endfacet
facet normal -2.0839027189153125e-32 -1.4900287344243868e-08 -0.9999999999999999
  outer loop
    vertex 3719.301594918243 143.11501297747066 -8.756446057299849
    vertex 3719.2062722198884 145.32801470552852 -8.75644609027421
    vertex 3719.361190622322 145.36211428438594 -8.756446090782303
  endloop
endfacet
facet normal -2.0839027189153125e-32 -1.4900287344243868e-08 -0.9999999999999999
  outer loop
    vertex 3719.301594918243 143.11501297747066 -8.756446057299849
    vertex 3719.361190622322 145.36211428438594 -8.756446090782303
    vertex 3719.633017306797 143.08892950807976 -8.756446056911198
  endloop
endfacet
facet normal -2.0839027189153125e-32 -1.4900287344243868e-08 -0.9999999999999999
  outer loop
    vertex 3719.633017306797 143.08892950807976 -8.756446056911198
    vertex 3719.361190622322 145.36211428438594 -8.756446090782303
    vertex 3719.511514013282 145.4127648810046 -8.756446091537017
  endloop
endfacet
facet normal -2.0839027189153125e-32 -1.4900287344243868e-08 -0.9999999999999999
  outer loop
    vertex 3719.633017306797 143.08892950807976 -8.756446056911198
    vertex 3719.511514013282 145.4127648810046 -8.756446091537017
    vertex 3719.6554799728315 145.4793704489367 -8.756446092529458
  endloop
endfacet
facet normal -2.0839027189153125e-32 -1.4900287344243868e-08 -0.9999999999999999
  outer loop
    vertex 3719.633017306797 143.08892950807976 -8.756446056911198
    vertex 3719.6554799728315 145.4793704489367 -8.756446092529458
    vertex 3719.9626204423826 143.04553637300896 -8.756446056264627
  endloop
endfacet
facet normal -2.0839027189153125e-32 -1.4900287344243868e-08 -0.9999999999999999
  outer loop
    vertex 3719.9626204423826 143.04553637300896 -8.756446056264627
    vertex 3719.6554799728315 145.4793704489367 -8.756446092529458
    vertex 3719.7914006166384 145.5611508825915 -8.756446093748005
  endloop
endfacet
facet normal -2.0839027189153125e-32 -1.4900287344243868e-08 -0.9999999999999999
  outer loop
    vertex 3719.9626204423826 143.04553637300896 -8.756446056264627
    vertex 3719.7914006166384 145.5611508825915 -8.756446093748005
    vertex 3719.917682474129 145.65714773928093 -8.756446095178392
  endloop
endfacet
facet normal -2.0839027189153125e-32 -1.4900287344243868e-08 -0.9999999999999999
  outer loop
    vertex 3719.9626204423826 143.04553637300896 -8.756446056264627
    vertex 3719.917682474129 145.65714773928093 -8.756446095178392
    vertex 3720.0328449659264 145.7662356833117 -8.75644609680383
  endloop
endfacet
facet normal -2.0839027189153125e-32 -1.4900287344243868e-08 -0.9999999999999999
  outer loop
    vertex 3719.9626204423826 143.04553637300896 -8.756446056264627
    vertex 3720.0328449659264 145.7662356833117 -8.75644609680383
    vertex 3720.2895007781904 142.9849527815478 -8.756446055361915
  endloop
endfacet
facet normal -2.0839027189153125e-32 -1.4900287344243868e-08 -0.9999999999999999
  outer loop
    vertex 3720.2895007781904 142.9849527815478 -8.756446055361915
    vertex 3720.0328449659264 145.7662356833117 -8.75644609680383
    vertex 3720.1355379276197 145.88713488375114 -8.756446098605263
  endloop
endfacet
facet normal -2.0839027189153125e-32 -1.4900287344243868e-08 -0.9999999999999999
  outer loop
    vertex 3720.2895007781904 142.9849527815478 -8.756446055361915
    vertex 3720.1355379276197 145.88713488375114 -8.756446098605263
    vertex 3720.224557345382 146.01842913423943 -8.756446100561584
  endloop
endfacet
facet normal -2.0839027189153125e-32 -1.4900287344243868e-08 -0.9999999999999999
  outer loop
    vertex 3720.2895007781904 142.9849527815478 -8.756446055361915
    vertex 3720.224557345382 146.01842913423943 -8.756446100561584
    vertex 3720.2988595418847 146.15857825075557 -8.75644610264985
  endloop
endfacet
facet normal -2.0839027189153125e-32 -1.4900287344243868e-08 -0.9999999999999999
  outer loop
    vertex 3720.2895007781904 142.9849527815478 -8.756446055361915
    vertex 3720.2988595418847 146.15857825075557 -8.75644610264985
    vertex 3720.612762516014 142.90734419619014 -8.756446054205526
  endloop
endfacet
facet normal -2.0839027189153125e-32 -1.4900287344243868e-08 -0.9999999999999999
  outer loop
    vertex 3720.612762516014 142.90734419619014 -8.756446054205526
    vertex 3720.2988595418847 146.15857825075557 -8.75644610264985
    vertex 3720.357573454849 146.30593905245232 -8.756446104845564
  endloop
endfacet
facet normal -2.0839027189153125e-32 -1.4900287344243868e-08 -0.9999999999999999
  outer loop
    vertex 3720.612762516014 142.90734419619014 -8.756446054205526
    vertex 3720.357573454849 146.30593905245232 -8.756446104845564
    vertex 3720.400010650627 146.45878348146846 -8.756446107122992
  endloop
endfacet
facet normal -2.0839027189153125e-32 -1.4900287344243868e-08 -0.9999999999999999
  outer loop
    vertex 3720.612762516014 142.90734419619014 -8.756446054205526
    vertex 3720.400010650627 146.45878348146846 -8.756446107122992
    vertex 3720.4256736688535 146.6153205374377 -8.756446109455442
  endloop
endfacet
facet normal -2.0839027189153125e-32 -1.4900287344243868e-08 -0.9999999999999999
  outer loop
    vertex 3720.612762516014 142.90734419619014 -8.756446054205526
    vertex 3720.4256736688535 146.6153205374377 -8.756446109455442
    vertex 3720.4342616252816 146.77371535097527 -8.756446111815565
  endloop
endfacet
facet normal -2.0839027189153125e-32 -1.4900287344243868e-08 -0.9999999999999999
  outer loop
    vertex 3717.438445752136 124.16631254946161 -8.756445774958767
    vertex 3717.512849514953 126.61532053743768 -8.756445811449694
    vertex 3717.90812141227 124.11812433992792 -8.75644577424075
  endloop
endfacet
facet normal -2.0839027189153125e-32 -1.4900287344243868e-08 -0.9999999999999999
  outer loop
    vertex 3717.512849514953 126.61532053743768 -8.756445811449694
    vertex 3717.438445752136 124.16631254946161 -8.756445774958767
    vertex 3717.504261558525 126.77371535097528 -8.756445813809822
  endloop
endfacet
facet normal -2.0839027189153125e-32 -1.4900287344243868e-08 -0.9999999999999999
  outer loop
    vertex 3717.90812141227 124.11812433992792 -8.75644577424075
    vertex 3717.512849514953 126.61532053743768 -8.756445811449694
    vertex 3717.53851253318 126.45878348146844 -8.756445809117244
  endloop
endfacet
facet normal -2.0839027189153125e-32 -1.4900287344243868e-08 -0.9999999999999999
  outer loop
    vertex 3717.90812141227 124.11812433992792 -8.75644577424075
    vertex 3717.53851253318 126.45878348146844 -8.756445809117244
    vertex 3717.580949728958 126.30593905245233 -8.756445806839823
  endloop
endfacet
facet normal -2.0839027189153125e-32 -1.4900287344243868e-08 -0.9999999999999999
  outer loop
    vertex 3717.90812141227 124.11812433992792 -8.75644577424075
    vertex 3717.580949728958 126.30593905245233 -8.756445806839823
    vertex 3717.639663641922 126.15857825075555 -8.7564458046441
  endloop
endfacet
facet normal -2.0839027189153125e-32 -1.4900287344243868e-08 -0.9999999999999999
  outer loop
    vertex 3717.90812141227 124.11812433992792 -8.75644577424075
    vertex 3717.639663641922 126.15857825075555 -8.7564458046441
    vertex 3717.7139658384244 126.01842913423945 -8.756445802555842
  endloop
endfacet
facet normal -2.0839027189153125e-32 -1.4900287344243868e-08 -0.9999999999999999
  outer loop
    vertex 3717.90812141227 124.11812433992792 -8.75644577424075
    vertex 3717.7139658384244 126.01842913423945 -8.756445802555842
    vertex 3717.802985256187 125.88713488375116 -8.756445800599515
  endloop
endfacet
facet normal -2.0839027189153125e-32 -1.4900287344243868e-08 -0.9999999999999999
  outer loop
    vertex 3717.90812141227 124.11812433992792 -8.75644577424075
    vertex 3717.802985256187 125.88713488375116 -8.756445800599515
    vertex 3717.9056782178804 125.7662356833117 -8.756445798798081
  endloop
endfacet
facet normal -2.0839027189153125e-32 -1.4900287344243868e-08 -0.9999999999999999
  outer loop
    vertex 3717.90812141227 124.11812433992792 -8.75644577424075
    vertex 3717.9056782178804 125.7662356833117 -8.756445798798081
    vertex 3718.020840709678 125.65714773928094 -8.756445797172642
  endloop
endfacet
facet normal -2.0839027189153125e-32 -1.4900287344243868e-08 -0.9999999999999999
  outer loop
    vertex 3717.90812141227 124.11812433992792 -8.75644577424075
    vertex 3718.020840709678 125.65714773928094 -8.756445797172642
    vertex 3718.3792635850823 124.08742747103143 -8.756445773783357
  endloop
endfacet
facet normal -2.0839027189153125e-32 -1.4900287344243868e-08 -0.9999999999999999
  outer loop
    vertex 3718.3792635850823 124.08742747103143 -8.756445773783357
    vertex 3718.020840709678 125.65714773928094 -8.756445797172642
    vertex 3718.1471225671685 125.56115088259149 -8.756445795742264
  endloop
endfacet
facet normal -2.0839027189153125e-32 -1.4900287344243868e-08 -0.9999999999999999
  outer loop
    vertex 3718.3792635850823 124.08742747103143 -8.756445773783357
    vertex 3718.1471225671685 125.56115088259149 -8.756445795742264
    vertex 3718.2830432109754 125.47937044893672 -8.756445794523708
  endloop
endfacet
facet normal -2.0839027189153125e-32 -1.4900287344243868e-08 -0.9999999999999999
  outer loop
    vertex 3718.3792635850823 124.08742747103143 -8.756445773783357
    vertex 3718.2830432109754 125.47937044893672 -8.756445794523708
    vertex 3718.427009170525 125.41276488100458 -8.756445793531267
  endloop
endfacet
facet normal -2.0839027189153125e-32 -1.4900287344243868e-08 -0.9999999999999999
  outer loop
    vertex 3718.3792635850823 124.08742747103143 -8.756445773783357
    vertex 3718.427009170525 125.41276488100458 -8.756445793531267
    vertex 3718.8512212015903 124.07426390444208 -8.756445773587217
  endloop
endfacet
facet normal -2.0839027189153125e-32 -1.4900287344243868e-08 -0.9999999999999999
  outer loop
    vertex 3718.8512212015903 124.07426390444208 -8.756445773587217
    vertex 3718.427009170525 125.41276488100458 -8.756445793531267
    vertex 3718.577332561485 125.36211428438592 -8.756445792776562
  endloop
endfacet
facet normal -2.0839027189153125e-32 -1.4900287344243868e-08 -0.9999999999999999
  outer loop
    vertex 3718.8512212015903 124.07426390444208 -8.756445773587217
    vertex 3718.577332561485 125.36211428438592 -8.756445792776562
    vertex 3718.7322509639184 125.3280147055285 -8.756445792268464
  endloop
endfacet
facet normal -2.0839027189153125e-32 -1.4900287344243868e-08 -0.9999999999999999
  outer loop
    vertex 3718.8512212015903 124.07426390444208 -8.756445773587217
    vertex 3718.7322509639184 125.3280147055285 -8.756445792268464
    vertex 3718.8899480901878 125.31086382662225 -8.756445792012915
  endloop
endfacet
facet normal -2.0839027189153125e-32 -1.4900287344243868e-08 -0.9999999999999999
  outer loop
    vertex 3718.8512212015903 124.07426390444208 -8.756445773587217
    vertex 3718.8899480901878 125.31086382662225 -8.756445792012915
    vertex 3719.323341970912 124.07865271364618 -8.756445773652615
  endloop
endfacet
facet normal -2.0839027189153125e-32 -1.4900287344243868e-08 -0.9999999999999999
  outer loop
    vertex 3719.323341970912 124.07865271364618 -8.756445773652615
    vertex 3718.8899480901878 125.31086382662225 -8.756445792012915
    vertex 3719.048575093619 125.31086382662225 -8.756445792012915
  endloop
endfacet
facet normal -2.0839027189153125e-32 -1.4900287344243868e-08 -0.9999999999999999
  outer loop
    vertex 3719.323341970912 124.07865271364618 -8.756445773652615
    vertex 3719.048575093619 125.31086382662225 -8.756445792012915
    vertex 3719.2062722198884 125.3280147055285 -8.756445792268464
  endloop
endfacet
facet normal -2.0839027189153125e-32 -1.4900287344243868e-08 -0.9999999999999999
  outer loop
    vertex 3719.323341970912 124.07865271364618 -8.756445773652615
    vertex 3719.2062722198884 125.3280147055285 -8.756445792268464
    vertex 3719.361190622322 125.36211428438592 -8.756445792776562
  endloop
endfacet
facet normal -2.0839027189153125e-32 -1.4900287344243868e-08 -0.9999999999999999
  outer loop
    vertex 3719.323341970912 124.07865271364618 -8.756445773652615
    vertex 3719.361190622322 125.36211428438592 -8.756445792776562
    vertex 3719.79497337865 124.1005862692492 -8.756445773979427
  endloop
endfacet
facet normal -2.0839027189153125e-32 -1.4900287344243868e-08 -0.9999999999999999
  outer loop
    vertex 3719.79497337865 124.1005862692492 -8.756445773979427
    vertex 3719.361190622322 125.36211428438592 -8.756445792776562
    vertex 3719.511514013282 125.41276488100458 -8.756445793531267
  endloop
endfacet
facet normal -2.0839027189153125e-32 -1.4900287344243868e-08 -0.9999999999999999
  outer loop
    vertex 3719.79497337865 124.1005862692492 -8.756445773979427
    vertex 3719.511514013282 125.41276488100458 -8.756445793531267
    vertex 3719.6554799728315 125.47937044893672 -8.756445794523708
  endloop
endfacet
facet normal -2.0839027189153125e-32 -1.4900287344243868e-08 -0.9999999999999999
  outer loop
    vertex 3719.79497337865 124.1005862692492 -8.756445773979427
    vertex 3719.6554799728315 125.47937044893672 -8.756445794523708
    vertex 3719.7914006166384 125.56115088259149 -8.756445795742264
  endloop
endfacet
facet normal -2.0839027189153125e-32 -1.4900287344243868e-08 -0.9999999999999999
  outer loop
    vertex 3719.79497337865 124.1005862692492 -8.756445773979427
    vertex 3719.7914006166384 125.56115088259149 -8.756445795742264
    vertex 3719.917682474129 125.65714773928094 -8.756445797172642
  endloop
endfacet
facet normal -2.0839027189153125e-32 -1.4900287344243868e-08 -0.9999999999999999
  outer loop
    vertex 3719.79497337865 124.1005862692492 -8.756445773979427
    vertex 3719.917682474129 125.65714773928094 -8.756445797172642
    vertex 3720.2654635362546 124.14003596102167 -8.75644577456724
  endloop
endfacet
facet normal -2.0839027189153125e-32 -1.4900287344243868e-08 -0.9999999999999999
  outer loop
    vertex 3720.2654635362546 124.14003596102167 -8.75644577456724
    vertex 3719.917682474129 125.65714773928094 -8.756445797172642
    vertex 3720.0328449659264 125.7662356833117 -8.756445798798081
  endloop
endfacet
facet normal -2.0839027189153125e-32 -1.4900287344243868e-08 -0.9999999999999999
  outer loop
    vertex 3720.2654635362546 124.14003596102167 -8.75644577456724
    vertex 3720.0328449659264 125.7662356833117 -8.756445798798081
    vertex 3720.1355379276197 125.88713488375116 -8.756445800599515
  endloop
endfacet
facet normal -2.0839027189153125e-32 -1.4900287344243868e-08 -0.9999999999999999
  outer loop
    vertex 3720.2654635362546 124.14003596102167 -8.75644577456724
    vertex 3720.1355379276197 125.88713488375116 -8.756445800599515
    vertex 3720.224557345382 126.01842913423945 -8.756445802555842
  endloop
endfacet
facet normal -2.0839027189153125e-32 -1.4900287344243868e-08 -0.9999999999999999
  outer loop
    vertex 3720.2654635362546 124.14003596102167 -8.75644577456724
    vertex 3720.224557345382 126.01842913423945 -8.756445802555842
    vertex 3720.2988595418847 126.15857825075555 -8.7564458046441
  endloop
endfacet
facet normal -2.0839027189153125e-32 -1.4900287344243868e-08 -0.9999999999999999
  outer loop
    vertex 3720.2654635362546 124.14003596102167 -8.75644577456724
    vertex 3720.2988595418847 126.15857825075555 -8.7564458046441
    vertex 3720.73416227626 124.19694647585321 -8.756445775415227
  endloop
endfacet
facet normal -2.0839027189153125e-32 -1.4900287344243868e-08 -0.9999999999999999
  outer loop
    vertex 3720.73416227626 124.19694647585321 -8.756445775415227
    vertex 3720.2988595418847 126.15857825075555 -8.7564458046441
    vertex 3720.357573454849 126.30593905245233 -8.756445806839823
  endloop
endfacet
facet normal -2.0839027189153125e-32 -1.4900287344243868e-08 -0.9999999999999999
  outer loop
    vertex 3720.73416227626 124.19694647585321 -8.756445775415227
    vertex 3720.357573454849 126.30593905245233 -8.756445806839823
    vertex 3720.400010650627 126.45878348146844 -8.756445809117244
  endloop
endfacet
facet normal -2.0839027189153125e-32 -1.4900287344243868e-08 -0.9999999999999999
  outer loop
    vertex 3720.73416227626 124.19694647585321 -8.756445775415227
    vertex 3720.400010650627 126.45878348146844 -8.756445809117244
    vertex 3720.4256736688535 126.61532053743768 -8.756445811449694
  endloop
endfacet
facet normal -2.0839027189153125e-32 -1.4900287344243868e-08 -0.9999999999999999
  outer loop
    vertex 3720.73416227626 124.19694647585321 -8.756445775415227
    vertex 3720.4256736688535 126.61532053743768 -8.756445811449694
    vertex 3720.4342616252816 126.77371535097528 -8.756445813809822
  endloop
endfacet
facet normal -2.0839027189153125e-32 -1.4900287344243868e-08 -0.9999999999999999
  outer loop
    vertex 3720.73416227626 124.19694647585321 -8.756445775415227
    vertex 3720.4342616252816 126.77371535097528 -8.756445813809822
    vertex 3720.612762516014 130.64008650576042 -8.75644587141986
  endloop
endfacet
facet normal -2.0839027189153125e-32 -1.4900287344243868e-08 -0.9999999999999999
  outer loop
    vertex 3720.73416227626 124.19694647585321 -8.756445775415227
    vertex 3720.612762516014 130.64008650576042 -8.75644587141986
    vertex 3720.9315194539945 130.73450646196773 -8.756445872826745
  endloop
endfacet
facet normal -2.0839027189153125e-32 -1.4900287344243868e-08 -0.9999999999999999
  outer loop
    vertex 3720.73416227626 124.19694647585321 -8.756445775415227
    vertex 3720.9315194539945 130.73450646196773 -8.756445872826745
    vertex 3721.2004217557824 124.27123865877557 -8.756445776522202
  endloop
endfacet
facet normal -2.0839027189153125e-32 -1.4900287344243868e-08 -0.9999999999999999
  outer loop
    vertex 3721.2004217557824 124.27123865877557 -8.756445776522202
    vertex 3720.9315194539945 130.73450646196773 -8.756445872826745
    vertex 3721.2448980264585 130.84547982012202 -8.75644587448028
  endloop
endfacet
facet normal -2.0839027189153125e-32 -1.4900287344243868e-08 -0.9999999999999999
  outer loop
    vertex 3721.2004217557824 124.27123865877557 -8.756445776522202
    vertex 3721.2448980264585 130.84547982012202 -8.75644587448028
    vertex 3721.6635975294034 124.3628104666369 -8.756445777886642
  endloop
endfacet
facet normal -2.0839027189153125e-32 -1.4900287344243868e-08 -0.9999999999999999
  outer loop
    vertex 3721.6635975294034 124.3628104666369 -8.756445777886642
    vertex 3721.2448980264585 130.84547982012202 -8.75644587448028
    vertex 3721.5520393304746 130.97270188127925 -8.75644587637593
  endloop
endfacet
facet normal -2.0839027189153125e-32 -1.4900287344243868e-08 -0.9999999999999999
  outer loop
    vertex 3721.6635975294034 124.3628104666369 -8.756445777886642
    vertex 3721.5520393304746 130.97270188127925 -8.75644587637593
    vertex 3721.8521012716214 131.11582407747676 -8.756445878508487
  endloop
endfacet
facet normal -2.0839027189153125e-32 -1.4900287344243868e-08 -0.9999999999999999
  outer loop
    vertex 3721.6635975294034 124.3628104666369 -8.756445777886642
    vertex 3721.8521012716214 131.11582407747676 -8.756445878508487
    vertex 3722.1230496816556 124.47153601442743 -8.756445779506684
  endloop
endfacet
facet normal -2.0839027189153125e-32 -1.4900287344243868e-08 -0.9999999999999999
  outer loop
    vertex 3722.1230496816556 124.47153601442743 -8.756445779506684
    vertex 3721.8521012716214 131.11582407747676 -8.756445878508487
    vertex 3722.1442615442197 131.27445397173332 -8.756445880872118
  endloop
endfacet
facet normal -2.0839027189153125e-32 -1.4900287344243868e-08 -0.9999999999999999
  outer loop
    vertex 3722.1230496816556 124.47153601442743 -8.756445779506684
    vertex 3722.1442615442197 131.27445397173332 -8.756445880872118
    vertex 3722.5781428270266 124.59726366793085 -8.756445781380068
  endloop
endfacet
facet normal -2.0839027189153125e-32 -1.4900287344243868e-08 -0.9999999999999999
  outer loop
    vertex 3722.5781428270266 124.59726366793085 -8.756445781380068
    vertex 3722.1442615442197 131.27445397173332 -8.756445880872118
    vertex 3722.427719538681 131.4481571653979 -8.756445883460344
  endloop
endfacet
facet normal -2.0839027189153125e-32 -1.4900287344243868e-08 -0.9999999999999999
  outer loop
    vertex 3722.5781428270266 124.59726366793085 -8.756445781380068
    vertex 3722.427719538681 131.4481571653979 -8.756445883460344
    vertex 3722.7016980104368 131.63645729814937 -8.75644588626607
  endloop
endfacet
facet normal -2.0839027189153125e-32 -1.4900287344243868e-08 -0.9999999999999999
  outer loop
    vertex 3722.5781428270266 124.59726366793085 -8.756445781380068
    vertex 3722.7016980104368 131.63645729814937 -8.75644588626607
    vertex 3723.028248255722 124.73982081209589 -8.75644578350421
  endloop
endfacet
facet normal -2.0839027189153125e-32 -1.4900287344243868e-08 -0.9999999999999999
  outer loop
    vertex 3723.028248255722 124.73982081209589 -8.75644578350421
    vertex 3722.7016980104368 131.63645729814937 -8.75644588626607
    vertex 3722.965446179382 131.83883843218254 -8.756445889281613
  endloop
endfacet
facet normal -2.0839027189153125e-32 -1.4900287344243868e-08 -0.9999999999999999
  outer loop
    vertex 3723.028248255722 124.73982081209589 -8.75644578350421
    vertex 3722.965446179382 131.83883843218254 -8.756445889281613
    vertex 3723.2182411603853 132.05474552904536 -8.756445892498688
  endloop
endfacet
facet normal -2.0839027189153125e-32 -1.4900287344243868e-08 -0.9999999999999999
  outer loop
    vertex 3723.028248255722 124.73982081209589 -8.75644578350421
    vertex 3723.2182411603853 132.05474552904536 -8.756445892498688
    vertex 3723.472743456833 124.89900908266475 -8.756445785876158
  endloop
endfacet
facet normal -2.0839027189153125e-32 -1.4900287344243868e-08 -0.9999999999999999
  outer loop
    vertex 3723.472743456833 124.89900908266475 -8.756445785876158
    vertex 3723.2182411603853 132.05474552904536 -8.756445892498688
    vertex 3723.459389632217 132.28358731066157 -8.756445895908495
  endloop
endfacet
facet normal -2.0839027189153125e-32 -1.4900287344243868e-08 -0.9999999999999999
  outer loop
    vertex 3723.472743456833 124.89900908266475 -8.756445785876158
    vertex 3723.459389632217 132.28358731066157 -8.756445895908495
    vertex 3723.688231413834 132.52473578249385 -8.756445899501676
  endloop
endfacet
facet normal -2.0839027189153125e-32 -1.4900287344243868e-08 -0.9999999999999999
  outer loop
    vertex 3723.472743456833 124.89900908266475 -8.756445785876158
    vertex 3723.688231413834 132.52473578249385 -8.756445899501676
    vertex 3723.911014979354 125.07461008821895 -8.756445788492666
  endloop
endfacet
facet normal -2.0839027189153125e-32 -1.4900287344243868e-08 -0.9999999999999999
  outer loop
    vertex 3723.911014979354 125.07461008821895 -8.756445788492666
    vertex 3723.688231413834 132.52473578249385 -8.756445899501676
    vertex 3723.9041385106957 132.77753076349666 -8.756445903268398
  endloop
endfacet
facet normal -2.0839027189153125e-32 -1.4900287344243868e-08 -0.9999999999999999
  outer loop
    vertex 3723.911014979354 125.07461008821895 -8.756445788492666
    vertex 3723.9041385106957 132.77753076349666 -8.756445903268398
    vertex 3724.10651964473 133.04127893244194 -8.756445907198318
  endloop
endfacet
facet normal -2.0839027189153125e-32 -1.4900287344243868e-08 -0.9999999999999999
  outer loop
    vertex 3723.911014979354 125.07461008821895 -8.756445788492666
    vertex 3724.10651964473 133.04127893244194 -8.756445907198318
    vertex 3724.342456286422 125.2663796881335 -8.756445791350085
  endloop
endfacet
facet normal -2.0839027189153125e-32 -1.4900287344243868e-08 -0.9999999999999999
  outer loop
    vertex 3724.342456286422 125.2663796881335 -8.756445791350085
    vertex 3724.10651964473 133.04127893244194 -8.756445907198318
    vertex 3724.2948197774813 133.31525740419792 -8.756445911280675
  endloop
endfacet
facet normal -2.0839027189153125e-32 -1.4900287344243868e-08 -0.9999999999999999
  outer loop
    vertex 3724.342456286422 125.2663796881335 -8.756445791350085
    vertex 3724.2948197774813 133.31525740419792 -8.756445911280675
    vertex 3724.4685229711454 133.598715398659 -8.756445915504282
  endloop
endfacet
facet normal -2.0839027189153125e-32 -1.4900287344243868e-08 -0.9999999999999999
  outer loop
    vertex 3724.342456286422 125.2663796881335 -8.756445791350085
    vertex 3724.4685229711454 133.598715398659 -8.756445915504282
    vertex 3724.7664713315885 125.47405371462274 -8.756445794444488
  endloop
endfacet
facet normal -2.0839027189153125e-32 -1.4900287344243868e-08 -0.9999999999999999
  outer loop
    vertex 3724.7664713315885 125.47405371462274 -8.756445794444488
    vertex 3724.4685229711454 133.598715398659 -8.756445915504282
    vertex 3724.627152865402 133.89087567125725 -8.756445919857553
  endloop
endfacet
facet normal -2.0839027189153125e-32 -1.4900287344243868e-08 -0.9999999999999999
  outer loop
    vertex 3724.7664713315885 125.47405371462274 -8.756445794444488
    vertex 3724.627152865402 133.89087567125725 -8.756445919857553
    vertex 3724.770275061599 134.19093761240413 -8.756445924328562
  endloop
endfacet
facet normal -2.0839027189153125e-32 -1.4900287344243868e-08 -0.9999999999999999
  outer loop
    vertex 3724.7664713315885 125.47405371462274 -8.756445794444488
    vertex 3724.770275061599 134.19093761240413 -8.756445924328562
    vertex 3725.182474081985 125.69734415804317 -8.75644579777158
  endloop
endfacet
facet normal -2.0839027189153125e-32 -1.4900287344243868e-08 -0.9999999999999999
  outer loop
    vertex 3725.182474081985 125.69734415804317 -8.75644579777158
    vertex 3724.770275061599 134.19093761240413 -8.756445924328562
    vertex 3724.8974971227567 134.49807891642024 -8.756445928905055
  endloop
endfacet
facet normal -2.0839027189153125e-32 -1.4900287344243868e-08 -0.9999999999999999
  outer loop
    vertex 3725.182474081985 125.69734415804317 -8.75644579777158
    vertex 3724.8974971227567 134.49807891642024 -8.756445928905055
    vertex 3725.008470480911 134.81145748888423 -8.75644593357449
  endloop
endfacet
facet normal -2.0839027189153125e-32 -1.4900287344243868e-08 -0.9999999999999999
  outer loop
    vertex 3725.182474081985 125.69734415804317 -8.75644579777158
    vertex 3725.008470480911 134.81145748888423 -8.75644593357449
    vertex 3725.102890437118 135.13021442686488 -8.756445938324056
  endloop
endfacet
facet normal -2.0839027189153125e-32 -1.4900287344243868e-08 -0.9999999999999999
  outer loop
    vertex 3725.182474081985 125.69734415804317 -8.75644579777158
    vertex 3725.102890437118 135.13021442686488 -8.756445938324056
    vertex 3725.1804990224755 135.45347616468834 -8.756445943140752
  endloop
endfacet
facet normal -2.0839027189153125e-32 -1.4900287344243868e-08 -0.9999999999999999
  outer loop
    vertex 3725.182474081985 125.69734415804317 -8.75644579777158
    vertex 3725.1804990224755 135.45347616468834 -8.756445943140752
    vertex 3725.241082613937 135.78035650049614 -8.75644594801136
  endloop
endfacet
facet normal -2.0839027189153125e-32 -1.4900287344243868e-08 -0.9999999999999999
  outer loop
    vertex 3725.182474081985 125.69734415804317 -8.75644579777158
    vertex 3725.241082613937 135.78035650049614 -8.75644594801136
    vertex 3725.5898899488375 125.93594393526485 -8.756445801326786
  endloop
endfacet
facet normal -2.0839027189153125e-32 -1.4900287344243868e-08 -0.9999999999999999
  outer loop
    vertex 3725.5898899488375 125.93594393526485 -8.756445801326786
    vertex 3725.241082613937 135.78035650049614 -8.75644594801136
    vertex 3725.2844757490075 136.10995963608195 -8.756445952922546
  endloop
endfacet
facet normal -2.0839027189153125e-32 -1.4900287344243868e-08 -0.9999999999999999
  outer loop
    vertex 3725.5898899488375 125.93594393526485 -8.756445801326786
    vertex 3725.2844757490075 136.10995963608195 -8.756445952922546
    vertex 3725.310559218399 136.44138202463557 -8.756445957860834
  endloop
endfacet
facet normal -2.0839027189153125e-32 -1.4900287344243868e-08 -0.9999999999999999
  outer loop
    vertex 3725.5898899488375 125.93594393526485 -8.756445801326786
    vertex 3725.310559218399 136.44138202463557 -8.756445957860834
    vertex 3725.319261496536 136.7737153509753 -8.756445962812693
  endloop
endfacet
facet normal -2.0839027189153125e-32 -1.4900287344243868e-08 -0.9999999999999999
  outer loop
    vertex 3725.5898899488375 125.93594393526485 -8.756445801326786
    vertex 3725.319261496536 136.7737153509753 -8.756445962812693
    vertex 3725.5898899488375 147.61148676668574 -8.7564461242986
  endloop
endfacet
facet normal -2.0839027189153125e-32 -1.4900287344243868e-08 -0.9999999999999999
  outer loop
    vertex 3725.5898899488375 125.93594393526485 -8.756445801326786
    vertex 3725.5898899488375 147.61148676668574 -8.7564461242986
    vertex 3725.988155310623 147.35790762697624 -8.756446120520199
  endloop
endfacet
facet normal -2.0839027189153125e-32 -1.4900287344243868e-08 -0.9999999999999999
  outer loop
    vertex 3725.5898899488375 125.93594393526485 -8.756445801326786
    vertex 3725.988155310623 147.35790762697624 -8.756446120520199
    vertex 3725.988155310623 126.1895230749743 -8.75644580510519
  endloop
endfacet
facet normal -2.0839027189153125e-32 -1.4900287344243868e-08 -0.9999999999999999
  outer loop
    vertex 3725.988155310623 126.1895230749743 -8.75644580510519
    vertex 3725.988155310623 147.35790762697624 -8.756446120520199
    vertex 3726.376719897262 147.08970103060173 -8.756446116523843
  endloop
endfacet
facet normal -2.0839027189153125e-32 -1.4900287344243868e-08 -0.9999999999999999
  outer loop
    vertex 3725.988155310623 126.1895230749743 -8.75644580510519
    vertex 3726.376719897262 147.08970103060173 -8.756446116523843
    vertex 3726.376719897262 126.45772967134882 -8.756445809101542
  endloop
endfacet
facet normal -2.0839027189153125e-32 -1.4900287344243868e-08 -0.9999999999999999
  outer loop
    vertex 3726.376719897262 126.45772967134882 -8.756445809101542
    vertex 3726.376719897262 147.08970103060173 -8.756446116523843
    vertex 3726.755046313278 146.80723700319697 -8.756446112315048
  endloop
endfacet
facet normal -2.0839027189153125e-32 -1.4900287344243868e-08 -0.9999999999999999
  outer loop
    vertex 3726.376719897262 126.45772967134882 -8.756445809101542
    vertex 3726.755046313278 146.80723700319697 -8.756446112315048
    vertex 3726.755046313278 126.74019369875361 -8.756445813310338
  endloop
endfacet
facet normal -2.0839027189153125e-32 -1.4900287344243868e-08 -0.9999999999999999
  outer loop
    vertex 3726.755046313278 126.74019369875361 -8.756445813310338
    vertex 3726.755046313278 146.80723700319697 -8.756446112315048
    vertex 3727.1226124219816 146.51090559755733 -8.756446107899624
  endloop
endfacet
facet normal -2.0839027189153125e-32 -1.4900287344243868e-08 -0.9999999999999999
  outer loop
    vertex 3726.755046313278 126.74019369875361 -8.756445813310338
    vertex 3727.1226124219816 146.51090559755733 -8.756446107899624
    vertex 3727.1226124219816 127.03652510439325 -8.756445817725764
  endloop
endfacet
facet normal -2.0839027189153125e-32 -1.4900287344243868e-08 -0.9999999999999999
  outer loop
    vertex 3727.1226124219816 127.03652510439325 -8.756445817725764
    vertex 3727.1226124219816 146.51090559755733 -8.756446107899624
    vertex 3727.478909914963 146.20111593996452 -8.756446103283668
  endloop
endfacet
facet normal -2.0839027189153125e-32 -1.4900287344243868e-08 -0.9999999999999999
  outer loop
    vertex 3727.1226124219816 127.03652510439325 -8.756445817725764
    vertex 3727.478909914963 146.20111593996452 -8.756446103283668
    vertex 3727.478909914963 127.34631476198601 -8.75644582234172
  endloop
endfacet
facet normal -2.0839027189153125e-32 -1.4900287344243868e-08 -0.9999999999999999
  outer loop
    vertex 3727.478909914963 127.34631476198601 -8.75644582234172
    vertex 3727.478909914963 146.20111593996452 -8.756446103283668
    vertex 3727.5064100675504 136.85302885269095 -8.756445963994487
  endloop
endfacet
facet normal -2.0839027189153125e-32 -1.4900287344243868e-08 -0.9999999999999999
  outer loop
    vertex 3727.5064100675504 136.85302885269095 -8.756445963994487
    vertex 3727.478909914963 146.20111593996452 -8.756446103283668
    vertex 3727.8234466962735 145.878297183861 -8.756446098473582
  endloop
endfacet
facet normal -2.0839027189153125e-32 -1.4900287344243868e-08 -0.9999999999999999
  outer loop
    vertex 3727.5064100675504 136.85302885269095 -8.756445963994487
    vertex 3727.8234466962735 145.878297183861 -8.756446098473582
    vertex 3727.523560946456 137.0107259789603 -8.756445966344218
  endloop
endfacet
facet normal -2.0839027189153125e-32 -1.4900287344243868e-08 -0.9999999999999999
  outer loop
    vertex 3727.523560946456 137.0107259789603 -8.756445966344218
    vertex 3727.8234466962735 145.878297183861 -8.756446098473582
    vertex 3727.557660525314 137.1656443813937 -8.756445968652548
  endloop
endfacet
facet normal -2.0839027189153125e-32 -1.4900287344243868e-08 -0.9999999999999999
  outer loop
    vertex 3727.557660525314 137.1656443813937 -8.756445968652548
    vertex 3727.8234466962735 145.878297183861 -8.756446098473582
    vertex 3727.6083111219327 137.31596777235438 -8.75644597089241
  endloop
endfacet
facet normal -2.0839027189153125e-32 -1.4900287344243868e-08 -0.9999999999999999
  outer loop
    vertex 3727.6083111219327 137.31596777235438 -8.75644597089241
    vertex 3727.8234466962735 145.878297183861 -8.756446098473582
    vertex 3727.674916689865 137.45993373190333 -8.756445973037545
  endloop
endfacet
facet normal -2.0839027189153125e-32 -1.4900287344243868e-08 -0.9999999999999999
  outer loop
    vertex 3727.674916689865 137.45993373190333 -8.756445973037545
    vertex 3727.8234466962735 145.878297183861 -8.756446098473582
    vertex 3727.7566971235196 137.5958543757098 -8.7564459750628
  endloop
endfacet
facet normal -2.0839027189153125e-32 -1.4900287344243868e-08 -0.9999999999999999
  outer loop
    vertex 3727.7566971235196 137.5958543757098 -8.7564459750628
    vertex 3727.8234466962735 145.878297183861 -8.756446098473582
    vertex 3727.8526939802096 137.7221362332003 -8.756445976944436
  endloop
endfacet
facet normal -2.0839027189153125e-32 -1.4900287344243868e-08 -0.9999999999999999
  outer loop
    vertex 3727.8526939802096 137.7221362332003 -8.756445976944436
    vertex 3727.8234466962735 145.878297183861 -8.756446098473582
    vertex 3728.155745928757 145.5428946951525 -8.756446093475983
  endloop
endfacet
facet normal -2.0839027189153125e-32 -1.4900287344243868e-08 -0.9999999999999999
  outer loop
    vertex 3727.8526939802096 137.7221362332003 -8.756445976944436
    vertex 3728.155745928757 145.5428946951525 -8.756446093475983
    vertex 3727.9617819242394 137.8372987249987 -8.756445978660391
  endloop
endfacet
facet normal -2.0839027189153125e-32 -1.4900287344243868e-08 -0.9999999999999999
  outer loop
    vertex 3727.9617819242394 137.8372987249987 -8.756445978660391
    vertex 3728.155745928757 145.5428946951525 -8.756446093475983
    vertex 3728.082681124679 137.93999168669154 -8.756445980190545
  endloop
endfacet
facet normal -2.0839027189153125e-32 -1.4900287344243868e-08 -0.9999999999999999
  outer loop
    vertex 3728.082681124679 137.93999168669154 -8.756445980190545
    vertex 3728.155745928757 145.5428946951525 -8.756446093475983
    vertex 3728.213975375168 138.0290111044543 -8.756445981516961
  endloop
endfacet
facet normal -2.0839027189153125e-32 -1.4900287344243868e-08 -0.9999999999999999
  outer loop
    vertex 3728.213975375168 138.0290111044543 -8.756445981516961
    vertex 3728.155745928757 145.5428946951525 -8.756446093475983
    vertex 3728.4753479413907 145.19537291323115 -8.756446088297814
  endloop
endfacet
facet normal -2.0839027189153125e-32 -1.4900287344243868e-08 -0.9999999999999999
  outer loop
    vertex 3728.213975375168 138.0290111044543 -8.756445981516961
    vertex 3728.4753479413907 145.19537291323115 -8.756446088297814
    vertex 3728.3541244916833 138.10331330095696 -8.756445982624088
  endloop
endfacet
facet normal -2.0839027189153125e-32 -1.4900287344243868e-08 -0.9999999999999999
  outer loop
    vertex 3728.3541244916833 138.10331330095696 -8.756445982624088
    vertex 3728.4753479413907 145.19537291323115 -8.756446088297814
    vertex 3728.501485293381 138.16202721392085 -8.756445983498937
  endloop
endfacet
facet normal -2.0839027189153125e-32 -1.4900287344243868e-08 -0.9999999999999999
  outer loop
    vertex 3728.501485293381 138.16202721392085 -8.756445983498937
    vertex 3728.4753479413907 145.19537291323115 -8.756446088297814
    vertex 3728.781812136642 144.836211536278 -8.756446082946207
  endloop
endfacet
facet normal -2.0839027189153125e-32 -1.4900287344243868e-08 -0.9999999999999999
  outer loop
    vertex 3728.501485293381 138.16202721392085 -8.756445983498937
    vertex 3728.781812136642 144.836211536278 -8.756446082946207
    vertex 3728.654329722396 138.20446440969874 -8.756445984131265
  endloop
endfacet
facet normal -2.0839027189153125e-32 -1.4900287344243868e-08 -0.9999999999999999
  outer loop
    vertex 3728.654329722396 138.20446440969874 -8.756445984131265
    vertex 3728.781812136642 144.836211536278 -8.756446082946207
    vertex 3728.810866778366 138.23012742792534 -8.756445984513652
  endloop
endfacet
facet normal -2.0839027189153125e-32 -1.4900287344243868e-08 -0.9999999999999999
  outer loop
    vertex 3728.810866778366 138.23012742792534 -8.756445984513652
    vertex 3728.781812136642 144.836211536278 -8.756446082946207
    vertex 3729.074715083115 144.46590695177485 -8.756446077428558
  endloop
endfacet
facet normal -2.0839027189153125e-32 -1.4900287344243868e-08 -0.9999999999999999
  outer loop
    vertex 3728.810866778366 138.23012742792534 -8.756445984513652
    vertex 3729.074715083115 144.46590695177485 -8.756446077428558
    vertex 3728.9692615919034 138.2387153843539 -8.756445984641614
  endloop
endfacet
facet normal -2.0839027189153125e-32 -1.4900287344243868e-08 -0.9999999999999999
  outer loop
    vertex 3728.9692615919034 138.2387153843539 -8.756445984641614
    vertex 3729.074715083115 144.46590695177485 -8.756446077428558
    vertex 3729.127656405441 138.23012742792534 -8.756445984513652
  endloop
endfacet
facet normal -2.0839027189153125e-32 -1.4900287344243868e-08 -0.9999999999999999
  outer loop
    vertex 3729.127656405441 138.23012742792534 -8.756445984513652
    vertex 3729.074715083115 144.46590695177485 -8.756446077428558
    vertex 3729.3536505155485 144.0849712828295 -8.756446071752507
  endloop
endfacet
facet normal -2.0839027189153125e-32 -1.4900287344243868e-08 -0.9999999999999999
  outer loop
    vertex 3729.127656405441 138.23012742792534 -8.756445984513652
    vertex 3729.3536505155485 144.0849712828295 -8.756446071752507
    vertex 3729.2841934614103 138.20446440969874 -8.756445984131265
  endloop
endfacet
facet normal -2.0839027189153125e-32 -1.4900287344243868e-08 -0.9999999999999999
  outer loop
    vertex 3729.2841934614103 138.20446440969874 -8.756445984131265
    vertex 3729.3536505155485 144.0849712828295 -8.756446071752507
    vertex 3729.4370378904264 138.16202721392085 -8.756445983498937
  endloop
endfacet
facet normal -2.0839027189153125e-32 -1.4900287344243868e-08 -0.9999999999999999
  outer loop
    vertex 3729.4370378904264 138.16202721392085 -8.756445983498937
    vertex 3729.3536505155485 144.0849712828295 -8.756446071752507
    vertex 3729.6182341031945 143.69393048082756 -8.756446065925887
  endloop
endfacet
facet normal -2.0839027189153125e-32 -1.4900287344243868e-08 -0.9999999999999999
  outer loop
    vertex 3729.4370378904264 138.16202721392085 -8.756445983498937
    vertex 3729.6182341031945 143.69393048082756 -8.756446065925887
    vertex 3729.584398692123 138.10331330095696 -8.756445982624088
  endloop
endfacet
facet normal -2.0839027189153125e-32 -1.4900287344243868e-08 -0.9999999999999999
  outer loop
    vertex 3729.584398692123 138.10331330095696 -8.756445982624088
    vertex 3729.6182341031945 143.69393048082756 -8.756446065925887
    vertex 3729.7245478086393 138.0290111044543 -8.756445981516961
  endloop
endfacet
facet normal -2.0839027189153125e-32 -1.4900287344243868e-08 -0.9999999999999999
  outer loop
    vertex 3729.7245478086393 138.0290111044543 -8.756445981516961
    vertex 3729.6182341031945 143.69393048082756 -8.756446065925887
    vertex 3729.8680996351163 143.29332575594353 -8.756446059956765
  endloop
endfacet
facet normal -2.0839027189153125e-32 -1.4900287344243868e-08 -0.9999999999999999
  outer loop
    vertex 3729.7245478086393 138.0290111044543 -8.756445981516961
    vertex 3729.8680996351163 143.29332575594353 -8.756446059956765
    vertex 3729.855842059128 137.93999168669154 -8.756445980190545
  endloop
endfacet
facet normal -2.0839027189153125e-32 -1.4900287344243868e-08 -0.9999999999999999
  outer loop
    vertex 3729.855842059128 137.93999168669154 -8.756445980190545
    vertex 3729.8680996351163 143.29332575594353 -8.756446059956765
    vertex 3729.976741259567 137.8372987249987 -8.756445978660391
  endloop
endfacet
facet normal -2.0839027189153125e-32 -1.4900287344243868e-08 -0.9999999999999999
  outer loop
    vertex 3729.976741259567 137.8372987249987 -8.756445978660391
    vertex 3729.8680996351163 143.29332575594353 -8.756446059956765
    vertex 3730.1029028348844 142.88371023928096 -8.756446053853375
  endloop
endfacet
facet normal -2.0839027189153125e-32 -1.4900287344243868e-08 -0.9999999999999999
  outer loop
    vertex 3729.976741259567 137.8372987249987 -8.756445978660391
    vertex 3730.1029028348844 142.88371023928096 -8.756446053853375
    vertex 3730.0858292035973 137.7221362332003 -8.756445976944436
  endloop
endfacet
facet normal -2.0839027189153125e-32 -1.4900287344243868e-08 -0.9999999999999999
  outer loop
    vertex 3730.0858292035973 137.7221362332003 -8.756445976944436
    vertex 3730.1029028348844 142.88371023928096 -8.756446053853375
    vertex 3730.1818260602868 137.5958543757098 -8.7564459750628
  endloop
endfacet
facet normal -2.0839027189153125e-32 -1.4900287344243868e-08 -0.9999999999999999
  outer loop
    vertex 3730.1818260602868 137.5958543757098 -8.7564459750628
    vertex 3730.1029028348844 142.88371023928096 -8.756446053853375
    vertex 3730.322317545883 142.46564993654655 -8.756446047624157
  endloop
endfacet
facet normal -2.0839027189153125e-32 -1.4900287344243868e-08 -0.9999999999999999
  outer loop
    vertex 3730.1818260602868 137.5958543757098 -8.7564459750628
    vertex 3730.322317545883 142.46564993654655 -8.756446047624157
    vertex 3730.2636064939416 137.45993373190333 -8.756445973037545
  endloop
endfacet
facet normal -2.0839027189153125e-32 -1.4900287344243868e-08 -0.9999999999999999
  outer loop
    vertex 3730.2636064939416 137.45993373190333 -8.756445973037545
    vertex 3730.322317545883 142.46564993654655 -8.756446047624157
    vertex 3730.3302120618737 137.31596777235438 -8.75644597089241
  endloop
endfacet
facet normal -2.0839027189153125e-32 -1.4900287344243868e-08 -0.9999999999999999
  outer loop
    vertex 3730.3302120618737 137.31596777235438 -8.75644597089241
    vertex 3730.322317545883 142.46564993654655 -8.756446047624157
    vertex 3730.5260414533536 142.03972277437617 -8.756446041277716
  endloop
endfacet
facet normal -2.0839027189153125e-32 -1.4900287344243868e-08 -0.9999999999999999
  outer loop
    vertex 3730.3302120618737 137.31596777235438 -8.75644597089241
    vertex 3730.5260414533536 142.03972277437617 -8.756446041277716
    vertex 3730.3808626584923 137.1656443813937 -8.756445968652548
  endloop
endfacet
facet normal -2.0839027189153125e-32 -1.4900287344243868e-08 -0.9999999999999999
  outer loop
    vertex 3730.3808626584923 137.1656443813937 -8.756445968652548
    vertex 3730.5260414533536 142.03972277437617 -8.756446041277716
    vertex 3730.41496223735 137.0107259789603 -8.756445966344218
  endloop
endfacet
facet normal -2.0839027189153125e-32 -1.4900287344243868e-08 -0.9999999999999999
  outer loop
    vertex 3730.41496223735 137.0107259789603 -8.756445966344218
    vertex 3730.5260414533536 142.03972277437617 -8.756446041277716
    vertex 3730.432113116256 136.85302885269095 -8.756445963994487
  endloop
endfacet
facet normal -2.0839027189153125e-32 -1.4900287344243868e-08 -0.9999999999999999
  outer loop
    vertex 3730.432113116256 136.85302885269095 -8.756445963994487
    vertex 3730.5260414533536 142.03972277437617 -8.756446041277716
    vertex 3730.432113116256 136.6944018492596 -8.756445961630899
  endloop
endfacet
facet normal -2.0839027189153125e-32 -1.4900287344243868e-08 -0.9999999999999999
  outer loop
    vertex 3727.478909914963 127.34631476198601 -8.75644582234172
    vertex 3727.5064100675504 136.6944018492596 -8.756445961630899
    vertex 3727.8234466962735 127.66913351808955 -8.756445827151806
  endloop
endfacet
facet normal -2.0839027189153125e-32 -1.4900287344243868e-08 -0.9999999999999999
  outer loop
    vertex 3727.5064100675504 136.6944018492596 -8.756445961630899
    vertex 3727.478909914963 127.34631476198601 -8.75644582234172
    vertex 3727.5064100675504 136.85302885269095 -8.756445963994487
  endloop
endfacet
facet normal -2.0839027189153125e-32 -1.4900287344243868e-08 -0.9999999999999999
  outer loop
    vertex 3727.8234466962735 127.66913351808955 -8.756445827151806
    vertex 3727.5064100675504 136.6944018492596 -8.756445961630899
    vertex 3727.523560946456 136.53670472299027 -8.75644595928117
  endloop
endfacet
facet normal -2.0839027189153125e-32 -1.4900287344243868e-08 -0.9999999999999999
  outer loop
    vertex 3727.8234466962735 127.66913351808955 -8.756445827151806
    vertex 3727.523560946456 136.53670472299027 -8.75644595928117
    vertex 3727.557660525314 136.3817863205569 -8.756445956972842
  endloop
endfacet
facet normal -2.0839027189153125e-32 -1.4900287344243868e-08 -0.9999999999999999
  outer loop
    vertex 3727.8234466962735 127.66913351808955 -8.756445827151806
    vertex 3727.557660525314 136.3817863205569 -8.756445956972842
    vertex 3727.6083111219327 136.23146292959618 -8.756445954732975
  endloop
endfacet
facet normal -2.0839027189153125e-32 -1.4900287344243868e-08 -0.9999999999999999
  outer loop
    vertex 3727.8234466962735 127.66913351808955 -8.756445827151806
    vertex 3727.6083111219327 136.23146292959618 -8.756445954732975
    vertex 3727.674916689865 136.08749697004725 -8.75644595258784
  endloop
endfacet
facet normal -2.0839027189153125e-32 -1.4900287344243868e-08 -0.9999999999999999
  outer loop
    vertex 3727.8234466962735 127.66913351808955 -8.756445827151806
    vertex 3727.674916689865 136.08749697004725 -8.75644595258784
    vertex 3727.7566971235196 135.9515763262408 -8.75644595056259
  endloop
endfacet
facet normal -2.0839027189153125e-32 -1.4900287344243868e-08 -0.9999999999999999
  outer loop
    vertex 3727.8234466962735 127.66913351808955 -8.756445827151806
    vertex 3727.7566971235196 135.9515763262408 -8.75644595056259
    vertex 3727.8526939802096 135.82529446875026 -8.75644594868095
  endloop
endfacet
facet normal -2.0839027189153125e-32 -1.4900287344243868e-08 -0.9999999999999999
  outer loop
    vertex 3727.8234466962735 127.66913351808955 -8.756445827151806
    vertex 3727.8526939802096 135.82529446875026 -8.75644594868095
    vertex 3728.155745928757 128.00453600679805 -8.756445832149405
  endloop
endfacet
facet normal -2.0839027189153125e-32 -1.4900287344243868e-08 -0.9999999999999999
  outer loop
    vertex 3728.155745928757 128.00453600679805 -8.756445832149405
    vertex 3727.8526939802096 135.82529446875026 -8.75644594868095
    vertex 3727.9617819242394 135.71013197695183 -8.756445946964995
  endloop
endfacet
facet normal -2.0839027189153125e-32 -1.4900287344243868e-08 -0.9999999999999999
  outer loop
    vertex 3728.155745928757 128.00453600679805 -8.756445832149405
    vertex 3727.9617819242394 135.71013197695183 -8.756445946964995
    vertex 3728.082681124679 135.60743901525905 -8.756445945434844
  endloop
endfacet
facet normal -2.0839027189153125e-32 -1.4900287344243868e-08 -0.9999999999999999
  outer loop
    vertex 3728.155745928757 128.00453600679805 -8.756445832149405
    vertex 3728.082681124679 135.60743901525905 -8.756445945434844
    vertex 3728.213975375168 135.5184195974963 -8.756445944108425
  endloop
endfacet
facet normal -2.0839027189153125e-32 -1.4900287344243868e-08 -0.9999999999999999
  outer loop
    vertex 3728.155745928757 128.00453600679805 -8.756445832149405
    vertex 3728.213975375168 135.5184195974963 -8.756445944108425
    vertex 3728.4753479413907 128.35205778871943 -8.756445837327574
  endloop
endfacet
facet normal -2.0839027189153125e-32 -1.4900287344243868e-08 -0.9999999999999999
  outer loop
    vertex 3728.4753479413907 128.35205778871943 -8.756445837327574
    vertex 3728.213975375168 135.5184195974963 -8.756445944108425
    vertex 3728.3541244916833 135.44411740099358 -8.7564459430013
  endloop
endfacet
facet normal -2.0839027189153125e-32 -1.4900287344243868e-08 -0.9999999999999999
  outer loop
    vertex 3728.4753479413907 128.35205778871943 -8.756445837327574
    vertex 3728.3541244916833 135.44411740099358 -8.7564459430013
    vertex 3728.501485293381 135.38540348802974 -8.75644594212645
  endloop
endfacet
facet normal -2.0839027189153125e-32 -1.4900287344243868e-08 -0.9999999999999999
  outer loop
    vertex 3728.4753479413907 128.35205778871943 -8.756445837327574
    vertex 3728.501485293381 135.38540348802974 -8.75644594212645
    vertex 3728.781812136642 128.71121916567253 -8.756445842679183
  endloop
endfacet
facet normal -2.0839027189153125e-32 -1.4900287344243868e-08 -0.9999999999999999
  outer loop
    vertex 3728.781812136642 128.71121916567253 -8.756445842679183
    vertex 3728.501485293381 135.38540348802974 -8.75644594212645
    vertex 3728.654329722396 135.34296629225184 -8.756445941494121
  endloop
endfacet
facet normal -2.0839027189153125e-32 -1.4900287344243868e-08 -0.9999999999999999
  outer loop
    vertex 3728.781812136642 128.71121916567253 -8.756445842679183
    vertex 3728.654329722396 135.34296629225184 -8.756445941494121
    vertex 3728.810866778366 135.3173032740252 -8.756445941111734
  endloop
endfacet
facet normal -2.0839027189153125e-32 -1.4900287344243868e-08 -0.9999999999999999
  outer loop
    vertex 3728.781812136642 128.71121916567253 -8.756445842679183
    vertex 3728.810866778366 135.3173032740252 -8.756445941111734
    vertex 3729.074715083115 129.08152375017573 -8.756445848196828
  endloop
endfacet
facet normal -2.0839027189153125e-32 -1.4900287344243868e-08 -0.9999999999999999
  outer loop
    vertex 3729.074715083115 129.08152375017573 -8.756445848196828
    vertex 3728.810866778366 135.3173032740252 -8.756445941111734
    vertex 3728.9692615919034 135.3087153175967 -8.756445940983776
  endloop
endfacet
facet normal -2.0839027189153125e-32 -1.4900287344243868e-08 -0.9999999999999999
  outer loop
    vertex 3729.074715083115 129.08152375017573 -8.756445848196828
    vertex 3728.9692615919034 135.3087153175967 -8.756445940983776
    vertex 3729.127656405441 135.3173032740252 -8.756445941111734
  endloop
endfacet
facet normal -2.0839027189153125e-32 -1.4900287344243868e-08 -0.9999999999999999
  outer loop
    vertex 3729.074715083115 129.08152375017573 -8.756445848196828
    vertex 3729.127656405441 135.3173032740252 -8.756445941111734
    vertex 3729.3536505155485 129.46245941912105 -8.756445853872878
  endloop
endfacet
facet normal -2.0839027189153125e-32 -1.4900287344243868e-08 -0.9999999999999999
  outer loop
    vertex 3729.3536505155485 129.46245941912105 -8.756445853872878
    vertex 3729.127656405441 135.3173032740252 -8.756445941111734
    vertex 3729.2841934614103 135.34296629225184 -8.756445941494121
  endloop
endfacet
facet normal -2.0839027189153125e-32 -1.4900287344243868e-08 -0.9999999999999999
  outer loop
    vertex 3729.3536505155485 129.46245941912105 -8.756445853872878
    vertex 3729.2841934614103 135.34296629225184 -8.756445941494121
    vertex 3729.4370378904264 135.38540348802974 -8.75644594212645
  endloop
endfacet
facet normal -2.0839027189153125e-32 -1.4900287344243868e-08 -0.9999999999999999
  outer loop
    vertex 3729.3536505155485 129.46245941912105 -8.756445853872878
    vertex 3729.4370378904264 135.38540348802974 -8.75644594212645
    vertex 3729.6182341031945 129.85350022112297 -8.756445859699499
  endloop
endfacet
facet normal -2.0839027189153125e-32 -1.4900287344243868e-08 -0.9999999999999999
  outer loop
    vertex 3729.6182341031945 129.85350022112297 -8.756445859699499
    vertex 3729.4370378904264 135.38540348802974 -8.75644594212645
    vertex 3729.584398692123 135.44411740099358 -8.7564459430013
  endloop
endfacet
facet normal -2.0839027189153125e-32 -1.4900287344243868e-08 -0.9999999999999999
  outer loop
    vertex 3729.6182341031945 129.85350022112297 -8.756445859699499
    vertex 3729.584398692123 135.44411740099358 -8.7564459430013
    vertex 3729.7245478086393 135.5184195974963 -8.756445944108425
  endloop
endfacet
facet normal -2.0839027189153125e-32 -1.4900287344243868e-08 -0.9999999999999999
  outer loop
    vertex 3729.6182341031945 129.85350022112297 -8.756445859699499
    vertex 3729.7245478086393 135.5184195974963 -8.756445944108425
    vertex 3729.8680996351163 130.25410494600703 -8.756445865668624
  endloop
endfacet
facet normal -2.0839027189153125e-32 -1.4900287344243868e-08 -0.9999999999999999
  outer loop
    vertex 3729.8680996351163 130.25410494600703 -8.756445865668624
    vertex 3729.7245478086393 135.5184195974963 -8.756445944108425
    vertex 3729.855842059128 135.60743901525905 -8.756445945434844
  endloop
endfacet
facet normal -2.0839027189153125e-32 -1.4900287344243868e-08 -0.9999999999999999
  outer loop
    vertex 3729.8680996351163 130.25410494600703 -8.756445865668624
    vertex 3729.855842059128 135.60743901525905 -8.756445945434844
    vertex 3729.976741259567 135.71013197695183 -8.756445946964995
  endloop
endfacet
facet normal -2.0839027189153125e-32 -1.4900287344243868e-08 -0.9999999999999999
  outer loop
    vertex 3729.8680996351163 130.25410494600703 -8.756445865668624
    vertex 3729.976741259567 135.71013197695183 -8.756445946964995
    vertex 3730.1029028348844 130.66372046266963 -8.756445871772012
  endloop
endfacet
facet normal -2.0839027189153125e-32 -1.4900287344243868e-08 -0.9999999999999999
  outer loop
    vertex 3730.1029028348844 130.66372046266963 -8.756445871772012
    vertex 3729.976741259567 135.71013197695183 -8.756445946964995
    vertex 3730.0858292035973 135.82529446875026 -8.75644594868095
  endloop
endfacet
facet normal -2.0839027189153125e-32 -1.4900287344243868e-08 -0.9999999999999999
  outer loop
    vertex 3730.1029028348844 130.66372046266963 -8.756445871772012
    vertex 3730.0858292035973 135.82529446875026 -8.75644594868095
    vertex 3730.1818260602868 135.9515763262408 -8.75644595056259
  endloop
endfacet
facet normal -2.0839027189153125e-32 -1.4900287344243868e-08 -0.9999999999999999
  outer loop
    vertex 3730.1029028348844 130.66372046266963 -8.756445871772012
    vertex 3730.1818260602868 135.9515763262408 -8.75644595056259
    vertex 3730.322317545883 131.08178076540398 -8.75644587800123
  endloop
endfacet
facet normal -2.0839027189153125e-32 -1.4900287344243868e-08 -0.9999999999999999
  outer loop
    vertex 3730.322317545883 131.08178076540398 -8.75644587800123
    vertex 3730.1818260602868 135.9515763262408 -8.75644595056259
    vertex 3730.2636064939416 136.08749697004725 -8.75644595258784
  endloop
endfacet
facet normal -2.0839027189153125e-32 -1.4900287344243868e-08 -0.9999999999999999
  outer loop
    vertex 3730.322317545883 131.08178076540398 -8.75644587800123
    vertex 3730.2636064939416 136.08749697004725 -8.75644595258784
    vertex 3730.3302120618737 136.23146292959618 -8.756445954732975
  endloop
endfacet
facet normal -2.0839027189153125e-32 -1.4900287344243868e-08 -0.9999999999999999
  outer loop
    vertex 3730.322317545883 131.08178076540398 -8.75644587800123
    vertex 3730.3302120618737 136.23146292959618 -8.756445954732975
    vertex 3730.5260414533536 131.50770792757442 -8.756445884347672
  endloop
endfacet
facet normal -2.0839027189153125e-32 -1.4900287344243868e-08 -0.9999999999999999
  outer loop
    vertex 3730.5260414533536 131.50770792757442 -8.756445884347672
    vertex 3730.3302120618737 136.23146292959618 -8.756445954732975
    vertex 3730.3808626584923 136.3817863205569 -8.756445956972842
  endloop
endfacet
facet normal -2.0839027189153125e-32 -1.4900287344243868e-08 -0.9999999999999999
  outer loop
    vertex 3730.5260414533536 131.50770792757442 -8.756445884347672
    vertex 3730.3808626584923 136.3817863205569 -8.756445956972842
    vertex 3730.41496223735 136.53670472299027 -8.75644595928117
  endloop
endfacet
facet normal -2.0839027189153125e-32 -1.4900287344243868e-08 -0.9999999999999999
  outer loop
    vertex 3730.5260414533536 131.50770792757442 -8.756445884347672
    vertex 3730.41496223735 136.53670472299027 -8.75644595928117
    vertex 3730.432113116256 136.6944018492596 -8.756445961630899
  endloop
endfacet
facet normal -2.0839027189153125e-32 -1.4900287344243868e-08 -0.9999999999999999
  outer loop
    vertex 3730.5260414533536 131.50770792757442 -8.756445884347672
    vertex 3730.432113116256 136.6944018492596 -8.756445961630899
    vertex 3730.5260414533536 142.03972277437617 -8.756446041277716
  endloop
endfacet
facet normal -2.0839027189153125e-32 -1.4900287344243868e-08 -0.9999999999999999
  outer loop
    vertex 3730.5260414533536 131.50770792757442 -8.756445884347672
    vertex 3730.5260414533536 142.03972277437617 -8.756446041277716
    vertex 3730.713793223373 141.6065176466601 -8.756446034822835
  endloop
endfacet
facet normal -2.0839027189153125e-32 -1.4900287344243868e-08 -0.9999999999999999
  outer loop
    vertex 3730.5260414533536 131.50770792757442 -8.756445884347672
    vertex 3730.713793223373 141.6065176466601 -8.756446034822835
    vertex 3730.713793223373 131.94091305529048 -8.756445890802551
  endloop
endfacet
facet normal -2.0839027189153125e-32 -1.4900287344243868e-08 -0.9999999999999999
  outer loop
    vertex 3730.713793223373 131.94091305529048 -8.756445890802551
    vertex 3730.713793223373 141.6065176466601 -8.756446034822835
    vertex 3730.885312502853 141.16663298403193 -8.756446028268426
  endloop
endfacet
facet normal -2.0839027189153125e-32 -1.4900287344243868e-08 -0.9999999999999999
  outer loop
    vertex 3730.713793223373 131.94091305529048 -8.756445890802551
    vertex 3730.885312502853 141.16663298403193 -8.756446028268426
    vertex 3730.885312502853 132.38079771791865 -8.756445897356961
  endloop
endfacet
facet normal -2.0839027189153125e-32 -1.4900287344243868e-08 -0.9999999999999999
  outer loop
    vertex 3730.885312502853 132.38079771791865 -8.756445897356961
    vertex 3730.885312502853 141.16663298403193 -8.756446028268426
    vertex 3731.0403627805636 140.72067723070552 -8.756446021623558
  endloop
endfacet
facet normal -2.0839027189153125e-32 -1.4900287344243868e-08 -0.9999999999999999
  outer loop
    vertex 3730.885312502853 132.38079771791865 -8.756445897356961
    vertex 3731.0403627805636 140.72067723070552 -8.756446021623558
    vertex 3731.0403627805636 132.82675347124507 -8.756445904001826
  endloop
endfacet
facet normal -2.0839027189153125e-32 -1.4900287344243868e-08 -0.9999999999999999
  outer loop
    vertex 3731.0403627805636 132.82675347124507 -8.756445904001826
    vertex 3731.0403627805636 140.72067723070552 -8.756446021623558
    vertex 3731.178730433456 140.26926646028926 -8.756446014897408
  endloop
endfacet
facet normal -2.0839027189153125e-32 -1.4900287344243868e-08 -0.9999999999999999
  outer loop
    vertex 3731.0403627805636 132.82675347124507 -8.756445904001826
    vertex 3731.178730433456 140.26926646028926 -8.756446014897408
    vertex 3731.178730433456 133.2781642416613 -8.756445910727976
  endloop
endfacet
facet normal -2.0839027189153125e-32 -1.4900287344243868e-08 -0.9999999999999999
  outer loop
    vertex 3731.178730433456 133.2781642416613 -8.756445910727976
    vertex 3731.178730433456 140.26926646028926 -8.756446014897408
    vertex 3731.30022281932 139.81302437578606 -8.756446008099271
  endloop
endfacet
facet normal -2.0839027189153125e-32 -1.4900287344243868e-08 -0.9999999999999999
  outer loop
    vertex 3731.178730433456 133.2781642416613 -8.756445910727976
    vertex 3731.30022281932 139.81302437578606 -8.756446008099271
    vertex 3731.30022281932 133.7344063261645 -8.756445917526115
  endloop
endfacet
facet normal -2.0839027189153125e-32 -1.4900287344243868e-08 -0.9999999999999999
  outer loop
    vertex 3731.30022281932 133.7344063261645 -8.756445917526115
    vertex 3731.30022281932 139.81302437578606 -8.756446008099271
    vertex 3731.4046730451505 139.3525815943377 -8.75644600123854
  endloop
endfacet
facet normal -2.0839027189153125e-32 -1.4900287344243868e-08 -0.9999999999999999
  outer loop
    vertex 3731.30022281932 133.7344063261645 -8.756445917526115
    vertex 3731.4046730451505 139.3525815943377 -8.75644600123854
    vertex 3731.4046730451505 134.19484910761284 -8.756445924386846
  endloop
endfacet
facet normal -2.0839027189153125e-32 -1.4900287344243868e-08 -0.9999999999999999
  outer loop
    vertex 3731.4046730451505 134.19484910761284 -8.756445924386846
    vertex 3731.4046730451505 139.3525815943377 -8.75644600123854
    vertex 3731.4919361524503 138.88857469355037 -8.756445994324704
  endloop
endfacet
facet normal -2.0839027189153125e-32 -1.4900287344243868e-08 -0.9999999999999999
  outer loop
    vertex 3731.4046730451505 134.19484910761284 -8.756445924386846
    vertex 3731.4919361524503 138.88857469355037 -8.756445994324704
    vertex 3731.4919361524503 134.65885600840022 -8.75644593130068
  endloop
endfacet
facet normal -2.0839027189153125e-32 -1.4900287344243868e-08 -0.9999999999999999
  outer loop
    vertex 3731.4919361524503 134.65885600840022 -8.75644593130068
    vertex 3731.4919361524503 138.88857469355037 -8.756445994324704
    vertex 3731.561891978256 138.4216447809832 -8.756445987367314
  endloop
endfacet
facet normal -2.0839027189153125e-32 -1.4900287344243868e-08 -0.9999999999999999
  outer loop
    vertex 3731.4919361524503 134.65885600840022 -8.75644593130068
    vertex 3731.561891978256 138.4216447809832 -8.756445987367314
    vertex 3731.561891978256 135.12578592096733 -8.756445938258075
  endloop
endfacet
facet normal -2.0839027189153125e-32 -1.4900287344243868e-08 -0.9999999999999999
  outer loop
    vertex 3731.561891978256 135.12578592096733 -8.756445938258075
    vertex 3731.561891978256 138.4216447809832 -8.756445987367314
    vertex 3731.6144432477877 137.95243737493922 -8.756445980375988
  endloop
endfacet
facet normal -2.0839027189153125e-32 -1.4900287344243868e-08 -0.9999999999999999
  outer loop
    vertex 3731.561891978256 135.12578592096733 -8.756445938258075
    vertex 3731.6144432477877 137.95243737493922 -8.756445980375988
    vertex 3731.6144432477877 135.59499332701137 -8.7564459452494
  endloop
endfacet
facet normal -2.0839027189153125e-32 -1.4900287344243868e-08 -0.9999999999999999
  outer loop
    vertex 3731.6144432477877 135.59499332701137 -8.7564459452494
    vertex 3731.6144432477877 137.95243737493922 -8.756445980375988
    vertex 3731.6495174817956 137.48160085474422 -8.756445973360394
  endloop
endfacet
facet normal -2.0839027189153125e-32 -1.4900287344243868e-08 -0.9999999999999999
  outer loop
    vertex 3731.6144432477877 135.59499332701137 -8.7564459452494
    vertex 3731.6495174817956 137.48160085474422 -8.756445973360394
    vertex 3731.6495174817956 136.06582984720637 -8.756445952264995
  endloop
endfacet
facet normal -2.0839027189153125e-32 -1.4900287344243868e-08 -0.9999999999999999
  outer loop
    vertex 3731.6495174817956 136.06582984720637 -8.756445952264995
    vertex 3731.6495174817956 137.48160085474422 -8.756445973360394
    vertex 3731.667066996566 137.00978593920635 -8.756445966330212
  endloop
endfacet
facet normal -2.0839027189153125e-32 -1.4900287344243868e-08 -0.9999999999999999
  outer loop
    vertex 3731.6495174817956 136.06582984720637 -8.756445952264995
    vertex 3731.667066996566 137.00978593920635 -8.756445966330212
    vertex 3731.667066996566 136.53764476274418 -8.756445959295174
  endloop
endfacet
facet normal -2.0839027189153125e-32 -1.4900287344243868e-08 -0.9999999999999999
  outer loop
    vertex 3706.2780374936974 137.2457749584811 -8.756445969846515
    vertex 3706.2780374936974 136.30165574346947 -8.756445955778872
    vertex 3706.2692617826383 136.7737153509753 -8.756445962812693
  endloop
endfacet
facet normal -2.0839027189153125e-32 -1.4900287344243868e-08 -0.9999999999999999
  outer loop
    vertex 3706.2780374936974 136.30165574346947 -8.756445955778872
    vertex 3706.2780374936974 137.2457749584811 -8.756445969846515
    vertex 3706.3043541364596 137.71718213354518 -8.756445976870618
  endloop
endfacet
facet normal -2.0839027189153125e-32 -1.4900287344243868e-08 -0.9999999999999999
  outer loop
    vertex 3706.2780374936974 136.30165574346947 -8.756445955778872
    vertex 3706.3043541364596 137.71718213354518 -8.756445976870618
    vertex 3706.3043541364596 135.8302485684054 -8.75644594875477
  endloop
endfacet
facet normal -2.0839027189153125e-32 -1.4900287344243868e-08 -0.9999999999999999
  outer loop
    vertex 3706.3043541364596 135.8302485684054 -8.75644594875477
    vertex 3706.3043541364596 137.71718213354518 -8.756445976870618
    vertex 3706.348175471298 138.18728527819087 -8.75644598387529
  endloop
endfacet
facet normal -2.0839027189153125e-32 -1.4900287344243868e-08 -0.9999999999999999
  outer loop
    vertex 3706.3043541364596 135.8302485684054 -8.75644594875477
    vertex 3706.348175471298 138.18728527819087 -8.75644598387529
    vertex 3706.348175471298 135.36014542375972 -8.756445941750096
  endloop
endfacet
facet normal -2.0839027189153125e-32 -1.4900287344243868e-08 -0.9999999999999999
  outer loop
    vertex 3706.348175471298 135.36014542375972 -8.756445941750096
    vertex 3706.348175471298 138.18728527819087 -8.75644598387529
    vertex 3706.4094395093834 138.6554348209994 -8.756445990850853
  endloop
endfacet
facet normal -2.0839027189153125e-32 -1.4900287344243868e-08 -0.9999999999999999
  outer loop
    vertex 3706.348175471298 135.36014542375972 -8.756445941750096
    vertex 3706.4094395093834 138.6554348209994 -8.756445990850853
    vertex 3706.4094395093834 134.89199588095119 -8.756445934774536
  endloop
endfacet
facet normal -2.0839027189153125e-32 -1.4900287344243868e-08 -0.9999999999999999
  outer loop
    vertex 3706.4094395093834 134.89199588095119 -8.756445934774536
    vertex 3706.4094395093834 138.6554348209994 -8.756445990850853
    vertex 3706.4880623273766 139.12098369394707 -8.756445997787665
  endloop
endfacet
facet normal -2.0839027189153125e-32 -1.4900287344243868e-08 -0.9999999999999999
  outer loop
    vertex 3706.4094395093834 134.89199588095119 -8.756445934774536
    vertex 3706.4880623273766 139.12098369394707 -8.756445997787665
    vertex 3706.4880623273766 134.42644700800346 -8.75644592783772
  endloop
endfacet
facet normal -2.0839027189153125e-32 -1.4900287344243868e-08 -0.9999999999999999
  outer loop
    vertex 3706.4880623273766 134.42644700800346 -8.75644592783772
    vertex 3706.4880623273766 139.12098369394707 -8.756445997787665
    vertex 3706.583935206405 139.58328828607966 -8.756446004676135
  endloop
endfacet
facet normal -2.0839027189153125e-32 -1.4900287344243868e-08 -0.9999999999999999
  outer loop
    vertex 3706.4880623273766 134.42644700800346 -8.75644592783772
    vertex 3706.583935206405 139.58328828607966 -8.756446004676135
    vertex 3706.583935206405 133.96414241587092 -8.756445920949252
  endloop
endfacet
facet normal -2.0839027189153125e-32 -1.4900287344243868e-08 -0.9999999999999999
  outer loop
    vertex 3706.583935206405 133.96414241587092 -8.756445920949252
    vertex 3706.583935206405 139.58328828607966 -8.756446004676135
    vertex 3706.6969265394137 140.04170999323298 -8.756446011506752
  endloop
endfacet
facet normal -2.0839027189153125e-32 -1.4900287344243868e-08 -0.9999999999999999
  outer loop
    vertex 3706.583935206405 133.96414241587092 -8.756445920949252
    vertex 3706.6969265394137 140.04170999323298 -8.756446011506752
    vertex 3706.6969265394137 133.5057207087176 -8.756445914118634
  endloop
endfacet
facet normal -2.0839027189153125e-32 -1.4900287344243868e-08 -0.9999999999999999
  outer loop
    vertex 3706.6969265394137 133.5057207087176 -8.756445914118634
    vertex 3706.6969265394137 140.04170999323298 -8.756446011506752
    vertex 3706.8268789701383 140.4956148604052 -8.756446018270069
  endloop
endfacet
facet normal -2.0839027189153125e-32 -1.4900287344243868e-08 -0.9999999999999999
  outer loop
    vertex 3706.6969265394137 133.5057207087176 -8.756445914118634
    vertex 3706.8268789701383 140.4956148604052 -8.756446018270069
    vertex 3706.8268789701383 133.05181584154533 -8.75644590735532
  endloop
endfacet
facet normal -2.0839027189153125e-32 -1.4900287344243868e-08 -0.9999999999999999
  outer loop
    vertex 3706.8268789701383 133.05181584154533 -8.75644590735532
    vertex 3706.8268789701383 140.4956148604052 -8.756446018270069
    vertex 3706.9736132078087 140.94437584673332 -8.75644602495673
  endloop
endfacet
facet normal -2.0839027189153125e-32 -1.4900287344243868e-08 -0.9999999999999999
  outer loop
    vertex 3706.8268789701383 133.05181584154533 -8.75644590735532
    vertex 3706.9736132078087 140.94437584673332 -8.75644602495673
    vertex 3706.9736132078087 132.6030548552172 -8.756445900668657
  endloop
endfacet
facet normal -2.0839027189153125e-32 -1.4900287344243868e-08 -0.9999999999999999
  outer loop
    vertex 3706.9736132078087 132.6030548552172 -8.756445900668657
    vertex 3706.9736132078087 140.94437584673332 -8.75644602495673
    vertex 3707.1369261197965 141.38737234865593 -8.75644603155751
  endloop
endfacet
facet normal -2.0839027189153125e-32 -1.4900287344243868e-08 -0.9999999999999999
  outer loop
    vertex 3706.9736132078087 132.6030548552172 -8.756445900668657
    vertex 3707.1369261197965 141.38737234865593 -8.75644603155751
    vertex 3707.1369261197965 132.1600583532946 -8.756445894067877
  endloop
endfacet
facet normal -2.0839027189153125e-32 -1.4900287344243868e-08 -0.9999999999999999
  outer loop
    vertex 3707.1369261197965 132.1600583532946 -8.756445894067877
    vertex 3707.1369261197965 141.38737234865593 -8.75644603155751
    vertex 3707.316592638962 141.82399258409907 -8.75644603806328
  endloop
endfacet
facet normal -2.0839027189153125e-32 -1.4900287344243868e-08 -0.9999999999999999
  outer loop
    vertex 3707.1369261197965 132.1600583532946 -8.756445894067877
    vertex 3707.316592638962 141.82399258409907 -8.75644603806328
    vertex 3707.316592638962 131.7234381178515 -8.75644588756211
  endloop
endfacet
facet normal -2.0839027189153125e-32 -1.4900287344243868e-08 -0.9999999999999999
  outer loop
    vertex 3707.316592638962 131.7234381178515 -8.75644588756211
    vertex 3707.316592638962 141.82399258409907 -8.75644603806328
    vertex 3707.5123638563073 142.2536328772204 -8.756446044465042
  endloop
endfacet
facet normal -2.0839027189153125e-32 -1.4900287344243868e-08 -0.9999999999999999
  outer loop
    vertex 3707.316592638962 131.7234381178515 -8.75644588756211
    vertex 3707.5123638563073 142.2536328772204 -8.756446044465042
    vertex 3707.5064100675504 136.85302885269095 -8.756445963994487
  endloop
endfacet
facet normal -2.0839027189153125e-32 -1.4900287344243868e-08 -0.9999999999999999
  outer loop
    vertex 3707.5064100675504 136.85302885269095 -8.756445963994487
    vertex 3707.5123638563073 142.2536328772204 -8.756446044465042
    vertex 3707.5235609464567 137.0107259789603 -8.756445966344218
  endloop
endfacet
facet normal -2.0839027189153125e-32 -1.4900287344243868e-08 -0.9999999999999999
  outer loop
    vertex 3707.5235609464567 137.0107259789603 -8.756445966344218
    vertex 3707.5123638563073 142.2536328772204 -8.756446044465042
    vertex 3707.723969882003 142.675699565758 -8.756446050753954
  endloop
endfacet
facet normal -2.0839027189153125e-32 -1.4900287344243868e-08 -0.9999999999999999
  outer loop
    vertex 3707.5235609464567 137.0107259789603 -8.756445966344218
    vertex 3707.723969882003 142.675699565758 -8.756446050753954
    vertex 3707.557660525314 137.1656443813937 -8.756445968652548
  endloop
endfacet
facet normal -2.0839027189153125e-32 -1.4900287344243868e-08 -0.9999999999999999
  outer loop
    vertex 3707.557660525314 137.1656443813937 -8.756445968652548
    vertex 3707.723969882003 142.675699565758 -8.756446050753954
    vertex 3707.608311121933 137.31596777235438 -8.75644597089241
  endloop
endfacet
facet normal -2.0839027189153125e-32 -1.4900287344243868e-08 -0.9999999999999999
  outer loop
    vertex 3707.608311121933 137.31596777235438 -8.75644597089241
    vertex 3707.723969882003 142.675699565758 -8.756446050753954
    vertex 3707.674916689865 137.45993373190333 -8.756445973037545
  endloop
endfacet
facet normal -2.0839027189153125e-32 -1.4900287344243868e-08 -0.9999999999999999
  outer loop
    vertex 3707.674916689865 137.45993373190333 -8.756445973037545
    vertex 3707.723969882003 142.675699565758 -8.756446050753954
    vertex 3707.75669712352 137.5958543757098 -8.7564459750628
  endloop
endfacet
facet normal -2.0839027189153125e-32 -1.4900287344243868e-08 -0.9999999999999999
  outer loop
    vertex 3707.75669712352 137.5958543757098 -8.7564459750628
    vertex 3707.723969882003 142.675699565758 -8.756446050753954
    vertex 3707.9511179380333 143.08960900103023 -8.756446056921321
  endloop
endfacet
facet normal -2.0839027189153125e-32 -1.4900287344243868e-08 -0.9999999999999999
  outer loop
    vertex 3707.75669712352 137.5958543757098 -8.7564459750628
    vertex 3707.9511179380333 143.08960900103023 -8.756446056921321
    vertex 3707.8526939802096 137.7221362332003 -8.756445976944436
  endloop
endfacet
facet normal -2.0839027189153125e-32 -1.4900287344243868e-08 -0.9999999999999999
  outer loop
    vertex 3707.8526939802096 137.7221362332003 -8.756445976944436
    vertex 3707.9511179380333 143.08960900103023 -8.756446056921321
    vertex 3707.96178192424 137.8372987249987 -8.756445978660391
  endloop
endfacet
facet normal -2.0839027189153125e-32 -1.4900287344243868e-08 -0.9999999999999999
  outer loop
    vertex 3707.96178192424 137.8372987249987 -8.756445978660391
    vertex 3707.9511179380333 143.08960900103023 -8.756446056921321
    vertex 3708.1934942655485 143.49478945528435 -8.756446062958627
  endloop
endfacet
facet normal -2.0839027189153125e-32 -1.4900287344243868e-08 -0.9999999999999999
  outer loop
    vertex 3707.96178192424 137.8372987249987 -8.756445978660391
    vertex 3708.1934942655485 143.49478945528435 -8.756446062958627
    vertex 3708.082681124679 137.93999168669154 -8.756445980190545
  endloop
endfacet
facet normal -2.0839027189153125e-32 -1.4900287344243868e-08 -0.9999999999999999
  outer loop
    vertex 3708.082681124679 137.93999168669154 -8.756445980190545
    vertex 3708.1934942655485 143.49478945528435 -8.756446062958627
    vertex 3708.2139753751676 138.0290111044543 -8.756445981516961
  endloop
endfacet
facet normal -2.0839027189153125e-32 -1.4900287344243868e-08 -0.9999999999999999
  outer loop
    vertex 3708.2139753751676 138.0290111044543 -8.756445981516961
    vertex 3708.1934942655485 143.49478945528435 -8.756446062958627
    vertex 3708.450763171188 143.89068064485957 -8.756446068857521
  endloop
endfacet
facet normal -2.0839027189153125e-32 -1.4900287344243868e-08 -0.9999999999999999
  outer loop
    vertex 3708.2139753751676 138.0290111044543 -8.756445981516961
    vertex 3708.450763171188 143.89068064485957 -8.756446068857521
    vertex 3708.3541244916833 138.10331330095696 -8.756445982624088
  endloop
endfacet
facet normal -2.0839027189153125e-32 -1.4900287344243868e-08 -0.9999999999999999
  outer loop
    vertex 3708.3541244916833 138.10331330095696 -8.756445982624088
    vertex 3708.450763171188 143.89068064485957 -8.756446068857521
    vertex 3708.5014852933805 138.16202721392085 -8.756445983498937
  endloop
endfacet
facet normal -2.0839027189153125e-32 -1.4900287344243868e-08 -0.9999999999999999
  outer loop
    vertex 3708.5014852933805 138.16202721392085 -8.756445983498937
    vertex 3708.450763171188 143.89068064485957 -8.756446068857521
    vertex 3708.722569888107 144.27673563753532 -8.756446074609855
  endloop
endfacet
facet normal -2.0839027189153125e-32 -1.4900287344243868e-08 -0.9999999999999999
  outer loop
    vertex 3708.5014852933805 138.16202721392085 -8.756445983498937
    vertex 3708.722569888107 144.27673563753532 -8.756446074609855
    vertex 3708.6543297223966 138.20446440969874 -8.756445984131265
  endloop
endfacet
facet normal -2.0839027189153125e-32 -1.4900287344243868e-08 -0.9999999999999999
  outer loop
    vertex 3708.6543297223966 138.20446440969874 -8.756445984131265
    vertex 3708.722569888107 144.27673563753532 -8.756446074609855
    vertex 3708.810866778366 138.23012742792534 -8.756445984513652
  endloop
endfacet
facet normal -2.0839027189153125e-32 -1.4900287344243868e-08 -0.9999999999999999
  outer loop
    vertex 3708.810866778366 138.23012742792534 -8.756445984513652
    vertex 3708.722569888107 144.27673563753532 -8.756446074609855
    vertex 3709.0085386686246 144.65242085253166 -8.756446080207668
  endloop
endfacet
facet normal -2.0839027189153125e-32 -1.4900287344243868e-08 -0.9999999999999999
  outer loop
    vertex 3708.810866778366 138.23012742792534 -8.756445984513652
    vertex 3709.0085386686246 144.65242085253166 -8.756446080207668
    vertex 3708.9692615919034 138.2387153843539 -8.756445984641614
  endloop
endfacet
facet normal -2.0839027189153125e-32 -1.4900287344243868e-08 -0.9999999999999999
  outer loop
    vertex 3708.9692615919034 138.2387153843539 -8.756445984641614
    vertex 3709.0085386686246 144.65242085253166 -8.756446080207668
    vertex 3709.127656405441 138.23012742792534 -8.756445984513652
  endloop
endfacet
facet normal -2.0839027189153125e-32 -1.4900287344243868e-08 -0.9999999999999999
  outer loop
    vertex 3709.127656405441 138.23012742792534 -8.756445984513652
    vertex 3709.0085386686246 144.65242085253166 -8.756446080207668
    vertex 3709.3082737379 145.0172170141833 -8.756446085643237
  endloop
endfacet
facet normal -2.0839027189153125e-32 -1.4900287344243868e-08 -0.9999999999999999
  outer loop
    vertex 3709.127656405441 138.23012742792534 -8.756445984513652
    vertex 3709.3082737379 145.0172170141833 -8.756446085643237
    vertex 3709.2841934614103 138.20446440969874 -8.756445984131265
  endloop
endfacet
facet normal -2.0839027189153125e-32 -1.4900287344243868e-08 -0.9999999999999999
  outer loop
    vertex 3709.2841934614103 138.20446440969874 -8.756445984131265
    vertex 3709.3082737379 145.0172170141833 -8.756446085643237
    vertex 3709.437037890426 138.16202721392085 -8.756445983498937
  endloop
endfacet
facet normal -2.0839027189153125e-32 -1.4900287344243868e-08 -0.9999999999999999
  outer loop
    vertex 3709.437037890426 138.16202721392085 -8.756445983498937
    vertex 3709.3082737379 145.0172170141833 -8.756446085643237
    vertex 3709.6213612012784 145.37061915193962 -8.75644609090903
  endloop
endfacet
facet normal -2.0839027189153125e-32 -1.4900287344243868e-08 -0.9999999999999999
  outer loop
    vertex 3709.437037890426 138.16202721392085 -8.756445983498937
    vertex 3709.6213612012784 145.37061915193962 -8.75644609090903
    vertex 3709.5843986921236 138.10331330095696 -8.756445982624088
  endloop
endfacet
facet normal -2.0839027189153125e-32 -1.4900287344243868e-08 -0.9999999999999999
  outer loop
    vertex 3709.5843986921236 138.10331330095696 -8.756445982624088
    vertex 3709.6213612012784 145.37061915193962 -8.75644609090903
    vertex 3709.724547808639 138.0290111044543 -8.756445981516961
  endloop
endfacet
facet normal -2.0839027189153125e-32 -1.4900287344243868e-08 -0.9999999999999999
  outer loop
    vertex 3709.724547808639 138.0290111044543 -8.756445981516961
    vertex 3709.6213612012784 145.37061915193962 -8.75644609090903
    vertex 3709.9473680906217 145.71214041506218 -8.756446095997795
  endloop
endfacet
facet normal -2.0839027189153125e-32 -1.4900287344243868e-08 -0.9999999999999999
  outer loop
    vertex 3709.724547808639 138.0290111044543 -8.756445981516961
    vertex 3709.9473680906217 145.71214041506218 -8.756446095997795
    vertex 3709.855842059128 137.93999168669154 -8.756445980190545
  endloop
endfacet
facet normal -2.0839027189153125e-32 -1.4900287344243868e-08 -0.9999999999999999
  outer loop
    vertex 3709.855842059128 137.93999168669154 -8.756445980190545
    vertex 3709.9473680906217 145.71214041506218 -8.756446095997795
    vertex 3709.976741259567 137.8372987249987 -8.756445978660391
  endloop
endfacet
facet normal -2.0839027189153125e-32 -1.4900287344243868e-08 -0.9999999999999999
  outer loop
    vertex 3709.976741259567 137.8372987249987 -8.756445978660391
    vertex 3709.9473680906217 145.71214041506218 -8.756446095997795
    vertex 3710.2858442716515 146.04130778109 -8.756446100902487
  endloop
endfacet
facet normal -2.0839027189153125e-32 -1.4900287344243868e-08 -0.9999999999999999
  outer loop
    vertex 3709.976741259567 137.8372987249987 -8.756445978660391
    vertex 3710.2858442716515 146.04130778109 -8.756446100902487
    vertex 3710.0858292035973 137.7221362332003 -8.756445976944436
  endloop
endfacet
facet normal -2.0839027189153125e-32 -1.4900287344243868e-08 -0.9999999999999999
  outer loop
    vertex 3710.0858292035973 137.7221362332003 -8.756445976944436
    vertex 3710.2858442716515 146.04130778109 -8.756446100902487
    vertex 3710.1818260602868 137.5958543757098 -8.7564459750628
  endloop
endfacet
facet normal -2.0839027189153125e-32 -1.4900287344243868e-08 -0.9999999999999999
  outer loop
    vertex 3710.1818260602868 137.5958543757098 -8.7564459750628
    vertex 3710.2858442716515 146.04130778109 -8.756446100902487
    vertex 3710.263606493942 137.45993373190333 -8.756445973037545
  endloop
endfacet
facet normal -2.0839027189153125e-32 -1.4900287344243868e-08 -0.9999999999999999
  outer loop
    vertex 3710.263606493942 137.45993373190333 -8.756445973037545
    vertex 3710.2858442716515 146.04130778109 -8.756446100902487
    vertex 3710.3302120618737 137.31596777235438 -8.75644597089241
  endloop
endfacet
facet normal -2.0839027189153125e-32 -1.4900287344243868e-08 -0.9999999999999999
  outer loop
    vertex 3710.3302120618737 137.31596777235438 -8.75644597089241
    vertex 3710.2858442716515 146.04130778109 -8.756446100902487
    vertex 3710.6363224439538 146.3576663473742 -8.756446105616318
  endloop
endfacet
facet normal -2.0839027189153125e-32 -1.4900287344243868e-08 -0.9999999999999999
  outer loop
    vertex 3710.3302120618737 137.31596777235438 -8.75644597089241
    vertex 3710.6363224439538 146.3576663473742 -8.756446105616318
    vertex 3710.380862658493 137.1656443813937 -8.756445968652548
  endloop
endfacet
facet normal -2.0839027189153125e-32 -1.4900287344243868e-08 -0.9999999999999999
  outer loop
    vertex 3710.380862658493 137.1656443813937 -8.756445968652548
    vertex 3710.6363224439538 146.3576663473742 -8.756446105616318
    vertex 3710.4149622373507 137.0107259789603 -8.756445966344218
  endloop
endfacet
facet normal -2.0839027189153125e-32 -1.4900287344243868e-08 -0.9999999999999999
  outer loop
    vertex 3710.4149622373507 137.0107259789603 -8.756445966344218
    vertex 3710.6363224439538 146.3576663473742 -8.756446105616318
    vertex 3710.4321131162565 136.85302885269095 -8.756445963994487
  endloop
endfacet
facet normal -2.0839027189153125e-32 -1.4900287344243868e-08 -0.9999999999999999
  outer loop
    vertex 3710.4321131162565 136.85302885269095 -8.756445963994487
    vertex 3710.6363224439538 146.3576663473742 -8.756446105616318
    vertex 3710.4321131162565 136.6944018492596 -8.756445961630899
  endloop
endfacet
facet normal -4.4048340272580975e-25 1.4900287353117595e-08 0.9999999999999999
  outer loop
    vertex 3714.68728727626 148.73008194957788 -4.7564457594962635
    vertex 3715.121457999222 136.90374586378155 -4.7564455832804615
    vertex 3715.134665196411 148.88098088298852 -4.756445761744702
  endloop
endfacet
facet normal -4.4048340272580975e-25 1.4900287353117595e-08 0.9999999999999999
  outer loop
    vertex 3715.121457999222 136.90374586378155 -4.7564455832804615
    vertex 3714.68728727626 148.73008194957788 -4.7564457594962635
    vertex 3715.121457999222 136.64368495737133 -4.756445579405475
  endloop
endfacet
facet normal -4.4048340272580975e-25 1.4900287353117595e-08 0.9999999999999999
  outer loop
    vertex 3715.134665196411 148.88098088298852 -4.756445761744702
    vertex 3715.121457999222 136.90374586378155 -4.7564455832804615
    vertex 3715.1390146665494 137.16321343575535 -4.756445587146598
  endloop
endfacet
facet normal -4.4048340272580975e-25 1.4900287353117595e-08 0.9999999999999999
  outer loop
    vertex 3715.134665196411 148.88098088298852 -4.756445761744702
    vertex 3715.1390146665494 137.16321343575535 -4.756445587146598
    vertex 3715.587342684738 149.0151456931692 -4.756445763743796
  endloop
endfacet
facet normal -4.4048340272580975e-25 1.4900287353117595e-08 0.9999999999999999
  outer loop
    vertex 3715.587342684738 149.0151456931692 -4.756445763743796
    vertex 3715.1390146665494 137.16321343575535 -4.756445587146598
    vertex 3715.174047892562 137.42090383564053 -4.756445590986259
  endloop
endfacet
facet normal -4.4048340272580975e-25 1.4900287353117595e-08 0.9999999999999999
  outer loop
    vertex 3715.587342684738 149.0151456931692 -4.756445763743796
    vertex 3715.174047892562 137.42090383564053 -4.756445590986259
    vertex 3715.226397698394 137.67564127241192 -4.75644559478192
  endloop
endfacet
facet normal -4.4048340272580975e-25 1.4900287353117595e-08 0.9999999999999999
  outer loop
    vertex 3715.587342684738 149.0151456931692 -4.756445763743796
    vertex 3715.226397698394 137.67564127241192 -4.75644559478192
    vertex 3715.2958254270475 137.92626348529873 -4.7564455985162635
  endloop
endfacet
facet normal -4.4048340272580975e-25 1.4900287353117595e-08 0.9999999999999999
  outer loop
    vertex 3715.587342684738 149.0151456931692 -4.756445763743796
    vertex 3715.2958254270475 137.92626348529873 -4.7564455985162635
    vertex 3715.3820142202294 138.17162672077237 -4.756445602172246
  endloop
endfacet
facet normal -4.4048340272580975e-25 1.4900287353117595e-08 0.9999999999999999
  outer loop
    vertex 3715.587342684738 149.0151456931692 -4.756445763743796
    vertex 3715.3820142202294 138.17162672077237 -4.756445602172246
    vertex 3715.484570687286 138.41061178241787 -4.756445605733192
  endloop
endfacet
facet normal -4.4048340272580975e-25 1.4900287353117595e-08 0.9999999999999999
  outer loop
    vertex 3715.587342684738 149.0151456931692 -4.756445763743796
    vertex 3715.484570687286 138.41061178241787 -4.756445605733192
    vertex 3715.603027050964 138.64212802444516 -4.756445609182855
  endloop
endfacet
facet normal -4.4048340272580975e-25 1.4900287353117595e-08 0.9999999999999999
  outer loop
    vertex 3715.587342684738 149.0151456931692 -4.756445763743796
    vertex 3715.603027050964 138.64212802444516 -4.756445609182855
    vertex 3716.044694369308 149.1323923209768 -4.756445765490804
  endloop
endfacet
facet normal -4.4048340272580975e-25 1.4900287353117595e-08 0.9999999999999999
  outer loop
    vertex 3716.044694369308 149.1323923209768 -4.756445765490804
    vertex 3715.603027050964 138.64212802444516 -4.756445609182855
    vertex 3715.736842816345 138.8651191333395 -4.756445612505486
  endloop
endfacet
facet normal -4.4048340272580975e-25 1.4900287353117595e-08 0.9999999999999999
  outer loop
    vertex 3716.044694369308 149.1323923209768 -4.756445765490804
    vertex 3715.736842816345 138.8651191333395 -4.756445612505486
    vertex 3715.8854073934476 139.07856741939602 -4.756445615685923
  endloop
endfacet
facet normal -4.4048340272580975e-25 1.4900287353117595e-08 0.9999999999999999
  outer loop
    vertex 3716.044694369308 149.1323923209768 -4.756445765490804
    vertex 3715.8854073934476 139.07856741939602 -4.756445615685923
    vertex 3716.0480427198336 139.28149953876553 -4.756445618709674
  endloop
endfacet
facet normal -4.4048340272580975e-25 1.4900287353117595e-08 0.9999999999999999
  outer loop
    vertex 3716.044694369308 149.1323923209768 -4.756445765490804
    vertex 3716.0480427198336 139.28149953876553 -4.756445618709674
    vertex 3716.50608796405 149.2325586417776 -4.756445766983312
  endloop
endfacet
facet normal -4.4048340272580975e-25 1.4900287353117595e-08 0.9999999999999999
  outer loop
    vertex 3716.50608796405 149.2325586417776 -4.756445766983312
    vertex 3716.0480427198336 139.28149953876553 -4.756445618709674
    vertex 3716.224007075302 139.47298899684964 -4.756445621562921
  endloop
endfacet
facet normal -4.4048340272580975e-25 1.4900287353117595e-08 0.9999999999999999
  outer loop
    vertex 3716.50608796405 149.2325586417776 -4.756445766983312
    vertex 3716.224007075302 139.47298899684964 -4.756445621562921
    vertex 3716.41249746608 139.65216222797451 -4.756445624232654
  endloop
endfacet
facet normal -4.4048340272580975e-25 1.4900287353117595e-08 0.9999999999999999
  outer loop
    vertex 3716.50608796405 149.2325586417776 -4.756445766983312
    vertex 3716.41249746608 139.65216222797451 -4.756445624232654
    vertex 3716.612653677932 139.818201933251 -4.75644562670669
  endloop
endfacet
facet normal -4.4048340272580975e-25 1.4900287353117595e-08 0.9999999999999999
  outer loop
    vertex 3716.50608796405 149.2325586417776 -4.756445766983312
    vertex 3716.612653677932 139.818201933251 -4.75644562670669
    vertex 3716.9708858184736 149.31550541912134 -4.756445768219238
  endloop
endfacet
facet normal -4.4048340272580975e-25 1.4900287353117595e-08 0.9999999999999999
  outer loop
    vertex 3716.9708858184736 149.31550541912134 -4.756445768219238
    vertex 3716.612653677932 139.818201933251 -4.75644562670669
    vertex 3716.8235623292844 139.97035041843472 -4.756445628973745
  endloop
endfacet
facet normal -4.4048340272580975e-25 1.4900287353117595e-08 0.9999999999999999
  outer loop
    vertex 3716.9708858184736 149.31550541912134 -4.756445768219238
    vertex 3716.8235623292844 139.97035041843472 -4.756445628973745
    vertex 3717.0442616395867 140.10791317020474 -4.756445631023475
  endloop
endfacet
facet normal -4.4048340272580975e-25 1.4900287353117595e-08 0.9999999999999999
  outer loop
    vertex 3716.9708858184736 149.31550541912134 -4.756445768219238
    vertex 3717.0442616395867 140.10791317020474 -4.756445631023475
    vertex 3717.438445752136 149.3811182120901 -4.756445769196892
  endloop
endfacet
facet normal -4.4048340272580975e-25 1.4900287353117595e-08 0.9999999999999999
  outer loop
    vertex 3717.438445752136 149.3811182120901 -4.756445769196892
    vertex 3717.0442616395867 140.10791317020474 -4.756445631023475
    vertex 3717.2737440519254 140.23026290927942 -4.756445632846521
  endloop
endfacet
facet normal -4.4048340272580975e-25 1.4900287353117595e-08 0.9999999999999999
  outer loop
    vertex 3717.438445752136 149.3811182120901 -4.756445769196892
    vertex 3717.2737440519254 140.23026290927942 -4.756445632846521
    vertex 3717.510962908737 140.336841020928 -4.756445634434566
  endloop
endfacet
facet normal -4.4048340272580975e-25 1.4900287353117595e-08 0.9999999999999999
  outer loop
    vertex 3717.438445752136 149.3811182120901 -4.756445769196892
    vertex 3717.510962908737 140.336841020928 -4.756445634434566
    vertex 3717.504261558525 146.77371541057641 -4.756445730345836
  endloop
endfacet
facet normal -4.4048340272580975e-25 1.4900287353117595e-08 0.9999999999999999
  outer loop
    vertex 3717.504261558525 146.77371541057641 -4.756445730345836
    vertex 3717.510962908737 140.336841020928 -4.756445634434566
    vertex 3717.512849514953 146.61532059703882 -4.756445727985713
  endloop
endfacet
facet normal -4.4048340272580975e-25 1.4900287353117595e-08 0.9999999999999999
  outer loop
    vertex 3717.512849514953 146.61532059703882 -4.756445727985713
    vertex 3717.510962908737 140.336841020928 -4.756445634434566
    vertex 3717.754835551254 140.4271616080862 -4.756445635780364
  endloop
endfacet
facet normal -4.4048340272580975e-25 1.4900287353117595e-08 0.9999999999999999
  outer loop
    vertex 3717.512849514953 146.61532059703882 -4.756445727985713
    vertex 3717.754835551254 140.4271616080862 -4.756445635780364
    vertex 3717.53851253318 146.45878354106958 -4.756445725653265
  endloop
endfacet
facet normal -4.4048340272580975e-25 1.4900287353117595e-08 0.9999999999999999
  outer loop
    vertex 3717.53851253318 146.45878354106958 -4.756445725653265
    vertex 3717.754835551254 140.4271616080862 -4.756445635780364
    vertex 3717.580949728958 146.30593911205347 -4.756445723375835
  endloop
endfacet
facet normal -4.4048340272580975e-25 1.4900287353117595e-08 0.9999999999999999
  outer loop
    vertex 3717.580949728958 146.30593911205347 -4.756445723375835
    vertex 3717.754835551254 140.4271616080862 -4.756445635780364
    vertex 3717.639663641922 146.1585783103567 -4.756445721180121
  endloop
endfacet
facet normal -4.4048340272580975e-25 1.4900287353117595e-08 0.9999999999999999
  outer loop
    vertex 3717.639663641922 146.1585783103567 -4.756445721180121
    vertex 3717.754835551254 140.4271616080862 -4.756445635780364
    vertex 3717.7139658384244 146.01842919384057 -4.756445719091855
  endloop
endfacet
facet normal -4.4048340272580975e-25 1.4900287353117595e-08 0.9999999999999999
  outer loop
    vertex 3717.7139658384244 146.01842919384057 -4.756445719091855
    vertex 3717.754835551254 140.4271616080862 -4.756445635780364
    vertex 3717.802985256187 145.8871349433523 -4.756445717135537
  endloop
endfacet
facet normal -4.4048340272580975e-25 1.4900287353117595e-08 0.9999999999999999
  outer loop
    vertex 3717.802985256187 145.8871349433523 -4.756445717135537
    vertex 3717.754835551254 140.4271616080862 -4.756445635780364
    vertex 3718.0042493395727 140.5008122066122 -4.756445636877779
  endloop
endfacet
facet normal -4.4048340272580975e-25 1.4900287353117595e-08 0.9999999999999999
  outer loop
    vertex 3717.802985256187 145.8871349433523 -4.756445717135537
    vertex 3718.0042493395727 140.5008122066122 -4.756445636877779
    vertex 3717.9056782178804 145.76623574291284 -4.7564457153341
  endloop
endfacet
facet normal -4.4048340272580975e-25 1.4900287353117595e-08 0.9999999999999999
  outer loop
    vertex 3717.9056782178804 145.76623574291284 -4.7564457153341
    vertex 3718.0042493395727 140.5008122066122 -4.756445636877779
    vertex 3718.020840709678 145.65714779888208 -4.756445713708662
  endloop
endfacet
facet normal -4.4048340272580975e-25 1.4900287353117595e-08 0.9999999999999999
  outer loop
    vertex 3718.020840709678 145.65714779888208 -4.756445713708662
    vertex 3718.0042493395727 140.5008122066122 -4.756445636877779
    vertex 3718.258066301815 140.55745712314663 -4.756445637721809
  endloop
endfacet
facet normal -4.4048340272580975e-25 1.4900287353117595e-08 0.9999999999999999
  outer loop
    vertex 3718.020840709678 145.65714779888208 -4.756445713708662
    vertex 3718.258066301815 140.55745712314663 -4.756445637721809
    vertex 3718.1471225671685 145.56115094219265 -4.756445712278277
  endloop
endfacet
facet normal -4.4048340272580975e-25 1.4900287353117595e-08 0.9999999999999999
  outer loop
    vertex 3718.1471225671685 145.56115094219265 -4.756445712278277
    vertex 3718.258066301815 140.55745712314663 -4.756445637721809
    vertex 3718.2830432109754 145.47937050853784 -4.75644571105973
  endloop
endfacet
facet normal -4.4048340272580975e-25 1.4900287353117595e-08 0.9999999999999999
  outer loop
    vertex 3718.2830432109754 145.47937050853784 -4.75644571105973
    vertex 3718.258066301815 140.55745712314663 -4.756445637721809
    vertex 3718.5151282303254 140.59683743511258 -4.756445638308582
  endloop
endfacet
facet normal -4.4048340272580975e-25 1.4900287353117595e-08 0.9999999999999999
  outer loop
    vertex 3718.2830432109754 145.47937050853784 -4.75644571105973
    vertex 3718.5151282303254 140.59683743511258 -4.756445638308582
    vertex 3718.427009170525 145.41276494060574 -4.756445710067288
  endloop
endfacet
facet normal -4.4048340272580975e-25 1.4900287353117595e-08 0.9999999999999999
  outer loop
    vertex 3718.427009170525 145.41276494060574 -4.756445710067288
    vertex 3718.5151282303254 140.59683743511258 -4.756445638308582
    vertex 3718.577332561485 145.36211434398706 -4.756445709312574
  endloop
endfacet
facet normal -4.4048340272580975e-25 1.4900287353117595e-08 0.9999999999999999
  outer loop
    vertex 3718.577332561485 145.36211434398706 -4.756445709312574
    vertex 3718.5151282303254 140.59683743511258 -4.756445638308582
    vertex 3718.77426228451 140.61877385173855 -4.756445638635442
  endloop
endfacet
facet normal -4.4048340272580975e-25 1.4900287353117595e-08 0.9999999999999999
  outer loop
    vertex 3718.577332561485 145.36211434398706 -4.756445709312574
    vertex 3718.77426228451 140.61877385173855 -4.756445638635442
    vertex 3718.7322509639184 145.32801476512964 -4.756445708804481
  endloop
endfacet
facet normal -4.4048340272580975e-25 1.4900287353117595e-08 0.9999999999999999
  outer loop
    vertex 3718.7322509639184 145.32801476512964 -4.756445708804481
    vertex 3718.77426228451 140.61877385173855 -4.756445638635442
    vertex 3718.8899480901878 145.3108638862234 -4.756445708548934
  endloop
endfacet
facet normal -4.4048340272580975e-25 1.4900287353117595e-08 0.9999999999999999
  outer loop
    vertex 3718.8899480901878 145.3108638862234 -4.756445708548934
    vertex 3718.77426228451 140.61877385173855 -4.756445638635442
    vertex 3719.0342860870282 140.62316623722134 -4.756445638700893
  endloop
endfacet
facet normal -4.4048340272580975e-25 1.4900287353117595e-08 0.9999999999999999
  outer loop
    vertex 3718.8899480901878 145.3108638862234 -4.756445708548934
    vertex 3719.0342860870282 140.62316623722134 -4.756445638700893
    vertex 3719.048575093619 145.3108638862234 -4.756445708548934
  endloop
endfacet
facet normal -4.4048340272580975e-25 1.4900287353117595e-08 0.9999999999999999
  outer loop
    vertex 3719.048575093619 145.3108638862234 -4.756445708548934
    vertex 3719.0342860870282 140.62316623722134 -4.756445638700893
    vertex 3719.2940132074277 140.6099943259817 -4.756445638504624
  endloop
endfacet
facet normal -4.4048340272580975e-25 1.4900287353117595e-08 0.9999999999999999
  outer loop
    vertex 3719.048575093619 145.3108638862234 -4.756445708548934
    vertex 3719.2940132074277 140.6099943259817 -4.756445638504624
    vertex 3719.2062722198884 145.32801476512964 -4.756445708804481
  endloop
endfacet
facet normal -4.4048340272580975e-25 1.4900287353117595e-08 0.9999999999999999
  outer loop
    vertex 3719.2062722198884 145.32801476512964 -4.756445708804481
    vertex 3719.2940132074277 140.6099943259817 -4.756445638504624
    vertex 3719.361190622322 145.36211434398706 -4.756445709312574
  endloop
endfacet
facet normal -4.4048340272580975e-25 1.4900287353117595e-08 0.9999999999999999
  outer loop
    vertex 3719.361190622322 145.36211434398706 -4.756445709312574
    vertex 3719.2940132074277 140.6099943259817 -4.756445638504624
    vertex 3719.5522585563585 140.5793184379202 -4.756445638047549
  endloop
endfacet
facet normal -4.4048340272580975e-25 1.4900287353117595e-08 0.9999999999999999
  outer loop
    vertex 3719.361190622322 145.36211434398706 -4.756445709312574
    vertex 3719.5522585563585 140.5793184379202 -4.756445638047549
    vertex 3719.511514013282 145.41276494060574 -4.756445710067288
  endloop
endfacet
facet normal -4.4048340272580975e-25 1.4900287353117595e-08 0.9999999999999999
  outer loop
    vertex 3719.511514013282 145.41276494060574 -4.756445710067288
    vertex 3719.5522585563585 140.5793184379202 -4.756445638047549
    vertex 3719.6554799728315 145.47937050853784 -4.75644571105973
  endloop
endfacet
facet normal -4.4048340272580975e-25 1.4900287353117595e-08 0.9999999999999999
  outer loop
    vertex 3719.6554799728315 145.47937050853784 -4.75644571105973
    vertex 3719.5522585563585 140.5793184379202 -4.756445638047549
    vertex 3719.807843809597 140.5312785247427 -4.75644563733174
  endloop
endfacet
facet normal -4.4048340272580975e-25 1.4900287353117595e-08 0.9999999999999999
  outer loop
    vertex 3719.6554799728315 145.47937050853784 -4.75644571105973
    vertex 3719.807843809597 140.5312785247427 -4.75644563733174
    vertex 3719.7914006166384 145.56115094219265 -4.756445712278277
  endloop
endfacet
facet normal -4.4048340272580975e-25 1.4900287353117595e-08 0.9999999999999999
  outer loop
    vertex 3719.7914006166384 145.56115094219265 -4.756445712278277
    vertex 3719.807843809597 140.5312785247427 -4.75644563733174
    vertex 3719.917682474129 145.65714779888208 -4.756445713708662
  endloop
endfacet
facet normal -4.4048340272580975e-25 1.4900287353117595e-08 0.9999999999999999
  outer loop
    vertex 3719.917682474129 145.65714779888208 -4.756445713708662
    vertex 3719.807843809597 140.5312785247427 -4.75644563733174
    vertex 3720.0596028022683 140.46609345470486 -4.756445636360459
  endloop
endfacet
facet normal -4.4048340272580975e-25 1.4900287353117595e-08 0.9999999999999999
  outer loop
    vertex 3719.917682474129 145.65714779888208 -4.756445713708662
    vertex 3720.0596028022683 140.46609345470486 -4.756445636360459
    vertex 3720.0328449659264 145.76623574291284 -4.7564457153341
  endloop
endfacet
facet normal -4.4048340272580975e-25 1.4900287353117595e-08 0.9999999999999999
  outer loop
    vertex 3720.0328449659264 145.76623574291284 -4.7564457153341
    vertex 3720.0596028022683 140.46609345470486 -4.756445636360459
    vertex 3720.1355379276197 145.8871349433523 -4.756445717135537
  endloop
endfacet
facet normal -4.4048340272580975e-25 1.4900287353117595e-08 0.9999999999999999
  outer loop
    vertex 3720.1355379276197 145.8871349433523 -4.756445717135537
    vertex 3720.0596028022683 140.46609345470486 -4.756445636360459
    vertex 3720.3063867740548 140.38406101261197 -4.756445635138153
  endloop
endfacet
facet normal -4.4048340272580975e-25 1.4900287353117595e-08 0.9999999999999999
  outer loop
    vertex 3720.1355379276197 145.8871349433523 -4.756445717135537
    vertex 3720.3063867740548 140.38406101261197 -4.756445635138153
    vertex 3720.224557345382 146.01842919384057 -4.756445719091855
  endloop
endfacet
facet normal -4.4048340272580975e-25 1.4900287353117595e-08 0.9999999999999999
  outer loop
    vertex 3720.224557345382 146.01842919384057 -4.756445719091855
    vertex 3720.3063867740548 140.38406101261197 -4.756445635138153
    vertex 3720.2988595418847 146.1585783103567 -4.756445721180121
  endloop
endfacet
facet normal -4.4048340272580975e-25 1.4900287353117595e-08 0.9999999999999999
  outer loop
    vertex 3720.2988595418847 146.1585783103567 -4.756445721180121
    vertex 3720.3063867740548 140.38406101261197 -4.756445635138153
    vertex 3720.357573454849 146.30593911205347 -4.756445723375835
  endloop
endfacet
facet normal -4.4048340272580975e-25 1.4900287353117595e-08 0.9999999999999999
  outer loop
    vertex 3720.357573454849 146.30593911205347 -4.756445723375835
    vertex 3720.3063867740548 140.38406101261197 -4.756445635138153
    vertex 3720.5470698528206 140.2855555156332 -4.756445633670397
  endloop
endfacet
facet normal -4.4048340272580975e-25 1.4900287353117595e-08 0.9999999999999999
  outer loop
    vertex 3720.357573454849 146.30593911205347 -4.756445723375835
    vertex 3720.5470698528206 140.2855555156332 -4.756445633670397
    vertex 3720.400010650627 146.45878354106958 -4.756445725653265
  endloop
endfacet
facet normal -4.4048340272580975e-25 1.4900287353117595e-08 0.9999999999999999
  outer loop
    vertex 3720.400010650627 146.45878354106958 -4.756445725653265
    vertex 3720.5470698528206 140.2855555156332 -4.756445633670397
    vertex 3720.4256736688535 146.61532059703882 -4.756445727985713
  endloop
endfacet
facet normal -4.4048340272580975e-25 1.4900287353117595e-08 0.9999999999999999
  outer loop
    vertex 3720.4256736688535 146.61532059703882 -4.756445727985713
    vertex 3720.5470698528206 140.2855555156332 -4.756445633670397
    vertex 3720.4342616252816 146.77371541057641 -4.756445730345836
  endloop
endfacet
facet normal -4.4048340272580975e-25 1.4900287353117595e-08 0.9999999999999999
  outer loop
    vertex 3717.438445752136 124.16631260906274 -4.756445393489038
    vertex 3717.512849514953 126.61532059703882 -4.756445429979966
    vertex 3717.504261558525 126.77371541057643 -4.756445432340094
  endloop
endfacet
facet normal -4.4048340272580975e-25 1.4900287353117595e-08 0.9999999999999999
  outer loop
    vertex 3717.512849514953 126.61532059703882 -4.756445429979966
    vertex 3717.438445752136 124.16631260906274 -4.756445393489038
    vertex 3717.90812141227 124.11812439952907 -4.756445392771024
  endloop
endfacet
facet normal -4.4048340272580975e-25 1.4900287353117595e-08 0.9999999999999999
  outer loop
    vertex 3717.512849514953 126.61532059703882 -4.756445429979966
    vertex 3717.90812141227 124.11812439952907 -4.756445392771024
    vertex 3717.53851253318 126.45878354106958 -4.756445427647518
  endloop
endfacet
facet normal -4.4048340272580975e-25 1.4900287353117595e-08 0.9999999999999999
  outer loop
    vertex 3717.53851253318 126.45878354106958 -4.756445427647518
    vertex 3717.90812141227 124.11812439952907 -4.756445392771024
    vertex 3717.580949728958 126.30593911205348 -4.756445425370093
  endloop
endfacet
facet normal -4.4048340272580975e-25 1.4900287353117595e-08 0.9999999999999999
  outer loop
    vertex 3717.580949728958 126.30593911205348 -4.756445425370093
    vertex 3717.90812141227 124.11812439952907 -4.756445392771024
    vertex 3717.639663641922 126.15857831035669 -4.756445423174374
  endloop
endfacet
facet normal -4.4048340272580975e-25 1.4900287353117595e-08 0.9999999999999999
  outer loop
    vertex 3717.639663641922 126.15857831035669 -4.756445423174374
    vertex 3717.90812141227 124.11812439952907 -4.756445392771024
    vertex 3717.7139658384244 126.01842919384059 -4.756445421086113
  endloop
endfacet
facet normal -4.4048340272580975e-25 1.4900287353117595e-08 0.9999999999999999
  outer loop
    vertex 3717.7139658384244 126.01842919384059 -4.756445421086113
    vertex 3717.90812141227 124.11812439952907 -4.756445392771024
    vertex 3717.802985256187 125.88713494335231 -4.756445419129789
  endloop
endfacet
facet normal -4.4048340272580975e-25 1.4900287353117595e-08 0.9999999999999999
  outer loop
    vertex 3717.802985256187 125.88713494335231 -4.756445419129789
    vertex 3717.90812141227 124.11812439952907 -4.756445392771024
    vertex 3717.9056782178804 125.76623574291285 -4.756445417328353
  endloop
endfacet
facet normal -4.4048340272580975e-25 1.4900287353117595e-08 0.9999999999999999
  outer loop
    vertex 3717.9056782178804 125.76623574291285 -4.756445417328353
    vertex 3717.90812141227 124.11812439952907 -4.756445392771024
    vertex 3718.020840709678 125.65714779888208 -4.756445415702915
  endloop
endfacet
facet normal -4.4048340272580975e-25 1.4900287353117595e-08 0.9999999999999999
  outer loop
    vertex 3718.020840709678 125.65714779888208 -4.756445415702915
    vertex 3717.90812141227 124.11812439952907 -4.756445392771024
    vertex 3718.3792635850823 124.08742753063258 -4.756445392313628
  endloop
endfacet
facet normal -4.4048340272580975e-25 1.4900287353117595e-08 0.9999999999999999
  outer loop
    vertex 3718.020840709678 125.65714779888208 -4.756445415702915
    vertex 3718.3792635850823 124.08742753063258 -4.756445392313628
    vertex 3718.1471225671685 125.56115094219263 -4.756445414272535
  endloop
endfacet
facet normal -4.4048340272580975e-25 1.4900287353117595e-08 0.9999999999999999
  outer loop
    vertex 3718.1471225671685 125.56115094219263 -4.756445414272535
    vertex 3718.3792635850823 124.08742753063258 -4.756445392313628
    vertex 3718.2830432109754 125.47937050853785 -4.756445413053982
  endloop
endfacet
facet normal -4.4048340272580975e-25 1.4900287353117595e-08 0.9999999999999999
  outer loop
    vertex 3718.2830432109754 125.47937050853785 -4.756445413053982
    vertex 3718.3792635850823 124.08742753063258 -4.756445392313628
    vertex 3718.427009170525 125.41276494060571 -4.756445412061541
  endloop
endfacet
facet normal -4.4048340272580975e-25 1.4900287353117595e-08 0.9999999999999999
  outer loop
    vertex 3718.427009170525 125.41276494060571 -4.756445412061541
    vertex 3718.3792635850823 124.08742753063258 -4.756445392313628
    vertex 3718.8512212015903 124.07426396404321 -4.756445392117491
  endloop
endfacet
facet normal -4.4048340272580975e-25 1.4900287353117595e-08 0.9999999999999999
  outer loop
    vertex 3718.427009170525 125.41276494060571 -4.756445412061541
    vertex 3718.8512212015903 124.07426396404321 -4.756445392117491
    vertex 3718.577332561485 125.36211434398706 -4.756445411306832
  endloop
endfacet
facet normal -4.4048340272580975e-25 1.4900287353117595e-08 0.9999999999999999
  outer loop
    vertex 3718.577332561485 125.36211434398706 -4.756445411306832
    vertex 3718.8512212015903 124.07426396404321 -4.756445392117491
    vertex 3718.7322509639184 125.32801476512964 -4.756445410798734
  endloop
endfacet
facet normal -4.4048340272580975e-25 1.4900287353117595e-08 0.9999999999999999
  outer loop
    vertex 3718.7322509639184 125.32801476512964 -4.756445410798734
    vertex 3718.8512212015903 124.07426396404321 -4.756445392117491
    vertex 3718.8899480901878 125.31086388622339 -4.7564454105431855
  endloop
endfacet
facet normal -4.4048340272580975e-25 1.4900287353117595e-08 0.9999999999999999
  outer loop
    vertex 3718.8899480901878 125.31086388622339 -4.7564454105431855
    vertex 3718.8512212015903 124.07426396404321 -4.756445392117491
    vertex 3719.323341970912 124.07865277324731 -4.756445392182886
  endloop
endfacet
facet normal -4.4048340272580975e-25 1.4900287353117595e-08 0.9999999999999999
  outer loop
    vertex 3718.8899480901878 125.31086388622339 -4.7564454105431855
    vertex 3719.323341970912 124.07865277324731 -4.756445392182886
    vertex 3719.048575093619 125.31086388622339 -4.7564454105431855
  endloop
endfacet
facet normal -4.4048340272580975e-25 1.4900287353117595e-08 0.9999999999999999
  outer loop
    vertex 3719.048575093619 125.31086388622339 -4.7564454105431855
    vertex 3719.323341970912 124.07865277324731 -4.756445392182886
    vertex 3719.2062722198884 125.32801476512964 -4.756445410798734
  endloop
endfacet
facet normal -4.4048340272580975e-25 1.4900287353117595e-08 0.9999999999999999
  outer loop
    vertex 3719.2062722198884 125.32801476512964 -4.756445410798734
    vertex 3719.323341970912 124.07865277324731 -4.756445392182886
    vertex 3719.361190622322 125.36211434398706 -4.756445411306832
  endloop
endfacet
facet normal -4.4048340272580975e-25 1.4900287353117595e-08 0.9999999999999999
  outer loop
    vertex 3719.361190622322 125.36211434398706 -4.756445411306832
    vertex 3719.323341970912 124.07865277324731 -4.756445392182886
    vertex 3719.79497337865 124.10058632885035 -4.756445392509698
  endloop
endfacet
facet normal -4.4048340272580975e-25 1.4900287353117595e-08 0.9999999999999999
  outer loop
    vertex 3719.361190622322 125.36211434398706 -4.756445411306832
    vertex 3719.79497337865 124.10058632885035 -4.756445392509698
    vertex 3719.511514013282 125.41276494060571 -4.756445412061541
  endloop
endfacet
facet normal -4.4048340272580975e-25 1.4900287353117595e-08 0.9999999999999999
  outer loop
    vertex 3719.511514013282 125.41276494060571 -4.756445412061541
    vertex 3719.79497337865 124.10058632885035 -4.756445392509698
    vertex 3719.6554799728315 125.47937050853785 -4.756445413053982
  endloop
endfacet
facet normal -4.4048340272580975e-25 1.4900287353117595e-08 0.9999999999999999
  outer loop
    vertex 3719.6554799728315 125.47937050853785 -4.756445413053982
    vertex 3719.79497337865 124.10058632885035 -4.756445392509698
    vertex 3719.7914006166384 125.56115094219263 -4.756445414272535
  endloop
endfacet
facet normal -4.4048340272580975e-25 1.4900287353117595e-08 0.9999999999999999
  outer loop
    vertex 3719.7914006166384 125.56115094219263 -4.756445414272535
    vertex 3719.79497337865 124.10058632885035 -4.756445392509698
    vertex 3719.917682474129 125.65714779888208 -4.756445415702915
  endloop
endfacet
facet normal -4.4048340272580975e-25 1.4900287353117595e-08 0.9999999999999999
  outer loop
    vertex 3719.917682474129 125.65714779888208 -4.756445415702915
    vertex 3719.79497337865 124.10058632885035 -4.756445392509698
    vertex 3720.2654635362546 124.1400360206228 -4.756445393097514
  endloop
endfacet
facet normal -4.4048340272580975e-25 1.4900287353117595e-08 0.9999999999999999
  outer loop
    vertex 3719.917682474129 125.65714779888208 -4.756445415702915
    vertex 3720.2654635362546 124.1400360206228 -4.756445393097514
    vertex 3720.0328449659264 125.76623574291285 -4.756445417328353
  endloop
endfacet
facet normal -4.4048340272580975e-25 1.4900287353117595e-08 0.9999999999999999
  outer loop
    vertex 3720.0328449659264 125.76623574291285 -4.756445417328353
    vertex 3720.2654635362546 124.1400360206228 -4.756445393097514
    vertex 3720.1355379276197 125.88713494335231 -4.756445419129789
  endloop
endfacet
facet normal -4.4048340272580975e-25 1.4900287353117595e-08 0.9999999999999999
  outer loop
    vertex 3720.1355379276197 125.88713494335231 -4.756445419129789
    vertex 3720.2654635362546 124.1400360206228 -4.756445393097514
    vertex 3720.224557345382 126.01842919384059 -4.756445421086113
  endloop
endfacet
facet normal -4.4048340272580975e-25 1.4900287353117595e-08 0.9999999999999999
  outer loop
    vertex 3720.224557345382 126.01842919384059 -4.756445421086113
    vertex 3720.2654635362546 124.1400360206228 -4.756445393097514
    vertex 3720.2988595418847 126.15857831035669 -4.756445423174374
  endloop
endfacet
facet normal -4.4048340272580975e-25 1.4900287353117595e-08 0.9999999999999999
  outer loop
    vertex 3720.2988595418847 126.15857831035669 -4.756445423174374
    vertex 3720.2654635362546 124.1400360206228 -4.756445393097514
    vertex 3720.73416227626 124.19694653545436 -4.756445393945498
  endloop
endfacet
facet normal -4.4048340272580975e-25 1.4900287353117595e-08 0.9999999999999999
  outer loop
    vertex 3720.2988595418847 126.15857831035669 -4.756445423174374
    vertex 3720.73416227626 124.19694653545436 -4.756445393945498
    vertex 3720.357573454849 126.30593911205348 -4.756445425370093
  endloop
endfacet
facet normal -4.4048340272580975e-25 1.4900287353117595e-08 0.9999999999999999
  outer loop
    vertex 3720.357573454849 126.30593911205348 -4.756445425370093
    vertex 3720.73416227626 124.19694653545436 -4.756445393945498
    vertex 3720.400010650627 126.45878354106958 -4.756445427647518
  endloop
endfacet
facet normal -4.4048340272580975e-25 1.4900287353117595e-08 0.9999999999999999
  outer loop
    vertex 3720.400010650627 126.45878354106958 -4.756445427647518
    vertex 3720.73416227626 124.19694653545436 -4.756445393945498
    vertex 3720.4256736688535 126.61532059703882 -4.756445429979966
  endloop
endfacet
facet normal -4.4048340272580975e-25 1.4900287353117595e-08 0.9999999999999999
  outer loop
    vertex 3720.4256736688535 126.61532059703882 -4.756445429979966
    vertex 3720.73416227626 124.19694653545436 -4.756445393945498
    vertex 3720.4342616252816 126.77371541057643 -4.756445432340094
  endloop
endfacet
facet normal -4.4048340272580975e-25 1.4900287353117595e-08 0.9999999999999999
  outer loop
    vertex 3720.4342616252816 126.77371541057643 -4.756445432340094
    vertex 3720.73416227626 124.19694653545436 -4.756445393945498
    vertex 3720.5470698528206 133.26187530551968 -4.756445529015538
  endloop
endfacet
facet normal -4.4048340272580975e-25 1.4900287353117595e-08 0.9999999999999999
  outer loop
    vertex 3720.5470698528206 133.26187530551968 -4.756445529015538
    vertex 3720.73416227626 124.19694653545436 -4.756445393945498
    vertex 3720.7805536441724 133.37640467678128 -4.756445530722064
  endloop
endfacet
facet normal -4.4048340272580975e-25 1.4900287353117595e-08 0.9999999999999999
  outer loop
    vertex 3720.7805536441724 133.37640467678128 -4.756445530722064
    vertex 3720.73416227626 124.19694653545436 -4.756445393945498
    vertex 3721.2004217557824 124.27123871837672 -4.756445395052473
  endloop
endfacet
facet normal -4.4048340272580975e-25 1.4900287353117595e-08 0.9999999999999999
  outer loop
    vertex 3720.7805536441724 133.37640467678128 -4.756445530722064
    vertex 3721.2004217557824 124.27123871837672 -4.756445395052473
    vertex 3721.005773013107 133.50643507038174 -4.7564455326595505
  endloop
endfacet
facet normal -4.4048340272580975e-25 1.4900287353117595e-08 0.9999999999999999
  outer loop
    vertex 3721.005773013107 133.50643507038174 -4.7564455326595505
    vertex 3721.2004217557824 124.27123871837672 -4.756445395052473
    vertex 3721.221700137131 133.65137330089627 -4.7564455348191705
  endloop
endfacet
facet normal -4.4048340272580975e-25 1.4900287353117595e-08 0.9999999999999999
  outer loop
    vertex 3721.221700137131 133.65137330089627 -4.7564455348191705
    vertex 3721.2004217557824 124.27123871837672 -4.756445395052473
    vertex 3721.6635975294034 124.36281052623804 -4.756445396416914
  endloop
endfacet
facet normal -4.4048340272580975e-25 1.4900287353117595e-08 0.9999999999999999
  outer loop
    vertex 3721.221700137131 133.65137330089627 -4.7564455348191705
    vertex 3721.6635975294034 124.36281052623804 -4.756445396416914
    vertex 3721.4273499898836 133.810558233605 -4.756445537191072
  endloop
endfacet
facet normal -4.4048340272580975e-25 1.4900287353117595e-08 0.9999999999999999
  outer loop
    vertex 3721.4273499898836 133.810558233605 -4.756445537191072
    vertex 3721.6635975294034 124.36281052623804 -4.756445396416914
    vertex 3721.6217841558378 133.98326316867886 -4.756445539764431
  endloop
endfacet
facet normal -4.4048340272580975e-25 1.4900287353117595e-08 0.9999999999999999
  outer loop
    vertex 3721.6217841558378 133.98326316867886 -4.756445539764431
    vertex 3721.6635975294034 124.36281052623804 -4.756445396416914
    vertex 3721.804115479461 134.16870037113247 -4.7564455425274925
  endloop
endfacet
facet normal -4.4048340272580975e-25 1.4900287353117595e-08 0.9999999999999999
  outer loop
    vertex 3721.804115479461 134.16870037113247 -4.7564455425274925
    vertex 3721.6635975294034 124.36281052623804 -4.756445396416914
    vertex 3722.1230496816556 124.47153607402858 -4.756445398036956
  endloop
endfacet
facet normal -4.4048340272580975e-25 1.4900287353117595e-08 0.9999999999999999
  outer loop
    vertex 3721.804115479461 134.16870037113247 -4.7564455425274925
    vertex 3722.1230496816556 124.47153607402858 -4.756445398036956
    vertex 3721.973512118331 134.36602369342862 -4.756445545467671
  endloop
endfacet
facet normal -4.4048340272580975e-25 1.4900287353117595e-08 0.9999999999999999
  outer loop
    vertex 3721.973512118331 134.36602369342862 -4.756445545467671
    vertex 3722.1230496816556 124.47153607402858 -4.756445398036956
    vertex 3722.1292008809964 134.5743328670126 -4.756445548571538
  endloop
endfacet
facet normal -4.4048340272580975e-25 1.4900287353117595e-08 0.9999999999999999
  outer loop
    vertex 3722.1292008809964 134.5743328670126 -4.756445548571538
    vertex 3722.1230496816556 124.47153607402858 -4.756445398036956
    vertex 3722.5781428270266 124.59726372753198 -4.756445399910339
  endloop
endfacet
facet normal -4.4048340272580975e-25 1.4900287353117595e-08 0.9999999999999999
  outer loop
    vertex 3722.1292008809964 134.5743328670126 -4.756445548571538
    vertex 3722.5781428270266 124.59726372753198 -4.756445399910339
    vertex 3722.2704715185087 134.79267707859094 -4.756445551824925
  endloop
endfacet
facet normal -4.4048340272580975e-25 1.4900287353117595e-08 0.9999999999999999
  outer loop
    vertex 3722.2704715185087 134.79267707859094 -4.756445551824925
    vertex 3722.5781428270266 124.59726372753198 -4.756445399910339
    vertex 3722.396679585449 135.02006045375882 -4.756445555213007
  endloop
endfacet
facet normal -4.4048340272580975e-25 1.4900287353117595e-08 0.9999999999999999
  outer loop
    vertex 3722.396679585449 135.02006045375882 -4.756445555213007
    vertex 3722.5781428270266 124.59726372753198 -4.756445399910339
    vertex 3722.50724906253 135.2554453948599 -4.75644555872031
  endloop
endfacet
facet normal -4.4048340272580975e-25 1.4900287353117595e-08 0.9999999999999999
  outer loop
    vertex 3722.50724906253 135.2554453948599 -4.75644555872031
    vertex 3722.5781428270266 124.59726372753198 -4.756445399910339
    vertex 3722.601675694458 135.4977578261953 -4.756445562330831
  endloop
endfacet
facet normal -4.4048340272580975e-25 1.4900287353117595e-08 0.9999999999999999
  outer loop
    vertex 3722.601675694458 135.4977578261953 -4.756445562330831
    vertex 3722.5781428270266 124.59726372753198 -4.756445399910339
    vertex 3723.028248255722 124.73982087169703 -4.7564454020344815
  endloop
endfacet
facet normal -4.4048340272580975e-25 1.4900287353117595e-08 0.9999999999999999
  outer loop
    vertex 3722.601675694458 135.4977578261953 -4.756445562330831
    vertex 3723.028248255722 124.73982087169703 -4.7564454020344815
    vertex 3722.67952842044 135.74589208160458 -4.756445566028106
  endloop
endfacet
facet normal -4.4048340272580975e-25 1.4900287353117595e-08 0.9999999999999999
  outer loop
    vertex 3722.67952842044 135.74589208160458 -4.756445566028106
    vertex 3723.028248255722 124.73982087169703 -4.7564454020344815
    vertex 3722.740451758377 135.9987160900694 -4.7564455697952575
  endloop
endfacet
facet normal -4.4048340272580975e-25 1.4900287353117595e-08 0.9999999999999999
  outer loop
    vertex 3722.740451758377 135.9987160900694 -4.7564455697952575
    vertex 3723.028248255722 124.73982087169703 -4.7564454020344815
    vertex 3722.78416842746 136.2550762632948 -4.7564455736150935
  endloop
endfacet
facet normal -4.4048340272580975e-25 1.4900287353117595e-08 0.9999999999999999
  outer loop
    vertex 3722.78416842746 136.2550762632948 -4.7564455736150935
    vertex 3723.028248255722 124.73982087169703 -4.7564454020344815
    vertex 3722.8104781560824 136.51380288992937 -4.756445577470199
  endloop
endfacet
facet normal -4.4048340272580975e-25 1.4900287353117595e-08 0.9999999999999999
  outer loop
    vertex 3722.8104781560824 136.51380288992937 -4.756445577470199
    vertex 3723.028248255722 124.73982087169703 -4.7564454020344815
    vertex 3722.819261496536 136.77371541057641 -4.75644558134297
  endloop
endfacet
facet normal -4.4048340272580975e-25 1.4900287353117595e-08 0.9999999999999999
  outer loop
    vertex 3707.316592638962 141.8239926437002 -4.75644565659355
    vertex 3707.5064100675504 136.85302891229207 -4.756445582524761
    vertex 3707.5123638563073 142.25363293682153 -4.756445662995313
  endloop
endfacet
facet normal -4.4048340272580975e-25 1.4900287353117595e-08 0.9999999999999999
  outer loop
    vertex 3707.5064100675504 136.85302891229207 -4.756445582524761
    vertex 3707.316592638962 141.8239926437002 -4.75644565659355
    vertex 3707.5064100675504 136.69440190886075 -4.756445580161169
  endloop
endfacet
facet normal -4.4048340272580975e-25 1.4900287353117595e-08 0.9999999999999999
  outer loop
    vertex 3707.5123638563073 142.25363293682153 -4.756445662995313
    vertex 3707.5064100675504 136.85302891229207 -4.756445582524761
    vertex 3707.5235609464567 137.01072603856142 -4.7564455848744895
  endloop
endfacet
facet normal -4.4048340272580975e-25 1.4900287353117595e-08 0.9999999999999999
  outer loop
    vertex 3707.5123638563073 142.25363293682153 -4.756445662995313
    vertex 3707.5235609464567 137.01072603856142 -4.7564455848744895
    vertex 3707.723969882003 142.67569962535913 -4.756445669284227
  endloop
endfacet
facet normal -4.4048340272580975e-25 1.4900287353117595e-08 0.9999999999999999
  outer loop
    vertex 3707.723969882003 142.67569962535913 -4.756445669284227
    vertex 3707.5235609464567 137.01072603856142 -4.7564455848744895
    vertex 3707.557660525314 137.1656444409948 -4.756445587182818
  endloop
endfacet
facet normal -4.4048340272580975e-25 1.4900287353117595e-08 0.9999999999999999
  outer loop
    vertex 3707.723969882003 142.67569962535913 -4.756445669284227
    vertex 3707.557660525314 137.1656444409948 -4.756445587182818
    vertex 3707.608311121933 137.3159678319555 -4.756445589422683
  endloop
endfacet
facet normal -4.4048340272580975e-25 1.4900287353117595e-08 0.9999999999999999
  outer loop
    vertex 3707.723969882003 142.67569962535913 -4.756445669284227
    vertex 3707.608311121933 137.3159678319555 -4.756445589422683
    vertex 3707.674916689865 137.45993379150445 -4.756445591567818
  endloop
endfacet
facet normal -4.4048340272580975e-25 1.4900287353117595e-08 0.9999999999999999
  outer loop
    vertex 3707.723969882003 142.67569962535913 -4.756445669284227
    vertex 3707.674916689865 137.45993379150445 -4.756445591567818
    vertex 3707.75669712352 137.59585443531094 -4.75644559359307
  endloop
endfacet
facet normal -4.4048340272580975e-25 1.4900287353117595e-08 0.9999999999999999
  outer loop
    vertex 3707.723969882003 142.67569962535913 -4.756445669284227
    vertex 3707.75669712352 137.59585443531094 -4.75644559359307
    vertex 3707.9511179380333 143.08960906063135 -4.756445675451593
  endloop
endfacet
facet normal -4.4048340272580975e-25 1.4900287353117595e-08 0.9999999999999999
  outer loop
    vertex 3707.9511179380333 143.08960906063135 -4.756445675451593
    vertex 3707.75669712352 137.59585443531094 -4.75644559359307
    vertex 3707.8526939802096 137.72213629280145 -4.756445595474707
  endloop
endfacet
facet normal -4.4048340272580975e-25 1.4900287353117595e-08 0.9999999999999999
  outer loop
    vertex 3707.9511179380333 143.08960906063135 -4.756445675451593
    vertex 3707.8526939802096 137.72213629280145 -4.756445595474707
    vertex 3707.96178192424 137.83729878459985 -4.756445597190665
  endloop
endfacet
facet normal -4.4048340272580975e-25 1.4900287353117595e-08 0.9999999999999999
  outer loop
    vertex 3707.9511179380333 143.08960906063135 -4.756445675451593
    vertex 3707.96178192424 137.83729878459985 -4.756445597190665
    vertex 3708.1934942655485 143.4947895148855 -4.7564456814888985
  endloop
endfacet
facet normal -4.4048340272580975e-25 1.4900287353117595e-08 0.9999999999999999
  outer loop
    vertex 3708.1934942655485 143.4947895148855 -4.7564456814888985
    vertex 3707.96178192424 137.83729878459985 -4.756445597190665
    vertex 3708.082681124679 137.93999174629266 -4.756445598720815
  endloop
endfacet
facet normal -4.4048340272580975e-25 1.4900287353117595e-08 0.9999999999999999
  outer loop
    vertex 3708.1934942655485 143.4947895148855 -4.7564456814888985
    vertex 3708.082681124679 137.93999174629266 -4.756445598720815
    vertex 3708.2139753751676 138.02901116405542 -4.756445600047234
  endloop
endfacet
facet normal -4.4048340272580975e-25 1.4900287353117595e-08 0.9999999999999999
  outer loop
    vertex 3708.1934942655485 143.4947895148855 -4.7564456814888985
    vertex 3708.2139753751676 138.02901116405542 -4.756445600047234
    vertex 3708.450763171188 143.8906807044607 -4.756445687387795
  endloop
endfacet
facet normal -4.4048340272580975e-25 1.4900287353117595e-08 0.9999999999999999
  outer loop
    vertex 3708.450763171188 143.8906807044607 -4.756445687387795
    vertex 3708.2139753751676 138.02901116405542 -4.756445600047234
    vertex 3708.3541244916833 138.1033133605581 -4.756445601154359
  endloop
endfacet
facet normal -4.4048340272580975e-25 1.4900287353117595e-08 0.9999999999999999
  outer loop
    vertex 3708.450763171188 143.8906807044607 -4.756445687387795
    vertex 3708.3541244916833 138.1033133605581 -4.756445601154359
    vertex 3708.5014852933805 138.16202727352197 -4.756445602029208
  endloop
endfacet
facet normal -4.4048340272580975e-25 1.4900287353117595e-08 0.9999999999999999
  outer loop
    vertex 3708.450763171188 143.8906807044607 -4.756445687387795
    vertex 3708.5014852933805 138.16202727352197 -4.756445602029208
    vertex 3708.722569888107 144.27673569713647 -4.756445693140126
  endloop
endfacet
facet normal -4.4048340272580975e-25 1.4900287353117595e-08 0.9999999999999999
  outer loop
    vertex 3708.722569888107 144.27673569713647 -4.756445693140126
    vertex 3708.5014852933805 138.16202727352197 -4.756445602029208
    vertex 3708.6543297223966 138.20446446929986 -4.756445602661535
  endloop
endfacet
facet normal -4.4048340272580975e-25 1.4900287353117595e-08 0.9999999999999999
  outer loop
    vertex 3708.722569888107 144.27673569713647 -4.756445693140126
    vertex 3708.6543297223966 138.20446446929986 -4.756445602661535
    vertex 3708.810866778366 138.2301274875265 -4.756445603043925
  endloop
endfacet
facet normal -4.4048340272580975e-25 1.4900287353117595e-08 0.9999999999999999
  outer loop
    vertex 3708.722569888107 144.27673569713647 -4.756445693140126
    vertex 3708.810866778366 138.2301274875265 -4.756445603043925
    vertex 3709.0085386686246 144.6524209121328 -4.756445698737942
  endloop
endfacet
facet normal -4.4048340272580975e-25 1.4900287353117595e-08 0.9999999999999999
  outer loop
    vertex 3709.0085386686246 144.6524209121328 -4.756445698737942
    vertex 3708.810866778366 138.2301274875265 -4.756445603043925
    vertex 3708.9692615919034 138.23871544395502 -4.756445603171884
  endloop
endfacet
facet normal -4.4048340272580975e-25 1.4900287353117595e-08 0.9999999999999999
  outer loop
    vertex 3709.0085386686246 144.6524209121328 -4.756445698737942
    vertex 3708.9692615919034 138.23871544395502 -4.756445603171884
    vertex 3709.127656405441 138.2301274875265 -4.756445603043925
  endloop
endfacet
facet normal -4.4048340272580975e-25 1.4900287353117595e-08 0.9999999999999999
  outer loop
    vertex 3709.0085386686246 144.6524209121328 -4.756445698737942
    vertex 3709.127656405441 138.2301274875265 -4.756445603043925
    vertex 3709.3082737379 145.01721707378442 -4.75644570417351
  endloop
endfacet
facet normal -4.4048340272580975e-25 1.4900287353117595e-08 0.9999999999999999
  outer loop
    vertex 3709.3082737379 145.01721707378442 -4.75644570417351
    vertex 3709.127656405441 138.2301274875265 -4.756445603043925
    vertex 3709.2841934614103 138.20446446929986 -4.756445602661535
  endloop
endfacet
facet normal -4.4048340272580975e-25 1.4900287353117595e-08 0.9999999999999999
  outer loop
    vertex 3709.3082737379 145.01721707378442 -4.75644570417351
    vertex 3709.2841934614103 138.20446446929986 -4.756445602661535
    vertex 3709.437037890426 138.16202727352197 -4.756445602029208
  endloop
endfacet
facet normal -4.4048340272580975e-25 1.4900287353117595e-08 0.9999999999999999
  outer loop
    vertex 3709.3082737379 145.01721707378442 -4.75644570417351
    vertex 3709.437037890426 138.16202727352197 -4.756445602029208
    vertex 3709.6213612012784 145.37061921154077 -4.756445709439304
  endloop
endfacet
facet normal -4.4048340272580975e-25 1.4900287353117595e-08 0.9999999999999999
  outer loop
    vertex 3709.6213612012784 145.37061921154077 -4.756445709439304
    vertex 3709.437037890426 138.16202727352197 -4.756445602029208
    vertex 3709.5843986921236 138.1033133605581 -4.756445601154359
  endloop
endfacet
facet normal -4.4048340272580975e-25 1.4900287353117595e-08 0.9999999999999999
  outer loop
    vertex 3709.6213612012784 145.37061921154077 -4.756445709439304
    vertex 3709.5843986921236 138.1033133605581 -4.756445601154359
    vertex 3709.724547808639 138.02901116405542 -4.756445600047234
  endloop
endfacet
facet normal -4.4048340272580975e-25 1.4900287353117595e-08 0.9999999999999999
  outer loop
    vertex 3709.6213612012784 145.37061921154077 -4.756445709439304
    vertex 3709.724547808639 138.02901116405542 -4.756445600047234
    vertex 3709.9473680906217 145.71214047466333 -4.756445714528069
  endloop
endfacet
facet normal -4.4048340272580975e-25 1.4900287353117595e-08 0.9999999999999999
  outer loop
    vertex 3709.9473680906217 145.71214047466333 -4.756445714528069
    vertex 3709.724547808639 138.02901116405542 -4.756445600047234
    vertex 3709.855842059128 137.93999174629266 -4.756445598720815
  endloop
endfacet
facet normal -4.4048340272580975e-25 1.4900287353117595e-08 0.9999999999999999
  outer loop
    vertex 3709.9473680906217 145.71214047466333 -4.756445714528069
    vertex 3709.855842059128 137.93999174629266 -4.756445598720815
    vertex 3709.976741259567 137.83729878459985 -4.756445597190665
  endloop
endfacet
facet normal -4.4048340272580975e-25 1.4900287353117595e-08 0.9999999999999999
  outer loop
    vertex 3709.9473680906217 145.71214047466333 -4.756445714528069
    vertex 3709.976741259567 137.83729878459985 -4.756445597190665
    vertex 3710.2858442716515 146.04130784069116 -4.756445719432757
  endloop
endfacet
facet normal -4.4048340272580975e-25 1.4900287353117595e-08 0.9999999999999999
  outer loop
    vertex 3710.2858442716515 146.04130784069116 -4.756445719432757
    vertex 3709.976741259567 137.83729878459985 -4.756445597190665
    vertex 3710.0858292035973 137.72213629280145 -4.756445595474707
  endloop
endfacet
facet normal -4.4048340272580975e-25 1.4900287353117595e-08 0.9999999999999999
  outer loop
    vertex 3710.2858442716515 146.04130784069116 -4.756445719432757
    vertex 3710.0858292035973 137.72213629280145 -4.756445595474707
    vertex 3710.1818260602868 137.59585443531094 -4.75644559359307
  endloop
endfacet
facet normal -4.4048340272580975e-25 1.4900287353117595e-08 0.9999999999999999
  outer loop
    vertex 3710.2858442716515 146.04130784069116 -4.756445719432757
    vertex 3710.1818260602868 137.59585443531094 -4.75644559359307
    vertex 3710.263606493942 137.45993379150445 -4.756445591567818
  endloop
endfacet
facet normal -4.4048340272580975e-25 1.4900287353117595e-08 0.9999999999999999
  outer loop
    vertex 3710.2858442716515 146.04130784069116 -4.756445719432757
    vertex 3710.263606493942 137.45993379150445 -4.756445591567818
    vertex 3710.3302120618737 137.3159678319555 -4.756445589422683
  endloop
endfacet
facet normal -4.4048340272580975e-25 1.4900287353117595e-08 0.9999999999999999
  outer loop
    vertex 3710.2858442716515 146.04130784069116 -4.756445719432757
    vertex 3710.3302120618737 137.3159678319555 -4.756445589422683
    vertex 3710.6363224439538 146.35766640697534 -4.756445724146591
  endloop
endfacet
facet normal -4.4048340272580975e-25 1.4900287353117595e-08 0.9999999999999999
  outer loop
    vertex 3710.6363224439538 146.35766640697534 -4.756445724146591
    vertex 3710.3302120618737 137.3159678319555 -4.756445589422683
    vertex 3710.380862658493 137.1656444409948 -4.756445587182818
  endloop
endfacet
facet normal -4.4048340272580975e-25 1.4900287353117595e-08 0.9999999999999999
  outer loop
    vertex 3710.6363224439538 146.35766640697534 -4.756445724146591
    vertex 3710.380862658493 137.1656444409948 -4.756445587182818
    vertex 3710.4149622373507 137.01072603856142 -4.7564455848744895
  endloop
endfacet
facet normal -4.4048340272580975e-25 1.4900287353117595e-08 0.9999999999999999
  outer loop
    vertex 3710.6363224439538 146.35766640697534 -4.756445724146591
    vertex 3710.4149622373507 137.01072603856142 -4.7564455848744895
    vertex 3710.4321131162565 136.85302891229207 -4.756445582524761
  endloop
endfacet
facet normal -4.4048340272580975e-25 1.4900287353117595e-08 0.9999999999999999
  outer loop
    vertex 3710.6363224439538 146.35766640697534 -4.756445724146591
    vertex 3710.4321131162565 136.85302891229207 -4.756445582524761
    vertex 3710.6363224439538 127.18976441417749 -4.756445438539339
  endloop
endfacet
facet normal -4.4048340272580975e-25 1.4900287353117595e-08 0.9999999999999999
  outer loop
    vertex 3710.6363224439538 146.35766640697534 -4.756445724146591
    vertex 3710.6363224439538 127.18976441417749 -4.756445438539339
    vertex 3710.9983162336266 126.88665143047388 -4.756445434022872
  endloop
endfacet
facet normal -4.4048340272580975e-25 1.4900287353117595e-08 0.9999999999999999
  outer loop
    vertex 3710.6363224439538 146.35766640697534 -4.756445724146591
    vertex 3710.9983162336266 126.88665143047388 -4.756445434022872
    vertex 3710.9983162336266 146.66077939067895 -4.756445728663057
  endloop
endfacet
facet normal -4.4048340272580975e-25 1.4900287353117595e-08 0.9999999999999999
  outer loop
    vertex 3710.9983162336266 146.66077939067895 -4.756445728663057
    vertex 3710.9983162336266 126.88665143047388 -4.756445434022872
    vertex 3711.37132734584 126.59720364605005 -4.756445429710013
  endloop
endfacet
facet normal -4.4048340272580975e-25 1.4900287353117595e-08 0.9999999999999999
  outer loop
    vertex 3710.9983162336266 146.66077939067895 -4.756445728663057
    vertex 3711.37132734584 126.59720364605005 -4.756445429710013
    vertex 3711.37132734584 146.95022717510278 -4.7564457329759176
  endloop
endfacet
facet normal -4.4048340272580975e-25 1.4900287353117595e-08 0.9999999999999999
  outer loop
    vertex 3711.37132734584 146.95022717510278 -4.7564457329759176
    vertex 3711.37132734584 126.59720364605005 -4.756445429710013
    vertex 3711.7548393659517 126.32182065044458 -4.756445425606728
  endloop
endfacet
facet normal -4.4048340272580975e-25 1.4900287353117595e-08 0.9999999999999999
  outer loop
    vertex 3711.37132734584 146.95022717510278 -4.7564457329759176
    vertex 3711.7548393659517 126.32182065044458 -4.756445425606728
    vertex 3711.7548393659517 147.22561017070825 -4.756445737079202
  endloop
endfacet
facet normal -4.4048340272580975e-25 1.4900287353117595e-08 0.9999999999999999
  outer loop
    vertex 3711.7548393659517 147.22561017070825 -4.756445737079202
    vertex 3711.7548393659517 126.32182065044458 -4.756445425606728
    vertex 3712.1483220510404 126.06088295970973 -4.756445421718685
  endloop
endfacet
facet normal -4.4048340272580975e-25 1.4900287353117595e-08 0.9999999999999999
  outer loop
    vertex 3711.7548393659517 147.22561017070825 -4.756445737079202
    vertex 3712.1483220510404 126.06088295970973 -4.756445421718685
    vertex 3712.1483220510404 147.4865478614431 -4.756445740967248
  endloop
endfacet
facet normal -4.4048340272580975e-25 1.4900287353117595e-08 0.9999999999999999
  outer loop
    vertex 3712.1483220510404 147.4865478614431 -4.756445740967248
    vertex 3712.1483220510404 126.06088295970973 -4.756445421718685
    vertex 3712.551232283585 125.81475106273706 -4.756445418051245
  endloop
endfacet
facet normal -4.4048340272580975e-25 1.4900287353117595e-08 0.9999999999999999
  outer loop
    vertex 3712.1483220510404 147.4865478614431 -4.756445740967248
    vertex 3712.551232283585 125.81475106273706 -4.756445418051245
    vertex 3712.551232283585 147.73267975841577 -4.756445744634685
  endloop
endfacet
facet normal -4.4048340272580975e-25 1.4900287353117595e-08 0.9999999999999999
  outer loop
    vertex 3712.551232283585 147.73267975841577 -4.756445744634685
    vertex 3712.551232283585 125.81475106273706 -4.756445418051245
    vertex 3712.9630126409447 125.58376542125758 -4.756445414609493
  endloop
endfacet
facet normal -4.4048340272580975e-25 1.4900287353117595e-08 0.9999999999999999
  outer loop
    vertex 3712.551232283585 147.73267975841577 -4.756445744634685
    vertex 3712.9630126409447 125.58376542125758 -4.756445414609493
    vertex 3712.9630126409447 147.96366539989526 -4.7564457480764375
  endloop
endfacet
facet normal -4.4048340272580975e-25 1.4900287353117595e-08 0.9999999999999999
  outer loop
    vertex 3712.9630126409447 147.96366539989526 -4.7564457480764375
    vertex 3712.9630126409447 125.58376542125758 -4.756445414609493
    vertex 3713.383094256393 125.36824551616725 -4.756445411398189
  endloop
endfacet
facet normal -4.4048340272580975e-25 1.4900287353117595e-08 0.9999999999999999
  outer loop
    vertex 3712.9630126409447 147.96366539989526 -4.7564457480764375
    vertex 3713.383094256393 125.36824551616725 -4.756445411398189
    vertex 3713.383094256393 148.1791853049856 -4.756445751287742
  endloop
endfacet
facet normal -4.4048340272580975e-25 1.4900287353117595e-08 0.9999999999999999
  outer loop
    vertex 3713.383094256393 148.1791853049856 -4.756445751287742
    vertex 3713.383094256393 125.36824551616725 -4.756445411398189
    vertex 3713.8108963422696 125.16848984752711 -4.756445408421767
  endloop
endfacet
facet normal -4.4048340272580975e-25 1.4900287353117595e-08 0.9999999999999999
  outer loop
    vertex 3713.383094256393 148.1791853049856 -4.756445751287742
    vertex 3713.8108963422696 125.16848984752711 -4.756445408421767
    vertex 3713.8108963422696 148.37894097362573 -4.7564457542641625
  endloop
endfacet
facet normal -4.4048340272580975e-25 1.4900287353117595e-08 0.9999999999999999
  outer loop
    vertex 3713.8108963422696 148.37894097362573 -4.7564457542641625
    vertex 3713.8108963422696 125.16848984752711 -4.756445408421767
    vertex 3714.2458276204984 124.98477211986598 -4.756445405684325
  endloop
endfacet
facet normal -4.4048340272580975e-25 1.4900287353117595e-08 0.9999999999999999
  outer loop
    vertex 3713.8108963422696 148.37894097362573 -4.7564457542641625
    vertex 3714.2458276204984 124.98477211986598 -4.756445405684325
    vertex 3714.2458276204984 148.56265870128686 -4.756445757001606
  endloop
endfacet
facet normal -4.4048340272580975e-25 1.4900287353117595e-08 0.9999999999999999
  outer loop
    vertex 3714.2458276204984 148.56265870128686 -4.756445757001606
    vertex 3714.2458276204984 124.98477211986598 -4.756445405684325
    vertex 3714.68728727626 124.81734887157496 -4.756445403189667
  endloop
endfacet
facet normal -4.4048340272580975e-25 1.4900287353117595e-08 0.9999999999999999
  outer loop
    vertex 3714.2458276204984 148.56265870128686 -4.756445757001606
    vertex 3714.68728727626 124.81734887157496 -4.756445403189667
    vertex 3714.68728727626 148.73008194957788 -4.7564457594962635
  endloop
endfacet
facet normal -4.4048340272580975e-25 1.4900287353117595e-08 0.9999999999999999
  outer loop
    vertex 3714.68728727626 148.73008194957788 -4.7564457594962635
    vertex 3714.68728727626 124.81734887157496 -4.756445403189667
    vertex 3715.134665196411 124.6664499381643 -4.756445400941228
  endloop
endfacet
facet normal -4.4048340272580975e-25 1.4900287353117595e-08 0.9999999999999999
  outer loop
    vertex 3714.68728727626 148.73008194957788 -4.7564457594962635
    vertex 3715.134665196411 124.6664499381643 -4.756445400941228
    vertex 3715.121457999222 136.64368495737133 -4.756445579405475
  endloop
endfacet
facet normal -4.4048340272580975e-25 1.4900287353117595e-08 0.9999999999999999
  outer loop
    vertex 3715.121457999222 136.64368495737133 -4.756445579405475
    vertex 3715.134665196411 124.6664499381643 -4.756445400941228
    vertex 3715.1390146665494 136.38421738539753 -4.756445575539337
  endloop
endfacet
facet normal -4.4048340272580975e-25 1.4900287353117595e-08 0.9999999999999999
  outer loop
    vertex 3715.1390146665494 136.38421738539753 -4.756445575539337
    vertex 3715.134665196411 124.6664499381643 -4.756445400941228
    vertex 3715.587342684738 124.53228512798364 -4.756445398942134
  endloop
endfacet
facet normal -4.4048340272580975e-25 1.4900287353117595e-08 0.9999999999999999
  outer loop
    vertex 3715.1390146665494 136.38421738539753 -4.756445575539337
    vertex 3715.587342684738 124.53228512798364 -4.756445398942134
    vertex 3715.174047892562 136.12652698551236 -4.756445571699676
  endloop
endfacet
facet normal -4.4048340272580975e-25 1.4900287353117595e-08 0.9999999999999999
  outer loop
    vertex 3715.174047892562 136.12652698551236 -4.756445571699676
    vertex 3715.587342684738 124.53228512798364 -4.756445398942134
    vertex 3715.226397698394 135.87178954874096 -4.756445567904016
  endloop
endfacet
facet normal -4.4048340272580975e-25 1.4900287353117595e-08 0.9999999999999999
  outer loop
    vertex 3715.226397698394 135.87178954874096 -4.756445567904016
    vertex 3715.587342684738 124.53228512798364 -4.756445398942134
    vertex 3715.2958254270475 135.62116733585415 -4.756445564169672
  endloop
endfacet
facet normal -4.4048340272580975e-25 1.4900287353117595e-08 0.9999999999999999
  outer loop
    vertex 3715.2958254270475 135.62116733585415 -4.756445564169672
    vertex 3715.587342684738 124.53228512798364 -4.756445398942134
    vertex 3715.3820142202294 135.37580410038052 -4.75644556051369
  endloop
endfacet
facet normal -4.4048340272580975e-25 1.4900287353117595e-08 0.9999999999999999
  outer loop
    vertex 3715.3820142202294 135.37580410038052 -4.75644556051369
    vertex 3715.587342684738 124.53228512798364 -4.756445398942134
    vertex 3715.484570687286 135.136819038735 -4.756445556952744
  endloop
endfacet
facet normal -4.4048340272580975e-25 1.4900287353117595e-08 0.9999999999999999
  outer loop
    vertex 3715.484570687286 135.136819038735 -4.756445556952744
    vertex 3715.587342684738 124.53228512798364 -4.756445398942134
    vertex 3715.603027050964 134.90530279670773 -4.7564455535030845
  endloop
endfacet
facet normal -4.4048340272580975e-25 1.4900287353117595e-08 0.9999999999999999
  outer loop
    vertex 3715.603027050964 134.90530279670773 -4.7564455535030845
    vertex 3715.587342684738 124.53228512798364 -4.756445398942134
    vertex 3716.044694369308 124.41503850017604 -4.756445397195125
  endloop
endfacet
facet normal -4.4048340272580975e-25 1.4900287353117595e-08 0.9999999999999999
  outer loop
    vertex 3715.603027050964 134.90530279670773 -4.7564455535030845
    vertex 3716.044694369308 124.41503850017604 -4.756445397195125
    vertex 3715.736842816345 134.68231168781338 -4.7564455501804535
  endloop
endfacet
facet normal -4.4048340272580975e-25 1.4900287353117595e-08 0.9999999999999999
  outer loop
    vertex 3715.736842816345 134.68231168781338 -4.7564455501804535
    vertex 3716.044694369308 124.41503850017604 -4.756445397195125
    vertex 3715.8854073934476 134.46886340175686 -4.7564455470000135
  endloop
endfacet
facet normal -4.4048340272580975e-25 1.4900287353117595e-08 0.9999999999999999
  outer loop
    vertex 3715.8854073934476 134.46886340175686 -4.7564455470000135
    vertex 3716.044694369308 124.41503850017604 -4.756445397195125
    vertex 3716.0480427198336 134.26593128238736 -4.756445543976262
  endloop
endfacet
facet normal -4.4048340272580975e-25 1.4900287353117595e-08 0.9999999999999999
  outer loop
    vertex 3716.0480427198336 134.26593128238736 -4.756445543976262
    vertex 3716.044694369308 124.41503850017604 -4.756445397195125
    vertex 3716.50608796405 124.31487217937526 -4.7564453957026185
  endloop
endfacet
facet normal -4.4048340272580975e-25 1.4900287353117595e-08 0.9999999999999999
  outer loop
    vertex 3716.0480427198336 134.26593128238736 -4.756445543976262
    vertex 3716.50608796405 124.31487217937526 -4.7564453957026185
    vertex 3716.224007075302 134.07444182430325 -4.756445541123014
  endloop
endfacet
facet normal -4.4048340272580975e-25 1.4900287353117595e-08 0.9999999999999999
  outer loop
    vertex 3716.224007075302 134.07444182430325 -4.756445541123014
    vertex 3716.50608796405 124.31487217937526 -4.7564453957026185
    vertex 3716.41249746608 133.89526859317837 -4.756445538453281
  endloop
endfacet
facet normal -4.4048340272580975e-25 1.4900287353117595e-08 0.9999999999999999
  outer loop
    vertex 3716.41249746608 133.89526859317837 -4.756445538453281
    vertex 3716.50608796405 124.31487217937526 -4.7564453957026185
    vertex 3716.612653677932 133.72922888790188 -4.756445535979246
  endloop
endfacet
facet normal -4.4048340272580975e-25 1.4900287353117595e-08 0.9999999999999999
  outer loop
    vertex 3716.612653677932 133.72922888790188 -4.756445535979246
    vertex 3716.50608796405 124.31487217937526 -4.7564453957026185
    vertex 3716.9708858184736 124.23192540203151 -4.7564453944666925
  endloop
endfacet
facet normal -4.4048340272580975e-25 1.4900287353117595e-08 0.9999999999999999
  outer loop
    vertex 3716.612653677932 133.72922888790188 -4.756445535979246
    vertex 3716.9708858184736 124.23192540203151 -4.7564453944666925
    vertex 3716.8235623292844 133.57708040271817 -4.75644553371219
  endloop
endfacet
facet normal -4.4048340272580975e-25 1.4900287353117595e-08 0.9999999999999999
  outer loop
    vertex 3716.8235623292844 133.57708040271817 -4.75644553371219
    vertex 3716.9708858184736 124.23192540203151 -4.7564453944666925
    vertex 3717.0442616395867 133.43951765094815 -4.756445531662461
  endloop
endfacet
facet normal -4.4048340272580975e-25 1.4900287353117595e-08 0.9999999999999999
  outer loop
    vertex 3717.0442616395867 133.43951765094815 -4.756445531662461
    vertex 3716.9708858184736 124.23192540203151 -4.7564453944666925
    vertex 3717.438445752136 124.16631260906274 -4.756445393489038
  endloop
endfacet
facet normal -4.4048340272580975e-25 1.4900287353117595e-08 0.9999999999999999
  outer loop
    vertex 3717.0442616395867 133.43951765094815 -4.756445531662461
    vertex 3717.438445752136 124.16631260906274 -4.756445393489038
    vertex 3717.2737440519254 133.3171679118734 -4.756445529839414
  endloop
endfacet
facet normal -4.4048340272580975e-25 1.4900287353117595e-08 0.9999999999999999
  outer loop
    vertex 3717.2737440519254 133.3171679118734 -4.756445529839414
    vertex 3717.438445752136 124.16631260906274 -4.756445393489038
    vertex 3717.510962908737 133.21058980022488 -4.75644552825137
  endloop
endfacet
facet normal -4.4048340272580975e-25 1.4900287353117595e-08 0.9999999999999999
  outer loop
    vertex 3717.510962908737 133.21058980022488 -4.75644552825137
    vertex 3717.438445752136 124.16631260906274 -4.756445393489038
    vertex 3717.504261558525 126.77371541057643 -4.756445432340094
  endloop
endfacet
facet normal -4.4048340272580975e-25 1.4900287353117595e-08 0.9999999999999999
  outer loop
    vertex 3717.510962908737 133.21058980022488 -4.75644552825137
    vertex 3717.504261558525 126.77371541057643 -4.756445432340094
    vertex 3717.512849514953 126.93211022411403 -4.756445434700217
  endloop
endfacet
facet normal -4.4048340272580975e-25 1.4900287353117595e-08 0.9999999999999999
  outer loop
    vertex 3717.510962908737 133.21058980022488 -4.75644552825137
    vertex 3717.512849514953 126.93211022411403 -4.756445434700217
    vertex 3717.754835551254 133.12026921306668 -4.756445526905572
  endloop
endfacet
facet normal -4.4048340272580975e-25 1.4900287353117595e-08 0.9999999999999999
  outer loop
    vertex 3717.754835551254 133.12026921306668 -4.756445526905572
    vertex 3717.512849514953 126.93211022411403 -4.756445434700217
    vertex 3717.53851253318 127.08864728008326 -4.756445437032665
  endloop
endfacet
facet normal -4.4048340272580975e-25 1.4900287353117595e-08 0.9999999999999999
  outer loop
    vertex 3717.754835551254 133.12026921306668 -4.756445526905572
    vertex 3717.53851253318 127.08864728008326 -4.756445437032665
    vertex 3717.580949728958 127.24149170909938 -4.756445439310095
  endloop
endfacet
facet normal -4.4048340272580975e-25 1.4900287353117595e-08 0.9999999999999999
  outer loop
    vertex 3717.754835551254 133.12026921306668 -4.756445526905572
    vertex 3717.580949728958 127.24149170909938 -4.756445439310095
    vertex 3717.639663641922 127.38885251079616 -4.756445441505809
  endloop
endfacet
facet normal -4.4048340272580975e-25 1.4900287353117595e-08 0.9999999999999999
  outer loop
    vertex 3717.754835551254 133.12026921306668 -4.756445526905572
    vertex 3717.639663641922 127.38885251079616 -4.756445441505809
    vertex 3717.7139658384244 127.52900162731225 -4.7564454435940755
  endloop
endfacet
facet normal -4.4048340272580975e-25 1.4900287353117595e-08 0.9999999999999999
  outer loop
    vertex 3717.754835551254 133.12026921306668 -4.756445526905572
    vertex 3717.7139658384244 127.52900162731225 -4.7564454435940755
    vertex 3717.802985256187 127.66029587780054 -4.756445445550393
  endloop
endfacet
facet normal -4.4048340272580975e-25 1.4900287353117595e-08 0.9999999999999999
  outer loop
    vertex 3717.754835551254 133.12026921306668 -4.756445526905572
    vertex 3717.802985256187 127.66029587780054 -4.756445445550393
    vertex 3718.0042493395727 133.04661861454068 -4.756445525808156
  endloop
endfacet
facet normal -4.4048340272580975e-25 1.4900287353117595e-08 0.9999999999999999
  outer loop
    vertex 3718.0042493395727 133.04661861454068 -4.756445525808156
    vertex 3717.802985256187 127.66029587780054 -4.756445445550393
    vertex 3717.9056782178804 127.78119507823999 -4.7564454473518305
  endloop
endfacet
facet normal -4.4048340272580975e-25 1.4900287353117595e-08 0.9999999999999999
  outer loop
    vertex 3718.0042493395727 133.04661861454068 -4.756445525808156
    vertex 3717.9056782178804 127.78119507823999 -4.7564454473518305
    vertex 3718.020840709678 127.89028302227076 -4.756445448977267
  endloop
endfacet
facet normal -4.4048340272580975e-25 1.4900287353117595e-08 0.9999999999999999
  outer loop
    vertex 3718.0042493395727 133.04661861454068 -4.756445525808156
    vertex 3718.020840709678 127.89028302227076 -4.756445448977267
    vertex 3718.258066301815 132.98997369800625 -4.756445524964127
  endloop
endfacet
facet normal -4.4048340272580975e-25 1.4900287353117595e-08 0.9999999999999999
  outer loop
    vertex 3718.258066301815 132.98997369800625 -4.756445524964127
    vertex 3718.020840709678 127.89028302227076 -4.756445448977267
    vertex 3718.1471225671685 127.98627987896022 -4.756445450407654
  endloop
endfacet
facet normal -4.4048340272580975e-25 1.4900287353117595e-08 0.9999999999999999
  outer loop
    vertex 3718.258066301815 132.98997369800625 -4.756445524964127
    vertex 3718.1471225671685 127.98627987896022 -4.756445450407654
    vertex 3718.2830432109754 128.068060312615 -4.756445451626201
  endloop
endfacet
facet normal -4.4048340272580975e-25 1.4900287353117595e-08 0.9999999999999999
  outer loop
    vertex 3718.258066301815 132.98997369800625 -4.756445524964127
    vertex 3718.2830432109754 128.068060312615 -4.756445451626201
    vertex 3718.5151282303254 132.9505933860403 -4.756445524377353
  endloop
endfacet
facet normal -4.4048340272580975e-25 1.4900287353117595e-08 0.9999999999999999
  outer loop
    vertex 3718.5151282303254 132.9505933860403 -4.756445524377353
    vertex 3718.2830432109754 128.068060312615 -4.756445451626201
    vertex 3718.427009170525 128.13466588054712 -4.756445452618642
  endloop
endfacet
facet normal -4.4048340272580975e-25 1.4900287353117595e-08 0.9999999999999999
  outer loop
    vertex 3718.5151282303254 132.9505933860403 -4.756445524377353
    vertex 3718.427009170525 128.13466588054712 -4.756445452618642
    vertex 3718.577332561485 128.18531647716577 -4.756445453373356
  endloop
endfacet
facet normal -4.4048340272580975e-25 1.4900287353117595e-08 0.9999999999999999
  outer loop
    vertex 3718.5151282303254 132.9505933860403 -4.756445524377353
    vertex 3718.577332561485 128.18531647716577 -4.756445453373356
    vertex 3718.77426228451 132.92865696941433 -4.756445524050494
  endloop
endfacet
facet normal -4.4048340272580975e-25 1.4900287353117595e-08 0.9999999999999999
  outer loop
    vertex 3718.77426228451 132.92865696941433 -4.756445524050494
    vertex 3718.577332561485 128.18531647716577 -4.756445453373356
    vertex 3718.7322509639184 128.21941605602322 -4.756445453881449
  endloop
endfacet
facet normal -4.4048340272580975e-25 1.4900287353117595e-08 0.9999999999999999
  outer loop
    vertex 3718.77426228451 132.92865696941433 -4.756445524050494
    vertex 3718.7322509639184 128.21941605602322 -4.756445453881449
    vertex 3718.8899480901878 128.23656693492944 -4.756445454136997
  endloop
endfacet
facet normal -4.4048340272580975e-25 1.4900287353117595e-08 0.9999999999999999
  outer loop
    vertex 3718.77426228451 132.92865696941433 -4.756445524050494
    vertex 3718.8899480901878 128.23656693492944 -4.756445454136997
    vertex 3719.0342860870282 132.92426458393155 -4.756445523985043
  endloop
endfacet
facet normal -4.4048340272580975e-25 1.4900287353117595e-08 0.9999999999999999
  outer loop
    vertex 3719.0342860870282 132.92426458393155 -4.756445523985043
    vertex 3718.8899480901878 128.23656693492944 -4.756445454136997
    vertex 3719.048575093619 128.23656693492944 -4.756445454136997
  endloop
endfacet
facet normal -4.4048340272580975e-25 1.4900287353117595e-08 0.9999999999999999
  outer loop
    vertex 3719.0342860870282 132.92426458393155 -4.756445523985043
    vertex 3719.048575093619 128.23656693492944 -4.756445454136997
    vertex 3719.2940132074277 132.93743649517117 -4.756445524181313
  endloop
endfacet
facet normal -4.4048340272580975e-25 1.4900287353117595e-08 0.9999999999999999
  outer loop
    vertex 3719.2940132074277 132.93743649517117 -4.756445524181313
    vertex 3719.048575093619 128.23656693492944 -4.756445454136997
    vertex 3719.2062722198884 128.21941605602322 -4.756445453881449
  endloop
endfacet
facet normal -4.4048340272580975e-25 1.4900287353117595e-08 0.9999999999999999
  outer loop
    vertex 3719.2940132074277 132.93743649517117 -4.756445524181313
    vertex 3719.2062722198884 128.21941605602322 -4.756445453881449
    vertex 3719.361190622322 128.18531647716577 -4.756445453373356
  endloop
endfacet
facet normal -4.4048340272580975e-25 1.4900287353117595e-08 0.9999999999999999
  outer loop
    vertex 3719.2940132074277 132.93743649517117 -4.756445524181313
    vertex 3719.361190622322 128.18531647716577 -4.756445453373356
    vertex 3719.5522585563585 132.9681123832327 -4.756445524638386
  endloop
endfacet
facet normal -4.4048340272580975e-25 1.4900287353117595e-08 0.9999999999999999
  outer loop
    vertex 3719.5522585563585 132.9681123832327 -4.756445524638386
    vertex 3719.361190622322 128.18531647716577 -4.756445453373356
    vertex 3719.511514013282 128.13466588054712 -4.756445452618642
  endloop
endfacet
facet normal -4.4048340272580975e-25 1.4900287353117595e-08 0.9999999999999999
  outer loop
    vertex 3719.5522585563585 132.9681123832327 -4.756445524638386
    vertex 3719.511514013282 128.13466588054712 -4.756445452618642
    vertex 3719.6554799728315 128.068060312615 -4.756445451626201
  endloop
endfacet
facet normal -4.4048340272580975e-25 1.4900287353117595e-08 0.9999999999999999
  outer loop
    vertex 3719.5522585563585 132.9681123832327 -4.756445524638386
    vertex 3719.6554799728315 128.068060312615 -4.756445451626201
    vertex 3719.807843809597 133.01615229641018 -4.756445525354196
  endloop
endfacet
facet normal -4.4048340272580975e-25 1.4900287353117595e-08 0.9999999999999999
  outer loop
    vertex 3719.807843809597 133.01615229641018 -4.756445525354196
    vertex 3719.6554799728315 128.068060312615 -4.756445451626201
    vertex 3719.7914006166384 127.98627987896022 -4.756445450407654
  endloop
endfacet
facet normal -4.4048340272580975e-25 1.4900287353117595e-08 0.9999999999999999
  outer loop
    vertex 3719.807843809597 133.01615229641018 -4.756445525354196
    vertex 3719.7914006166384 127.98627987896022 -4.756445450407654
    vertex 3719.917682474129 127.89028302227076 -4.756445448977267
  endloop
endfacet
facet normal -4.4048340272580975e-25 1.4900287353117595e-08 0.9999999999999999
  outer loop
    vertex 3719.807843809597 133.01615229641018 -4.756445525354196
    vertex 3719.917682474129 127.89028302227076 -4.756445448977267
    vertex 3720.0596028022683 133.08133736644803 -4.756445526325477
  endloop
endfacet
facet normal -4.4048340272580975e-25 1.4900287353117595e-08 0.9999999999999999
  outer loop
    vertex 3720.0596028022683 133.08133736644803 -4.756445526325477
    vertex 3719.917682474129 127.89028302227076 -4.756445448977267
    vertex 3720.0328449659264 127.78119507823999 -4.7564454473518305
  endloop
endfacet
facet normal -4.4048340272580975e-25 1.4900287353117595e-08 0.9999999999999999
  outer loop
    vertex 3720.0596028022683 133.08133736644803 -4.756445526325477
    vertex 3720.0328449659264 127.78119507823999 -4.7564454473518305
    vertex 3720.1355379276197 127.66029587780054 -4.756445445550393
  endloop
endfacet
facet normal -4.4048340272580975e-25 1.4900287353117595e-08 0.9999999999999999
  outer loop
    vertex 3720.0596028022683 133.08133736644803 -4.756445526325477
    vertex 3720.1355379276197 127.66029587780054 -4.756445445550393
    vertex 3720.3063867740548 133.16336980854092 -4.756445527547783
  endloop
endfacet
facet normal -4.4048340272580975e-25 1.4900287353117595e-08 0.9999999999999999
  outer loop
    vertex 3720.3063867740548 133.16336980854092 -4.756445527547783
    vertex 3720.1355379276197 127.66029587780054 -4.756445445550393
    vertex 3720.224557345382 127.52900162731225 -4.7564454435940755
  endloop
endfacet
facet normal -4.4048340272580975e-25 1.4900287353117595e-08 0.9999999999999999
  outer loop
    vertex 3720.3063867740548 133.16336980854092 -4.756445527547783
    vertex 3720.224557345382 127.52900162731225 -4.7564454435940755
    vertex 3720.2988595418847 127.38885251079616 -4.756445441505809
  endloop
endfacet
facet normal -4.4048340272580975e-25 1.4900287353117595e-08 0.9999999999999999
  outer loop
    vertex 3720.3063867740548 133.16336980854092 -4.756445527547783
    vertex 3720.2988595418847 127.38885251079616 -4.756445441505809
    vertex 3720.357573454849 127.24149170909938 -4.756445439310095
  endloop
endfacet
facet normal -4.4048340272580975e-25 1.4900287353117595e-08 0.9999999999999999
  outer loop
    vertex 3720.3063867740548 133.16336980854092 -4.756445527547783
    vertex 3720.357573454849 127.24149170909938 -4.756445439310095
    vertex 3720.5470698528206 133.26187530551968 -4.756445529015538
  endloop
endfacet
facet normal -4.4048340272580975e-25 1.4900287353117595e-08 0.9999999999999999
  outer loop
    vertex 3720.5470698528206 133.26187530551968 -4.756445529015538
    vertex 3720.357573454849 127.24149170909938 -4.756445439310095
    vertex 3720.400010650627 127.08864728008326 -4.756445437032665
  endloop
endfacet
facet normal -4.4048340272580975e-25 1.4900287353117595e-08 0.9999999999999999
  outer loop
    vertex 3720.5470698528206 133.26187530551968 -4.756445529015538
    vertex 3720.400010650627 127.08864728008326 -4.756445437032665
    vertex 3720.4256736688535 126.93211022411403 -4.756445434700217
  endloop
endfacet
facet normal -4.4048340272580975e-25 1.4900287353117595e-08 0.9999999999999999
  outer loop
    vertex 3720.5470698528206 133.26187530551968 -4.756445529015538
    vertex 3720.4256736688535 126.93211022411403 -4.756445434700217
    vertex 3720.4342616252816 126.77371541057643 -4.756445432340094
  endloop
endfacet
facet normal -4.4048340272580975e-25 1.4900287353117595e-08 0.9999999999999999
  outer loop
    vertex 3717.438445752136 149.3811182120901 -4.756445769196892
    vertex 3717.512849514953 146.932110224114 -4.756445732705965
    vertex 3717.90812141227 149.42930642162378 -4.756445769914909
  endloop
endfacet
facet normal -4.4048340272580975e-25 1.4900287353117595e-08 0.9999999999999999
  outer loop
    vertex 3717.512849514953 146.932110224114 -4.756445732705965
    vertex 3717.438445752136 149.3811182120901 -4.756445769196892
    vertex 3717.504261558525 146.77371541057641 -4.756445730345836
  endloop
endfacet
facet normal -4.4048340272580975e-25 1.4900287353117595e-08 0.9999999999999999
  outer loop
    vertex 3717.90812141227 149.42930642162378 -4.756445769914909
    vertex 3717.512849514953 146.932110224114 -4.756445732705965
    vertex 3717.53851253318 147.08864728008325 -4.756445735038415
  endloop
endfacet
facet normal -4.4048340272580975e-25 1.4900287353117595e-08 0.9999999999999999
  outer loop
    vertex 3717.90812141227 149.42930642162378 -4.756445769914909
    vertex 3717.53851253318 147.08864728008325 -4.756445735038415
    vertex 3717.580949728958 147.24149170909936 -4.756445737315837
  endloop
endfacet
facet normal -4.4048340272580975e-25 1.4900287353117595e-08 0.9999999999999999
  outer loop
    vertex 3717.90812141227 149.42930642162378 -4.756445769914909
    vertex 3717.580949728958 147.24149170909936 -4.756445737315837
    vertex 3717.639663641922 147.38885251079614 -4.756445739511556
  endloop
endfacet
facet normal -4.4048340272580975e-25 1.4900287353117595e-08 0.9999999999999999
  outer loop
    vertex 3717.90812141227 149.42930642162378 -4.756445769914909
    vertex 3717.639663641922 147.38885251079614 -4.756445739511556
    vertex 3717.7139658384244 147.52900162731225 -4.756445741599817
  endloop
endfacet
facet normal -4.4048340272580975e-25 1.4900287353117595e-08 0.9999999999999999
  outer loop
    vertex 3717.90812141227 149.42930642162378 -4.756445769914909
    vertex 3717.7139658384244 147.52900162731225 -4.756445741599817
    vertex 3717.802985256187 147.66029587780054 -4.756445743556144
  endloop
endfacet
facet normal -4.4048340272580975e-25 1.4900287353117595e-08 0.9999999999999999
  outer loop
    vertex 3717.90812141227 149.42930642162378 -4.756445769914909
    vertex 3717.802985256187 147.66029587780054 -4.756445743556144
    vertex 3717.9056782178804 147.78119507824 -4.756445745357578
  endloop
endfacet
facet normal -4.4048340272580975e-25 1.4900287353117595e-08 0.9999999999999999
  outer loop
    vertex 3717.90812141227 149.42930642162378 -4.756445769914909
    vertex 3717.9056782178804 147.78119507824 -4.756445745357578
    vertex 3718.020840709678 147.89028302227075 -4.756445746983015
  endloop
endfacet
facet normal -4.4048340272580975e-25 1.4900287353117595e-08 0.9999999999999999
  outer loop
    vertex 3717.90812141227 149.42930642162378 -4.756445769914909
    vertex 3718.020840709678 147.89028302227075 -4.756445746983015
    vertex 3718.3792635850823 149.46000329052026 -4.756445770372302
  endloop
endfacet
facet normal -4.4048340272580975e-25 1.4900287353117595e-08 0.9999999999999999
  outer loop
    vertex 3718.3792635850823 149.46000329052026 -4.756445770372302
    vertex 3718.020840709678 147.89028302227075 -4.756445746983015
    vertex 3718.1471225671685 147.9862798789602 -4.756445748413395
  endloop
endfacet
facet normal -4.4048340272580975e-25 1.4900287353117595e-08 0.9999999999999999
  outer loop
    vertex 3718.3792635850823 149.46000329052026 -4.756445770372302
    vertex 3718.1471225671685 147.9862798789602 -4.756445748413395
    vertex 3718.2830432109754 148.068060312615 -4.756445749631948
  endloop
endfacet
facet normal -4.4048340272580975e-25 1.4900287353117595e-08 0.9999999999999999
  outer loop
    vertex 3718.3792635850823 149.46000329052026 -4.756445770372302
    vertex 3718.2830432109754 148.068060312615 -4.756445749631948
    vertex 3718.427009170525 148.13466588054712 -4.75644575062439
  endloop
endfacet
facet normal -4.4048340272580975e-25 1.4900287353117595e-08 0.9999999999999999
  outer loop
    vertex 3718.3792635850823 149.46000329052026 -4.756445770372302
    vertex 3718.427009170525 148.13466588054712 -4.75644575062439
    vertex 3718.8512212015903 149.47316685710962 -4.756445770568442
  endloop
endfacet
facet normal -4.4048340272580975e-25 1.4900287353117595e-08 0.9999999999999999
  outer loop
    vertex 3718.8512212015903 149.47316685710962 -4.756445770568442
    vertex 3718.427009170525 148.13466588054712 -4.75644575062439
    vertex 3718.577332561485 148.18531647716577 -4.756445751379097
  endloop
endfacet
facet normal -4.4048340272580975e-25 1.4900287353117595e-08 0.9999999999999999
  outer loop
    vertex 3718.8512212015903 149.47316685710962 -4.756445770568442
    vertex 3718.577332561485 148.18531647716577 -4.756445751379097
    vertex 3718.7322509639184 148.2194160560232 -4.756445751887196
  endloop
endfacet
facet normal -4.4048340272580975e-25 1.4900287353117595e-08 0.9999999999999999
  outer loop
    vertex 3718.8512212015903 149.47316685710962 -4.756445770568442
    vertex 3718.7322509639184 148.2194160560232 -4.756445751887196
    vertex 3718.8899480901878 148.23656693492944 -4.756445752142744
  endloop
endfacet
facet normal -4.4048340272580975e-25 1.4900287353117595e-08 0.9999999999999999
  outer loop
    vertex 3718.8512212015903 149.47316685710962 -4.756445770568442
    vertex 3718.8899480901878 148.23656693492944 -4.756445752142744
    vertex 3719.323341970912 149.46877804790552 -4.756445770503044
  endloop
endfacet
facet normal -4.4048340272580975e-25 1.4900287353117595e-08 0.9999999999999999
  outer loop
    vertex 3719.323341970912 149.46877804790552 -4.756445770503044
    vertex 3718.8899480901878 148.23656693492944 -4.756445752142744
    vertex 3719.048575093619 148.23656693492944 -4.756445752142744
  endloop
endfacet
facet normal -4.4048340272580975e-25 1.4900287353117595e-08 0.9999999999999999
  outer loop
    vertex 3719.323341970912 149.46877804790552 -4.756445770503044
    vertex 3719.048575093619 148.23656693492944 -4.756445752142744
    vertex 3719.2062722198884 148.2194160560232 -4.756445751887196
  endloop
endfacet
facet normal -4.4048340272580975e-25 1.4900287353117595e-08 0.9999999999999999
  outer loop
    vertex 3719.323341970912 149.46877804790552 -4.756445770503044
    vertex 3719.2062722198884 148.2194160560232 -4.756445751887196
    vertex 3719.361190622322 148.18531647716577 -4.756445751379097
  endloop
endfacet
facet normal -4.4048340272580975e-25 1.4900287353117595e-08 0.9999999999999999
  outer loop
    vertex 3719.323341970912 149.46877804790552 -4.756445770503044
    vertex 3719.361190622322 148.18531647716577 -4.756445751379097
    vertex 3719.79497337865 149.4468444923025 -4.756445770176232
  endloop
endfacet
facet normal -4.4048340272580975e-25 1.4900287353117595e-08 0.9999999999999999
  outer loop
    vertex 3719.79497337865 149.4468444923025 -4.756445770176232
    vertex 3719.361190622322 148.18531647716577 -4.756445751379097
    vertex 3719.511514013282 148.13466588054712 -4.75644575062439
  endloop
endfacet
facet normal -4.4048340272580975e-25 1.4900287353117595e-08 0.9999999999999999
  outer loop
    vertex 3719.79497337865 149.4468444923025 -4.756445770176232
    vertex 3719.511514013282 148.13466588054712 -4.75644575062439
    vertex 3719.6554799728315 148.068060312615 -4.756445749631948
  endloop
endfacet
facet normal -4.4048340272580975e-25 1.4900287353117595e-08 0.9999999999999999
  outer loop
    vertex 3719.79497337865 149.4468444923025 -4.756445770176232
    vertex 3719.6554799728315 148.068060312615 -4.756445749631948
    vertex 3719.7914006166384 147.9862798789602 -4.756445748413395
  endloop
endfacet
facet normal -4.4048340272580975e-25 1.4900287353117595e-08 0.9999999999999999
  outer loop
    vertex 3719.79497337865 149.4468444923025 -4.756445770176232
    vertex 3719.7914006166384 147.9862798789602 -4.756445748413395
    vertex 3719.917682474129 147.89028302227075 -4.756445746983015
  endloop
endfacet
facet normal -4.4048340272580975e-25 1.4900287353117595e-08 0.9999999999999999
  outer loop
    vertex 3719.79497337865 149.4468444923025 -4.756445770176232
    vertex 3719.917682474129 147.89028302227075 -4.756445746983015
    vertex 3720.2654635362546 149.40739480053003 -4.756445769588416
  endloop
endfacet
facet normal -4.4048340272580975e-25 1.4900287353117595e-08 0.9999999999999999
  outer loop
    vertex 3720.2654635362546 149.40739480053003 -4.756445769588416
    vertex 3719.917682474129 147.89028302227075 -4.756445746983015
    vertex 3720.0328449659264 147.78119507824 -4.756445745357578
  endloop
endfacet
facet normal -4.4048340272580975e-25 1.4900287353117595e-08 0.9999999999999999
  outer loop
    vertex 3720.2654635362546 149.40739480053003 -4.756445769588416
    vertex 3720.0328449659264 147.78119507824 -4.756445745357578
    vertex 3720.1355379276197 147.66029587780054 -4.756445743556144
  endloop
endfacet
facet normal -4.4048340272580975e-25 1.4900287353117595e-08 0.9999999999999999
  outer loop
    vertex 3720.2654635362546 149.40739480053003 -4.756445769588416
    vertex 3720.1355379276197 147.66029587780054 -4.756445743556144
    vertex 3720.224557345382 147.52900162731225 -4.756445741599817
  endloop
endfacet
facet normal -4.4048340272580975e-25 1.4900287353117595e-08 0.9999999999999999
  outer loop
    vertex 3720.2654635362546 149.40739480053003 -4.756445769588416
    vertex 3720.224557345382 147.52900162731225 -4.756445741599817
    vertex 3720.2988595418847 147.38885251079614 -4.756445739511556
  endloop
endfacet
facet normal -4.4048340272580975e-25 1.4900287353117595e-08 0.9999999999999999
  outer loop
    vertex 3720.2654635362546 149.40739480053003 -4.756445769588416
    vertex 3720.2988595418847 147.38885251079614 -4.756445739511556
    vertex 3720.73416227626 149.35048428569849 -4.7564457687404325
  endloop
endfacet
facet normal -4.4048340272580975e-25 1.4900287353117595e-08 0.9999999999999999
  outer loop
    vertex 3720.73416227626 149.35048428569849 -4.7564457687404325
    vertex 3720.2988595418847 147.38885251079614 -4.756445739511556
    vertex 3720.357573454849 147.24149170909936 -4.756445737315837
  endloop
endfacet
facet normal -4.4048340272580975e-25 1.4900287353117595e-08 0.9999999999999999
  outer loop
    vertex 3720.73416227626 149.35048428569849 -4.7564457687404325
    vertex 3720.357573454849 147.24149170909936 -4.756445737315837
    vertex 3720.400010650627 147.08864728008325 -4.756445735038415
  endloop
endfacet
facet normal -4.4048340272580975e-25 1.4900287353117595e-08 0.9999999999999999
  outer loop
    vertex 3720.73416227626 149.35048428569849 -4.7564457687404325
    vertex 3720.400010650627 147.08864728008325 -4.756445735038415
    vertex 3720.4256736688535 146.932110224114 -4.756445732705965
  endloop
endfacet
facet normal -4.4048340272580975e-25 1.4900287353117595e-08 0.9999999999999999
  outer loop
    vertex 3720.73416227626 149.35048428569849 -4.7564457687404325
    vertex 3720.4256736688535 146.932110224114 -4.756445732705965
    vertex 3720.4342616252816 146.77371541057641 -4.756445730345836
  endloop
endfacet
facet normal -4.4048340272580975e-25 1.4900287353117595e-08 0.9999999999999999
  outer loop
    vertex 3720.73416227626 149.35048428569849 -4.7564457687404325
    vertex 3720.4342616252816 146.77371541057641 -4.756445730345836
    vertex 3720.5470698528206 140.2855555156332 -4.756445633670397
  endloop
endfacet
facet normal -4.4048340272580975e-25 1.4900287353117595e-08 0.9999999999999999
  outer loop
    vertex 3720.73416227626 149.35048428569849 -4.7564457687404325
    vertex 3720.5470698528206 140.2855555156332 -4.756445633670397
    vertex 3720.7805536441724 140.1710261443716 -4.756445631963872
  endloop
endfacet
facet normal -4.4048340272580975e-25 1.4900287353117595e-08 0.9999999999999999
  outer loop
    vertex 3720.73416227626 149.35048428569849 -4.7564457687404325
    vertex 3720.7805536441724 140.1710261443716 -4.756445631963872
    vertex 3721.2004217557824 149.27619210277612 -4.7564457676334575
  endloop
endfacet
facet normal -4.4048340272580975e-25 1.4900287353117595e-08 0.9999999999999999
  outer loop
    vertex 3721.2004217557824 149.27619210277612 -4.7564457676334575
    vertex 3720.7805536441724 140.1710261443716 -4.756445631963872
    vertex 3721.005773013107 140.04099575077115 -4.756445630026386
  endloop
endfacet
facet normal -4.4048340272580975e-25 1.4900287353117595e-08 0.9999999999999999
  outer loop
    vertex 3721.2004217557824 149.27619210277612 -4.7564457676334575
    vertex 3721.005773013107 140.04099575077115 -4.756445630026386
    vertex 3721.221700137131 139.89605752025662 -4.756445627866765
  endloop
endfacet
facet normal -4.4048340272580975e-25 1.4900287353117595e-08 0.9999999999999999
  outer loop
    vertex 3721.2004217557824 149.27619210277612 -4.7564457676334575
    vertex 3721.221700137131 139.89605752025662 -4.756445627866765
    vertex 3721.6635975294034 149.1846202949148 -4.7564457662690165
  endloop
endfacet
facet normal -4.4048340272580975e-25 1.4900287353117595e-08 0.9999999999999999
  outer loop
    vertex 3721.6635975294034 149.1846202949148 -4.7564457662690165
    vertex 3721.221700137131 139.89605752025662 -4.756445627866765
    vertex 3721.4273499898836 139.73687258754788 -4.756445625494863
  endloop
endfacet
facet normal -4.4048340272580975e-25 1.4900287353117595e-08 0.9999999999999999
  outer loop
    vertex 3721.6635975294034 149.1846202949148 -4.7564457662690165
    vertex 3721.4273499898836 139.73687258754788 -4.756445625494863
    vertex 3721.6217841558378 139.56416765247403 -4.756445622921506
  endloop
endfacet
facet normal -4.4048340272580975e-25 1.4900287353117595e-08 0.9999999999999999
  outer loop
    vertex 3721.6635975294034 149.1846202949148 -4.7564457662690165
    vertex 3721.6217841558378 139.56416765247403 -4.756445622921506
    vertex 3721.804115479461 139.3787304500204 -4.756445620158443
  endloop
endfacet
facet normal -4.4048340272580975e-25 1.4900287353117595e-08 0.9999999999999999
  outer loop
    vertex 3721.6635975294034 149.1846202949148 -4.7564457662690165
    vertex 3721.804115479461 139.3787304500204 -4.756445620158443
    vertex 3722.1230496816556 149.07589474712427 -4.756445764648975
  endloop
endfacet
facet normal -4.4048340272580975e-25 1.4900287353117595e-08 0.9999999999999999
  outer loop
    vertex 3722.1230496816556 149.07589474712427 -4.756445764648975
    vertex 3721.804115479461 139.3787304500204 -4.756445620158443
    vertex 3721.973512118331 139.18140712772427 -4.756445617218264
  endloop
endfacet
facet normal -4.4048340272580975e-25 1.4900287353117595e-08 0.9999999999999999
  outer loop
    vertex 3722.1230496816556 149.07589474712427 -4.756445764648975
    vertex 3721.973512118331 139.18140712772427 -4.756445617218264
    vertex 3722.1292008809964 138.9730979541403 -4.756445614114398
  endloop
endfacet
facet normal -4.4048340272580975e-25 1.4900287353117595e-08 0.9999999999999999
  outer loop
    vertex 3722.1230496816556 149.07589474712427 -4.756445764648975
    vertex 3722.1292008809964 138.9730979541403 -4.756445614114398
    vertex 3722.5781428270266 148.95016709362085 -4.756445762775591
  endloop
endfacet
facet normal -4.4048340272580975e-25 1.4900287353117595e-08 0.9999999999999999
  outer loop
    vertex 3722.5781428270266 148.95016709362085 -4.756445762775591
    vertex 3722.1292008809964 138.9730979541403 -4.756445614114398
    vertex 3722.2704715185087 138.7547537425619 -4.756445610861011
  endloop
endfacet
facet normal -4.4048340272580975e-25 1.4900287353117595e-08 0.9999999999999999
  outer loop
    vertex 3722.5781428270266 148.95016709362085 -4.756445762775591
    vertex 3722.2704715185087 138.7547537425619 -4.756445610861011
    vertex 3722.396679585449 138.52737036739407 -4.756445607472928
  endloop
endfacet
facet normal -4.4048340272580975e-25 1.4900287353117595e-08 0.9999999999999999
  outer loop
    vertex 3722.5781428270266 148.95016709362085 -4.756445762775591
    vertex 3722.396679585449 138.52737036739407 -4.756445607472928
    vertex 3722.50724906253 138.29198542629297 -4.756445603965629
  endloop
endfacet
facet normal -4.4048340272580975e-25 1.4900287353117595e-08 0.9999999999999999
  outer loop
    vertex 3722.5781428270266 148.95016709362085 -4.756445762775591
    vertex 3722.50724906253 138.29198542629297 -4.756445603965629
    vertex 3722.601675694458 138.04967299495752 -4.7564456003551046
  endloop
endfacet
facet normal -4.4048340272580975e-25 1.4900287353117595e-08 0.9999999999999999
  outer loop
    vertex 3722.5781428270266 148.95016709362085 -4.756445762775591
    vertex 3722.601675694458 138.04967299495752 -4.7564456003551046
    vertex 3723.028248255722 148.8076099494558 -4.756445760651449
  endloop
endfacet
facet normal -4.4048340272580975e-25 1.4900287353117595e-08 0.9999999999999999
  outer loop
    vertex 3723.028248255722 148.8076099494558 -4.756445760651449
    vertex 3722.601675694458 138.04967299495752 -4.7564456003551046
    vertex 3722.67952842044 137.80153873954828 -4.756445596657832
  endloop
endfacet
facet normal -4.4048340272580975e-25 1.4900287353117595e-08 0.9999999999999999
  outer loop
    vertex 3723.028248255722 148.8076099494558 -4.756445760651449
    vertex 3722.67952842044 137.80153873954828 -4.756445596657832
    vertex 3722.740451758377 137.5487147310835 -4.756445592890678
  endloop
endfacet
facet normal -4.4048340272580975e-25 1.4900287353117595e-08 0.9999999999999999
  outer loop
    vertex 3723.028248255722 148.8076099494558 -4.756445760651449
    vertex 3722.740451758377 137.5487147310835 -4.756445592890678
    vertex 3722.78416842746 137.2923545578581 -4.756445589070842
  endloop
endfacet
facet normal -4.4048340272580975e-25 1.4900287353117595e-08 0.9999999999999999
  outer loop
    vertex 3723.028248255722 148.8076099494558 -4.756445760651449
    vertex 3722.78416842746 137.2923545578581 -4.756445589070842
    vertex 3722.8104781560824 137.03362793122346 -4.756445585215737
  endloop
endfacet
facet normal -4.4048340272580975e-25 1.4900287353117595e-08 0.9999999999999999
  outer loop
    vertex 3723.028248255722 148.8076099494558 -4.756445760651449
    vertex 3722.8104781560824 137.03362793122346 -4.756445585215737
    vertex 3722.819261496536 136.77371541057641 -4.75644558134297
  endloop
endfacet
facet normal -4.4048340272580975e-25 1.4900287353117595e-08 0.9999999999999999
  outer loop
    vertex 3723.028248255722 148.8076099494558 -4.756445760651449
    vertex 3722.819261496536 136.77371541057641 -4.75644558134297
    vertex 3723.028248255722 124.73982087169703 -4.7564454020344815
  endloop
endfacet
facet normal -4.4048340272580975e-25 1.4900287353117595e-08 0.9999999999999999
  outer loop
    vertex 3723.028248255722 148.8076099494558 -4.756445760651449
    vertex 3723.028248255722 124.73982087169703 -4.7564454020344815
    vertex 3723.472743456833 124.89900914226588 -4.756445404406431
  endloop
endfacet
facet normal -4.4048340272580975e-25 1.4900287353117595e-08 0.9999999999999999
  outer loop
    vertex 3723.028248255722 148.8076099494558 -4.756445760651449
    vertex 3723.472743456833 124.89900914226588 -4.756445404406431
    vertex 3723.472743456833 148.64842167888696 -4.756445758279502
  endloop
endfacet
facet normal -4.4048340272580975e-25 1.4900287353117595e-08 0.9999999999999999
  outer loop
    vertex 3723.472743456833 148.64842167888696 -4.756445758279502
    vertex 3723.472743456833 124.89900914226588 -4.756445404406431
    vertex 3723.911014979354 125.07461014782007 -4.756445407022937
  endloop
endfacet
facet normal -4.4048340272580975e-25 1.4900287353117595e-08 0.9999999999999999
  outer loop
    vertex 3723.472743456833 148.64842167888696 -4.756445758279502
    vertex 3723.911014979354 125.07461014782007 -4.756445407022937
    vertex 3723.911014979354 148.47282067333276 -4.756445755662993
  endloop
endfacet
facet normal -4.4048340272580975e-25 1.4900287353117595e-08 0.9999999999999999
  outer loop
    vertex 3723.911014979354 148.47282067333276 -4.756445755662993
    vertex 3723.911014979354 125.07461014782007 -4.756445407022937
    vertex 3724.342456286422 125.26637974773463 -4.756445409880358
  endloop
endfacet
facet normal -4.4048340272580975e-25 1.4900287353117595e-08 0.9999999999999999
  outer loop
    vertex 3723.911014979354 148.47282067333276 -4.756445755662993
    vertex 3724.342456286422 125.26637974773463 -4.756445409880358
    vertex 3724.342456286422 148.2810510734182 -4.756445752805575
  endloop
endfacet
facet normal -4.4048340272580975e-25 1.4900287353117595e-08 0.9999999999999999
  outer loop
    vertex 3724.342456286422 148.2810510734182 -4.756445752805575
    vertex 3724.342456286422 125.26637974773463 -4.756445409880358
    vertex 3724.7664713315885 125.47405377422389 -4.756445412974761
  endloop
endfacet
facet normal -4.4048340272580975e-25 1.4900287353117595e-08 0.9999999999999999
  outer loop
    vertex 3724.342456286422 148.2810510734182 -4.756445752805575
    vertex 3724.7664713315885 125.47405377422389 -4.756445412974761
    vertex 3724.7664713315885 148.07337704692895 -4.756445749711172
  endloop
endfacet
facet normal -4.4048340272580975e-25 1.4900287353117595e-08 0.9999999999999999
  outer loop
    vertex 3724.7664713315885 148.07337704692895 -4.756445749711172
    vertex 3724.7664713315885 125.47405377422389 -4.756445412974761
    vertex 3725.182474081985 125.6973442176443 -4.756445416301854
  endloop
endfacet
facet normal -4.4048340272580975e-25 1.4900287353117595e-08 0.9999999999999999
  outer loop
    vertex 3724.7664713315885 148.07337704692895 -4.756445749711172
    vertex 3725.182474081985 125.6973442176443 -4.756445416301854
    vertex 3725.182474081985 147.85008660350854 -4.756445746384077
  endloop
endfacet
facet normal -4.4048340272580975e-25 1.4900287353117595e-08 0.9999999999999999
  outer loop
    vertex 3725.182474081985 147.85008660350854 -4.756445746384077
    vertex 3725.182474081985 125.6973442176443 -4.756445416301854
    vertex 3725.5898899488375 125.93594399486598 -4.756445419857059
  endloop
endfacet
facet normal -4.4048340272580975e-25 1.4900287353117595e-08 0.9999999999999999
  outer loop
    vertex 3725.182474081985 147.85008660350854 -4.756445746384077
    vertex 3725.5898899488375 125.93594399486598 -4.756445419857059
    vertex 3725.5898899488375 147.61148682628686 -4.756445742828872
  endloop
endfacet
facet normal -4.4048340272580975e-25 1.4900287353117595e-08 0.9999999999999999
  outer loop
    vertex 3725.5898899488375 147.61148682628686 -4.756445742828872
    vertex 3725.5898899488375 125.93594399486598 -4.756445419857059
    vertex 3725.988155310623 126.18952313457544 -4.756445423635461
  endloop
endfacet
facet normal -4.4048340272580975e-25 1.4900287353117595e-08 0.9999999999999999
  outer loop
    vertex 3725.5898899488375 147.61148682628686 -4.756445742828872
    vertex 3725.988155310623 126.18952313457544 -4.756445423635461
    vertex 3725.988155310623 147.3579076865774 -4.756445739050469
  endloop
endfacet
facet normal -4.4048340272580975e-25 1.4900287353117595e-08 0.9999999999999999
  outer loop
    vertex 3725.988155310623 147.3579076865774 -4.756445739050469
    vertex 3725.988155310623 126.18952313457544 -4.756445423635461
    vertex 3726.376719897262 126.45772973094995 -4.756445427631816
  endloop
endfacet
facet normal -4.4048340272580975e-25 1.4900287353117595e-08 0.9999999999999999
  outer loop
    vertex 3725.988155310623 147.3579076865774 -4.756445739050469
    vertex 3726.376719897262 126.45772973094995 -4.756445427631816
    vertex 3726.376719897262 147.08970109020288 -4.756445735054114
  endloop
endfacet
facet normal -4.4048340272580975e-25 1.4900287353117595e-08 0.9999999999999999
  outer loop
    vertex 3726.376719897262 147.08970109020288 -4.756445735054114
    vertex 3726.376719897262 126.45772973094995 -4.756445427631816
    vertex 3726.755046313278 126.74019375835474 -4.756445431840608
  endloop
endfacet
facet normal -4.4048340272580975e-25 1.4900287353117595e-08 0.9999999999999999
  outer loop
    vertex 3726.376719897262 147.08970109020288 -4.756445735054114
    vertex 3726.755046313278 126.74019375835474 -4.756445431840608
    vertex 3726.755046313278 146.8072370627981 -4.756445730845322
  endloop
endfacet
facet normal -4.4048340272580975e-25 1.4900287353117595e-08 0.9999999999999999
  outer loop
    vertex 3726.755046313278 146.8072370627981 -4.756445730845322
    vertex 3726.755046313278 126.74019375835474 -4.756445431840608
    vertex 3727.1226124219816 127.0365251639944 -4.756445436256035
  endloop
endfacet
facet normal -4.4048340272580975e-25 1.4900287353117595e-08 0.9999999999999999
  outer loop
    vertex 3726.755046313278 146.8072370627981 -4.756445730845322
    vertex 3727.1226124219816 127.0365251639944 -4.756445436256035
    vertex 3727.1226124219816 146.51090565715845 -4.756445726429895
  endloop
endfacet
facet normal -4.4048340272580975e-25 1.4900287353117595e-08 0.9999999999999999
  outer loop
    vertex 3727.1226124219816 146.51090565715845 -4.756445726429895
    vertex 3727.1226124219816 127.0365251639944 -4.756445436256035
    vertex 3727.478909914963 127.34631482158716 -4.75644544087199
  endloop
endfacet
facet normal -4.4048340272580975e-25 1.4900287353117595e-08 0.9999999999999999
  outer loop
    vertex 3727.1226124219816 146.51090565715845 -4.756445726429895
    vertex 3727.478909914963 127.34631482158716 -4.75644544087199
    vertex 3727.478909914963 146.20111599956567 -4.7564457218139395
  endloop
endfacet
facet normal -4.4048340272580975e-25 1.4900287353117595e-08 0.9999999999999999
  outer loop
    vertex 3727.478909914963 146.20111599956567 -4.7564457218139395
    vertex 3727.478909914963 127.34631482158716 -4.75644544087199
    vertex 3727.5064100675504 136.69440190886075 -4.756445580161169
  endloop
endfacet
facet normal -4.4048340272580975e-25 1.4900287353117595e-08 0.9999999999999999
  outer loop
    vertex 3727.5064100675504 136.69440190886075 -4.756445580161169
    vertex 3727.478909914963 127.34631482158716 -4.75644544087199
    vertex 3727.8234466962735 127.66913357769067 -4.756445445682077
  endloop
endfacet
facet normal -4.4048340272580975e-25 1.4900287353117595e-08 0.9999999999999999
  outer loop
    vertex 3727.5064100675504 136.69440190886075 -4.756445580161169
    vertex 3727.8234466962735 127.66913357769067 -4.756445445682077
    vertex 3727.523560946456 136.5367047825914 -4.756445577811441
  endloop
endfacet
facet normal -4.4048340272580975e-25 1.4900287353117595e-08 0.9999999999999999
  outer loop
    vertex 3727.523560946456 136.5367047825914 -4.756445577811441
    vertex 3727.8234466962735 127.66913357769067 -4.756445445682077
    vertex 3727.557660525314 136.38178638015802 -4.756445575503112
  endloop
endfacet
facet normal -4.4048340272580975e-25 1.4900287353117595e-08 0.9999999999999999
  outer loop
    vertex 3727.557660525314 136.38178638015802 -4.756445575503112
    vertex 3727.8234466962735 127.66913357769067 -4.756445445682077
    vertex 3727.6083111219327 136.23146298919733 -4.756445573263246
  endloop
endfacet
facet normal -4.4048340272580975e-25 1.4900287353117595e-08 0.9999999999999999
  outer loop
    vertex 3727.6083111219327 136.23146298919733 -4.756445573263246
    vertex 3727.8234466962735 127.66913357769067 -4.756445445682077
    vertex 3727.674916689865 136.08749702964838 -4.756445571118112
  endloop
endfacet
facet normal -4.4048340272580975e-25 1.4900287353117595e-08 0.9999999999999999
  outer loop
    vertex 3727.674916689865 136.08749702964838 -4.756445571118112
    vertex 3727.8234466962735 127.66913357769067 -4.756445445682077
    vertex 3727.7566971235196 135.95157638584192 -4.75644556909286
  endloop
endfacet
facet normal -4.4048340272580975e-25 1.4900287353117595e-08 0.9999999999999999
  outer loop
    vertex 3727.7566971235196 135.95157638584192 -4.75644556909286
    vertex 3727.8234466962735 127.66913357769067 -4.756445445682077
    vertex 3727.8526939802096 135.82529452835138 -4.756445567211223
  endloop
endfacet
facet normal -4.4048340272580975e-25 1.4900287353117595e-08 0.9999999999999999
  outer loop
    vertex 3727.8526939802096 135.82529452835138 -4.756445567211223
    vertex 3727.8234466962735 127.66913357769067 -4.756445445682077
    vertex 3728.155745928757 128.0045360663992 -4.756445450679676
  endloop
endfacet
facet normal -4.4048340272580975e-25 1.4900287353117595e-08 0.9999999999999999
  outer loop
    vertex 3727.8526939802096 135.82529452835138 -4.756445567211223
    vertex 3728.155745928757 128.0045360663992 -4.756445450679676
    vertex 3727.9617819242394 135.71013203655298 -4.756445565495265
  endloop
endfacet
facet normal -4.4048340272580975e-25 1.4900287353117595e-08 0.9999999999999999
  outer loop
    vertex 3727.9617819242394 135.71013203655298 -4.756445565495265
    vertex 3728.155745928757 128.0045360663992 -4.756445450679676
    vertex 3728.082681124679 135.60743907486017 -4.756445563965115
  endloop
endfacet
facet normal -4.4048340272580975e-25 1.4900287353117595e-08 0.9999999999999999
  outer loop
    vertex 3728.082681124679 135.60743907486017 -4.756445563965115
    vertex 3728.155745928757 128.0045360663992 -4.756445450679676
    vertex 3728.213975375168 135.51841965709744 -4.756445562638696
  endloop
endfacet
facet normal -4.4048340272580975e-25 1.4900287353117595e-08 0.9999999999999999
  outer loop
    vertex 3728.213975375168 135.51841965709744 -4.756445562638696
    vertex 3728.155745928757 128.0045360663992 -4.756445450679676
    vertex 3728.4753479413907 128.35205784832056 -4.756445455857845
  endloop
endfacet
facet normal -4.4048340272580975e-25 1.4900287353117595e-08 0.9999999999999999
  outer loop
    vertex 3728.213975375168 135.51841965709744 -4.756445562638696
    vertex 3728.4753479413907 128.35205784832056 -4.756445455857845
    vertex 3728.3541244916833 135.44411746059473 -4.756445561531571
  endloop
endfacet
facet normal -4.4048340272580975e-25 1.4900287353117595e-08 0.9999999999999999
  outer loop
    vertex 3728.3541244916833 135.44411746059473 -4.756445561531571
    vertex 3728.4753479413907 128.35205784832056 -4.756445455857845
    vertex 3728.501485293381 135.3854035476309 -4.756445560656721
  endloop
endfacet
facet normal -4.4048340272580975e-25 1.4900287353117595e-08 0.9999999999999999
  outer loop
    vertex 3728.501485293381 135.3854035476309 -4.756445560656721
    vertex 3728.4753479413907 128.35205784832056 -4.756445455857845
    vertex 3728.781812136642 128.71121922527368 -4.756445461209453
  endloop
endfacet
facet normal -4.4048340272580975e-25 1.4900287353117595e-08 0.9999999999999999
  outer loop
    vertex 3728.501485293381 135.3854035476309 -4.756445560656721
    vertex 3728.781812136642 128.71121922527368 -4.756445461209453
    vertex 3728.654329722396 135.34296635185297 -4.756445560024395
  endloop
endfacet
facet normal -4.4048340272580975e-25 1.4900287353117595e-08 0.9999999999999999
  outer loop
    vertex 3728.654329722396 135.34296635185297 -4.756445560024395
    vertex 3728.781812136642 128.71121922527368 -4.756445461209453
    vertex 3728.810866778366 135.31730333362634 -4.756445559642005
  endloop
endfacet
facet normal -4.4048340272580975e-25 1.4900287353117595e-08 0.9999999999999999
  outer loop
    vertex 3728.810866778366 135.31730333362634 -4.756445559642005
    vertex 3728.781812136642 128.71121922527368 -4.756445461209453
    vertex 3729.074715083115 129.08152380977685 -4.756445466727098
  endloop
endfacet
facet normal -4.4048340272580975e-25 1.4900287353117595e-08 0.9999999999999999
  outer loop
    vertex 3728.810866778366 135.31730333362634 -4.756445559642005
    vertex 3729.074715083115 129.08152380977685 -4.756445466727098
    vertex 3728.9692615919034 135.30871537719784 -4.756445559514046
  endloop
endfacet
facet normal -4.4048340272580975e-25 1.4900287353117595e-08 0.9999999999999999
  outer loop
    vertex 3728.9692615919034 135.30871537719784 -4.756445559514046
    vertex 3729.074715083115 129.08152380977685 -4.756445466727098
    vertex 3729.127656405441 135.31730333362634 -4.756445559642005
  endloop
endfacet
facet normal -4.4048340272580975e-25 1.4900287353117595e-08 0.9999999999999999
  outer loop
    vertex 3729.127656405441 135.31730333362634 -4.756445559642005
    vertex 3729.074715083115 129.08152380977685 -4.756445466727098
    vertex 3729.3536505155485 129.46245947872217 -4.756445472403152
  endloop
endfacet
facet normal -4.4048340272580975e-25 1.4900287353117595e-08 0.9999999999999999
  outer loop
    vertex 3729.127656405441 135.31730333362634 -4.756445559642005
    vertex 3729.3536505155485 129.46245947872217 -4.756445472403152
    vertex 3729.2841934614103 135.34296635185297 -4.756445560024395
  endloop
endfacet
facet normal -4.4048340272580975e-25 1.4900287353117595e-08 0.9999999999999999
  outer loop
    vertex 3729.2841934614103 135.34296635185297 -4.756445560024395
    vertex 3729.3536505155485 129.46245947872217 -4.756445472403152
    vertex 3729.4370378904264 135.3854035476309 -4.756445560656721
  endloop
endfacet
facet normal -4.4048340272580975e-25 1.4900287353117595e-08 0.9999999999999999
  outer loop
    vertex 3729.4370378904264 135.3854035476309 -4.756445560656721
    vertex 3729.3536505155485 129.46245947872217 -4.756445472403152
    vertex 3729.6182341031945 129.85350028072412 -4.7564454782297725
  endloop
endfacet
facet normal -4.4048340272580975e-25 1.4900287353117595e-08 0.9999999999999999
  outer loop
    vertex 3729.4370378904264 135.3854035476309 -4.756445560656721
    vertex 3729.6182341031945 129.85350028072412 -4.7564454782297725
    vertex 3729.584398692123 135.44411746059473 -4.756445561531571
  endloop
endfacet
facet normal -4.4048340272580975e-25 1.4900287353117595e-08 0.9999999999999999
  outer loop
    vertex 3729.584398692123 135.44411746059473 -4.756445561531571
    vertex 3729.6182341031945 129.85350028072412 -4.7564454782297725
    vertex 3729.7245478086393 135.51841965709744 -4.756445562638696
  endloop
endfacet
facet normal -4.4048340272580975e-25 1.4900287353117595e-08 0.9999999999999999
  outer loop
    vertex 3729.7245478086393 135.51841965709744 -4.756445562638696
    vertex 3729.6182341031945 129.85350028072412 -4.7564454782297725
    vertex 3729.8680996351163 130.25410500560815 -4.756445484198895
  endloop
endfacet
facet normal -4.4048340272580975e-25 1.4900287353117595e-08 0.9999999999999999
  outer loop
    vertex 3729.7245478086393 135.51841965709744 -4.756445562638696
    vertex 3729.8680996351163 130.25410500560815 -4.756445484198895
    vertex 3729.855842059128 135.60743907486017 -4.756445563965115
  endloop
endfacet
facet normal -4.4048340272580975e-25 1.4900287353117595e-08 0.9999999999999999
  outer loop
    vertex 3729.855842059128 135.60743907486017 -4.756445563965115
    vertex 3729.8680996351163 130.25410500560815 -4.756445484198895
    vertex 3729.976741259567 135.71013203655298 -4.756445565495265
  endloop
endfacet
facet normal -4.4048340272580975e-25 1.4900287353117595e-08 0.9999999999999999
  outer loop
    vertex 3729.976741259567 135.71013203655298 -4.756445565495265
    vertex 3729.8680996351163 130.25410500560815 -4.756445484198895
    vertex 3730.1029028348844 130.66372052227075 -4.7564454903022835
  endloop
endfacet
facet normal -4.4048340272580975e-25 1.4900287353117595e-08 0.9999999999999999
  outer loop
    vertex 3729.976741259567 135.71013203655298 -4.756445565495265
    vertex 3730.1029028348844 130.66372052227075 -4.7564454903022835
    vertex 3730.0858292035973 135.82529452835138 -4.756445567211223
  endloop
endfacet
facet normal -4.4048340272580975e-25 1.4900287353117595e-08 0.9999999999999999
  outer loop
    vertex 3730.0858292035973 135.82529452835138 -4.756445567211223
    vertex 3730.1029028348844 130.66372052227075 -4.7564454903022835
    vertex 3730.1818260602868 135.95157638584192 -4.75644556909286
  endloop
endfacet
facet normal -4.4048340272580975e-25 1.4900287353117595e-08 0.9999999999999999
  outer loop
    vertex 3730.1818260602868 135.95157638584192 -4.75644556909286
    vertex 3730.1029028348844 130.66372052227075 -4.7564454903022835
    vertex 3730.322317545883 131.08178082500513 -4.7564454965315015
  endloop
endfacet
facet normal -4.4048340272580975e-25 1.4900287353117595e-08 0.9999999999999999
  outer loop
    vertex 3730.1818260602868 135.95157638584192 -4.75644556909286
    vertex 3730.322317545883 131.08178082500513 -4.7564454965315015
    vertex 3730.2636064939416 136.08749702964838 -4.756445571118112
  endloop
endfacet
facet normal -4.4048340272580975e-25 1.4900287353117595e-08 0.9999999999999999
  outer loop
    vertex 3730.2636064939416 136.08749702964838 -4.756445571118112
    vertex 3730.322317545883 131.08178082500513 -4.7564454965315015
    vertex 3730.3302120618737 136.23146298919733 -4.756445573263246
  endloop
endfacet
facet normal -4.4048340272580975e-25 1.4900287353117595e-08 0.9999999999999999
  outer loop
    vertex 3730.3302120618737 136.23146298919733 -4.756445573263246
    vertex 3730.322317545883 131.08178082500513 -4.7564454965315015
    vertex 3730.5260414533536 131.50770798717554 -4.756445502877943
  endloop
endfacet
facet normal -4.4048340272580975e-25 1.4900287353117595e-08 0.9999999999999999
  outer loop
    vertex 3730.3302120618737 136.23146298919733 -4.756445573263246
    vertex 3730.5260414533536 131.50770798717554 -4.756445502877943
    vertex 3730.3808626584923 136.38178638015802 -4.756445575503112
  endloop
endfacet
facet normal -4.4048340272580975e-25 1.4900287353117595e-08 0.9999999999999999
  outer loop
    vertex 3730.3808626584923 136.38178638015802 -4.756445575503112
    vertex 3730.5260414533536 131.50770798717554 -4.756445502877943
    vertex 3730.41496223735 136.5367047825914 -4.756445577811441
  endloop
endfacet
facet normal -4.4048340272580975e-25 1.4900287353117595e-08 0.9999999999999999
  outer loop
    vertex 3730.41496223735 136.5367047825914 -4.756445577811441
    vertex 3730.5260414533536 131.50770798717554 -4.756445502877943
    vertex 3730.432113116256 136.69440190886075 -4.756445580161169
  endloop
endfacet
facet normal -4.4048340272580975e-25 1.4900287353117595e-08 0.9999999999999999
  outer loop
    vertex 3730.432113116256 136.69440190886075 -4.756445580161169
    vertex 3730.5260414533536 131.50770798717554 -4.756445502877943
    vertex 3730.432113116256 136.85302891229207 -4.756445582524761
  endloop
endfacet
facet normal -4.4048340272580975e-25 1.4900287353117595e-08 0.9999999999999999
  outer loop
    vertex 3727.478909914963 146.20111599956567 -4.7564457218139395
    vertex 3727.5064100675504 136.85302891229207 -4.756445582524761
    vertex 3727.8234466962735 145.87829724346216 -4.756445717003853
  endloop
endfacet
facet normal -4.4048340272580975e-25 1.4900287353117595e-08 0.9999999999999999
  outer loop
    vertex 3727.5064100675504 136.85302891229207 -4.756445582524761
    vertex 3727.478909914963 146.20111599956567 -4.7564457218139395
    vertex 3727.5064100675504 136.69440190886075 -4.756445580161169
  endloop
endfacet
facet normal -4.4048340272580975e-25 1.4900287353117595e-08 0.9999999999999999
  outer loop
    vertex 3727.8234466962735 145.87829724346216 -4.756445717003853
    vertex 3727.5064100675504 136.85302891229207 -4.756445582524761
    vertex 3727.523560946456 137.01072603856142 -4.7564455848744895
  endloop
endfacet
facet normal -4.4048340272580975e-25 1.4900287353117595e-08 0.9999999999999999
  outer loop
    vertex 3727.8234466962735 145.87829724346216 -4.756445717003853
    vertex 3727.523560946456 137.01072603856142 -4.7564455848744895
    vertex 3727.557660525314 137.1656444409948 -4.756445587182818
  endloop
endfacet
facet normal -4.4048340272580975e-25 1.4900287353117595e-08 0.9999999999999999
  outer loop
    vertex 3727.8234466962735 145.87829724346216 -4.756445717003853
    vertex 3727.557660525314 137.1656444409948 -4.756445587182818
    vertex 3727.6083111219327 137.3159678319555 -4.756445589422683
  endloop
endfacet
facet normal -4.4048340272580975e-25 1.4900287353117595e-08 0.9999999999999999
  outer loop
    vertex 3727.8234466962735 145.87829724346216 -4.756445717003853
    vertex 3727.6083111219327 137.3159678319555 -4.756445589422683
    vertex 3727.674916689865 137.45993379150445 -4.756445591567818
  endloop
endfacet
facet normal -4.4048340272580975e-25 1.4900287353117595e-08 0.9999999999999999
  outer loop
    vertex 3727.8234466962735 145.87829724346216 -4.756445717003853
    vertex 3727.674916689865 137.45993379150445 -4.756445591567818
    vertex 3727.7566971235196 137.59585443531094 -4.75644559359307
  endloop
endfacet
facet normal -4.4048340272580975e-25 1.4900287353117595e-08 0.9999999999999999
  outer loop
    vertex 3727.8234466962735 145.87829724346216 -4.756445717003853
    vertex 3727.7566971235196 137.59585443531094 -4.75644559359307
    vertex 3727.8526939802096 137.72213629280145 -4.756445595474707
  endloop
endfacet
facet normal -4.4048340272580975e-25 1.4900287353117595e-08 0.9999999999999999
  outer loop
    vertex 3727.8234466962735 145.87829724346216 -4.756445717003853
    vertex 3727.8526939802096 137.72213629280145 -4.756445595474707
    vertex 3728.155745928757 145.54289475475366 -4.756445712006254
  endloop
endfacet
facet normal -4.4048340272580975e-25 1.4900287353117595e-08 0.9999999999999999
  outer loop
    vertex 3728.155745928757 145.54289475475366 -4.756445712006254
    vertex 3727.8526939802096 137.72213629280145 -4.756445595474707
    vertex 3727.9617819242394 137.83729878459985 -4.756445597190665
  endloop
endfacet
facet normal -4.4048340272580975e-25 1.4900287353117595e-08 0.9999999999999999
  outer loop
    vertex 3728.155745928757 145.54289475475366 -4.756445712006254
    vertex 3727.9617819242394 137.83729878459985 -4.756445597190665
    vertex 3728.082681124679 137.93999174629266 -4.756445598720815
  endloop
endfacet
facet normal -4.4048340272580975e-25 1.4900287353117595e-08 0.9999999999999999
  outer loop
    vertex 3728.155745928757 145.54289475475366 -4.756445712006254
    vertex 3728.082681124679 137.93999174629266 -4.756445598720815
    vertex 3728.213975375168 138.02901116405542 -4.756445600047234
  endloop
endfacet
facet normal -4.4048340272580975e-25 1.4900287353117595e-08 0.9999999999999999
  outer loop
    vertex 3728.155745928757 145.54289475475366 -4.756445712006254
    vertex 3728.213975375168 138.02901116405542 -4.756445600047234
    vertex 3728.4753479413907 145.19537297283227 -4.756445706828085
  endloop
endfacet
facet normal -4.4048340272580975e-25 1.4900287353117595e-08 0.9999999999999999
  outer loop
    vertex 3728.4753479413907 145.19537297283227 -4.756445706828085
    vertex 3728.213975375168 138.02901116405542 -4.756445600047234
    vertex 3728.3541244916833 138.1033133605581 -4.756445601154359
  endloop
endfacet
facet normal -4.4048340272580975e-25 1.4900287353117595e-08 0.9999999999999999
  outer loop
    vertex 3728.4753479413907 145.19537297283227 -4.756445706828085
    vertex 3728.3541244916833 138.1033133605581 -4.756445601154359
    vertex 3728.501485293381 138.16202727352197 -4.756445602029208
  endloop
endfacet
facet normal -4.4048340272580975e-25 1.4900287353117595e-08 0.9999999999999999
  outer loop
    vertex 3728.4753479413907 145.19537297283227 -4.756445706828085
    vertex 3728.501485293381 138.16202727352197 -4.756445602029208
    vertex 3728.781812136642 144.83621159587915 -4.756445701476477
  endloop
endfacet
facet normal -4.4048340272580975e-25 1.4900287353117595e-08 0.9999999999999999
  outer loop
    vertex 3728.781812136642 144.83621159587915 -4.756445701476477
    vertex 3728.501485293381 138.16202727352197 -4.756445602029208
    vertex 3728.654329722396 138.20446446929986 -4.756445602661535
  endloop
endfacet
facet normal -4.4048340272580975e-25 1.4900287353117595e-08 0.9999999999999999
  outer loop
    vertex 3728.781812136642 144.83621159587915 -4.756445701476477
    vertex 3728.654329722396 138.20446446929986 -4.756445602661535
    vertex 3728.810866778366 138.2301274875265 -4.756445603043925
  endloop
endfacet
facet normal -4.4048340272580975e-25 1.4900287353117595e-08 0.9999999999999999
  outer loop
    vertex 3728.781812136642 144.83621159587915 -4.756445701476477
    vertex 3728.810866778366 138.2301274875265 -4.756445603043925
    vertex 3729.074715083115 144.46590701137598 -4.756445695958832
  endloop
endfacet
facet normal -4.4048340272580975e-25 1.4900287353117595e-08 0.9999999999999999
  outer loop
    vertex 3729.074715083115 144.46590701137598 -4.756445695958832
    vertex 3728.810866778366 138.2301274875265 -4.756445603043925
    vertex 3728.9692615919034 138.23871544395502 -4.756445603171884
  endloop
endfacet
facet normal -4.4048340272580975e-25 1.4900287353117595e-08 0.9999999999999999
  outer loop
    vertex 3729.074715083115 144.46590701137598 -4.756445695958832
    vertex 3728.9692615919034 138.23871544395502 -4.756445603171884
    vertex 3729.127656405441 138.2301274875265 -4.756445603043925
  endloop
endfacet
facet normal -4.4048340272580975e-25 1.4900287353117595e-08 0.9999999999999999
  outer loop
    vertex 3729.074715083115 144.46590701137598 -4.756445695958832
    vertex 3729.127656405441 138.2301274875265 -4.756445603043925
    vertex 3729.3536505155485 144.08497134243066 -4.7564456902827805
  endloop
endfacet
facet normal -4.4048340272580975e-25 1.4900287353117595e-08 0.9999999999999999
  outer loop
    vertex 3729.3536505155485 144.08497134243066 -4.7564456902827805
    vertex 3729.127656405441 138.2301274875265 -4.756445603043925
    vertex 3729.2841934614103 138.20446446929986 -4.756445602661535
  endloop
endfacet
facet normal -4.4048340272580975e-25 1.4900287353117595e-08 0.9999999999999999
  outer loop
    vertex 3729.3536505155485 144.08497134243066 -4.7564456902827805
    vertex 3729.2841934614103 138.20446446929986 -4.756445602661535
    vertex 3729.4370378904264 138.16202727352197 -4.756445602029208
  endloop
endfacet
facet normal -4.4048340272580975e-25 1.4900287353117595e-08 0.9999999999999999
  outer loop
    vertex 3729.3536505155485 144.08497134243066 -4.7564456902827805
    vertex 3729.4370378904264 138.16202727352197 -4.756445602029208
    vertex 3729.6182341031945 143.6939305404287 -4.7564456844561604
  endloop
endfacet
facet normal -4.4048340272580975e-25 1.4900287353117595e-08 0.9999999999999999
  outer loop
    vertex 3729.6182341031945 143.6939305404287 -4.7564456844561604
    vertex 3729.4370378904264 138.16202727352197 -4.756445602029208
    vertex 3729.584398692123 138.1033133605581 -4.756445601154359
  endloop
endfacet
facet normal -4.4048340272580975e-25 1.4900287353117595e-08 0.9999999999999999
  outer loop
    vertex 3729.6182341031945 143.6939305404287 -4.7564456844561604
    vertex 3729.584398692123 138.1033133605581 -4.756445601154359
    vertex 3729.7245478086393 138.02901116405542 -4.756445600047234
  endloop
endfacet
facet normal -4.4048340272580975e-25 1.4900287353117595e-08 0.9999999999999999
  outer loop
    vertex 3729.6182341031945 143.6939305404287 -4.7564456844561604
    vertex 3729.7245478086393 138.02901116405542 -4.756445600047234
    vertex 3729.8680996351163 143.29332581554468 -4.756445678487036
  endloop
endfacet
facet normal -4.4048340272580975e-25 1.4900287353117595e-08 0.9999999999999999
  outer loop
    vertex 3729.8680996351163 143.29332581554468 -4.756445678487036
    vertex 3729.7245478086393 138.02901116405542 -4.756445600047234
    vertex 3729.855842059128 137.93999174629266 -4.756445598720815
  endloop
endfacet
facet normal -4.4048340272580975e-25 1.4900287353117595e-08 0.9999999999999999
  outer loop
    vertex 3729.8680996351163 143.29332581554468 -4.756445678487036
    vertex 3729.855842059128 137.93999174629266 -4.756445598720815
    vertex 3729.976741259567 137.83729878459985 -4.756445597190665
  endloop
endfacet
facet normal -4.4048340272580975e-25 1.4900287353117595e-08 0.9999999999999999
  outer loop
    vertex 3729.8680996351163 143.29332581554468 -4.756445678487036
    vertex 3729.976741259567 137.83729878459985 -4.756445597190665
    vertex 3730.1029028348844 142.88371029888208 -4.756445672383647
  endloop
endfacet
facet normal -4.4048340272580975e-25 1.4900287353117595e-08 0.9999999999999999
  outer loop
    vertex 3730.1029028348844 142.88371029888208 -4.756445672383647
    vertex 3729.976741259567 137.83729878459985 -4.756445597190665
    vertex 3730.0858292035973 137.72213629280145 -4.756445595474707
  endloop
endfacet
facet normal -4.4048340272580975e-25 1.4900287353117595e-08 0.9999999999999999
  outer loop
    vertex 3730.1029028348844 142.88371029888208 -4.756445672383647
    vertex 3730.0858292035973 137.72213629280145 -4.756445595474707
    vertex 3730.1818260602868 137.59585443531094 -4.75644559359307
  endloop
endfacet
facet normal -4.4048340272580975e-25 1.4900287353117595e-08 0.9999999999999999
  outer loop
    vertex 3730.1029028348844 142.88371029888208 -4.756445672383647
    vertex 3730.1818260602868 137.59585443531094 -4.75644559359307
    vertex 3730.322317545883 142.4656499961477 -4.756445666154429
  endloop
endfacet
facet normal -4.4048340272580975e-25 1.4900287353117595e-08 0.9999999999999999
  outer loop
    vertex 3730.322317545883 142.4656499961477 -4.756445666154429
    vertex 3730.1818260602868 137.59585443531094 -4.75644559359307
    vertex 3730.2636064939416 137.45993379150445 -4.756445591567818
  endloop
endfacet
facet normal -4.4048340272580975e-25 1.4900287353117595e-08 0.9999999999999999
  outer loop
    vertex 3730.322317545883 142.4656499961477 -4.756445666154429
    vertex 3730.2636064939416 137.45993379150445 -4.756445591567818
    vertex 3730.3302120618737 137.3159678319555 -4.756445589422683
  endloop
endfacet
facet normal -4.4048340272580975e-25 1.4900287353117595e-08 0.9999999999999999
  outer loop
    vertex 3730.322317545883 142.4656499961477 -4.756445666154429
    vertex 3730.3302120618737 137.3159678319555 -4.756445589422683
    vertex 3730.5260414533536 142.0397228339773 -4.756445659807987
  endloop
endfacet
facet normal -4.4048340272580975e-25 1.4900287353117595e-08 0.9999999999999999
  outer loop
    vertex 3730.5260414533536 142.0397228339773 -4.756445659807987
    vertex 3730.3302120618737 137.3159678319555 -4.756445589422683
    vertex 3730.3808626584923 137.1656444409948 -4.756445587182818
  endloop
endfacet
facet normal -4.4048340272580975e-25 1.4900287353117595e-08 0.9999999999999999
  outer loop
    vertex 3730.5260414533536 142.0397228339773 -4.756445659807987
    vertex 3730.3808626584923 137.1656444409948 -4.756445587182818
    vertex 3730.41496223735 137.01072603856142 -4.7564455848744895
  endloop
endfacet
facet normal -4.4048340272580975e-25 1.4900287353117595e-08 0.9999999999999999
  outer loop
    vertex 3730.5260414533536 142.0397228339773 -4.756445659807987
    vertex 3730.41496223735 137.01072603856142 -4.7564455848744895
    vertex 3730.432113116256 136.85302891229207 -4.756445582524761
  endloop
endfacet
facet normal -4.4048340272580975e-25 1.4900287353117595e-08 0.9999999999999999
  outer loop
    vertex 3730.5260414533536 142.0397228339773 -4.756445659807987
    vertex 3730.432113116256 136.85302891229207 -4.756445582524761
    vertex 3730.5260414533536 131.50770798717554 -4.756445502877943
  endloop
endfacet
facet normal -4.4048340272580975e-25 1.4900287353117595e-08 0.9999999999999999
  outer loop
    vertex 3730.5260414533536 142.0397228339773 -4.756445659807987
    vertex 3730.5260414533536 131.50770798717554 -4.756445502877943
    vertex 3730.713793223373 131.9409131148916 -4.756445509332824
  endloop
endfacet
facet normal -4.4048340272580975e-25 1.4900287353117595e-08 0.9999999999999999
  outer loop
    vertex 3730.5260414533536 142.0397228339773 -4.756445659807987
    vertex 3730.713793223373 131.9409131148916 -4.756445509332824
    vertex 3730.713793223373 141.60651770626123 -4.756445653353106
  endloop
endfacet
facet normal -4.4048340272580975e-25 1.4900287353117595e-08 0.9999999999999999
  outer loop
    vertex 3730.713793223373 141.60651770626123 -4.756445653353106
    vertex 3730.713793223373 131.9409131148916 -4.756445509332824
    vertex 3730.885312502853 132.38079777751977 -4.756445515887233
  endloop
endfacet
facet normal -4.4048340272580975e-25 1.4900287353117595e-08 0.9999999999999999
  outer loop
    vertex 3730.713793223373 141.60651770626123 -4.756445653353106
    vertex 3730.885312502853 132.38079777751977 -4.756445515887233
    vertex 3730.885312502853 141.16663304363306 -4.7564456467986975
  endloop
endfacet
facet normal -4.4048340272580975e-25 1.4900287353117595e-08 0.9999999999999999
  outer loop
    vertex 3730.885312502853 141.16663304363306 -4.7564456467986975
    vertex 3730.885312502853 132.38079777751977 -4.756445515887233
    vertex 3731.0403627805636 132.8267535308462 -4.7564455225321005
  endloop
endfacet
facet normal -4.4048340272580975e-25 1.4900287353117595e-08 0.9999999999999999
  outer loop
    vertex 3730.885312502853 141.16663304363306 -4.7564456467986975
    vertex 3731.0403627805636 132.8267535308462 -4.7564455225321005
    vertex 3731.0403627805636 140.72067729030664 -4.756445640153832
  endloop
endfacet
facet normal -4.4048340272580975e-25 1.4900287353117595e-08 0.9999999999999999
  outer loop
    vertex 3731.0403627805636 140.72067729030664 -4.756445640153832
    vertex 3731.0403627805636 132.8267535308462 -4.7564455225321005
    vertex 3731.178730433456 133.27816430126245 -4.756445529258251
  endloop
endfacet
facet normal -4.4048340272580975e-25 1.4900287353117595e-08 0.9999999999999999
  outer loop
    vertex 3731.0403627805636 140.72067729030664 -4.756445640153832
    vertex 3731.178730433456 133.27816430126245 -4.756445529258251
    vertex 3731.178730433456 140.26926651989038 -4.756445633427682
  endloop
endfacet
facet normal -4.4048340272580975e-25 1.4900287353117595e-08 0.9999999999999999
  outer loop
    vertex 3731.178730433456 140.26926651989038 -4.756445633427682
    vertex 3731.178730433456 133.27816430126245 -4.756445529258251
    vertex 3731.30022281932 133.73440638576562 -4.756445536056389
  endloop
endfacet
facet normal -4.4048340272580975e-25 1.4900287353117595e-08 0.9999999999999999
  outer loop
    vertex 3731.178730433456 140.26926651989038 -4.756445633427682
    vertex 3731.30022281932 133.73440638576562 -4.756445536056389
    vertex 3731.30022281932 139.8130244353872 -4.756445626629544
  endloop
endfacet
facet normal -4.4048340272580975e-25 1.4900287353117595e-08 0.9999999999999999
  outer loop
    vertex 3731.30022281932 139.8130244353872 -4.756445626629544
    vertex 3731.30022281932 133.73440638576562 -4.756445536056389
    vertex 3731.4046730451505 134.194849167214 -4.756445542917119
  endloop
endfacet
facet normal -4.4048340272580975e-25 1.4900287353117595e-08 0.9999999999999999
  outer loop
    vertex 3731.30022281932 139.8130244353872 -4.756445626629544
    vertex 3731.4046730451505 134.194849167214 -4.756445542917119
    vertex 3731.4046730451505 139.35258165393884 -4.756445619768811
  endloop
endfacet
facet normal -4.4048340272580975e-25 1.4900287353117595e-08 0.9999999999999999
  outer loop
    vertex 3731.4046730451505 139.35258165393884 -4.756445619768811
    vertex 3731.4046730451505 134.194849167214 -4.756445542917119
    vertex 3731.4919361524503 134.65885606800134 -4.756445549830955
  endloop
endfacet
facet normal -4.4048340272580975e-25 1.4900287353117595e-08 0.9999999999999999
  outer loop
    vertex 3731.4046730451505 139.35258165393884 -4.756445619768811
    vertex 3731.4919361524503 134.65885606800134 -4.756445549830955
    vertex 3731.4919361524503 138.88857475315152 -4.756445612854975
  endloop
endfacet
facet normal -4.4048340272580975e-25 1.4900287353117595e-08 0.9999999999999999
  outer loop
    vertex 3731.4919361524503 138.88857475315152 -4.756445612854975
    vertex 3731.4919361524503 134.65885606800134 -4.756445549830955
    vertex 3731.561891978256 135.12578598056848 -4.7564455567883455
  endloop
endfacet
facet normal -4.4048340272580975e-25 1.4900287353117595e-08 0.9999999999999999
  outer loop
    vertex 3731.4919361524503 138.88857475315152 -4.756445612854975
    vertex 3731.561891978256 135.12578598056848 -4.7564455567883455
    vertex 3731.561891978256 138.42164484058435 -4.756445605897585
  endloop
endfacet
facet normal -4.4048340272580975e-25 1.4900287353117595e-08 0.9999999999999999
  outer loop
    vertex 3731.561891978256 138.42164484058435 -4.756445605897585
    vertex 3731.561891978256 135.12578598056848 -4.7564455567883455
    vertex 3731.6144432477877 135.5949933866125 -4.756445563779671
  endloop
endfacet
facet normal -4.4048340272580975e-25 1.4900287353117595e-08 0.9999999999999999
  outer loop
    vertex 3731.561891978256 138.42164484058435 -4.756445605897585
    vertex 3731.6144432477877 135.5949933866125 -4.756445563779671
    vertex 3731.6144432477877 137.95243743454034 -4.756445598906259
  endloop
endfacet
facet normal -4.4048340272580975e-25 1.4900287353117595e-08 0.9999999999999999
  outer loop
    vertex 3731.6144432477877 137.95243743454034 -4.756445598906259
    vertex 3731.6144432477877 135.5949933866125 -4.756445563779671
    vertex 3731.6495174817956 136.0658299068075 -4.7564455707952655
  endloop
endfacet
facet normal -4.4048340272580975e-25 1.4900287353117595e-08 0.9999999999999999
  outer loop
    vertex 3731.6144432477877 137.95243743454034 -4.756445598906259
    vertex 3731.6495174817956 136.0658299068075 -4.7564455707952655
    vertex 3731.6495174817956 137.48160091434534 -4.756445591890665
  endloop
endfacet
facet normal -4.4048340272580975e-25 1.4900287353117595e-08 0.9999999999999999
  outer loop
    vertex 3731.6495174817956 137.48160091434534 -4.756445591890665
    vertex 3731.6495174817956 136.0658299068075 -4.7564455707952655
    vertex 3731.667066996566 136.53764482234533 -4.756445577825447
  endloop
endfacet
facet normal -4.4048340272580975e-25 1.4900287353117595e-08 0.9999999999999999
  outer loop
    vertex 3731.6495174817956 137.48160091434534 -4.756445591890665
    vertex 3731.667066996566 136.53764482234533 -4.756445577825447
    vertex 3731.667066996566 137.0097859988075 -4.756445584860483
  endloop
endfacet
facet normal -4.4048340272580975e-25 1.4900287353117595e-08 0.9999999999999999
  outer loop
    vertex 3706.2780374936974 136.30165580307062 -4.756445574309144
    vertex 3706.2780374936974 137.2457750180822 -4.756445588376787
    vertex 3706.2692617826383 136.77371541057641 -4.756445581342967
  endloop
endfacet
facet normal -4.4048340272580975e-25 1.4900287353117595e-08 0.9999999999999999
  outer loop
    vertex 3706.2780374936974 137.2457750180822 -4.756445588376787
    vertex 3706.2780374936974 136.30165580307062 -4.756445574309144
    vertex 3706.3043541364596 135.83024862800653 -4.756445567285041
  endloop
endfacet
facet normal -4.4048340272580975e-25 1.4900287353117595e-08 0.9999999999999999
  outer loop
    vertex 3706.2780374936974 137.2457750180822 -4.756445588376787
    vertex 3706.3043541364596 135.83024862800653 -4.756445567285041
    vertex 3706.3043541364596 137.7171821931463 -4.756445595400889
  endloop
endfacet
facet normal -4.4048340272580975e-25 1.4900287353117595e-08 0.9999999999999999
  outer loop
    vertex 3706.3043541364596 137.7171821931463 -4.756445595400889
    vertex 3706.3043541364596 135.83024862800653 -4.756445567285041
    vertex 3706.348175471298 135.36014548336084 -4.756445560280369
  endloop
endfacet
facet normal -4.4048340272580975e-25 1.4900287353117595e-08 0.9999999999999999
  outer loop
    vertex 3706.3043541364596 137.7171821931463 -4.756445595400889
    vertex 3706.348175471298 135.36014548336084 -4.756445560280369
    vertex 3706.348175471298 138.18728533779202 -4.756445602405561
  endloop
endfacet
facet normal -4.4048340272580975e-25 1.4900287353117595e-08 0.9999999999999999
  outer loop
    vertex 3706.348175471298 138.18728533779202 -4.756445602405561
    vertex 3706.348175471298 135.36014548336084 -4.756445560280369
    vertex 3706.4094395093834 134.8919959405523 -4.756445553304807
  endloop
endfacet
facet normal -4.4048340272580975e-25 1.4900287353117595e-08 0.9999999999999999
  outer loop
    vertex 3706.348175471298 138.18728533779202 -4.756445602405561
    vertex 3706.4094395093834 134.8919959405523 -4.756445553304807
    vertex 3706.4094395093834 138.65543488060052 -4.756445609381124
  endloop
endfacet
facet normal -4.4048340272580975e-25 1.4900287353117595e-08 0.9999999999999999
  outer loop
    vertex 3706.4094395093834 138.65543488060052 -4.756445609381124
    vertex 3706.4094395093834 134.8919959405523 -4.756445553304807
    vertex 3706.4880623273766 134.4264470676046 -4.756445546367994
  endloop
endfacet
facet normal -4.4048340272580975e-25 1.4900287353117595e-08 0.9999999999999999
  outer loop
    vertex 3706.4094395093834 138.65543488060052 -4.756445609381124
    vertex 3706.4880623273766 134.4264470676046 -4.756445546367994
    vertex 3706.4880623273766 139.12098375354822 -4.756445616317939
  endloop
endfacet
facet normal -4.4048340272580975e-25 1.4900287353117595e-08 0.9999999999999999
  outer loop
    vertex 3706.4880623273766 139.12098375354822 -4.756445616317939
    vertex 3706.4880623273766 134.4264470676046 -4.756445546367994
    vertex 3706.583935206405 133.96414247547204 -4.7564455394795235
  endloop
endfacet
facet normal -4.4048340272580975e-25 1.4900287353117595e-08 0.9999999999999999
  outer loop
    vertex 3706.4880623273766 139.12098375354822 -4.756445616317939
    vertex 3706.583935206405 133.96414247547204 -4.7564455394795235
    vertex 3706.583935206405 139.58328834568078 -4.756445623206407
  endloop
endfacet
facet normal -4.4048340272580975e-25 1.4900287353117595e-08 0.9999999999999999
  outer loop
    vertex 3706.583935206405 139.58328834568078 -4.756445623206407
    vertex 3706.583935206405 133.96414247547204 -4.7564455394795235
    vertex 3706.6969265394137 133.50572076831872 -4.7564455326489075
  endloop
endfacet
facet normal -4.4048340272580975e-25 1.4900287353117595e-08 0.9999999999999999
  outer loop
    vertex 3706.583935206405 139.58328834568078 -4.756445623206407
    vertex 3706.6969265394137 133.50572076831872 -4.7564455326489075
    vertex 3706.6969265394137 140.0417100528341 -4.756445630037023
  endloop
endfacet
facet normal -4.4048340272580975e-25 1.4900287353117595e-08 0.9999999999999999
  outer loop
    vertex 3706.6969265394137 140.0417100528341 -4.756445630037023
    vertex 3706.6969265394137 133.50572076831872 -4.7564455326489075
    vertex 3706.8268789701383 133.05181590114648 -4.75644552588559
  endloop
endfacet
facet normal -4.4048340272580975e-25 1.4900287353117595e-08 0.9999999999999999
  outer loop
    vertex 3706.6969265394137 140.0417100528341 -4.756445630037023
    vertex 3706.8268789701383 133.05181590114648 -4.75644552588559
    vertex 3706.8268789701383 140.49561492000635 -4.75644563680034
  endloop
endfacet
facet normal -4.4048340272580975e-25 1.4900287353117595e-08 0.9999999999999999
  outer loop
    vertex 3706.8268789701383 140.49561492000635 -4.75644563680034
    vertex 3706.8268789701383 133.05181590114648 -4.75644552588559
    vertex 3706.9736132078087 132.60305491481836 -4.756445519198928
  endloop
endfacet
facet normal -4.4048340272580975e-25 1.4900287353117595e-08 0.9999999999999999
  outer loop
    vertex 3706.8268789701383 140.49561492000635 -4.75644563680034
    vertex 3706.9736132078087 132.60305491481836 -4.756445519198928
    vertex 3706.9736132078087 140.94437590633447 -4.756445643487002
  endloop
endfacet
facet normal -4.4048340272580975e-25 1.4900287353117595e-08 0.9999999999999999
  outer loop
    vertex 3706.9736132078087 140.94437590633447 -4.756445643487002
    vertex 3706.9736132078087 132.60305491481836 -4.756445519198928
    vertex 3707.1369261197965 132.16005841289575 -4.756445512598148
  endloop
endfacet
facet normal -4.4048340272580975e-25 1.4900287353117595e-08 0.9999999999999999
  outer loop
    vertex 3706.9736132078087 140.94437590633447 -4.756445643487002
    vertex 3707.1369261197965 132.16005841289575 -4.756445512598148
    vertex 3707.1369261197965 141.38737240825708 -4.756445650087782
  endloop
endfacet
facet normal -4.4048340272580975e-25 1.4900287353117595e-08 0.9999999999999999
  outer loop
    vertex 3707.1369261197965 141.38737240825708 -4.756445650087782
    vertex 3707.1369261197965 132.16005841289575 -4.756445512598148
    vertex 3707.316592638962 131.72343817745264 -4.756445506092381
  endloop
endfacet
facet normal -4.4048340272580975e-25 1.4900287353117595e-08 0.9999999999999999
  outer loop
    vertex 3707.1369261197965 141.38737240825708 -4.756445650087782
    vertex 3707.316592638962 131.72343817745264 -4.756445506092381
    vertex 3707.316592638962 141.8239926437002 -4.75644565659355
  endloop
endfacet
facet normal -4.4048340272580975e-25 1.4900287353117595e-08 0.9999999999999999
  outer loop
    vertex 3707.316592638962 141.8239926437002 -4.75644565659355
    vertex 3707.316592638962 131.72343817745264 -4.756445506092381
    vertex 3707.5123638563073 131.2937978843313 -4.756445499690617
  endloop
endfacet
facet normal -4.4048340272580975e-25 1.4900287353117595e-08 0.9999999999999999
  outer loop
    vertex 3707.316592638962 141.8239926437002 -4.75644565659355
    vertex 3707.5123638563073 131.2937978843313 -4.756445499690617
    vertex 3707.5064100675504 136.69440190886075 -4.756445580161169
  endloop
endfacet
facet normal -4.4048340272580975e-25 1.4900287353117595e-08 0.9999999999999999
  outer loop
    vertex 3707.5064100675504 136.69440190886075 -4.756445580161169
    vertex 3707.5123638563073 131.2937978843313 -4.756445499690617
    vertex 3707.5235609464567 136.5367047825914 -4.756445577811441
  endloop
endfacet
facet normal -4.4048340272580975e-25 1.4900287353117595e-08 0.9999999999999999
  outer loop
    vertex 3707.5235609464567 136.5367047825914 -4.756445577811441
    vertex 3707.5123638563073 131.2937978843313 -4.756445499690617
    vertex 3707.723969882003 130.8717311957937 -4.756445493401703
  endloop
endfacet
facet normal -4.4048340272580975e-25 1.4900287353117595e-08 0.9999999999999999
  outer loop
    vertex 3707.5235609464567 136.5367047825914 -4.756445577811441
    vertex 3707.723969882003 130.8717311957937 -4.756445493401703
    vertex 3707.557660525314 136.38178638015802 -4.756445575503112
  endloop
endfacet
facet normal -4.4048340272580975e-25 1.4900287353117595e-08 0.9999999999999999
  outer loop
    vertex 3707.557660525314 136.38178638015802 -4.756445575503112
    vertex 3707.723969882003 130.8717311957937 -4.756445493401703
    vertex 3707.608311121933 136.23146298919733 -4.756445573263246
  endloop
endfacet
facet normal -4.4048340272580975e-25 1.4900287353117595e-08 0.9999999999999999
  outer loop
    vertex 3707.608311121933 136.23146298919733 -4.756445573263246
    vertex 3707.723969882003 130.8717311957937 -4.756445493401703
    vertex 3707.674916689865 136.08749702964838 -4.756445571118112
  endloop
endfacet
facet normal -4.4048340272580975e-25 1.4900287353117595e-08 0.9999999999999999
  outer loop
    vertex 3707.674916689865 136.08749702964838 -4.756445571118112
    vertex 3707.723969882003 130.8717311957937 -4.756445493401703
    vertex 3707.75669712352 135.95157638584192 -4.75644556909286
  endloop
endfacet
facet normal -4.4048340272580975e-25 1.4900287353117595e-08 0.9999999999999999
  outer loop
    vertex 3707.75669712352 135.95157638584192 -4.75644556909286
    vertex 3707.723969882003 130.8717311957937 -4.756445493401703
    vertex 3707.9511179380333 130.45782176052148 -4.756445487234338
  endloop
endfacet
facet normal -4.4048340272580975e-25 1.4900287353117595e-08 0.9999999999999999
  outer loop
    vertex 3707.75669712352 135.95157638584192 -4.75644556909286
    vertex 3707.9511179380333 130.45782176052148 -4.756445487234338
    vertex 3707.8526939802096 135.82529452835138 -4.756445567211223
  endloop
endfacet
facet normal -4.4048340272580975e-25 1.4900287353117595e-08 0.9999999999999999
  outer loop
    vertex 3707.8526939802096 135.82529452835138 -4.756445567211223
    vertex 3707.9511179380333 130.45782176052148 -4.756445487234338
    vertex 3707.96178192424 135.71013203655298 -4.756445565495265
  endloop
endfacet
facet normal -4.4048340272580975e-25 1.4900287353117595e-08 0.9999999999999999
  outer loop
    vertex 3707.96178192424 135.71013203655298 -4.756445565495265
    vertex 3707.9511179380333 130.45782176052148 -4.756445487234338
    vertex 3708.1934942655485 130.05264130626733 -4.756445481197032
  endloop
endfacet
facet normal -4.4048340272580975e-25 1.4900287353117595e-08 0.9999999999999999
  outer loop
    vertex 3707.96178192424 135.71013203655298 -4.756445565495265
    vertex 3708.1934942655485 130.05264130626733 -4.756445481197032
    vertex 3708.082681124679 135.60743907486017 -4.756445563965115
  endloop
endfacet
facet normal -4.4048340272580975e-25 1.4900287353117595e-08 0.9999999999999999
  outer loop
    vertex 3708.082681124679 135.60743907486017 -4.756445563965115
    vertex 3708.1934942655485 130.05264130626733 -4.756445481197032
    vertex 3708.2139753751676 135.51841965709744 -4.756445562638696
  endloop
endfacet
facet normal -4.4048340272580975e-25 1.4900287353117595e-08 0.9999999999999999
  outer loop
    vertex 3708.2139753751676 135.51841965709744 -4.756445562638696
    vertex 3708.1934942655485 130.05264130626733 -4.756445481197032
    vertex 3708.450763171188 129.65675011669217 -4.756445475298135
  endloop
endfacet
facet normal -4.4048340272580975e-25 1.4900287353117595e-08 0.9999999999999999
  outer loop
    vertex 3708.2139753751676 135.51841965709744 -4.756445562638696
    vertex 3708.450763171188 129.65675011669217 -4.756445475298135
    vertex 3708.3541244916833 135.44411746059473 -4.756445561531571
  endloop
endfacet
facet normal -4.4048340272580975e-25 1.4900287353117595e-08 0.9999999999999999
  outer loop
    vertex 3708.3541244916833 135.44411746059473 -4.756445561531571
    vertex 3708.450763171188 129.65675011669217 -4.756445475298135
    vertex 3708.5014852933805 135.3854035476309 -4.756445560656721
  endloop
endfacet
facet normal -4.4048340272580975e-25 1.4900287353117595e-08 0.9999999999999999
  outer loop
    vertex 3708.5014852933805 135.3854035476309 -4.756445560656721
    vertex 3708.450763171188 129.65675011669217 -4.756445475298135
    vertex 3708.722569888107 129.27069512401636 -4.756445469545804
  endloop
endfacet
facet normal -4.4048340272580975e-25 1.4900287353117595e-08 0.9999999999999999
  outer loop
    vertex 3708.5014852933805 135.3854035476309 -4.756445560656721
    vertex 3708.722569888107 129.27069512401636 -4.756445469545804
    vertex 3708.6543297223966 135.34296635185297 -4.756445560024395
  endloop
endfacet
facet normal -4.4048340272580975e-25 1.4900287353117595e-08 0.9999999999999999
  outer loop
    vertex 3708.6543297223966 135.34296635185297 -4.756445560024395
    vertex 3708.722569888107 129.27069512401636 -4.756445469545804
    vertex 3708.810866778366 135.31730333362634 -4.756445559642005
  endloop
endfacet
facet normal -4.4048340272580975e-25 1.4900287353117595e-08 0.9999999999999999
  outer loop
    vertex 3708.810866778366 135.31730333362634 -4.756445559642005
    vertex 3708.722569888107 129.27069512401636 -4.756445469545804
    vertex 3709.0085386686246 128.89500990902005 -4.756445463947988
  endloop
endfacet
facet normal -4.4048340272580975e-25 1.4900287353117595e-08 0.9999999999999999
  outer loop
    vertex 3708.810866778366 135.31730333362634 -4.756445559642005
    vertex 3709.0085386686246 128.89500990902005 -4.756445463947988
    vertex 3708.9692615919034 135.30871537719784 -4.756445559514046
  endloop
endfacet
facet normal -4.4048340272580975e-25 1.4900287353117595e-08 0.9999999999999999
  outer loop
    vertex 3708.9692615919034 135.30871537719784 -4.756445559514046
    vertex 3709.0085386686246 128.89500990902005 -4.756445463947988
    vertex 3709.127656405441 135.31730333362634 -4.756445559642005
  endloop
endfacet
facet normal -4.4048340272580975e-25 1.4900287353117595e-08 0.9999999999999999
  outer loop
    vertex 3709.127656405441 135.31730333362634 -4.756445559642005
    vertex 3709.0085386686246 128.89500990902005 -4.756445463947988
    vertex 3709.3082737379 128.53021374736844 -4.756445458512423
  endloop
endfacet
facet normal -4.4048340272580975e-25 1.4900287353117595e-08 0.9999999999999999
  outer loop
    vertex 3709.127656405441 135.31730333362634 -4.756445559642005
    vertex 3709.3082737379 128.53021374736844 -4.756445458512423
    vertex 3709.2841934614103 135.34296635185297 -4.756445560024395
  endloop
endfacet
facet normal -4.4048340272580975e-25 1.4900287353117595e-08 0.9999999999999999
  outer loop
    vertex 3709.2841934614103 135.34296635185297 -4.756445560024395
    vertex 3709.3082737379 128.53021374736844 -4.756445458512423
    vertex 3709.437037890426 135.3854035476309 -4.756445560656721
  endloop
endfacet
facet normal -4.4048340272580975e-25 1.4900287353117595e-08 0.9999999999999999
  outer loop
    vertex 3709.437037890426 135.3854035476309 -4.756445560656721
    vertex 3709.3082737379 128.53021374736844 -4.756445458512423
    vertex 3709.6213612012784 128.17681160961206 -4.756445453246626
  endloop
endfacet
facet normal -4.4048340272580975e-25 1.4900287353117595e-08 0.9999999999999999
  outer loop
    vertex 3709.437037890426 135.3854035476309 -4.756445560656721
    vertex 3709.6213612012784 128.17681160961206 -4.756445453246626
    vertex 3709.5843986921236 135.44411746059473 -4.756445561531571
  endloop
endfacet
facet normal -4.4048340272580975e-25 1.4900287353117595e-08 0.9999999999999999
  outer loop
    vertex 3709.5843986921236 135.44411746059473 -4.756445561531571
    vertex 3709.6213612012784 128.17681160961206 -4.756445453246626
    vertex 3709.724547808639 135.51841965709744 -4.756445562638696
  endloop
endfacet
facet normal -4.4048340272580975e-25 1.4900287353117595e-08 0.9999999999999999
  outer loop
    vertex 3709.724547808639 135.51841965709744 -4.756445562638696
    vertex 3709.6213612012784 128.17681160961206 -4.756445453246626
    vertex 3709.9473680906217 127.83529034648951 -4.756445448157861
  endloop
endfacet
facet normal -4.4048340272580975e-25 1.4900287353117595e-08 0.9999999999999999
  outer loop
    vertex 3709.724547808639 135.51841965709744 -4.756445562638696
    vertex 3709.9473680906217 127.83529034648951 -4.756445448157861
    vertex 3709.855842059128 135.60743907486017 -4.756445563965115
  endloop
endfacet
facet normal -4.4048340272580975e-25 1.4900287353117595e-08 0.9999999999999999
  outer loop
    vertex 3709.855842059128 135.60743907486017 -4.756445563965115
    vertex 3709.9473680906217 127.83529034648951 -4.756445448157861
    vertex 3709.976741259567 135.71013203655298 -4.756445565495265
  endloop
endfacet
facet normal -4.4048340272580975e-25 1.4900287353117595e-08 0.9999999999999999
  outer loop
    vertex 3709.976741259567 135.71013203655298 -4.756445565495265
    vertex 3709.9473680906217 127.83529034648951 -4.756445448157861
    vertex 3710.2858442716515 127.50612298046167 -4.756445443253173
  endloop
endfacet
facet normal -4.4048340272580975e-25 1.4900287353117595e-08 0.9999999999999999
  outer loop
    vertex 3709.976741259567 135.71013203655298 -4.756445565495265
    vertex 3710.2858442716515 127.50612298046167 -4.756445443253173
    vertex 3710.0858292035973 135.82529452835138 -4.756445567211223
  endloop
endfacet
facet normal -4.4048340272580975e-25 1.4900287353117595e-08 0.9999999999999999
  outer loop
    vertex 3710.0858292035973 135.82529452835138 -4.756445567211223
    vertex 3710.2858442716515 127.50612298046167 -4.756445443253173
    vertex 3710.1818260602868 135.95157638584192 -4.75644556909286
  endloop
endfacet
facet normal -4.4048340272580975e-25 1.4900287353117595e-08 0.9999999999999999
  outer loop
    vertex 3710.1818260602868 135.95157638584192 -4.75644556909286
    vertex 3710.2858442716515 127.50612298046167 -4.756445443253173
    vertex 3710.263606493942 136.08749702964838 -4.756445571118112
  endloop
endfacet
facet normal -4.4048340272580975e-25 1.4900287353117595e-08 0.9999999999999999
  outer loop
    vertex 3710.263606493942 136.08749702964838 -4.756445571118112
    vertex 3710.2858442716515 127.50612298046167 -4.756445443253173
    vertex 3710.3302120618737 136.23146298919733 -4.756445573263246
  endloop
endfacet
facet normal -4.4048340272580975e-25 1.4900287353117595e-08 0.9999999999999999
  outer loop
    vertex 3710.3302120618737 136.23146298919733 -4.756445573263246
    vertex 3710.2858442716515 127.50612298046167 -4.756445443253173
    vertex 3710.6363224439538 127.18976441417749 -4.756445438539339
  endloop
endfacet
facet normal -4.4048340272580975e-25 1.4900287353117595e-08 0.9999999999999999
  outer loop
    vertex 3710.3302120618737 136.23146298919733 -4.756445573263246
    vertex 3710.6363224439538 127.18976441417749 -4.756445438539339
    vertex 3710.380862658493 136.38178638015802 -4.756445575503112
  endloop
endfacet
facet normal -4.4048340272580975e-25 1.4900287353117595e-08 0.9999999999999999
  outer loop
    vertex 3710.380862658493 136.38178638015802 -4.756445575503112
    vertex 3710.6363224439538 127.18976441417749 -4.756445438539339
    vertex 3710.4149622373507 136.5367047825914 -4.756445577811441
  endloop
endfacet
facet normal -4.4048340272580975e-25 1.4900287353117595e-08 0.9999999999999999
  outer loop
    vertex 3710.4149622373507 136.5367047825914 -4.756445577811441
    vertex 3710.6363224439538 127.18976441417749 -4.756445438539339
    vertex 3710.4321131162565 136.69440190886075 -4.756445580161169
  endloop
endfacet
facet normal -4.4048340272580975e-25 1.4900287353117595e-08 0.9999999999999999
  outer loop
    vertex 3710.4321131162565 136.69440190886075 -4.756445580161169
    vertex 3710.6363224439538 127.18976441417749 -4.756445438539339
    vertex 3710.4321131162565 136.85302891229207 -4.756445582524761
  endloop
endfacet
facet normal -0.05413915483971765 -0.9985334004995732 1.4878434590268585e-08
  outer loop
    vertex 3708.9692615919034 138.2387153843539 -8.756445984641614
    vertex 3709.127656405441 138.2301274875265 -4.756445603043925
    vertex 3708.9692615919034 138.23871544395502 -4.756445603171884
  endloop
endfacet
facet normal -0.05413915483971765 -0.9985334004995732 1.4878434590268585e-08
  outer loop
    vertex 3709.127656405441 138.2301274875265 -4.756445603043925
    vertex 3708.9692615919034 138.2387153843539 -8.756445984641614
    vertex 3709.127656405441 138.23012742792534 -8.756445984513652
  endloop
endfacet
facet normal 0.054139154839717166 -0.9985334004995732 1.4878434590268585e-08
  outer loop
    vertex 3708.810866778366 138.2301274875265 -4.756445603043925
    vertex 3708.9692615919034 138.2387153843539 -8.756445984641614
    vertex 3708.9692615919034 138.23871544395502 -4.756445603171884
  endloop
endfacet
facet normal 0.054139154839717166 -0.9985334004995732 1.4878434590268585e-08
  outer loop
    vertex 3708.9692615919034 138.2387153843539 -8.756445984641614
    vertex 3708.810866778366 138.2301274875265 -4.756445603043925
    vertex 3708.810866778366 138.23012742792534 -8.756445984513652
  endloop
endfacet
facet normal 0.16178242944713997 -0.9868264515719982 1.4703997687323331e-08
  outer loop
    vertex 3708.6543297223966 138.20446440969874 -8.756445984131265
    vertex 3708.810866778366 138.2301274875265 -4.756445603043925
    vertex 3708.6543297223966 138.20446446929986 -4.756445602661535
  endloop
endfacet
facet normal 0.16178242944713997 -0.9868264515719982 1.4703997687323331e-08
  outer loop
    vertex 3708.810866778366 138.2301274875265 -4.756445603043925
    vertex 3708.6543297223966 138.20446440969874 -8.756445984131265
    vertex 3708.810866778366 138.23012742792534 -8.756445984513652
  endloop
endfacet
facet normal 0.2675292103554012 -0.9635497504574506 1.435716815229049e-08
  outer loop
    vertex 3708.5014852933805 138.16202721392085 -8.756445983498937
    vertex 3708.6543297223966 138.20446446929986 -4.756445602661535
    vertex 3708.5014852933805 138.16202727352197 -4.756445602029208
  endloop
endfacet
facet normal 0.2675292103554012 -0.9635497504574506 1.435716815229049e-08
  outer loop
    vertex 3708.6543297223966 138.20446446929986 -4.756445602661535
    vertex 3708.5014852933805 138.16202721392085 -8.756445983498937
    vertex 3708.6543297223966 138.20446440969874 -8.756445984131265
  endloop
endfacet
facet normal 0.37013817269421107 -0.9289767129022074 1.3842019958354031e-08
  outer loop
    vertex 3708.3541244916833 138.1033133605581 -4.756445601154359
    vertex 3708.5014852933805 138.16202721392085 -8.756445983498937
    vertex 3708.5014852933805 138.16202727352197 -4.756445602029208
  endloop
endfacet
facet normal 0.37013817269421107 -0.9289767129022074 1.3842019958354031e-08
  outer loop
    vertex 3708.5014852933805 138.16202721392085 -8.756445983498937
    vertex 3708.3541244916833 138.1033133605581 -4.756445601154359
    vertex 3708.3541244916833 138.10331330095696 -8.756445982624088
  endloop
endfacet
facet normal 0.4684076409194397 -0.8835124684622653 1.3164589652309953e-08
  outer loop
    vertex 3708.2139753751676 138.0290111044543 -8.756445981516961
    vertex 3708.3541244916833 138.1033133605581 -4.756445601154359
    vertex 3708.2139753751676 138.02901116405542 -4.756445600047234
  endloop
endfacet
facet normal 0.4684076409194397 -0.8835124684622653 1.3164589652309953e-08
  outer loop
    vertex 3708.3541244916833 138.1033133605581 -4.756445601154359
    vertex 3708.2139753751676 138.0290111044543 -8.756445981516961
    vertex 3708.3541244916833 138.10331330095696 -8.756445982624088
  endloop
endfacet
facet normal 0.5611858004269437 -0.8276898558029878 1.2332816683380294e-08
  outer loop
    vertex 3708.082681124679 137.93999168669154 -8.756445980190545
    vertex 3708.2139753751676 138.02901116405542 -4.756445600047234
    vertex 3708.082681124679 137.93999174629266 -4.756445598720815
  endloop
endfacet
facet normal 0.5611858004269437 -0.8276898558029878 1.2332816683380294e-08
  outer loop
    vertex 3708.2139753751676 138.02901116405542 -4.756445600047234
    vertex 3708.082681124679 137.93999168669154 -8.756445980190545
    vertex 3708.2139753751676 138.0290111044543 -8.756445981516961
  endloop
endfacet
facet normal 0.6473872194269241 -0.7621612612319494 1.1356421795007361e-08
  outer loop
    vertex 3707.96178192424 137.83729878459985 -4.756445597190665
    vertex 3708.082681124679 137.93999168669154 -8.756445980190545
    vertex 3708.082681124679 137.93999174629266 -4.756445598720815
  endloop
endfacet
facet normal 0.6473872194269241 -0.7621612612319494 1.1356421795007361e-08
  outer loop
    vertex 3708.082681124679 137.93999168669154 -8.756445980190545
    vertex 3707.96178192424 137.83729878459985 -4.756445597190665
    vertex 3707.96178192424 137.8372987249987 -8.756445978660391
  endloop
endfacet
facet normal 0.7259947449492236 -0.6877002474233319 1.0246931293315251e-08
  outer loop
    vertex 3707.8526939802096 137.72213629280145 -4.756445595474707
    vertex 3707.96178192424 137.8372987249987 -8.756445978660391
    vertex 3707.96178192424 137.83729878459985 -4.756445597190665
  endloop
endfacet
facet normal 0.7259947449492236 -0.6877002474233319 1.0246931293315251e-08
  outer loop
    vertex 3707.96178192424 137.8372987249987 -8.756445978660391
    vertex 3707.8526939802096 137.72213629280145 -4.756445595474707
    vertex 3707.8526939802096 137.7221362332003 -8.756445976944436
  endloop
endfacet
facet normal 0.796093416921783 -0.6051737531765569 9.017262815525214e-09
  outer loop
    vertex 3707.75669712352 137.59585443531094 -4.75644559359307
    vertex 3707.8526939802096 137.7221362332003 -8.756445976944436
    vertex 3707.8526939802096 137.72213629280145 -4.756445595474707
  endloop
endfacet
facet normal 0.796093416921783 -0.6051737531765569 9.017262815525214e-09
  outer loop
    vertex 3707.8526939802096 137.7221362332003 -8.756445976944436
    vertex 3707.75669712352 137.59585443531094 -4.75644559359307
    vertex 3707.75669712352 137.5958543757098 -8.7564459750628
  endloop
endfacet
facet normal 0.8568580235899002 -0.5155524487475645 7.68187962736727e-09
  outer loop
    vertex 3707.674916689865 137.45993379150445 -4.756445591567818
    vertex 3707.75669712352 137.5958543757098 -8.7564459750628
    vertex 3707.75669712352 137.59585443531094 -4.75644559359307
  endloop
endfacet
facet normal 0.8568580235899002 -0.5155524487475645 7.68187962736727e-09
  outer loop
    vertex 3707.75669712352 137.5958543757098 -8.7564459750628
    vertex 3707.674916689865 137.45993379150445 -4.756445591567818
    vertex 3707.674916689865 137.45993373190333 -8.756445973037545
  endloop
endfacet
facet normal 0.9075758462166624 -0.41988817959560265 6.256454528425955e-09
  outer loop
    vertex 3707.674916689865 137.45993379150445 -4.756445591567818
    vertex 3707.608311121933 137.31596777235438 -8.75644597089241
    vertex 3707.674916689865 137.45993373190333 -8.756445973037545
  endloop
endfacet
facet normal 0.9075758462166624 -0.41988817959560265 6.256454528425955e-09
  outer loop
    vertex 3707.608311121933 137.31596777235438 -8.75644597089241
    vertex 3707.674916689865 137.45993379150445 -4.756445591567818
    vertex 3707.608311121933 137.3159678319555 -4.756445589422683
  endloop
endfacet
facet normal 0.9476517424961544 -0.31930577029549956 4.757747728078073e-09
  outer loop
    vertex 3707.608311121933 137.3159678319555 -4.756445589422683
    vertex 3707.557660525314 137.1656443813937 -8.756445968652548
    vertex 3707.608311121933 137.31596777235438 -8.75644597089241
  endloop
endfacet
facet normal 0.9476517424961544 -0.31930577029549956 4.757747728078073e-09
  outer loop
    vertex 3707.557660525314 137.1656443813937 -8.756445968652548
    vertex 3707.608311121933 137.3159678319555 -4.756445589422683
    vertex 3707.557660525314 137.1656444409948 -4.756445587182818
  endloop
endfacet
facet normal 0.9766212705901479 -0.21496719245244147 3.20307293712675e-09
  outer loop
    vertex 3707.557660525314 137.1656444409948 -4.756445587182818
    vertex 3707.5235609464567 137.0107259789603 -8.756445966344218
    vertex 3707.557660525314 137.1656443813937 -8.756445968652548
  endloop
endfacet
facet normal 0.9766212705901479 -0.21496719245244147 3.20307293712675e-09
  outer loop
    vertex 3707.5235609464567 137.0107259789603 -8.756445966344218
    vertex 3707.557660525314 137.1656444409948 -4.756445587182818
    vertex 3707.5235609464567 137.01072603856142 -4.7564455848744895
  endloop
endfacet
facet normal 0.9941377654761738 -0.10812078086122182 1.6110307027162283e-09
  outer loop
    vertex 3707.5235609464567 137.01072603856142 -4.7564455848744895
    vertex 3707.5064100675504 136.85302885269095 -8.756445963994487
    vertex 3707.5235609464567 137.0107259789603 -8.756445966344218
  endloop
endfacet
facet normal 0.9941377654761738 -0.10812078086122182 1.6110307027162283e-09
  outer loop
    vertex 3707.5064100675504 136.85302885269095 -8.756445963994487
    vertex 3707.5235609464567 137.01072603856142 -4.7564455848744895
    vertex 3707.5064100675504 136.85302891229207 -4.756445582524761
  endloop
endfacet
facet normal 1.0 0.0 0.0
  outer loop
    vertex 3707.5064100675504 136.85302891229207 -4.756445582524761
    vertex 3707.5064100675504 136.6944018492596 -8.756445961630899
    vertex 3707.5064100675504 136.85302885269095 -8.756445963994487
  endloop
endfacet
facet normal 1.0 0.0 0.0
  outer loop
    vertex 3707.5064100675504 136.6944018492596 -8.756445961630899
    vertex 3707.5064100675504 136.85302891229207 -4.756445582524761
    vertex 3707.5064100675504 136.69440190886075 -4.756445580161169
  endloop
endfacet
facet normal 0.9941377654761738 0.10812078086122182 -1.6110307027162283e-09
  outer loop
    vertex 3707.5235609464567 136.5367047825914 -4.756445577811441
    vertex 3707.5064100675504 136.6944018492596 -8.756445961630899
    vertex 3707.5064100675504 136.69440190886075 -4.756445580161169
  endloop
endfacet
facet normal 0.9941377654761738 0.10812078086122182 -1.6110307027162283e-09
  outer loop
    vertex 3707.5064100675504 136.6944018492596 -8.756445961630899
    vertex 3707.5235609464567 136.5367047825914 -4.756445577811441
    vertex 3707.5235609464567 136.53670472299027 -8.75644595928117
  endloop
endfacet
facet normal 0.9766212705901479 0.21496719245244147 -3.20307293712675e-09
  outer loop
    vertex 3707.557660525314 136.38178638015802 -4.756445575503112
    vertex 3707.5235609464567 136.53670472299027 -8.75644595928117
    vertex 3707.5235609464567 136.5367047825914 -4.756445577811441
  endloop
endfacet
facet normal 0.9766212705901479 0.21496719245244147 -3.20307293712675e-09
  outer loop
    vertex 3707.5235609464567 136.53670472299027 -8.75644595928117
    vertex 3707.557660525314 136.38178638015802 -4.756445575503112
    vertex 3707.557660525314 136.3817863205569 -8.756445956972842
  endloop
endfacet
facet normal 0.9476517424961544 0.3193057702954995 -4.757747728078072e-09
  outer loop
    vertex 3707.608311121933 136.23146298919733 -4.756445573263246
    vertex 3707.557660525314 136.3817863205569 -8.756445956972842
    vertex 3707.557660525314 136.38178638015802 -4.756445575503112
  endloop
endfacet
facet normal 0.9476517424961544 0.3193057702954995 -4.757747728078072e-09
  outer loop
    vertex 3707.557660525314 136.3817863205569 -8.756445956972842
    vertex 3707.608311121933 136.23146298919733 -4.756445573263246
    vertex 3707.608311121933 136.23146292959618 -8.756445954732975
  endloop
endfacet
facet normal 0.9075758462166624 0.41988817959560265 -6.256454528425955e-09
  outer loop
    vertex 3707.674916689865 136.08749702964838 -4.756445571118112
    vertex 3707.608311121933 136.23146292959618 -8.756445954732975
    vertex 3707.608311121933 136.23146298919733 -4.756445573263246
  endloop
endfacet
facet normal 0.9075758462166624 0.41988817959560265 -6.256454528425955e-09
  outer loop
    vertex 3707.608311121933 136.23146292959618 -8.756445954732975
    vertex 3707.674916689865 136.08749702964838 -4.756445571118112
    vertex 3707.674916689865 136.08749697004725 -8.75644595258784
  endloop
endfacet
facet normal 0.8568580235899004 0.5155524487475643 -7.681879627367269e-09
  outer loop
    vertex 3707.75669712352 135.95157638584192 -4.75644556909286
    vertex 3707.674916689865 136.08749697004725 -8.75644595258784
    vertex 3707.674916689865 136.08749702964838 -4.756445571118112
  endloop
endfacet
facet normal 0.8568580235899004 0.5155524487475643 -7.681879627367269e-09
  outer loop
    vertex 3707.674916689865 136.08749697004725 -8.75644595258784
    vertex 3707.75669712352 135.95157638584192 -4.75644556909286
    vertex 3707.75669712352 135.9515763262408 -8.75644595056259
  endloop
endfacet
facet normal 0.796093416921783 0.605173753176557 -9.017262815525216e-09
  outer loop
    vertex 3707.8526939802096 135.82529452835138 -4.756445567211223
    vertex 3707.75669712352 135.9515763262408 -8.75644595056259
    vertex 3707.75669712352 135.95157638584192 -4.75644556909286
  endloop
endfacet
facet normal 0.796093416921783 0.605173753176557 -9.017262815525216e-09
  outer loop
    vertex 3707.75669712352 135.9515763262408 -8.75644595056259
    vertex 3707.8526939802096 135.82529452835138 -4.756445567211223
    vertex 3707.8526939802096 135.82529446875026 -8.75644594868095
  endloop
endfacet
facet normal 0.7259947449492237 0.6877002474233318 -1.024693129331525e-08
  outer loop
    vertex 3707.8526939802096 135.82529452835138 -4.756445567211223
    vertex 3707.96178192424 135.71013197695183 -8.756445946964995
    vertex 3707.8526939802096 135.82529446875026 -8.75644594868095
  endloop
endfacet
facet normal 0.7259947449492237 0.6877002474233318 -1.024693129331525e-08
  outer loop
    vertex 3707.96178192424 135.71013197695183 -8.756445946964995
    vertex 3707.8526939802096 135.82529452835138 -4.756445567211223
    vertex 3707.96178192424 135.71013203655298 -4.756445565495265
  endloop
endfacet
facet normal 0.6473872194269241 0.7621612612319494 -1.1356421795007361e-08
  outer loop
    vertex 3708.082681124679 135.60743907486017 -4.756445563965115
    vertex 3707.96178192424 135.71013197695183 -8.756445946964995
    vertex 3707.96178192424 135.71013203655298 -4.756445565495265
  endloop
endfacet
facet normal 0.6473872194269241 0.7621612612319494 -1.1356421795007361e-08
  outer loop
    vertex 3707.96178192424 135.71013197695183 -8.756445946964995
    vertex 3708.082681124679 135.60743907486017 -4.756445563965115
    vertex 3708.082681124679 135.60743901525905 -8.756445945434844
  endloop
endfacet
facet normal 0.5611858004269437 0.8276898558029878 -1.2332816683380294e-08
  outer loop
    vertex 3708.2139753751676 135.5184195974963 -8.756445944108425
    vertex 3708.082681124679 135.60743907486017 -4.756445563965115
    vertex 3708.2139753751676 135.51841965709744 -4.756445562638696
  endloop
endfacet
facet normal 0.5611858004269437 0.8276898558029878 -1.2332816683380294e-08
  outer loop
    vertex 3708.082681124679 135.60743907486017 -4.756445563965115
    vertex 3708.2139753751676 135.5184195974963 -8.756445944108425
    vertex 3708.082681124679 135.60743901525905 -8.756445945434844
  endloop
endfacet
facet normal 0.4684076409194397 0.883512468462265 -1.316458965230995e-08
  outer loop
    vertex 3708.3541244916833 135.44411740099358 -8.7564459430013
    vertex 3708.2139753751676 135.51841965709744 -4.756445562638696
    vertex 3708.3541244916833 135.44411746059473 -4.756445561531571
  endloop
endfacet
facet normal 0.4684076409194397 0.883512468462265 -1.316458965230995e-08
  outer loop
    vertex 3708.2139753751676 135.51841965709744 -4.756445562638696
    vertex 3708.3541244916833 135.44411740099358 -8.7564459430013
    vertex 3708.2139753751676 135.5184195974963 -8.756445944108425
  endloop
endfacet
facet normal 0.3701381726942111 0.9289767129022074 -1.3842019958354031e-08
  outer loop
    vertex 3708.5014852933805 135.3854035476309 -4.756445560656721
    vertex 3708.3541244916833 135.44411740099358 -8.7564459430013
    vertex 3708.3541244916833 135.44411746059473 -4.756445561531571
  endloop
endfacet
facet normal 0.3701381726942111 0.9289767129022074 -1.3842019958354031e-08
  outer loop
    vertex 3708.3541244916833 135.44411740099358 -8.7564459430013
    vertex 3708.5014852933805 135.3854035476309 -4.756445560656721
    vertex 3708.5014852933805 135.38540348802974 -8.75644594212645
  endloop
endfacet
facet normal 0.2675292103554013 0.9635497504574506 -1.435716815229049e-08
  outer loop
    vertex 3708.6543297223966 135.34296629225184 -8.756445941494121
    vertex 3708.5014852933805 135.3854035476309 -4.756445560656721
    vertex 3708.6543297223966 135.34296635185297 -4.756445560024395
  endloop
endfacet
facet normal 0.2675292103554013 0.9635497504574506 -1.435716815229049e-08
  outer loop
    vertex 3708.5014852933805 135.3854035476309 -4.756445560656721
    vertex 3708.6543297223966 135.34296629225184 -8.756445941494121
    vertex 3708.5014852933805 135.38540348802974 -8.75644594212645
  endloop
endfacet
facet normal 0.16178242944713997 0.9868264515719982 -1.4703997687323331e-08
  outer loop
    vertex 3708.810866778366 135.3173032740252 -8.756445941111734
    vertex 3708.6543297223966 135.34296635185297 -4.756445560024395
    vertex 3708.810866778366 135.31730333362634 -4.756445559642005
  endloop
endfacet
facet normal 0.16178242944713997 0.9868264515719982 -1.4703997687323331e-08
  outer loop
    vertex 3708.6543297223966 135.34296635185297 -4.756445560024395
    vertex 3708.810866778366 135.3173032740252 -8.756445941111734
    vertex 3708.6543297223966 135.34296629225184 -8.756445941494121
  endloop
endfacet
facet normal 0.054139154839717166 0.9985334004995732 -1.4878434590268585e-08
  outer loop
    vertex 3708.9692615919034 135.30871537719784 -4.756445559514046
    vertex 3708.810866778366 135.3173032740252 -8.756445941111734
    vertex 3708.810866778366 135.31730333362634 -4.756445559642005
  endloop
endfacet
facet normal 0.054139154839717166 0.9985334004995732 -1.4878434590268585e-08
  outer loop
    vertex 3708.810866778366 135.3173032740252 -8.756445941111734
    vertex 3708.9692615919034 135.30871537719784 -4.756445559514046
    vertex 3708.9692615919034 135.3087153175967 -8.756445940983776
  endloop
endfacet
facet normal -0.05413915483971765 0.9985334004995732 -1.4878434590268585e-08
  outer loop
    vertex 3709.127656405441 135.3173032740252 -8.756445941111734
    vertex 3708.9692615919034 135.30871537719784 -4.756445559514046
    vertex 3709.127656405441 135.31730333362634 -4.756445559642005
  endloop
endfacet
facet normal -0.05413915483971765 0.9985334004995732 -1.4878434590268585e-08
  outer loop
    vertex 3708.9692615919034 135.30871537719784 -4.756445559514046
    vertex 3709.127656405441 135.3173032740252 -8.756445941111734
    vertex 3708.9692615919034 135.3087153175967 -8.756445940983776
  endloop
endfacet
facet normal -0.16178242944713997 0.9868264515719982 -1.4703997687323331e-08
  outer loop
    vertex 3709.2841934614103 135.34296635185297 -4.756445560024395
    vertex 3709.127656405441 135.3173032740252 -8.756445941111734
    vertex 3709.127656405441 135.31730333362634 -4.756445559642005
  endloop
endfacet
facet normal -0.16178242944713997 0.9868264515719982 -1.4703997687323331e-08
  outer loop
    vertex 3709.127656405441 135.3173032740252 -8.756445941111734
    vertex 3709.2841934614103 135.34296635185297 -4.756445560024395
    vertex 3709.2841934614103 135.34296629225184 -8.756445941494121
  endloop
endfacet
facet normal -0.2675292103554012 0.9635497504574506 -1.435716815229049e-08
  outer loop
    vertex 3709.437037890426 135.38540348802974 -8.75644594212645
    vertex 3709.2841934614103 135.34296635185297 -4.756445560024395
    vertex 3709.437037890426 135.3854035476309 -4.756445560656721
  endloop
endfacet
facet normal -0.2675292103554012 0.9635497504574506 -1.435716815229049e-08
  outer loop
    vertex 3709.2841934614103 135.34296635185297 -4.756445560024395
    vertex 3709.437037890426 135.38540348802974 -8.75644594212645
    vertex 3709.2841934614103 135.34296629225184 -8.756445941494121
  endloop
endfacet
facet normal -0.37013817269421095 0.9289767129022074 -1.3842019958354031e-08
  outer loop
    vertex 3709.5843986921236 135.44411740099358 -8.7564459430013
    vertex 3709.437037890426 135.3854035476309 -4.756445560656721
    vertex 3709.5843986921236 135.44411746059473 -4.756445561531571
  endloop
endfacet
facet normal -0.37013817269421095 0.9289767129022074 -1.3842019958354031e-08
  outer loop
    vertex 3709.437037890426 135.3854035476309 -4.756445560656721
    vertex 3709.5843986921236 135.44411740099358 -8.7564459430013
    vertex 3709.437037890426 135.38540348802974 -8.75644594212645
  endloop
endfacet
facet normal -0.4684076409194397 0.8835124684622653 -1.3164589652309953e-08
  outer loop
    vertex 3709.724547808639 135.5184195974963 -8.756445944108425
    vertex 3709.5843986921236 135.44411746059473 -4.756445561531571
    vertex 3709.724547808639 135.51841965709744 -4.756445562638696
  endloop
endfacet
facet normal -0.4684076409194397 0.8835124684622653 -1.3164589652309953e-08
  outer loop
    vertex 3709.5843986921236 135.44411746059473 -4.756445561531571
    vertex 3709.724547808639 135.5184195974963 -8.756445944108425
    vertex 3709.5843986921236 135.44411740099358 -8.7564459430013
  endloop
endfacet
facet normal -0.5611858004269437 0.8276898558029878 -1.2332816683380294e-08
  outer loop
    vertex 3709.855842059128 135.60743907486017 -4.756445563965115
    vertex 3709.724547808639 135.5184195974963 -8.756445944108425
    vertex 3709.724547808639 135.51841965709744 -4.756445562638696
  endloop
endfacet
facet normal -0.5611858004269437 0.8276898558029878 -1.2332816683380294e-08
  outer loop
    vertex 3709.724547808639 135.5184195974963 -8.756445944108425
    vertex 3709.855842059128 135.60743907486017 -4.756445563965115
    vertex 3709.855842059128 135.60743901525905 -8.756445945434844
  endloop
endfacet
facet normal -0.6473872194269241 0.7621612612319494 -1.1356421795007361e-08
  outer loop
    vertex 3709.976741259567 135.71013197695183 -8.756445946964995
    vertex 3709.855842059128 135.60743907486017 -4.756445563965115
    vertex 3709.976741259567 135.71013203655298 -4.756445565495265
  endloop
endfacet
facet normal -0.6473872194269241 0.7621612612319494 -1.1356421795007361e-08
  outer loop
    vertex 3709.855842059128 135.60743907486017 -4.756445563965115
    vertex 3709.976741259567 135.71013197695183 -8.756445946964995
    vertex 3709.855842059128 135.60743901525905 -8.756445945434844
  endloop
endfacet
facet normal -0.7259947449492236 0.6877002474233319 -1.0246931293315251e-08
  outer loop
    vertex 3709.976741259567 135.71013197695183 -8.756445946964995
    vertex 3710.0858292035973 135.82529452835138 -4.756445567211223
    vertex 3710.0858292035973 135.82529446875026 -8.75644594868095
  endloop
endfacet
facet normal -0.7259947449492236 0.6877002474233319 -1.0246931293315251e-08
  outer loop
    vertex 3710.0858292035973 135.82529452835138 -4.756445567211223
    vertex 3709.976741259567 135.71013197695183 -8.756445946964995
    vertex 3709.976741259567 135.71013203655298 -4.756445565495265
  endloop
endfacet
facet normal -0.7960934169217828 0.605173753176557 -9.017262815525216e-09
  outer loop
    vertex 3710.0858292035973 135.82529446875026 -8.75644594868095
    vertex 3710.1818260602868 135.95157638584192 -4.75644556909286
    vertex 3710.1818260602868 135.9515763262408 -8.75644595056259
  endloop
endfacet
facet normal -0.7960934169217828 0.605173753176557 -9.017262815525216e-09
  outer loop
    vertex 3710.1818260602868 135.95157638584192 -4.75644556909286
    vertex 3710.0858292035973 135.82529446875026 -8.75644594868095
    vertex 3710.0858292035973 135.82529452835138 -4.756445567211223
  endloop
endfacet
facet normal -0.8568580235899002 0.5155524487475645 -7.68187962736727e-09
  outer loop
    vertex 3710.1818260602868 135.9515763262408 -8.75644595056259
    vertex 3710.263606493942 136.08749702964838 -4.756445571118112
    vertex 3710.263606493942 136.08749697004725 -8.75644595258784
  endloop
endfacet
facet normal -0.8568580235899002 0.5155524487475645 -7.68187962736727e-09
  outer loop
    vertex 3710.263606493942 136.08749702964838 -4.756445571118112
    vertex 3710.1818260602868 135.9515763262408 -8.75644595056259
    vertex 3710.1818260602868 135.95157638584192 -4.75644556909286
  endloop
endfacet
facet normal -0.9075758462166624 0.41988817959560265 -6.256454528425955e-09
  outer loop
    vertex 3710.263606493942 136.08749697004725 -8.75644595258784
    vertex 3710.3302120618737 136.23146298919733 -4.756445573263246
    vertex 3710.3302120618737 136.23146292959618 -8.756445954732975
  endloop
endfacet
facet normal -0.9075758462166624 0.41988817959560265 -6.256454528425955e-09
  outer loop
    vertex 3710.3302120618737 136.23146298919733 -4.756445573263246
    vertex 3710.263606493942 136.08749697004725 -8.75644595258784
    vertex 3710.263606493942 136.08749702964838 -4.756445571118112
  endloop
endfacet
facet normal -0.9476517424961544 0.31930577029549956 -4.757747728078073e-09
  outer loop
    vertex 3710.3302120618737 136.23146292959618 -8.756445954732975
    vertex 3710.380862658493 136.38178638015802 -4.756445575503112
    vertex 3710.380862658493 136.3817863205569 -8.756445956972842
  endloop
endfacet
facet normal -0.9476517424961544 0.31930577029549956 -4.757747728078073e-09
  outer loop
    vertex 3710.380862658493 136.38178638015802 -4.756445575503112
    vertex 3710.3302120618737 136.23146292959618 -8.756445954732975
    vertex 3710.3302120618737 136.23146298919733 -4.756445573263246
  endloop
endfacet
facet normal -0.9766212705901479 0.21496719245244147 -3.20307293712675e-09
  outer loop
    vertex 3710.380862658493 136.3817863205569 -8.756445956972842
    vertex 3710.4149622373507 136.5367047825914 -4.756445577811441
    vertex 3710.4149622373507 136.53670472299027 -8.75644595928117
  endloop
endfacet
facet normal -0.9766212705901479 0.21496719245244147 -3.20307293712675e-09
  outer loop
    vertex 3710.4149622373507 136.5367047825914 -4.756445577811441
    vertex 3710.380862658493 136.3817863205569 -8.756445956972842
    vertex 3710.380862658493 136.38178638015802 -4.756445575503112
  endloop
endfacet
facet normal -0.9941377654761738 0.10812078086122182 -1.6110307027162283e-09
  outer loop
    vertex 3710.4149622373507 136.53670472299027 -8.75644595928117
    vertex 3710.4321131162565 136.69440190886075 -4.756445580161169
    vertex 3710.4321131162565 136.6944018492596 -8.756445961630899
  endloop
endfacet
facet normal -0.9941377654761738 0.10812078086122182 -1.6110307027162283e-09
  outer loop
    vertex 3710.4321131162565 136.69440190886075 -4.756445580161169
    vertex 3710.4149622373507 136.53670472299027 -8.75644595928117
    vertex 3710.4149622373507 136.5367047825914 -4.756445577811441
  endloop
endfacet
facet normal -1.0 -0.0 0.0
  outer loop
    vertex 3710.4321131162565 136.6944018492596 -8.756445961630899
    vertex 3710.4321131162565 136.85302891229207 -4.756445582524761
    vertex 3710.4321131162565 136.85302885269095 -8.756445963994487
  endloop
endfacet
facet normal -1.0 -0.0 0.0
  outer loop
    vertex 3710.4321131162565 136.85302891229207 -4.756445582524761
    vertex 3710.4321131162565 136.6944018492596 -8.756445961630899
    vertex 3710.4321131162565 136.69440190886075 -4.756445580161169
  endloop
endfacet
facet normal -0.9941377654761738 -0.10812078086122179 1.6110307027162279e-09
  outer loop
    vertex 3710.4321131162565 136.85302885269095 -8.756445963994487
    vertex 3710.4149622373507 137.01072603856142 -4.7564455848744895
    vertex 3710.4149622373507 137.0107259789603 -8.756445966344218
  endloop
endfacet
facet normal -0.9941377654761738 -0.10812078086122179 1.6110307027162279e-09
  outer loop
    vertex 3710.4149622373507 137.01072603856142 -4.7564455848744895
    vertex 3710.4321131162565 136.85302885269095 -8.756445963994487
    vertex 3710.4321131162565 136.85302891229207 -4.756445582524761
  endloop
endfacet
facet normal -0.9766212705901479 -0.21496719245244147 3.20307293712675e-09
  outer loop
    vertex 3710.4149622373507 137.0107259789603 -8.756445966344218
    vertex 3710.380862658493 137.1656444409948 -4.756445587182818
    vertex 3710.380862658493 137.1656443813937 -8.756445968652548
  endloop
endfacet
facet normal -0.9766212705901479 -0.21496719245244147 3.20307293712675e-09
  outer loop
    vertex 3710.380862658493 137.1656444409948 -4.756445587182818
    vertex 3710.4149622373507 137.0107259789603 -8.756445966344218
    vertex 3710.4149622373507 137.01072603856142 -4.7564455848744895
  endloop
endfacet
facet normal -0.9476517424961544 -0.3193057702954995 4.757747728078072e-09
  outer loop
    vertex 3710.380862658493 137.1656443813937 -8.756445968652548
    vertex 3710.3302120618737 137.3159678319555 -4.756445589422683
    vertex 3710.3302120618737 137.31596777235438 -8.75644597089241
  endloop
endfacet
facet normal -0.9476517424961544 -0.3193057702954995 4.757747728078072e-09
  outer loop
    vertex 3710.3302120618737 137.3159678319555 -4.756445589422683
    vertex 3710.380862658493 137.1656443813937 -8.756445968652548
    vertex 3710.380862658493 137.1656444409948 -4.756445587182818
  endloop
endfacet
facet normal -0.9075758462166624 -0.41988817959560265 6.256454528425955e-09
  outer loop
    vertex 3710.3302120618737 137.31596777235438 -8.75644597089241
    vertex 3710.263606493942 137.45993379150445 -4.756445591567818
    vertex 3710.263606493942 137.45993373190333 -8.756445973037545
  endloop
endfacet
facet normal -0.9075758462166624 -0.41988817959560265 6.256454528425955e-09
  outer loop
    vertex 3710.263606493942 137.45993379150445 -4.756445591567818
    vertex 3710.3302120618737 137.31596777235438 -8.75644597089241
    vertex 3710.3302120618737 137.3159678319555 -4.756445589422683
  endloop
endfacet
facet normal -0.8568580235899004 -0.5155524487475643 7.681879627367269e-09
  outer loop
    vertex 3710.263606493942 137.45993373190333 -8.756445973037545
    vertex 3710.1818260602868 137.59585443531094 -4.75644559359307
    vertex 3710.1818260602868 137.5958543757098 -8.7564459750628
  endloop
endfacet
facet normal -0.8568580235899004 -0.5155524487475643 7.681879627367269e-09
  outer loop
    vertex 3710.1818260602868 137.59585443531094 -4.75644559359307
    vertex 3710.263606493942 137.45993373190333 -8.756445973037545
    vertex 3710.263606493942 137.45993379150445 -4.756445591567818
  endloop
endfacet
facet normal -0.7960934169217828 -0.605173753176557 9.017262815525216e-09
  outer loop
    vertex 3710.1818260602868 137.5958543757098 -8.7564459750628
    vertex 3710.0858292035973 137.72213629280145 -4.756445595474707
    vertex 3710.0858292035973 137.7221362332003 -8.756445976944436
  endloop
endfacet
facet normal -0.7960934169217828 -0.605173753176557 9.017262815525216e-09
  outer loop
    vertex 3710.0858292035973 137.72213629280145 -4.756445595474707
    vertex 3710.1818260602868 137.5958543757098 -8.7564459750628
    vertex 3710.1818260602868 137.59585443531094 -4.75644559359307
  endloop
endfacet
facet normal -0.7259947449492237 -0.6877002474233318 1.024693129331525e-08
  outer loop
    vertex 3710.0858292035973 137.7221362332003 -8.756445976944436
    vertex 3709.976741259567 137.83729878459985 -4.756445597190665
    vertex 3709.976741259567 137.8372987249987 -8.756445978660391
  endloop
endfacet
facet normal -0.7259947449492237 -0.6877002474233318 1.024693129331525e-08
  outer loop
    vertex 3709.976741259567 137.83729878459985 -4.756445597190665
    vertex 3710.0858292035973 137.7221362332003 -8.756445976944436
    vertex 3710.0858292035973 137.72213629280145 -4.756445595474707
  endloop
endfacet
facet normal -0.6473872194269241 -0.7621612612319494 1.1356421795007361e-08
  outer loop
    vertex 3709.855842059128 137.93999168669154 -8.756445980190545
    vertex 3709.976741259567 137.83729878459985 -4.756445597190665
    vertex 3709.855842059128 137.93999174629266 -4.756445598720815
  endloop
endfacet
facet normal -0.6473872194269241 -0.7621612612319494 1.1356421795007361e-08
  outer loop
    vertex 3709.976741259567 137.83729878459985 -4.756445597190665
    vertex 3709.855842059128 137.93999168669154 -8.756445980190545
    vertex 3709.976741259567 137.8372987249987 -8.756445978660391
  endloop
endfacet
facet normal -0.5611858004269437 -0.8276898558029878 1.2332816683380294e-08
  outer loop
    vertex 3709.724547808639 138.02901116405542 -4.756445600047234
    vertex 3709.855842059128 137.93999168669154 -8.756445980190545
    vertex 3709.855842059128 137.93999174629266 -4.756445598720815
  endloop
endfacet
facet normal -0.5611858004269437 -0.8276898558029878 1.2332816683380294e-08
  outer loop
    vertex 3709.855842059128 137.93999168669154 -8.756445980190545
    vertex 3709.724547808639 138.02901116405542 -4.756445600047234
    vertex 3709.724547808639 138.0290111044543 -8.756445981516961
  endloop
endfacet
facet normal -0.4684076409194397 -0.883512468462265 1.316458965230995e-08
  outer loop
    vertex 3709.5843986921236 138.10331330095696 -8.756445982624088
    vertex 3709.724547808639 138.02901116405542 -4.756445600047234
    vertex 3709.5843986921236 138.1033133605581 -4.756445601154359
  endloop
endfacet
facet normal -0.4684076409194397 -0.883512468462265 1.316458965230995e-08
  outer loop
    vertex 3709.724547808639 138.02901116405542 -4.756445600047234
    vertex 3709.5843986921236 138.10331330095696 -8.756445982624088
    vertex 3709.724547808639 138.0290111044543 -8.756445981516961
  endloop
endfacet
facet normal -0.3701381726942111 -0.9289767129022074 1.3842019958354031e-08
  outer loop
    vertex 3709.437037890426 138.16202721392085 -8.756445983498937
    vertex 3709.5843986921236 138.1033133605581 -4.756445601154359
    vertex 3709.437037890426 138.16202727352197 -4.756445602029208
  endloop
endfacet
facet normal -0.3701381726942111 -0.9289767129022074 1.3842019958354031e-08
  outer loop
    vertex 3709.5843986921236 138.1033133605581 -4.756445601154359
    vertex 3709.437037890426 138.16202721392085 -8.756445983498937
    vertex 3709.5843986921236 138.10331330095696 -8.756445982624088
  endloop
endfacet
facet normal -0.2675292103554012 -0.9635497504574506 1.435716815229049e-08
  outer loop
    vertex 3709.2841934614103 138.20446440969874 -8.756445984131265
    vertex 3709.437037890426 138.16202727352197 -4.756445602029208
    vertex 3709.2841934614103 138.20446446929986 -4.756445602661535
  endloop
endfacet
facet normal -0.2675292103554012 -0.9635497504574506 1.435716815229049e-08
  outer loop
    vertex 3709.437037890426 138.16202727352197 -4.756445602029208
    vertex 3709.2841934614103 138.20446440969874 -8.756445984131265
    vertex 3709.437037890426 138.16202721392085 -8.756445983498937
  endloop
endfacet
facet normal -0.16178242944713997 -0.9868264515719982 1.4703997687323331e-08
  outer loop
    vertex 3709.127656405441 138.2301274875265 -4.756445603043925
    vertex 3709.2841934614103 138.20446440969874 -8.756445984131265
    vertex 3709.2841934614103 138.20446446929986 -4.756445602661535
  endloop
endfacet
facet normal -0.16178242944713997 -0.9868264515719982 1.4703997687323331e-08
  outer loop
    vertex 3709.2841934614103 138.20446440969874 -8.756445984131265
    vertex 3709.127656405441 138.2301274875265 -4.756445603043925
    vertex 3709.127656405441 138.23012742792534 -8.756445984513652
  endloop
endfacet
facet normal -0.9985334004995733 0.054139154839717644 -8.066889636863041e-10
  outer loop
    vertex 3720.4256736688535 146.6153205374377 -8.756446109455442
    vertex 3720.4342616252816 146.77371541057641 -4.756445730345836
    vertex 3720.4342616252816 146.77371535097527 -8.756446111815565
  endloop
endfacet
facet normal -0.9985334004995733 0.054139154839717644 -8.066889636863041e-10
  outer loop
    vertex 3720.4342616252816 146.77371541057641 -4.756445730345836
    vertex 3720.4256736688535 146.6153205374377 -8.756446109455442
    vertex 3720.4256736688535 146.61532059703882 -4.756445727985713
  endloop
endfacet
facet normal -0.9985334004995733 -0.05413915483971716 8.066889636862968e-10
  outer loop
    vertex 3720.4342616252816 146.77371535097527 -8.756446111815565
    vertex 3720.4256736688535 146.932110224114 -4.756445732705965
    vertex 3720.4256736688535 146.93211016451286 -8.756446114175693
  endloop
endfacet
facet normal -0.9985334004995733 -0.05413915483971716 8.066889636862968e-10
  outer loop
    vertex 3720.4256736688535 146.932110224114 -4.756445732705965
    vertex 3720.4342616252816 146.77371535097527 -8.756446111815565
    vertex 3720.4342616252816 146.77371541057641 -4.756445730345836
  endloop
endfacet
facet normal -0.9868264515719983 -0.1617824294471399 2.4106046860122457e-09
  outer loop
    vertex 3720.4256736688535 146.93211016451286 -8.756446114175693
    vertex 3720.400010650627 147.08864728008325 -4.756445735038415
    vertex 3720.400010650627 147.0886472204821 -8.756446116508142
  endloop
endfacet
facet normal -0.9868264515719983 -0.1617824294471399 2.4106046860122457e-09
  outer loop
    vertex 3720.400010650627 147.08864728008325 -4.756445735038415
    vertex 3720.4256736688535 146.93211016451286 -8.756446114175693
    vertex 3720.4256736688535 146.932110224114 -4.756445732705965
  endloop
endfacet
facet normal -0.9635497504574507 -0.2675292103554011 3.9862621072741395e-09
  outer loop
    vertex 3720.400010650627 147.0886472204821 -8.756446116508142
    vertex 3720.357573454849 147.24149170909936 -4.756445737315837
    vertex 3720.357573454849 147.24149164949822 -8.756446118785567
  endloop
endfacet
facet normal -0.9635497504574507 -0.2675292103554011 3.9862621072741395e-09
  outer loop
    vertex 3720.357573454849 147.24149170909936 -4.756445737315837
    vertex 3720.400010650627 147.0886472204821 -8.756446116508142
    vertex 3720.400010650627 147.08864728008325 -4.756445735038415
  endloop
endfacet
facet normal -0.9289767129022075 -0.37013817269421095 5.515165130217104e-09
  outer loop
    vertex 3720.357573454849 147.24149164949822 -8.756446118785567
    vertex 3720.2988595418847 147.38885251079614 -4.756445739511556
    vertex 3720.2988595418847 147.388852451195 -8.756446120981286
  endloop
endfacet
facet normal -0.9289767129022075 -0.37013817269421095 5.515165130217104e-09
  outer loop
    vertex 3720.2988595418847 147.38885251079614 -4.756445739511556
    vertex 3720.357573454849 147.24149164949822 -8.756446118785567
    vertex 3720.357573454849 147.24149170909936 -4.756445737315837
  endloop
endfacet
facet normal -0.8835124684622654 -0.46840764091943965 6.979408443939054e-09
  outer loop
    vertex 3720.2988595418847 147.388852451195 -8.756446120981286
    vertex 3720.224557345382 147.52900162731225 -4.756445741599817
    vertex 3720.224557345382 147.5290015677111 -8.756446123069546
  endloop
endfacet
facet normal -0.8835124684622654 -0.46840764091943965 6.979408443939054e-09
  outer loop
    vertex 3720.224557345382 147.52900162731225 -4.756445741599817
    vertex 3720.2988595418847 147.388852451195 -8.756446120981286
    vertex 3720.2988595418847 147.38885251079614 -4.756445739511556
  endloop
endfacet
facet normal -0.8276898558029879 -0.5611858004269434 8.361829679870951e-09
  outer loop
    vertex 3720.224557345382 147.5290015677111 -8.756446123069546
    vertex 3720.1355379276197 147.66029587780054 -4.756445743556144
    vertex 3720.1355379276197 147.6602958181994 -8.75644612502587
  endloop
endfacet
facet normal -0.8276898558029879 -0.5611858004269434 8.361829679870951e-09
  outer loop
    vertex 3720.1355379276197 147.66029587780054 -4.756445743556144
    vertex 3720.224557345382 147.5290015677111 -8.756446123069546
    vertex 3720.224557345382 147.52900162731225 -4.756445741599817
  endloop
endfacet
facet normal -0.7621612612319495 -0.6473872194269239 9.646255592452223e-09
  outer loop
    vertex 3720.1355379276197 147.6602958181994 -8.75644612502587
    vertex 3720.0328449659264 147.78119507824 -4.756445745357578
    vertex 3720.0328449659264 147.78119501863887 -8.756446126827306
  endloop
endfacet
facet normal -0.7621612612319495 -0.6473872194269239 9.646255592452223e-09
  outer loop
    vertex 3720.0328449659264 147.78119507824 -4.756445745357578
    vertex 3720.1355379276197 147.6602958181994 -8.75644612502587
    vertex 3720.1355379276197 147.66029587780054 -4.756445743556144
  endloop
endfacet
facet normal -0.6877002474233321 -0.7259947449492233 1.0817530310154468e-08
  outer loop
    vertex 3719.917682474129 147.8902829626696 -8.756446128452744
    vertex 3720.0328449659264 147.78119507824 -4.756445745357578
    vertex 3719.917682474129 147.89028302227075 -4.756445746983015
  endloop
endfacet
facet normal -0.6877002474233321 -0.7259947449492233 1.0817530310154468e-08
  outer loop
    vertex 3720.0328449659264 147.78119507824 -4.756445745357578
    vertex 3719.917682474129 147.8902829626696 -8.756446128452744
    vertex 3720.0328449659264 147.78119501863887 -8.756446126827306
  endloop
endfacet
facet normal -0.6051737531765571 -0.7960934169217829 1.18620206649955e-08
  outer loop
    vertex 3719.7914006166384 147.98627981935905 -8.756446129883123
    vertex 3719.917682474129 147.89028302227075 -4.756445746983015
    vertex 3719.7914006166384 147.9862798789602 -4.756445748413395
  endloop
endfacet
facet normal -0.6051737531765571 -0.7960934169217829 1.18620206649955e-08
  outer loop
    vertex 3719.917682474129 147.89028302227075 -4.756445746983015
    vertex 3719.7914006166384 147.98627981935905 -8.756446129883123
    vertex 3719.917682474129 147.8902829626696 -8.756446128452744
  endloop
endfacet
facet normal -0.5155524487475647 -0.8568580235899 1.2767430764710403e-08
  outer loop
    vertex 3719.6554799728315 148.06806025301387 -8.756446131101677
    vertex 3719.7914006166384 147.9862798789602 -4.756445748413395
    vertex 3719.6554799728315 148.068060312615 -4.756445749631948
  endloop
endfacet
facet normal -0.5155524487475647 -0.8568580235899 1.2767430764710403e-08
  outer loop
    vertex 3719.7914006166384 147.9862798789602 -4.756445748413395
    vertex 3719.6554799728315 148.06806025301387 -8.756446131101677
    vertex 3719.7914006166384 147.98627981935905 -8.756446129883123
  endloop
endfacet
facet normal -0.4198881795956027 -0.9075758462166623 1.3523140895323554e-08
  outer loop
    vertex 3719.511514013282 148.13466582094597 -8.75644613209412
    vertex 3719.6554799728315 148.068060312615 -4.756445749631948
    vertex 3719.511514013282 148.13466588054712 -4.75644575062439
  endloop
endfacet
facet normal -0.4198881795956027 -0.9075758462166623 1.3523140895323554e-08
  outer loop
    vertex 3719.6554799728315 148.068060312615 -4.756445749631948
    vertex 3719.511514013282 148.13466582094597 -8.75644613209412
    vertex 3719.6554799728315 148.06806025301387 -8.756446131101677
  endloop
endfacet
facet normal -0.31930577029549967 -0.9476517424961542 1.4120283265466097e-08
  outer loop
    vertex 3719.361190622322 148.18531641756462 -8.756446132848826
    vertex 3719.511514013282 148.13466588054712 -4.75644575062439
    vertex 3719.361190622322 148.18531647716577 -4.756445751379097
  endloop
endfacet
facet normal -0.31930577029549967 -0.9476517424961542 1.4120283265466097e-08
  outer loop
    vertex 3719.511514013282 148.13466588054712 -4.75644575062439
    vertex 3719.361190622322 148.18531641756462 -8.756446132848826
    vertex 3719.511514013282 148.13466582094597 -8.75644613209412
  endloop
endfacet
facet normal -0.2149671924524415 -0.9766212705901478 1.4551937558293747e-08
  outer loop
    vertex 3719.2062722198884 148.2194160560232 -4.756445751887196
    vertex 3719.361190622322 148.18531641756462 -8.756446132848826
    vertex 3719.361190622322 148.18531647716577 -4.756445751379097
  endloop
endfacet
facet normal -0.2149671924524415 -0.9766212705901478 1.4551937558293747e-08
  outer loop
    vertex 3719.361190622322 148.18531641756462 -8.756446132848826
    vertex 3719.2062722198884 148.2194160560232 -4.756445751887196
    vertex 3719.2062722198884 148.21941599642204 -8.756446133356926
  endloop
endfacet
facet normal -0.10812078086122183 -0.9941377654761737 1.4812938365359511e-08
  outer loop
    vertex 3719.048575093619 148.2365668753283 -8.756446133612473
    vertex 3719.2062722198884 148.2194160560232 -4.756445751887196
    vertex 3719.048575093619 148.23656693492944 -4.756445752142744
  endloop
endfacet
facet normal -0.10812078086122183 -0.9941377654761737 1.4812938365359511e-08
  outer loop
    vertex 3719.2062722198884 148.2194160560232 -4.756445751887196
    vertex 3719.048575093619 148.2365668753283 -8.756446133612473
    vertex 3719.2062722198884 148.21941599642204 -8.756446133356926
  endloop
endfacet
facet normal 0.0 -0.9999999999999999 1.4900287344243868e-08
  outer loop
    vertex 3718.8899480901878 148.2365668753283 -8.756446133612473
    vertex 3719.048575093619 148.23656693492944 -4.756445752142744
    vertex 3718.8899480901878 148.23656693492944 -4.756445752142744
  endloop
endfacet
facet normal 0.0 -0.9999999999999999 1.4900287344243868e-08
  outer loop
    vertex 3719.048575093619 148.23656693492944 -4.756445752142744
    vertex 3718.8899480901878 148.2365668753283 -8.756446133612473
    vertex 3719.048575093619 148.2365668753283 -8.756446133612473
  endloop
endfacet
facet normal 0.10812078086122183 -0.9941377654761737 1.4812938365359511e-08
  outer loop
    vertex 3718.7322509639184 148.2194160560232 -4.756445751887196
    vertex 3718.8899480901878 148.2365668753283 -8.756446133612473
    vertex 3718.8899480901878 148.23656693492944 -4.756445752142744
  endloop
endfacet
facet normal 0.10812078086122183 -0.9941377654761737 1.4812938365359511e-08
  outer loop
    vertex 3718.8899480901878 148.2365668753283 -8.756446133612473
    vertex 3718.7322509639184 148.2194160560232 -4.756445751887196
    vertex 3718.7322509639184 148.21941599642204 -8.756446133356926
  endloop
endfacet
facet normal 0.2149671924524415 -0.9766212705901478 1.4551937558293747e-08
  outer loop
    vertex 3718.577332561485 148.18531641756462 -8.756446132848826
    vertex 3718.7322509639184 148.2194160560232 -4.756445751887196
    vertex 3718.577332561485 148.18531647716577 -4.756445751379097
  endloop
endfacet
facet normal 0.2149671924524415 -0.9766212705901478 1.4551937558293747e-08
  outer loop
    vertex 3718.7322509639184 148.2194160560232 -4.756445751887196
    vertex 3718.577332561485 148.18531641756462 -8.756446132848826
    vertex 3718.7322509639184 148.21941599642204 -8.756446133356926
  endloop
endfacet
facet normal 0.3193057702954996 -0.9476517424961542 1.4120283265466097e-08
  outer loop
    vertex 3718.427009170525 148.13466582094597 -8.75644613209412
    vertex 3718.577332561485 148.18531647716577 -4.756445751379097
    vertex 3718.427009170525 148.13466588054712 -4.75644575062439
  endloop
endfacet
facet normal 0.3193057702954996 -0.9476517424961542 1.4120283265466097e-08
  outer loop
    vertex 3718.577332561485 148.18531647716577 -4.756445751379097
    vertex 3718.427009170525 148.13466582094597 -8.75644613209412
    vertex 3718.577332561485 148.18531641756462 -8.756446132848826
  endloop
endfacet
facet normal 0.4198881795956027 -0.9075758462166623 1.3523140895323554e-08
  outer loop
    vertex 3718.2830432109754 148.06806025301387 -8.756446131101677
    vertex 3718.427009170525 148.13466588054712 -4.75644575062439
    vertex 3718.2830432109754 148.068060312615 -4.756445749631948
  endloop
endfacet
facet normal 0.4198881795956027 -0.9075758462166623 1.3523140895323554e-08
  outer loop
    vertex 3718.427009170525 148.13466588054712 -4.75644575062439
    vertex 3718.2830432109754 148.06806025301387 -8.756446131101677
    vertex 3718.427009170525 148.13466582094597 -8.75644613209412
  endloop
endfacet
facet normal 0.5155524487475646 -0.8568580235899003 1.2767430764710407e-08
  outer loop
    vertex 3718.1471225671685 147.98627981935905 -8.756446129883123
    vertex 3718.2830432109754 148.068060312615 -4.756445749631948
    vertex 3718.1471225671685 147.9862798789602 -4.756445748413395
  endloop
endfacet
facet normal 0.5155524487475646 -0.8568580235899003 1.2767430764710407e-08
  outer loop
    vertex 3718.2830432109754 148.068060312615 -4.756445749631948
    vertex 3718.1471225671685 147.98627981935905 -8.756446129883123
    vertex 3718.2830432109754 148.06806025301387 -8.756446131101677
  endloop
endfacet
facet normal 0.6051737531765572 -0.7960934169217829 1.18620206649955e-08
  outer loop
    vertex 3718.020840709678 147.8902829626696 -8.756446128452744
    vertex 3718.1471225671685 147.9862798789602 -4.756445748413395
    vertex 3718.020840709678 147.89028302227075 -4.756445746983015
  endloop
endfacet
facet normal 0.6051737531765572 -0.7960934169217829 1.18620206649955e-08
  outer loop
    vertex 3718.1471225671685 147.9862798789602 -4.756445748413395
    vertex 3718.020840709678 147.8902829626696 -8.756446128452744
    vertex 3718.1471225671685 147.98627981935905 -8.756446129883123
  endloop
endfacet
facet normal 0.687700247423332 -0.7259947449492234 1.081753031015447e-08
  outer loop
    vertex 3717.9056782178804 147.78119507824 -4.756445745357578
    vertex 3718.020840709678 147.8902829626696 -8.756446128452744
    vertex 3718.020840709678 147.89028302227075 -4.756445746983015
  endloop
endfacet
facet normal 0.687700247423332 -0.7259947449492234 1.081753031015447e-08
  outer loop
    vertex 3718.020840709678 147.8902829626696 -8.756446128452744
    vertex 3717.9056782178804 147.78119507824 -4.756445745357578
    vertex 3717.9056782178804 147.78119501863887 -8.756446126827306
  endloop
endfacet
facet normal 0.7621612612319495 -0.6473872194269239 9.646255592452223e-09
  outer loop
    vertex 3717.802985256187 147.66029587780054 -4.756445743556144
    vertex 3717.9056782178804 147.78119501863887 -8.756446126827306
    vertex 3717.9056782178804 147.78119507824 -4.756445745357578
  endloop
endfacet
facet normal 0.7621612612319495 -0.6473872194269239 9.646255592452223e-09
  outer loop
    vertex 3717.9056782178804 147.78119501863887 -8.756446126827306
    vertex 3717.802985256187 147.66029587780054 -4.756445743556144
    vertex 3717.802985256187 147.6602958181994 -8.75644612502587
  endloop
endfacet
facet normal 0.8276898558029879 -0.5611858004269434 8.361829679870951e-09
  outer loop
    vertex 3717.7139658384244 147.52900162731225 -4.756445741599817
    vertex 3717.802985256187 147.6602958181994 -8.75644612502587
    vertex 3717.802985256187 147.66029587780054 -4.756445743556144
  endloop
endfacet
facet normal 0.8276898558029879 -0.5611858004269434 8.361829679870951e-09
  outer loop
    vertex 3717.802985256187 147.6602958181994 -8.75644612502587
    vertex 3717.7139658384244 147.52900162731225 -4.756445741599817
    vertex 3717.7139658384244 147.5290015677111 -8.756446123069546
  endloop
endfacet
facet normal 0.8835124684622654 -0.46840764091943976 6.979408443939055e-09
  outer loop
    vertex 3717.639663641922 147.38885251079614 -4.756445739511556
    vertex 3717.7139658384244 147.5290015677111 -8.756446123069546
    vertex 3717.7139658384244 147.52900162731225 -4.756445741599817
  endloop
endfacet
facet normal 0.8835124684622654 -0.46840764091943976 6.979408443939055e-09
  outer loop
    vertex 3717.7139658384244 147.5290015677111 -8.756446123069546
    vertex 3717.639663641922 147.38885251079614 -4.756445739511556
    vertex 3717.639663641922 147.388852451195 -8.756446120981286
  endloop
endfacet
facet normal 0.9289767129022075 -0.370138172694211 5.5151651302171044e-09
  outer loop
    vertex 3717.580949728958 147.24149170909936 -4.756445737315837
    vertex 3717.639663641922 147.388852451195 -8.756446120981286
    vertex 3717.639663641922 147.38885251079614 -4.756445739511556
  endloop
endfacet
facet normal 0.9289767129022075 -0.370138172694211 5.5151651302171044e-09
  outer loop
    vertex 3717.639663641922 147.388852451195 -8.756446120981286
    vertex 3717.580949728958 147.24149170909936 -4.756445737315837
    vertex 3717.580949728958 147.24149164949822 -8.756446118785567
  endloop
endfacet
facet normal 0.9635497504574507 -0.26752921035540117 3.98626210727414e-09
  outer loop
    vertex 3717.53851253318 147.08864728008325 -4.756445735038415
    vertex 3717.580949728958 147.24149164949822 -8.756446118785567
    vertex 3717.580949728958 147.24149170909936 -4.756445737315837
  endloop
endfacet
facet normal 0.9635497504574507 -0.26752921035540117 3.98626210727414e-09
  outer loop
    vertex 3717.580949728958 147.24149164949822 -8.756446118785567
    vertex 3717.53851253318 147.08864728008325 -4.756445735038415
    vertex 3717.53851253318 147.0886472204821 -8.756446116508142
  endloop
endfacet
facet normal 0.9868264515719983 -0.1617824294471399 2.4106046860122457e-09
  outer loop
    vertex 3717.512849514953 146.932110224114 -4.756445732705965
    vertex 3717.53851253318 147.0886472204821 -8.756446116508142
    vertex 3717.53851253318 147.08864728008325 -4.756445735038415
  endloop
endfacet
facet normal 0.9868264515719983 -0.1617824294471399 2.4106046860122457e-09
  outer loop
    vertex 3717.53851253318 147.0886472204821 -8.756446116508142
    vertex 3717.512849514953 146.932110224114 -4.756445732705965
    vertex 3717.512849514953 146.93211016451286 -8.756446114175693
  endloop
endfacet
facet normal 0.9985334004995733 -0.05413915483971716 8.066889636862968e-10
  outer loop
    vertex 3717.504261558525 146.77371541057641 -4.756445730345836
    vertex 3717.512849514953 146.93211016451286 -8.756446114175693
    vertex 3717.512849514953 146.932110224114 -4.756445732705965
  endloop
endfacet
facet normal 0.9985334004995733 -0.05413915483971716 8.066889636862968e-10
  outer loop
    vertex 3717.512849514953 146.93211016451286 -8.756446114175693
    vertex 3717.504261558525 146.77371541057641 -4.756445730345836
    vertex 3717.504261558525 146.77371535097527 -8.756446111815565
  endloop
endfacet
facet normal 0.9985334004995733 0.054139154839717644 -8.066889636863041e-10
  outer loop
    vertex 3717.512849514953 146.61532059703882 -4.756445727985713
    vertex 3717.504261558525 146.77371535097527 -8.756446111815565
    vertex 3717.504261558525 146.77371541057641 -4.756445730345836
  endloop
endfacet
facet normal 0.9985334004995733 0.054139154839717644 -8.066889636863041e-10
  outer loop
    vertex 3717.504261558525 146.77371535097527 -8.756446111815565
    vertex 3717.512849514953 146.61532059703882 -4.756445727985713
    vertex 3717.512849514953 146.6153205374377 -8.756446109455442
  endloop
endfacet
facet normal 0.9868264515719983 0.1617824294471399 -2.4106046860122457e-09
  outer loop
    vertex 3717.53851253318 146.45878354106958 -4.756445725653265
    vertex 3717.512849514953 146.6153205374377 -8.756446109455442
    vertex 3717.512849514953 146.61532059703882 -4.756445727985713
  endloop
endfacet
facet normal 0.9868264515719983 0.1617824294471399 -2.4106046860122457e-09
  outer loop
    vertex 3717.512849514953 146.6153205374377 -8.756446109455442
    vertex 3717.53851253318 146.45878354106958 -4.756445725653265
    vertex 3717.53851253318 146.45878348146846 -8.756446107122992
  endloop
endfacet
facet normal 0.9635497504574507 0.2675292103554011 -3.9862621072741395e-09
  outer loop
    vertex 3717.580949728958 146.30593911205347 -4.756445723375835
    vertex 3717.53851253318 146.45878348146846 -8.756446107122992
    vertex 3717.53851253318 146.45878354106958 -4.756445725653265
  endloop
endfacet
facet normal 0.9635497504574507 0.2675292103554011 -3.9862621072741395e-09
  outer loop
    vertex 3717.53851253318 146.45878348146846 -8.756446107122992
    vertex 3717.580949728958 146.30593911205347 -4.756445723375835
    vertex 3717.580949728958 146.30593905245232 -8.756446104845564
  endloop
endfacet
facet normal 0.9289767129022075 0.37013817269421084 -5.515165130217102e-09
  outer loop
    vertex 3717.639663641922 146.1585783103567 -4.756445721180121
    vertex 3717.580949728958 146.30593905245232 -8.756446104845564
    vertex 3717.580949728958 146.30593911205347 -4.756445723375835
  endloop
endfacet
facet normal 0.9289767129022075 0.37013817269421084 -5.515165130217102e-09
  outer loop
    vertex 3717.580949728958 146.30593905245232 -8.756446104845564
    vertex 3717.639663641922 146.1585783103567 -4.756445721180121
    vertex 3717.639663641922 146.15857825075557 -8.75644610264985
  endloop
endfacet
facet normal 0.8835124684622654 0.46840764091943965 -6.979408443939054e-09
  outer loop
    vertex 3717.7139658384244 146.01842919384057 -4.756445719091855
    vertex 3717.639663641922 146.15857825075557 -8.75644610264985
    vertex 3717.639663641922 146.1585783103567 -4.756445721180121
  endloop
endfacet
facet normal 0.8835124684622654 0.46840764091943965 -6.979408443939054e-09
  outer loop
    vertex 3717.639663641922 146.15857825075557 -8.75644610264985
    vertex 3717.7139658384244 146.01842919384057 -4.756445719091855
    vertex 3717.7139658384244 146.01842913423943 -8.756446100561584
  endloop
endfacet
facet normal 0.8276898558029879 0.5611858004269434 -8.361829679870951e-09
  outer loop
    vertex 3717.802985256187 145.8871349433523 -4.756445717135537
    vertex 3717.7139658384244 146.01842913423943 -8.756446100561584
    vertex 3717.7139658384244 146.01842919384057 -4.756445719091855
  endloop
endfacet
facet normal 0.8276898558029879 0.5611858004269434 -8.361829679870951e-09
  outer loop
    vertex 3717.7139658384244 146.01842913423943 -8.756446100561584
    vertex 3717.802985256187 145.8871349433523 -4.756445717135537
    vertex 3717.802985256187 145.88713488375114 -8.756446098605263
  endloop
endfacet
facet normal 0.7621612612319495 0.6473872194269239 -9.646255592452223e-09
  outer loop
    vertex 3717.9056782178804 145.76623574291284 -4.7564457153341
    vertex 3717.802985256187 145.88713488375114 -8.756446098605263
    vertex 3717.802985256187 145.8871349433523 -4.756445717135537
  endloop
endfacet
facet normal 0.7621612612319495 0.6473872194269239 -9.646255592452223e-09
  outer loop
    vertex 3717.802985256187 145.88713488375114 -8.756446098605263
    vertex 3717.9056782178804 145.76623574291284 -4.7564457153341
    vertex 3717.9056782178804 145.7662356833117 -8.75644609680383
  endloop
endfacet
facet normal 0.6877002474233321 0.7259947449492233 -1.0817530310154468e-08
  outer loop
    vertex 3718.020840709678 145.65714779888208 -4.756445713708662
    vertex 3717.9056782178804 145.7662356833117 -8.75644609680383
    vertex 3717.9056782178804 145.76623574291284 -4.7564457153341
  endloop
endfacet
facet normal 0.6877002474233321 0.7259947449492233 -1.0817530310154468e-08
  outer loop
    vertex 3717.9056782178804 145.7662356833117 -8.75644609680383
    vertex 3718.020840709678 145.65714779888208 -4.756445713708662
    vertex 3718.020840709678 145.65714773928093 -8.756446095178392
  endloop
endfacet
facet normal 0.6051737531765572 0.7960934169217827 -1.1862020664995497e-08
  outer loop
    vertex 3718.1471225671685 145.5611508825915 -8.756446093748005
    vertex 3718.020840709678 145.65714779888208 -4.756445713708662
    vertex 3718.1471225671685 145.56115094219265 -4.756445712278277
  endloop
endfacet
facet normal 0.6051737531765572 0.7960934169217827 -1.1862020664995497e-08
  outer loop
    vertex 3718.020840709678 145.65714779888208 -4.756445713708662
    vertex 3718.1471225671685 145.5611508825915 -8.756446093748005
    vertex 3718.020840709678 145.65714773928093 -8.756446095178392
  endloop
endfacet
facet normal 0.5155524487475647 0.8568580235899 -1.2767430764710403e-08
  outer loop
    vertex 3718.2830432109754 145.47937050853784 -4.75644571105973
    vertex 3718.1471225671685 145.5611508825915 -8.756446093748005
    vertex 3718.1471225671685 145.56115094219265 -4.756445712278277
  endloop
endfacet
facet normal 0.5155524487475647 0.8568580235899 -1.2767430764710403e-08
  outer loop
    vertex 3718.1471225671685 145.5611508825915 -8.756446093748005
    vertex 3718.2830432109754 145.47937050853784 -4.75644571105973
    vertex 3718.2830432109754 145.4793704489367 -8.756446092529458
  endloop
endfacet
facet normal 0.4198881795956027 0.9075758462166623 -1.3523140895323554e-08
  outer loop
    vertex 3718.427009170525 145.4127648810046 -8.756446091537017
    vertex 3718.2830432109754 145.47937050853784 -4.75644571105973
    vertex 3718.427009170525 145.41276494060574 -4.756445710067288
  endloop
endfacet
facet normal 0.4198881795956027 0.9075758462166623 -1.3523140895323554e-08
  outer loop
    vertex 3718.2830432109754 145.47937050853784 -4.75644571105973
    vertex 3718.427009170525 145.4127648810046 -8.756446091537017
    vertex 3718.2830432109754 145.4793704489367 -8.756446092529458
  endloop
endfacet
facet normal 0.31930577029549967 0.9476517424961542 -1.4120283265466097e-08
  outer loop
    vertex 3718.577332561485 145.36211428438594 -8.756446090782303
    vertex 3718.427009170525 145.41276494060574 -4.756445710067288
    vertex 3718.577332561485 145.36211434398706 -4.756445709312574
  endloop
endfacet
facet normal 0.31930577029549967 0.9476517424961542 -1.4120283265466097e-08
  outer loop
    vertex 3718.427009170525 145.41276494060574 -4.756445710067288
    vertex 3718.577332561485 145.36211428438594 -8.756446090782303
    vertex 3718.427009170525 145.4127648810046 -8.756446091537017
  endloop
endfacet
facet normal 0.2149671924524415 0.9766212705901478 -1.4551937558293747e-08
  outer loop
    vertex 3718.7322509639184 145.32801470552852 -8.75644609027421
    vertex 3718.577332561485 145.36211434398706 -4.756445709312574
    vertex 3718.7322509639184 145.32801476512964 -4.756445708804481
  endloop
endfacet
facet normal 0.2149671924524415 0.9766212705901478 -1.4551937558293747e-08
  outer loop
    vertex 3718.577332561485 145.36211434398706 -4.756445709312574
    vertex 3718.7322509639184 145.32801470552852 -8.75644609027421
    vertex 3718.577332561485 145.36211428438594 -8.756446090782303
  endloop
endfacet
facet normal 0.10812078086122183 0.9941377654761737 -1.4812938365359511e-08
  outer loop
    vertex 3718.8899480901878 145.3108638862234 -4.756445708548934
    vertex 3718.7322509639184 145.32801470552852 -8.75644609027421
    vertex 3718.7322509639184 145.32801476512964 -4.756445708804481
  endloop
endfacet
facet normal 0.10812078086122183 0.9941377654761737 -1.4812938365359511e-08
  outer loop
    vertex 3718.7322509639184 145.32801470552852 -8.75644609027421
    vertex 3718.8899480901878 145.3108638862234 -4.756445708548934
    vertex 3718.8899480901878 145.31086382662227 -8.756446090018663
  endloop
endfacet
facet normal 0.0 0.9999999999999999 -1.4900287344243868e-08
  outer loop
    vertex 3719.048575093619 145.31086382662227 -8.756446090018663
    vertex 3718.8899480901878 145.3108638862234 -4.756445708548934
    vertex 3719.048575093619 145.3108638862234 -4.756445708548934
  endloop
endfacet
facet normal 0.0 0.9999999999999999 -1.4900287344243868e-08
  outer loop
    vertex 3718.8899480901878 145.3108638862234 -4.756445708548934
    vertex 3719.048575093619 145.31086382662227 -8.756446090018663
    vertex 3718.8899480901878 145.31086382662227 -8.756446090018663
  endloop
endfacet
facet normal -0.1081207808612218 0.9941377654761737 -1.4812938365359511e-08
  outer loop
    vertex 3719.2062722198884 145.32801470552852 -8.75644609027421
    vertex 3719.048575093619 145.3108638862234 -4.756445708548934
    vertex 3719.2062722198884 145.32801476512964 -4.756445708804481
  endloop
endfacet
facet normal -0.1081207808612218 0.9941377654761737 -1.4812938365359511e-08
  outer loop
    vertex 3719.048575093619 145.3108638862234 -4.756445708548934
    vertex 3719.2062722198884 145.32801470552852 -8.75644609027421
    vertex 3719.048575093619 145.31086382662227 -8.756446090018663
  endloop
endfacet
facet normal -0.2149671924524415 0.9766212705901478 -1.4551937558293747e-08
  outer loop
    vertex 3719.361190622322 145.36211428438594 -8.756446090782303
    vertex 3719.2062722198884 145.32801476512964 -4.756445708804481
    vertex 3719.361190622322 145.36211434398706 -4.756445709312574
  endloop
endfacet
facet normal -0.2149671924524415 0.9766212705901478 -1.4551937558293747e-08
  outer loop
    vertex 3719.2062722198884 145.32801476512964 -4.756445708804481
    vertex 3719.361190622322 145.36211428438594 -8.756446090782303
    vertex 3719.2062722198884 145.32801470552852 -8.75644609027421
  endloop
endfacet
facet normal -0.3193057702954996 0.9476517424961542 -1.4120283265466097e-08
  outer loop
    vertex 3719.511514013282 145.41276494060574 -4.756445710067288
    vertex 3719.361190622322 145.36211428438594 -8.756446090782303
    vertex 3719.361190622322 145.36211434398706 -4.756445709312574
  endloop
endfacet
facet normal -0.3193057702954996 0.9476517424961542 -1.4120283265466097e-08
  outer loop
    vertex 3719.361190622322 145.36211428438594 -8.756446090782303
    vertex 3719.511514013282 145.41276494060574 -4.756445710067288
    vertex 3719.511514013282 145.4127648810046 -8.756446091537017
  endloop
endfacet
facet normal -0.4198881795956027 0.9075758462166623 -1.3523140895323554e-08
  outer loop
    vertex 3719.6554799728315 145.4793704489367 -8.756446092529458
    vertex 3719.511514013282 145.41276494060574 -4.756445710067288
    vertex 3719.6554799728315 145.47937050853784 -4.75644571105973
  endloop
endfacet
facet normal -0.4198881795956027 0.9075758462166623 -1.3523140895323554e-08
  outer loop
    vertex 3719.511514013282 145.41276494060574 -4.756445710067288
    vertex 3719.6554799728315 145.4793704489367 -8.756446092529458
    vertex 3719.511514013282 145.4127648810046 -8.756446091537017
  endloop
endfacet
facet normal -0.5155524487475646 0.8568580235899003 -1.2767430764710407e-08
  outer loop
    vertex 3719.7914006166384 145.5611508825915 -8.756446093748005
    vertex 3719.6554799728315 145.47937050853784 -4.75644571105973
    vertex 3719.7914006166384 145.56115094219265 -4.756445712278277
  endloop
endfacet
facet normal -0.5155524487475646 0.8568580235899003 -1.2767430764710407e-08
  outer loop
    vertex 3719.6554799728315 145.47937050853784 -4.75644571105973
    vertex 3719.7914006166384 145.5611508825915 -8.756446093748005
    vertex 3719.6554799728315 145.4793704489367 -8.756446092529458
  endloop
endfacet
facet normal -0.6051737531765572 0.7960934169217827 -1.1862020664995497e-08
  outer loop
    vertex 3719.917682474129 145.65714779888208 -4.756445713708662
    vertex 3719.7914006166384 145.5611508825915 -8.756446093748005
    vertex 3719.7914006166384 145.56115094219265 -4.756445712278277
  endloop
endfacet
facet normal -0.6051737531765572 0.7960934169217827 -1.1862020664995497e-08
  outer loop
    vertex 3719.7914006166384 145.5611508825915 -8.756446093748005
    vertex 3719.917682474129 145.65714779888208 -4.756445713708662
    vertex 3719.917682474129 145.65714773928093 -8.756446095178392
  endloop
endfacet
facet normal -0.687700247423332 0.7259947449492234 -1.081753031015447e-08
  outer loop
    vertex 3720.0328449659264 145.7662356833117 -8.75644609680383
    vertex 3719.917682474129 145.65714779888208 -4.756445713708662
    vertex 3720.0328449659264 145.76623574291284 -4.7564457153341
  endloop
endfacet
facet normal -0.687700247423332 0.7259947449492234 -1.081753031015447e-08
  outer loop
    vertex 3719.917682474129 145.65714779888208 -4.756445713708662
    vertex 3720.0328449659264 145.7662356833117 -8.75644609680383
    vertex 3719.917682474129 145.65714773928093 -8.756446095178392
  endloop
endfacet
facet normal -0.7621612612319495 0.6473872194269239 -9.646255592452223e-09
  outer loop
    vertex 3720.0328449659264 145.7662356833117 -8.75644609680383
    vertex 3720.1355379276197 145.8871349433523 -4.756445717135537
    vertex 3720.1355379276197 145.88713488375114 -8.756446098605263
  endloop
endfacet
facet normal -0.7621612612319495 0.6473872194269239 -9.646255592452223e-09
  outer loop
    vertex 3720.1355379276197 145.8871349433523 -4.756445717135537
    vertex 3720.0328449659264 145.7662356833117 -8.75644609680383
    vertex 3720.0328449659264 145.76623574291284 -4.7564457153341
  endloop
endfacet
facet normal -0.8276898558029879 0.5611858004269434 -8.361829679870951e-09
  outer loop
    vertex 3720.1355379276197 145.88713488375114 -8.756446098605263
    vertex 3720.224557345382 146.01842919384057 -4.756445719091855
    vertex 3720.224557345382 146.01842913423943 -8.756446100561584
  endloop
endfacet
facet normal -0.8276898558029879 0.5611858004269434 -8.361829679870951e-09
  outer loop
    vertex 3720.224557345382 146.01842919384057 -4.756445719091855
    vertex 3720.1355379276197 145.88713488375114 -8.756446098605263
    vertex 3720.1355379276197 145.8871349433523 -4.756445717135537
  endloop
endfacet
facet normal -0.8835124684622654 0.46840764091943976 -6.979408443939055e-09
  outer loop
    vertex 3720.224557345382 146.01842913423943 -8.756446100561584
    vertex 3720.2988595418847 146.1585783103567 -4.756445721180121
    vertex 3720.2988595418847 146.15857825075557 -8.75644610264985
  endloop
endfacet
facet normal -0.8835124684622654 0.46840764091943976 -6.979408443939055e-09
  outer loop
    vertex 3720.2988595418847 146.1585783103567 -4.756445721180121
    vertex 3720.224557345382 146.01842913423943 -8.756446100561584
    vertex 3720.224557345382 146.01842919384057 -4.756445719091855
  endloop
endfacet
facet normal -0.9289767129022075 0.370138172694211 -5.5151651302171044e-09
  outer loop
    vertex 3720.2988595418847 146.15857825075557 -8.75644610264985
    vertex 3720.357573454849 146.30593911205347 -4.756445723375835
    vertex 3720.357573454849 146.30593905245232 -8.756446104845564
  endloop
endfacet
facet normal -0.9289767129022075 0.370138172694211 -5.5151651302171044e-09
  outer loop
    vertex 3720.357573454849 146.30593911205347 -4.756445723375835
    vertex 3720.2988595418847 146.15857825075557 -8.75644610264985
    vertex 3720.2988595418847 146.1585783103567 -4.756445721180121
  endloop
endfacet
facet normal -0.9635497504574507 0.2675292103554011 -3.9862621072741395e-09
  outer loop
    vertex 3720.357573454849 146.30593905245232 -8.756446104845564
    vertex 3720.400010650627 146.45878354106958 -4.756445725653265
    vertex 3720.400010650627 146.45878348146846 -8.756446107122992
  endloop
endfacet
facet normal -0.9635497504574507 0.2675292103554011 -3.9862621072741395e-09
  outer loop
    vertex 3720.400010650627 146.45878354106958 -4.756445725653265
    vertex 3720.357573454849 146.30593905245232 -8.756446104845564
    vertex 3720.357573454849 146.30593911205347 -4.756445723375835
  endloop
endfacet
facet normal -0.9868264515719983 0.1617824294471399 -2.4106046860122457e-09
  outer loop
    vertex 3720.400010650627 146.45878348146846 -8.756446107122992
    vertex 3720.4256736688535 146.61532059703882 -4.756445727985713
    vertex 3720.4256736688535 146.6153205374377 -8.756446109455442
  endloop
endfacet
facet normal -0.9868264515719983 0.1617824294471399 -2.4106046860122457e-09
  outer loop
    vertex 3720.4256736688535 146.61532059703882 -4.756445727985713
    vertex 3720.400010650627 146.45878348146846 -8.756446107122992
    vertex 3720.400010650627 146.45878354106958 -4.756445725653265
  endloop
endfacet
facet normal 0.05413915483971765 0.9985334004995732 -1.4878434590268585e-08
  outer loop
    vertex 3728.9692615919034 135.30871537719784 -4.756445559514046
    vertex 3728.810866778366 135.3173032740252 -8.756445941111734
    vertex 3728.810866778366 135.31730333362634 -4.756445559642005
  endloop
endfacet
facet normal 0.05413915483971765 0.9985334004995732 -1.4878434590268585e-08
  outer loop
    vertex 3728.810866778366 135.3173032740252 -8.756445941111734
    vertex 3728.9692615919034 135.30871537719784 -4.756445559514046
    vertex 3728.9692615919034 135.3087153175967 -8.756445940983776
  endloop
endfacet
facet normal -0.054139154839717166 0.9985334004995732 -1.4878434590268585e-08
  outer loop
    vertex 3729.127656405441 135.3173032740252 -8.756445941111734
    vertex 3728.9692615919034 135.30871537719784 -4.756445559514046
    vertex 3729.127656405441 135.31730333362634 -4.756445559642005
  endloop
endfacet
facet normal -0.054139154839717166 0.9985334004995732 -1.4878434590268585e-08
  outer loop
    vertex 3728.9692615919034 135.30871537719784 -4.756445559514046
    vertex 3729.127656405441 135.3173032740252 -8.756445941111734
    vertex 3728.9692615919034 135.3087153175967 -8.756445940983776
  endloop
endfacet
facet normal -0.16178242944713997 0.9868264515719982 -1.4703997687323331e-08
  outer loop
    vertex 3729.2841934614103 135.34296635185297 -4.756445560024395
    vertex 3729.127656405441 135.3173032740252 -8.756445941111734
    vertex 3729.127656405441 135.31730333362634 -4.756445559642005
  endloop
endfacet
facet normal -0.16178242944713997 0.9868264515719982 -1.4703997687323331e-08
  outer loop
    vertex 3729.127656405441 135.3173032740252 -8.756445941111734
    vertex 3729.2841934614103 135.34296635185297 -4.756445560024395
    vertex 3729.2841934614103 135.34296629225184 -8.756445941494121
  endloop
endfacet
facet normal -0.2675292103554012 0.9635497504574506 -1.435716815229049e-08
  outer loop
    vertex 3729.4370378904264 135.38540348802974 -8.75644594212645
    vertex 3729.2841934614103 135.34296635185297 -4.756445560024395
    vertex 3729.4370378904264 135.3854035476309 -4.756445560656721
  endloop
endfacet
facet normal -0.2675292103554012 0.9635497504574506 -1.435716815229049e-08
  outer loop
    vertex 3729.2841934614103 135.34296635185297 -4.756445560024395
    vertex 3729.4370378904264 135.38540348802974 -8.75644594212645
    vertex 3729.2841934614103 135.34296629225184 -8.756445941494121
  endloop
endfacet
facet normal -0.37013817269421107 0.9289767129022074 -1.3842019958354031e-08
  outer loop
    vertex 3729.584398692123 135.44411740099358 -8.7564459430013
    vertex 3729.4370378904264 135.3854035476309 -4.756445560656721
    vertex 3729.584398692123 135.44411746059473 -4.756445561531571
  endloop
endfacet
facet normal -0.37013817269421107 0.9289767129022074 -1.3842019958354031e-08
  outer loop
    vertex 3729.4370378904264 135.3854035476309 -4.756445560656721
    vertex 3729.584398692123 135.44411740099358 -8.7564459430013
    vertex 3729.4370378904264 135.38540348802974 -8.75644594212645
  endloop
endfacet
facet normal -0.4684076409194397 0.8835124684622653 -1.3164589652309953e-08
  outer loop
    vertex 3729.7245478086393 135.5184195974963 -8.756445944108425
    vertex 3729.584398692123 135.44411746059473 -4.756445561531571
    vertex 3729.7245478086393 135.51841965709744 -4.756445562638696
  endloop
endfacet
facet normal -0.4684076409194397 0.8835124684622653 -1.3164589652309953e-08
  outer loop
    vertex 3729.584398692123 135.44411746059473 -4.756445561531571
    vertex 3729.7245478086393 135.5184195974963 -8.756445944108425
    vertex 3729.584398692123 135.44411740099358 -8.7564459430013
  endloop
endfacet
facet normal -0.5611858004269437 0.8276898558029878 -1.2332816683380294e-08
  outer loop
    vertex 3729.855842059128 135.60743907486017 -4.756445563965115
    vertex 3729.7245478086393 135.5184195974963 -8.756445944108425
    vertex 3729.7245478086393 135.51841965709744 -4.756445562638696
  endloop
endfacet
facet normal -0.5611858004269437 0.8276898558029878 -1.2332816683380294e-08
  outer loop
    vertex 3729.7245478086393 135.5184195974963 -8.756445944108425
    vertex 3729.855842059128 135.60743907486017 -4.756445563965115
    vertex 3729.855842059128 135.60743901525905 -8.756445945434844
  endloop
endfacet
facet normal -0.6473872194269241 0.7621612612319494 -1.1356421795007361e-08
  outer loop
    vertex 3729.976741259567 135.71013197695183 -8.756445946964995
    vertex 3729.855842059128 135.60743907486017 -4.756445563965115
    vertex 3729.976741259567 135.71013203655298 -4.756445565495265
  endloop
endfacet
facet normal -0.6473872194269241 0.7621612612319494 -1.1356421795007361e-08
  outer loop
    vertex 3729.855842059128 135.60743907486017 -4.756445563965115
    vertex 3729.976741259567 135.71013197695183 -8.756445946964995
    vertex 3729.855842059128 135.60743901525905 -8.756445945434844
  endloop
endfacet
facet normal -0.7259947449492236 0.6877002474233319 -1.0246931293315251e-08
  outer loop
    vertex 3729.976741259567 135.71013197695183 -8.756445946964995
    vertex 3730.0858292035973 135.82529452835138 -4.756445567211223
    vertex 3730.0858292035973 135.82529446875026 -8.75644594868095
  endloop
endfacet
facet normal -0.7259947449492236 0.6877002474233319 -1.0246931293315251e-08
  outer loop
    vertex 3730.0858292035973 135.82529452835138 -4.756445567211223
    vertex 3729.976741259567 135.71013197695183 -8.756445946964995
    vertex 3729.976741259567 135.71013203655298 -4.756445565495265
  endloop
endfacet
facet normal -0.796093416921783 0.6051737531765569 -9.017262815525214e-09
  outer loop
    vertex 3730.0858292035973 135.82529446875026 -8.75644594868095
    vertex 3730.1818260602868 135.95157638584192 -4.75644556909286
    vertex 3730.1818260602868 135.9515763262408 -8.75644595056259
  endloop
endfacet
facet normal -0.796093416921783 0.6051737531765569 -9.017262815525214e-09
  outer loop
    vertex 3730.1818260602868 135.95157638584192 -4.75644556909286
    vertex 3730.0858292035973 135.82529446875026 -8.75644594868095
    vertex 3730.0858292035973 135.82529452835138 -4.756445567211223
  endloop
endfacet
facet normal -0.8568580235899002 0.5155524487475645 -7.68187962736727e-09
  outer loop
    vertex 3730.1818260602868 135.9515763262408 -8.75644595056259
    vertex 3730.2636064939416 136.08749702964838 -4.756445571118112
    vertex 3730.2636064939416 136.08749697004725 -8.75644595258784
  endloop
endfacet
facet normal -0.8568580235899002 0.5155524487475645 -7.68187962736727e-09
  outer loop
    vertex 3730.2636064939416 136.08749702964838 -4.756445571118112
    vertex 3730.1818260602868 135.9515763262408 -8.75644595056259
    vertex 3730.1818260602868 135.95157638584192 -4.75644556909286
  endloop
endfacet
facet normal -0.9075758462166624 0.41988817959560265 -6.256454528425955e-09
  outer loop
    vertex 3730.2636064939416 136.08749697004725 -8.75644595258784
    vertex 3730.3302120618737 136.23146298919733 -4.756445573263246
    vertex 3730.3302120618737 136.23146292959618 -8.756445954732975
  endloop
endfacet
facet normal -0.9075758462166624 0.41988817959560265 -6.256454528425955e-09
  outer loop
    vertex 3730.3302120618737 136.23146298919733 -4.756445573263246
    vertex 3730.2636064939416 136.08749697004725 -8.75644595258784
    vertex 3730.2636064939416 136.08749702964838 -4.756445571118112
  endloop
endfacet
facet normal -0.9476517424961544 0.31930577029549956 -4.757747728078073e-09
  outer loop
    vertex 3730.3302120618737 136.23146292959618 -8.756445954732975
    vertex 3730.3808626584923 136.38178638015802 -4.756445575503112
    vertex 3730.3808626584923 136.3817863205569 -8.756445956972842
  endloop
endfacet
facet normal -0.9476517424961544 0.31930577029549956 -4.757747728078073e-09
  outer loop
    vertex 3730.3808626584923 136.38178638015802 -4.756445575503112
    vertex 3730.3302120618737 136.23146292959618 -8.756445954732975
    vertex 3730.3302120618737 136.23146298919733 -4.756445573263246
  endloop
endfacet
facet normal -0.9766212705901479 0.21496719245244147 -3.20307293712675e-09
  outer loop
    vertex 3730.3808626584923 136.3817863205569 -8.756445956972842
    vertex 3730.41496223735 136.5367047825914 -4.756445577811441
    vertex 3730.41496223735 136.53670472299027 -8.75644595928117
  endloop
endfacet
facet normal -0.9766212705901479 0.21496719245244147 -3.20307293712675e-09
  outer loop
    vertex 3730.41496223735 136.5367047825914 -4.756445577811441
    vertex 3730.3808626584923 136.3817863205569 -8.756445956972842
    vertex 3730.3808626584923 136.38178638015802 -4.756445575503112
  endloop
endfacet
facet normal -0.9941377654761738 0.10812078086122182 -1.6110307027162283e-09
  outer loop
    vertex 3730.41496223735 136.53670472299027 -8.75644595928117
    vertex 3730.432113116256 136.69440190886075 -4.756445580161169
    vertex 3730.432113116256 136.6944018492596 -8.756445961630899
  endloop
endfacet
facet normal -0.9941377654761738 0.10812078086122182 -1.6110307027162283e-09
  outer loop
    vertex 3730.432113116256 136.69440190886075 -4.756445580161169
    vertex 3730.41496223735 136.53670472299027 -8.75644595928117
    vertex 3730.41496223735 136.5367047825914 -4.756445577811441
  endloop
endfacet
facet normal -1.0 -0.0 0.0
  outer loop
    vertex 3730.432113116256 136.6944018492596 -8.756445961630899
    vertex 3730.432113116256 136.85302891229207 -4.756445582524761
    vertex 3730.432113116256 136.85302885269095 -8.756445963994487
  endloop
endfacet
facet normal -1.0 -0.0 0.0
  outer loop
    vertex 3730.432113116256 136.85302891229207 -4.756445582524761
    vertex 3730.432113116256 136.6944018492596 -8.756445961630899
    vertex 3730.432113116256 136.69440190886075 -4.756445580161169
  endloop
endfacet
facet normal -0.9941377654761738 -0.10812078086122182 1.6110307027162283e-09
  outer loop
    vertex 3730.432113116256 136.85302885269095 -8.756445963994487
    vertex 3730.41496223735 137.01072603856142 -4.7564455848744895
    vertex 3730.41496223735 137.0107259789603 -8.756445966344218
  endloop
endfacet
facet normal -0.9941377654761738 -0.10812078086122182 1.6110307027162283e-09
  outer loop
    vertex 3730.41496223735 137.01072603856142 -4.7564455848744895
    vertex 3730.432113116256 136.85302885269095 -8.756445963994487
    vertex 3730.432113116256 136.85302891229207 -4.756445582524761
  endloop
endfacet
facet normal -0.9766212705901479 -0.21496719245244147 3.20307293712675e-09
  outer loop
    vertex 3730.41496223735 137.0107259789603 -8.756445966344218
    vertex 3730.3808626584923 137.1656444409948 -4.756445587182818
    vertex 3730.3808626584923 137.1656443813937 -8.756445968652548
  endloop
endfacet
facet normal -0.9766212705901479 -0.21496719245244147 3.20307293712675e-09
  outer loop
    vertex 3730.3808626584923 137.1656444409948 -4.756445587182818
    vertex 3730.41496223735 137.0107259789603 -8.756445966344218
    vertex 3730.41496223735 137.01072603856142 -4.7564455848744895
  endloop
endfacet
facet normal -0.9476517424961544 -0.3193057702954995 4.757747728078072e-09
  outer loop
    vertex 3730.3808626584923 137.1656443813937 -8.756445968652548
    vertex 3730.3302120618737 137.3159678319555 -4.756445589422683
    vertex 3730.3302120618737 137.31596777235438 -8.75644597089241
  endloop
endfacet
facet normal -0.9476517424961544 -0.3193057702954995 4.757747728078072e-09
  outer loop
    vertex 3730.3302120618737 137.3159678319555 -4.756445589422683
    vertex 3730.3808626584923 137.1656443813937 -8.756445968652548
    vertex 3730.3808626584923 137.1656444409948 -4.756445587182818
  endloop
endfacet
facet normal -0.9075758462166624 -0.41988817959560265 6.256454528425955e-09
  outer loop
    vertex 3730.3302120618737 137.31596777235438 -8.75644597089241
    vertex 3730.2636064939416 137.45993379150445 -4.756445591567818
    vertex 3730.2636064939416 137.45993373190333 -8.756445973037545
  endloop
endfacet
facet normal -0.9075758462166624 -0.41988817959560265 6.256454528425955e-09
  outer loop
    vertex 3730.2636064939416 137.45993379150445 -4.756445591567818
    vertex 3730.3302120618737 137.31596777235438 -8.75644597089241
    vertex 3730.3302120618737 137.3159678319555 -4.756445589422683
  endloop
endfacet
facet normal -0.8568580235899004 -0.5155524487475643 7.681879627367269e-09
  outer loop
    vertex 3730.2636064939416 137.45993373190333 -8.756445973037545
    vertex 3730.1818260602868 137.59585443531094 -4.75644559359307
    vertex 3730.1818260602868 137.5958543757098 -8.7564459750628
  endloop
endfacet
facet normal -0.8568580235899004 -0.5155524487475643 7.681879627367269e-09
  outer loop
    vertex 3730.1818260602868 137.59585443531094 -4.75644559359307
    vertex 3730.2636064939416 137.45993373190333 -8.756445973037545
    vertex 3730.2636064939416 137.45993379150445 -4.756445591567818
  endloop
endfacet
facet normal -0.796093416921783 -0.605173753176557 9.017262815525216e-09
  outer loop
    vertex 3730.1818260602868 137.5958543757098 -8.7564459750628
    vertex 3730.0858292035973 137.72213629280145 -4.756445595474707
    vertex 3730.0858292035973 137.7221362332003 -8.756445976944436
  endloop
endfacet
facet normal -0.796093416921783 -0.605173753176557 9.017262815525216e-09
  outer loop
    vertex 3730.0858292035973 137.72213629280145 -4.756445595474707
    vertex 3730.1818260602868 137.5958543757098 -8.7564459750628
    vertex 3730.1818260602868 137.59585443531094 -4.75644559359307
  endloop
endfacet
facet normal -0.7259947449492237 -0.6877002474233318 1.024693129331525e-08
  outer loop
    vertex 3730.0858292035973 137.7221362332003 -8.756445976944436
    vertex 3729.976741259567 137.83729878459985 -4.756445597190665
    vertex 3729.976741259567 137.8372987249987 -8.756445978660391
  endloop
endfacet
facet normal -0.7259947449492237 -0.6877002474233318 1.024693129331525e-08
  outer loop
    vertex 3729.976741259567 137.83729878459985 -4.756445597190665
    vertex 3730.0858292035973 137.7221362332003 -8.756445976944436
    vertex 3730.0858292035973 137.72213629280145 -4.756445595474707
  endloop
endfacet
facet normal -0.6473872194269241 -0.7621612612319494 1.1356421795007361e-08
  outer loop
    vertex 3729.855842059128 137.93999168669154 -8.756445980190545
    vertex 3729.976741259567 137.83729878459985 -4.756445597190665
    vertex 3729.855842059128 137.93999174629266 -4.756445598720815
  endloop
endfacet
facet normal -0.6473872194269241 -0.7621612612319494 1.1356421795007361e-08
  outer loop
    vertex 3729.976741259567 137.83729878459985 -4.756445597190665
    vertex 3729.855842059128 137.93999168669154 -8.756445980190545
    vertex 3729.976741259567 137.8372987249987 -8.756445978660391
  endloop
endfacet
facet normal -0.5611858004269437 -0.8276898558029878 1.2332816683380294e-08
  outer loop
    vertex 3729.7245478086393 138.02901116405542 -4.756445600047234
    vertex 3729.855842059128 137.93999168669154 -8.756445980190545
    vertex 3729.855842059128 137.93999174629266 -4.756445598720815
  endloop
endfacet
facet normal -0.5611858004269437 -0.8276898558029878 1.2332816683380294e-08
  outer loop
    vertex 3729.855842059128 137.93999168669154 -8.756445980190545
    vertex 3729.7245478086393 138.02901116405542 -4.756445600047234
    vertex 3729.7245478086393 138.0290111044543 -8.756445981516961
  endloop
endfacet
facet normal -0.4684076409194397 -0.883512468462265 1.316458965230995e-08
  outer loop
    vertex 3729.584398692123 138.10331330095696 -8.756445982624088
    vertex 3729.7245478086393 138.02901116405542 -4.756445600047234
    vertex 3729.584398692123 138.1033133605581 -4.756445601154359
  endloop
endfacet
facet normal -0.4684076409194397 -0.883512468462265 1.316458965230995e-08
  outer loop
    vertex 3729.7245478086393 138.02901116405542 -4.756445600047234
    vertex 3729.584398692123 138.10331330095696 -8.756445982624088
    vertex 3729.7245478086393 138.0290111044543 -8.756445981516961
  endloop
endfacet
facet normal -0.3701381726942111 -0.9289767129022074 1.3842019958354031e-08
  outer loop
    vertex 3729.4370378904264 138.16202721392085 -8.756445983498937
    vertex 3729.584398692123 138.1033133605581 -4.756445601154359
    vertex 3729.4370378904264 138.16202727352197 -4.756445602029208
  endloop
endfacet
facet normal -0.3701381726942111 -0.9289767129022074 1.3842019958354031e-08
  outer loop
    vertex 3729.584398692123 138.1033133605581 -4.756445601154359
    vertex 3729.4370378904264 138.16202721392085 -8.756445983498937
    vertex 3729.584398692123 138.10331330095696 -8.756445982624088
  endloop
endfacet
facet normal -0.2675292103554013 -0.9635497504574506 1.435716815229049e-08
  outer loop
    vertex 3729.2841934614103 138.20446440969874 -8.756445984131265
    vertex 3729.4370378904264 138.16202727352197 -4.756445602029208
    vertex 3729.2841934614103 138.20446446929986 -4.756445602661535
  endloop
endfacet
facet normal -0.2675292103554013 -0.9635497504574506 1.435716815229049e-08
  outer loop
    vertex 3729.4370378904264 138.16202727352197 -4.756445602029208
    vertex 3729.2841934614103 138.20446440969874 -8.756445984131265
    vertex 3729.4370378904264 138.16202721392085 -8.756445983498937
  endloop
endfacet
facet normal -0.16178242944713997 -0.9868264515719982 1.4703997687323331e-08
  outer loop
    vertex 3729.127656405441 138.2301274875265 -4.756445603043925
    vertex 3729.2841934614103 138.20446440969874 -8.756445984131265
    vertex 3729.2841934614103 138.20446446929986 -4.756445602661535
  endloop
endfacet
facet normal -0.16178242944713997 -0.9868264515719982 1.4703997687323331e-08
  outer loop
    vertex 3729.2841934614103 138.20446440969874 -8.756445984131265
    vertex 3729.127656405441 138.2301274875265 -4.756445603043925
    vertex 3729.127656405441 138.23012742792534 -8.756445984513652
  endloop
endfacet
facet normal -0.054139154839717166 -0.9985334004995732 1.4878434590268585e-08
  outer loop
    vertex 3728.9692615919034 138.2387153843539 -8.756445984641614
    vertex 3729.127656405441 138.2301274875265 -4.756445603043925
    vertex 3728.9692615919034 138.23871544395502 -4.756445603171884
  endloop
endfacet
facet normal -0.054139154839717166 -0.9985334004995732 1.4878434590268585e-08
  outer loop
    vertex 3729.127656405441 138.2301274875265 -4.756445603043925
    vertex 3728.9692615919034 138.2387153843539 -8.756445984641614
    vertex 3729.127656405441 138.23012742792534 -8.756445984513652
  endloop
endfacet
facet normal 0.05413915483971765 -0.9985334004995732 1.4878434590268585e-08
  outer loop
    vertex 3728.810866778366 138.2301274875265 -4.756445603043925
    vertex 3728.9692615919034 138.2387153843539 -8.756445984641614
    vertex 3728.9692615919034 138.23871544395502 -4.756445603171884
  endloop
endfacet
facet normal 0.05413915483971765 -0.9985334004995732 1.4878434590268585e-08
  outer loop
    vertex 3728.9692615919034 138.2387153843539 -8.756445984641614
    vertex 3728.810866778366 138.2301274875265 -4.756445603043925
    vertex 3728.810866778366 138.23012742792534 -8.756445984513652
  endloop
endfacet
facet normal 0.16178242944713997 -0.9868264515719982 1.4703997687323331e-08
  outer loop
    vertex 3728.654329722396 138.20446440969874 -8.756445984131265
    vertex 3728.810866778366 138.2301274875265 -4.756445603043925
    vertex 3728.654329722396 138.20446446929986 -4.756445602661535
  endloop
endfacet
facet normal 0.16178242944713997 -0.9868264515719982 1.4703997687323331e-08
  outer loop
    vertex 3728.810866778366 138.2301274875265 -4.756445603043925
    vertex 3728.654329722396 138.20446440969874 -8.756445984131265
    vertex 3728.810866778366 138.23012742792534 -8.756445984513652
  endloop
endfacet
facet normal 0.2675292103554012 -0.9635497504574506 1.435716815229049e-08
  outer loop
    vertex 3728.501485293381 138.16202721392085 -8.756445983498937
    vertex 3728.654329722396 138.20446446929986 -4.756445602661535
    vertex 3728.501485293381 138.16202727352197 -4.756445602029208
  endloop
endfacet
facet normal 0.2675292103554012 -0.9635497504574506 1.435716815229049e-08
  outer loop
    vertex 3728.654329722396 138.20446446929986 -4.756445602661535
    vertex 3728.501485293381 138.16202721392085 -8.756445983498937
    vertex 3728.654329722396 138.20446440969874 -8.756445984131265
  endloop
endfacet
facet normal 0.37013817269421095 -0.9289767129022074 1.3842019958354031e-08
  outer loop
    vertex 3728.3541244916833 138.1033133605581 -4.756445601154359
    vertex 3728.501485293381 138.16202721392085 -8.756445983498937
    vertex 3728.501485293381 138.16202727352197 -4.756445602029208
  endloop
endfacet
facet normal 0.37013817269421095 -0.9289767129022074 1.3842019958354031e-08
  outer loop
    vertex 3728.501485293381 138.16202721392085 -8.756445983498937
    vertex 3728.3541244916833 138.1033133605581 -4.756445601154359
    vertex 3728.3541244916833 138.10331330095696 -8.756445982624088
  endloop
endfacet
facet normal 0.4684076409194397 -0.8835124684622653 1.3164589652309953e-08
  outer loop
    vertex 3728.213975375168 138.0290111044543 -8.756445981516961
    vertex 3728.3541244916833 138.1033133605581 -4.756445601154359
    vertex 3728.213975375168 138.02901116405542 -4.756445600047234
  endloop
endfacet
facet normal 0.4684076409194397 -0.8835124684622653 1.3164589652309953e-08
  outer loop
    vertex 3728.3541244916833 138.1033133605581 -4.756445601154359
    vertex 3728.213975375168 138.0290111044543 -8.756445981516961
    vertex 3728.3541244916833 138.10331330095696 -8.756445982624088
  endloop
endfacet
facet normal 0.5611858004269437 -0.8276898558029878 1.2332816683380294e-08
  outer loop
    vertex 3728.082681124679 137.93999168669154 -8.756445980190545
    vertex 3728.213975375168 138.02901116405542 -4.756445600047234
    vertex 3728.082681124679 137.93999174629266 -4.756445598720815
  endloop
endfacet
facet normal 0.5611858004269437 -0.8276898558029878 1.2332816683380294e-08
  outer loop
    vertex 3728.213975375168 138.02901116405542 -4.756445600047234
    vertex 3728.082681124679 137.93999168669154 -8.756445980190545
    vertex 3728.213975375168 138.0290111044543 -8.756445981516961
  endloop
endfacet
facet normal 0.6473872194269241 -0.7621612612319494 1.1356421795007361e-08
  outer loop
    vertex 3727.9617819242394 137.83729878459985 -4.756445597190665
    vertex 3728.082681124679 137.93999168669154 -8.756445980190545
    vertex 3728.082681124679 137.93999174629266 -4.756445598720815
  endloop
endfacet
facet normal 0.6473872194269241 -0.7621612612319494 1.1356421795007361e-08
  outer loop
    vertex 3728.082681124679 137.93999168669154 -8.756445980190545
    vertex 3727.9617819242394 137.83729878459985 -4.756445597190665
    vertex 3727.9617819242394 137.8372987249987 -8.756445978660391
  endloop
endfacet
facet normal 0.7259947449492236 -0.6877002474233319 1.0246931293315251e-08
  outer loop
    vertex 3727.8526939802096 137.72213629280145 -4.756445595474707
    vertex 3727.9617819242394 137.8372987249987 -8.756445978660391
    vertex 3727.9617819242394 137.83729878459985 -4.756445597190665
  endloop
endfacet
facet normal 0.7259947449492236 -0.6877002474233319 1.0246931293315251e-08
  outer loop
    vertex 3727.9617819242394 137.8372987249987 -8.756445978660391
    vertex 3727.8526939802096 137.72213629280145 -4.756445595474707
    vertex 3727.8526939802096 137.7221362332003 -8.756445976944436
  endloop
endfacet
facet normal 0.7960934169217828 -0.605173753176557 9.017262815525216e-09
  outer loop
    vertex 3727.7566971235196 137.59585443531094 -4.75644559359307
    vertex 3727.8526939802096 137.7221362332003 -8.756445976944436
    vertex 3727.8526939802096 137.72213629280145 -4.756445595474707
  endloop
endfacet
facet normal 0.7960934169217828 -0.605173753176557 9.017262815525216e-09
  outer loop
    vertex 3727.8526939802096 137.7221362332003 -8.756445976944436
    vertex 3727.7566971235196 137.59585443531094 -4.75644559359307
    vertex 3727.7566971235196 137.5958543757098 -8.7564459750628
  endloop
endfacet
facet normal 0.8568580235899002 -0.5155524487475645 7.68187962736727e-09
  outer loop
    vertex 3727.674916689865 137.45993379150445 -4.756445591567818
    vertex 3727.7566971235196 137.5958543757098 -8.7564459750628
    vertex 3727.7566971235196 137.59585443531094 -4.75644559359307
  endloop
endfacet
facet normal 0.8568580235899002 -0.5155524487475645 7.68187962736727e-09
  outer loop
    vertex 3727.7566971235196 137.5958543757098 -8.7564459750628
    vertex 3727.674916689865 137.45993379150445 -4.756445591567818
    vertex 3727.674916689865 137.45993373190333 -8.756445973037545
  endloop
endfacet
facet normal 0.9075758462166624 -0.41988817959560265 6.256454528425955e-09
  outer loop
    vertex 3727.674916689865 137.45993379150445 -4.756445591567818
    vertex 3727.6083111219327 137.31596777235438 -8.75644597089241
    vertex 3727.674916689865 137.45993373190333 -8.756445973037545
  endloop
endfacet
facet normal 0.9075758462166624 -0.41988817959560265 6.256454528425955e-09
  outer loop
    vertex 3727.6083111219327 137.31596777235438 -8.75644597089241
    vertex 3727.674916689865 137.45993379150445 -4.756445591567818
    vertex 3727.6083111219327 137.3159678319555 -4.756445589422683
  endloop
endfacet
facet normal 0.9476517424961544 -0.31930577029549956 4.757747728078073e-09
  outer loop
    vertex 3727.6083111219327 137.3159678319555 -4.756445589422683
    vertex 3727.557660525314 137.1656443813937 -8.756445968652548
    vertex 3727.6083111219327 137.31596777235438 -8.75644597089241
  endloop
endfacet
facet normal 0.9476517424961544 -0.31930577029549956 4.757747728078073e-09
  outer loop
    vertex 3727.557660525314 137.1656443813937 -8.756445968652548
    vertex 3727.6083111219327 137.3159678319555 -4.756445589422683
    vertex 3727.557660525314 137.1656444409948 -4.756445587182818
  endloop
endfacet
facet normal 0.9766212705901479 -0.21496719245244147 3.20307293712675e-09
  outer loop
    vertex 3727.557660525314 137.1656444409948 -4.756445587182818
    vertex 3727.523560946456 137.0107259789603 -8.756445966344218
    vertex 3727.557660525314 137.1656443813937 -8.756445968652548
  endloop
endfacet
facet normal 0.9766212705901479 -0.21496719245244147 3.20307293712675e-09
  outer loop
    vertex 3727.523560946456 137.0107259789603 -8.756445966344218
    vertex 3727.557660525314 137.1656444409948 -4.756445587182818
    vertex 3727.523560946456 137.01072603856142 -4.7564455848744895
  endloop
endfacet
facet normal 0.9941377654761738 -0.10812078086122182 1.6110307027162283e-09
  outer loop
    vertex 3727.523560946456 137.01072603856142 -4.7564455848744895
    vertex 3727.5064100675504 136.85302885269095 -8.756445963994487
    vertex 3727.523560946456 137.0107259789603 -8.756445966344218
  endloop
endfacet
facet normal 0.9941377654761738 -0.10812078086122182 1.6110307027162283e-09
  outer loop
    vertex 3727.5064100675504 136.85302885269095 -8.756445963994487
    vertex 3727.523560946456 137.01072603856142 -4.7564455848744895
    vertex 3727.5064100675504 136.85302891229207 -4.756445582524761
  endloop
endfacet
facet normal 1.0 0.0 0.0
  outer loop
    vertex 3727.5064100675504 136.85302891229207 -4.756445582524761
    vertex 3727.5064100675504 136.6944018492596 -8.756445961630899
    vertex 3727.5064100675504 136.85302885269095 -8.756445963994487
  endloop
endfacet
facet normal 1.0 0.0 0.0
  outer loop
    vertex 3727.5064100675504 136.6944018492596 -8.756445961630899
    vertex 3727.5064100675504 136.85302891229207 -4.756445582524761
    vertex 3727.5064100675504 136.69440190886075 -4.756445580161169
  endloop
endfacet
facet normal 0.9941377654761738 0.10812078086122179 -1.6110307027162279e-09
  outer loop
    vertex 3727.523560946456 136.5367047825914 -4.756445577811441
    vertex 3727.5064100675504 136.6944018492596 -8.756445961630899
    vertex 3727.5064100675504 136.69440190886075 -4.756445580161169
  endloop
endfacet
facet normal 0.9941377654761738 0.10812078086122179 -1.6110307027162279e-09
  outer loop
    vertex 3727.5064100675504 136.6944018492596 -8.756445961630899
    vertex 3727.523560946456 136.5367047825914 -4.756445577811441
    vertex 3727.523560946456 136.53670472299027 -8.75644595928117
  endloop
endfacet
facet normal 0.9766212705901479 0.21496719245244147 -3.20307293712675e-09
  outer loop
    vertex 3727.557660525314 136.38178638015802 -4.756445575503112
    vertex 3727.523560946456 136.53670472299027 -8.75644595928117
    vertex 3727.523560946456 136.5367047825914 -4.756445577811441
  endloop
endfacet
facet normal 0.9766212705901479 0.21496719245244147 -3.20307293712675e-09
  outer loop
    vertex 3727.523560946456 136.53670472299027 -8.75644595928117
    vertex 3727.557660525314 136.38178638015802 -4.756445575503112
    vertex 3727.557660525314 136.3817863205569 -8.756445956972842
  endloop
endfacet
facet normal 0.9476517424961544 0.3193057702954995 -4.757747728078072e-09
  outer loop
    vertex 3727.6083111219327 136.23146298919733 -4.756445573263246
    vertex 3727.557660525314 136.3817863205569 -8.756445956972842
    vertex 3727.557660525314 136.38178638015802 -4.756445575503112
  endloop
endfacet
facet normal 0.9476517424961544 0.3193057702954995 -4.757747728078072e-09
  outer loop
    vertex 3727.557660525314 136.3817863205569 -8.756445956972842
    vertex 3727.6083111219327 136.23146298919733 -4.756445573263246
    vertex 3727.6083111219327 136.23146292959618 -8.756445954732975
  endloop
endfacet
facet normal 0.9075758462166624 0.41988817959560265 -6.256454528425955e-09
  outer loop
    vertex 3727.674916689865 136.08749702964838 -4.756445571118112
    vertex 3727.6083111219327 136.23146292959618 -8.756445954732975
    vertex 3727.6083111219327 136.23146298919733 -4.756445573263246
  endloop
endfacet
facet normal 0.9075758462166624 0.41988817959560265 -6.256454528425955e-09
  outer loop
    vertex 3727.6083111219327 136.23146292959618 -8.756445954732975
    vertex 3727.674916689865 136.08749702964838 -4.756445571118112
    vertex 3727.674916689865 136.08749697004725 -8.75644595258784
  endloop
endfacet
facet normal 0.8568580235899004 0.5155524487475643 -7.681879627367269e-09
  outer loop
    vertex 3727.7566971235196 135.95157638584192 -4.75644556909286
    vertex 3727.674916689865 136.08749697004725 -8.75644595258784
    vertex 3727.674916689865 136.08749702964838 -4.756445571118112
  endloop
endfacet
facet normal 0.8568580235899004 0.5155524487475643 -7.681879627367269e-09
  outer loop
    vertex 3727.674916689865 136.08749697004725 -8.75644595258784
    vertex 3727.7566971235196 135.95157638584192 -4.75644556909286
    vertex 3727.7566971235196 135.9515763262408 -8.75644595056259
  endloop
endfacet
facet normal 0.7960934169217828 0.605173753176557 -9.017262815525216e-09
  outer loop
    vertex 3727.8526939802096 135.82529452835138 -4.756445567211223
    vertex 3727.7566971235196 135.9515763262408 -8.75644595056259
    vertex 3727.7566971235196 135.95157638584192 -4.75644556909286
  endloop
endfacet
facet normal 0.7960934169217828 0.605173753176557 -9.017262815525216e-09
  outer loop
    vertex 3727.7566971235196 135.9515763262408 -8.75644595056259
    vertex 3727.8526939802096 135.82529452835138 -4.756445567211223
    vertex 3727.8526939802096 135.82529446875026 -8.75644594868095
  endloop
endfacet
facet normal 0.7259947449492237 0.6877002474233318 -1.024693129331525e-08
  outer loop
    vertex 3727.8526939802096 135.82529452835138 -4.756445567211223
    vertex 3727.9617819242394 135.71013197695183 -8.756445946964995
    vertex 3727.8526939802096 135.82529446875026 -8.75644594868095
  endloop
endfacet
facet normal 0.7259947449492237 0.6877002474233318 -1.024693129331525e-08
  outer loop
    vertex 3727.9617819242394 135.71013197695183 -8.756445946964995
    vertex 3727.8526939802096 135.82529452835138 -4.756445567211223
    vertex 3727.9617819242394 135.71013203655298 -4.756445565495265
  endloop
endfacet
facet normal 0.6473872194269241 0.7621612612319494 -1.1356421795007361e-08
  outer loop
    vertex 3728.082681124679 135.60743907486017 -4.756445563965115
    vertex 3727.9617819242394 135.71013197695183 -8.756445946964995
    vertex 3727.9617819242394 135.71013203655298 -4.756445565495265
  endloop
endfacet
facet normal 0.6473872194269241 0.7621612612319494 -1.1356421795007361e-08
  outer loop
    vertex 3727.9617819242394 135.71013197695183 -8.756445946964995
    vertex 3728.082681124679 135.60743907486017 -4.756445563965115
    vertex 3728.082681124679 135.60743901525905 -8.756445945434844
  endloop
endfacet
facet normal 0.5611858004269437 0.8276898558029878 -1.2332816683380294e-08
  outer loop
    vertex 3728.213975375168 135.5184195974963 -8.756445944108425
    vertex 3728.082681124679 135.60743907486017 -4.756445563965115
    vertex 3728.213975375168 135.51841965709744 -4.756445562638696
  endloop
endfacet
facet normal 0.5611858004269437 0.8276898558029878 -1.2332816683380294e-08
  outer loop
    vertex 3728.082681124679 135.60743907486017 -4.756445563965115
    vertex 3728.213975375168 135.5184195974963 -8.756445944108425
    vertex 3728.082681124679 135.60743901525905 -8.756445945434844
  endloop
endfacet
facet normal 0.4684076409194397 0.883512468462265 -1.316458965230995e-08
  outer loop
    vertex 3728.3541244916833 135.44411740099358 -8.7564459430013
    vertex 3728.213975375168 135.51841965709744 -4.756445562638696
    vertex 3728.3541244916833 135.44411746059473 -4.756445561531571
  endloop
endfacet
facet normal 0.4684076409194397 0.883512468462265 -1.316458965230995e-08
  outer loop
    vertex 3728.213975375168 135.51841965709744 -4.756445562638696
    vertex 3728.3541244916833 135.44411740099358 -8.7564459430013
    vertex 3728.213975375168 135.5184195974963 -8.756445944108425
  endloop
endfacet
facet normal 0.3701381726942111 0.9289767129022074 -1.3842019958354031e-08
  outer loop
    vertex 3728.501485293381 135.3854035476309 -4.756445560656721
    vertex 3728.3541244916833 135.44411740099358 -8.7564459430013
    vertex 3728.3541244916833 135.44411746059473 -4.756445561531571
  endloop
endfacet
facet normal 0.3701381726942111 0.9289767129022074 -1.3842019958354031e-08
  outer loop
    vertex 3728.3541244916833 135.44411740099358 -8.7564459430013
    vertex 3728.501485293381 135.3854035476309 -4.756445560656721
    vertex 3728.501485293381 135.38540348802974 -8.75644594212645
  endloop
endfacet
facet normal 0.2675292103554012 0.9635497504574506 -1.435716815229049e-08
  outer loop
    vertex 3728.654329722396 135.34296629225184 -8.756445941494121
    vertex 3728.501485293381 135.3854035476309 -4.756445560656721
    vertex 3728.654329722396 135.34296635185297 -4.756445560024395
  endloop
endfacet
facet normal 0.2675292103554012 0.9635497504574506 -1.435716815229049e-08
  outer loop
    vertex 3728.501485293381 135.3854035476309 -4.756445560656721
    vertex 3728.654329722396 135.34296629225184 -8.756445941494121
    vertex 3728.501485293381 135.38540348802974 -8.75644594212645
  endloop
endfacet
facet normal 0.16178242944713997 0.9868264515719982 -1.4703997687323331e-08
  outer loop
    vertex 3728.810866778366 135.3173032740252 -8.756445941111734
    vertex 3728.654329722396 135.34296635185297 -4.756445560024395
    vertex 3728.810866778366 135.31730333362634 -4.756445559642005
  endloop
endfacet
facet normal 0.16178242944713997 0.9868264515719982 -1.4703997687323331e-08
  outer loop
    vertex 3728.654329722396 135.34296635185297 -4.756445560024395
    vertex 3728.810866778366 135.3173032740252 -8.756445941111734
    vertex 3728.654329722396 135.34296629225184 -8.756445941494121
  endloop
endfacet
endsolid antenna_tracker
