solid antenna_tracker
facet normal -1.4286832218656653e-30 -1.0 -7.0177989357613e-13
  outer loop
    vertex 3739.0096333634874 200.02840668500133 2.301932607965713
    vertex 3699.009633363487 200.0284066850091 -8.756445996222581
    vertex 3739.0096333634874 200.0284066850091 -8.756445996222581
  endloop
endfacet
facet normal -1.4286832218656653e-30 -1.0 -7.0177989357613e-13
  outer loop
    vertex 3699.009633363487 200.0284066850091 -8.756445996222581
    vertex 3739.0096333634874 200.02840668500133 2.301932607965713
    vertex 3699.0096333634856 200.02840668500133 2.301932607965713
  endloop
endfacet
facet normal -0.9999999990136643 2.1296267237457475e-05 -3.897615050029937e-05
  outer loop
    vertex 3699.009739407486 73.64342479866852 15.611000500056157
    vertex 3699.009739407486 73.59211973779101 2.3019326121398533
    vertex 3699.009739407486 73.59211973778046 17.24355400781805
  endloop
endfacet
facet normal -0.9999999990136643 2.1296267237457475e-05 -3.897615050029937e-05
  outer loop
    vertex 3699.009739407486 73.59211973779101 2.3019326121398533
    vertex 3699.009739407486 73.64342479866852 15.611000500056157
    vertex 3699.009739407486 74.2622819727391 1.1687501584481406
  endloop
endfacet
facet normal -0.9999999990136643 2.1296267237457475e-05 -3.897615050029937e-05
  outer loop
    vertex 3699.009739407486 74.2622819727391 1.1687501584481406
    vertex 3699.009739407486 73.64342479866852 15.611000500056157
    vertex 3699.009739407486 73.79713750362713 13.984889935146642
  endloop
endfacet
facet normal -0.9999999990136643 2.1296267237457475e-05 -3.897615050029937e-05
  outer loop
    vertex 3699.009739407486 74.2622819727391 1.1687501584481406
    vertex 3699.009739407486 73.79713750362713 13.984889935146642
    vertex 3699.009739407486 74.05265121885762 12.37163982858997
  endloop
endfacet
facet normal -0.9999999990136643 2.1296267237457475e-05 -3.897615050029937e-05
  outer loop
    vertex 3699.009739407486 74.2622819727391 1.1687501584481406
    vertex 3699.009739407486 74.05265121885762 12.37163982858997
    vertex 3699.009739407486 74.40895754845904 10.77761694153283
  endloop
endfacet
facet normal -0.9999999990136643 2.1296267237457475e-05 -3.897615050029937e-05
  outer loop
    vertex 3699.009739407486 74.2622819727391 1.1687501584481406
    vertex 3699.009739407486 74.40895754845904 10.77761694153283
    vertex 3699.009739407486 75.32160990655113 -0.3900035609561517
  endloop
endfacet
facet normal -0.9999999990136643 2.1296267237457475e-05 -3.897615050029937e-05
  outer loop
    vertex 3699.009739407486 75.32160990655113 -0.3900035609561517
    vertex 3699.009739407486 74.40895754845904 10.77761694153283
    vertex 3699.009739407486 74.86465031412939 9.209112154070665
  endloop
endfacet
facet normal -0.9999999990136643 2.1296267237457475e-05 -3.897615050029937e-05
  outer loop
    vertex 3699.009739407486 75.32160990655113 -0.3900035609561517
    vertex 3699.009739407486 74.86465031412939 9.209112154070665
    vertex 3699.009739407486 75.41793110470877 7.67231563801791
  endloop
endfacet
facet normal -0.9999999990136643 2.1296267237457475e-05 -3.897615050029937e-05
  outer loop
    vertex 3699.009739407486 75.32160990655113 -0.3900035609561517
    vertex 3699.009739407486 75.41793110470877 7.67231563801791
    vertex 3699.009739407486 76.47672245452587 -1.8791656846426512
  endloop
endfacet
facet normal -0.9999999990136643 2.1296267237457475e-05 -3.897615050029937e-05
  outer loop
    vertex 3699.009739407486 76.47672245452587 -1.8791656846426512
    vertex 3699.009739407486 75.41793110470877 7.67231563801791
    vertex 3699.009739407486 76.06661637368668 6.173292427127878
  endloop
endfacet
facet normal -0.9999999990136643 2.1296267237457475e-05 -3.897615050029937e-05
  outer loop
    vertex 3699.009739407486 76.47672245452587 -1.8791656846426512
    vertex 3699.009739407486 76.06661637368668 6.173292427127878
    vertex 3699.009739407486 76.80814605666262 4.717958481175399
  endloop
endfacet
facet normal -0.9999999990136643 2.1296267237457475e-05 -3.897615050029937e-05
  outer loop
    vertex 3699.009739407486 76.47672245452587 -1.8791656846426512
    vertex 3699.009739407486 76.80814605666262 4.717958481175399
    vertex 3699.009739407486 77.7230609151572 -3.29285917004262
  endloop
endfacet
facet normal -0.9999999990136643 2.1296267237457475e-05 -3.897615050029937e-05
  outer loop
    vertex 3699.009739407486 77.7230609151572 -3.29285917004262
    vertex 3699.009739407486 76.80814605666262 4.717958481175399
    vertex 3699.009739407486 77.63959367475057 3.3120573383663006
  endloop
endfacet
facet normal -0.9999999990136643 2.1296267237457475e-05 -3.897615050029937e-05
  outer loop
    vertex 3699.009739407486 77.7230609151572 -3.29285917004262
    vertex 3699.009739407486 77.63959367475057 3.3120573383663006
    vertex 3699.009739407486 78.55767788405417 1.961137448216122
  endloop
endfacet
facet normal -0.9999999990136643 2.1296267237457475e-05 -3.897615050029937e-05
  outer loop
    vertex 3699.009739407486 77.7230609151572 -3.29285917004262
    vertex 3699.009739407486 78.55767788405417 1.961137448216122
    vertex 3699.009739407486 79.0557065599389 -4.625504814824309
  endloop
endfacet
facet normal -0.9999999990136643 2.1296267237457475e-05 -3.897615050029937e-05
  outer loop
    vertex 3699.009739407486 79.0557065599389 -4.625504814824309
    vertex 3699.009739407486 78.55767788405417 1.961137448216122
    vertex 3699.009739407486 79.55877542563212 0.6705302743546897
  endloop
endfacet
facet normal -0.9999999990136643 2.1296267237457475e-05 -3.897615050029937e-05
  outer loop
    vertex 3699.009739407486 79.0557065599389 -4.625504814824309
    vertex 3699.009739407486 79.55877542563212 0.6705302743546897
    vertex 3699.009739407486 80.46940004533886 -5.871843275455637
  endloop
endfacet
facet normal -0.9999999990136643 2.1296267237457475e-05 -3.897615050029937e-05
  outer loop
    vertex 3699.009739407486 80.46940004533886 -5.871843275455637
    vertex 3699.009739407486 79.55877542563212 0.6705302743546897
    vertex 3699.009739407486 80.63893542484578 -0.554670746325094
  endloop
endfacet
facet normal -0.9999999990136643 2.1296267237457475e-05 -3.897615050029937e-05
  outer loop
    vertex 3699.009739407486 80.46940004533886 -5.871843275455637
    vertex 3699.009739407486 80.63893542484578 -0.554670746325094
    vertex 3699.009739407486 81.95856216902536 -7.026955823430386
  endloop
endfacet
facet normal -0.9999999990136643 2.1296267237457475e-05 -3.897615050029937e-05
  outer loop
    vertex 3699.009739407486 81.95856216902536 -7.026955823430386
    vertex 3699.009739407486 80.63893542484578 -0.554670746325094
    vertex 3699.009739407486 81.7938949836564 -1.7096303051357107
  endloop
endfacet
facet normal -0.9999999990136643 2.1296267237457475e-05 -3.897615050029937e-05
  outer loop
    vertex 3699.009739407486 81.95856216902536 -7.026955823430386
    vertex 3699.009739407486 81.7938949836564 -1.7096303051357107
    vertex 3699.009739407486 83.01909600433618 -2.7897903043493604
  endloop
endfacet
facet normal -0.9999999990136643 2.1296267237457475e-05 -3.897615050029937e-05
  outer loop
    vertex 3699.009739407486 81.95856216902536 -7.026955823430386
    vertex 3699.009739407486 83.01909600433618 -2.7897903043493604
    vertex 3699.009739407486 83.51731588842965 -8.086283757242414
  endloop
endfacet
facet normal -0.9999999990136643 2.1296267237457475e-05 -3.897615050029937e-05
  outer loop
    vertex 3699.009739407486 83.51731588842965 -8.086283757242414
    vertex 3699.009739407486 83.01909600433618 -2.7897903043493604
    vertex 3699.009739407486 84.30970317819761 -3.790887845927324
  endloop
endfacet
facet normal -0.9999999990136643 2.1296267237457475e-05 -3.897615050029937e-05
  outer loop
    vertex 3699.009739407486 83.51731588842965 -8.086283757242414
    vertex 3699.009739407486 84.30970317819761 -3.790887845927324
    vertex 3699.009739407486 84.65049834212131 -8.75644599219047
  endloop
endfacet
facet normal -0.9999999990136643 2.1296267237457475e-05 -3.897615050029937e-05
  outer loop
    vertex 3699.009739407486 84.65049834212131 -8.75644599219047
    vertex 3699.009739407486 84.30970317819761 -3.790887845927324
    vertex 3699.009739407486 85.6606230683478 -4.708972055230941
  endloop
endfacet
facet normal -0.9999999990136643 2.1296267237457475e-05 -3.897615050029937e-05
  outer loop
    vertex 3699.009633363487 204.0284066849507 74.24355400368759
    vertex 3699.0096333634856 200.0284066849908 17.24355400367491
    vertex 3699.009633363487 200.02840668495077 74.24355400368486
  endloop
endfacet
facet normal -0.9999999990136643 2.1296267237457475e-05 -3.897615050029937e-05
  outer loop
    vertex 3699.0096333634856 200.0284066849908 17.24355400367491
    vertex 3699.009633363487 204.0284066849507 74.24355400368759
    vertex 3699.0096333634856 200.02840668500133 2.301932607965713
  endloop
endfacet
facet normal -0.9999999990136643 2.1296267237457475e-05 -3.897615050029937e-05
  outer loop
    vertex 3699.0096333634856 200.02840668500133 2.301932607965713
    vertex 3699.009633363487 204.0284066849507 74.24355400368759
    vertex 3699.009633363487 200.0284066850091 -8.756445996222581
  endloop
endfacet
facet normal -0.9999999990136643 2.1296267237457475e-05 -3.897615050029937e-05
  outer loop
    vertex 3699.009633363487 200.0284066850091 -8.756445996222581
    vertex 3699.009633363487 204.0284066849507 74.24355400368759
    vertex 3699.0169703634874 200.02840668549214 -12.756445996485363
  endloop
endfacet
facet normal -0.9999999990136643 2.1296267237457475e-05 -3.897615050029937e-05
  outer loop
    vertex 3699.0169703634874 200.02840668549214 -12.756445996485363
    vertex 3699.009633363487 204.0284066849507 74.24355400368759
    vertex 3699.0169703634906 200.55051145437506 -12.722225441980113
  endloop
endfacet
facet normal -0.9999999990136643 2.1296267237457475e-05 -3.897615050029937e-05
  outer loop
    vertex 3699.0169703634906 200.55051145437506 -12.722225441980113
    vertex 3699.009633363487 204.0284066849507 74.24355400368759
    vertex 3699.0169703634933 201.0636828659075 -12.620149301640328
  endloop
endfacet
facet normal -0.9999999990136643 2.1296267237457475e-05 -3.897615050029937e-05
  outer loop
    vertex 3699.0169703634933 201.0636828659075 -12.620149301640328
    vertex 3699.009633363487 204.0284066849507 74.24355400368759
    vertex 3699.016970363496 201.5591404149603 -12.45196412652808
  endloop
endfacet
facet normal -0.9999999990136643 2.1296267237457475e-05 -3.897615050029937e-05
  outer loop
    vertex 3699.016970363496 201.5591404149603 -12.45196412652808
    vertex 3699.009633363487 204.0284066849507 74.24355400368759
    vertex 3699.0169703634992 202.02840668550226 -12.220547611619276
  endloop
endfacet
facet normal -0.9999999990136643 2.1296267237457475e-05 -3.897615050029937e-05
  outer loop
    vertex 3699.0169703634992 202.02840668550226 -12.220547611619276
    vertex 3699.009633363487 204.0284066849507 74.24355400368759
    vertex 3699.016970363502 202.46345240153929 -11.929859357644782
  endloop
endfacet
facet normal -0.9999999990136643 2.1296267237457475e-05 -3.897615050029937e-05
  outer loop
    vertex 3699.016970363502 202.46345240153929 -11.929859357644782
    vertex 3699.009633363487 204.0284066849507 74.24355400368759
    vertex 3699.0169703635047 202.8568338102525 -11.584873121224106
  endloop
endfacet
facet normal -0.9999999990136643 2.1296267237457475e-05 -3.897615050029937e-05
  outer loop
    vertex 3699.0169703635047 202.8568338102525 -11.584873121224106
    vertex 3699.009633363487 204.0284066849507 74.24355400368759
    vertex 3699.0169703635065 203.20182004667296 -11.191491712510656
  endloop
endfacet
facet normal -0.9999999990136643 2.1296267237457475e-05 -3.897615050029937e-05
  outer loop
    vertex 3699.0169703635065 203.20182004667296 -11.191491712510656
    vertex 3699.009633363487 204.0284066849507 74.24355400368759
    vertex 3699.016970363508 203.49250830064716 -10.756445996473445
  endloop
endfacet
facet normal -0.9999999990136643 2.1296267237457475e-05 -3.897615050029937e-05
  outer loop
    vertex 3699.016970363508 203.49250830064716 -10.756445996473445
    vertex 3699.009633363487 204.0284066849507 74.24355400368759
    vertex 3699.0169703635092 203.72392481555568 -10.287179725931328
  endloop
endfacet
facet normal -0.9999999990136643 2.1296267237457475e-05 -3.897615050029937e-05
  outer loop
    vertex 3699.0169703635092 203.72392481555568 -10.287179725931328
    vertex 3699.009633363487 204.0284066849507 74.24355400368759
    vertex 3699.0169703635106 203.89210999066762 -9.791722176878457
  endloop
endfacet
facet normal -0.9999999990136643 2.1296267237457475e-05 -3.897615050029937e-05
  outer loop
    vertex 3699.0169703635106 203.89210999066762 -9.791722176878457
    vertex 3699.009633363487 204.0284066849507 74.24355400368759
    vertex 3699.0169703635106 203.99418613100707 -9.278550765345909
  endloop
endfacet
facet normal -0.9999999990136643 2.1296267237457475e-05 -3.897615050029937e-05
  outer loop
    vertex 3699.0169703635106 203.99418613100707 -9.278550765345909
    vertex 3699.009633363487 204.0284066849507 74.24355400368759
    vertex 3699.0169703635106 204.02840668551198 -8.75644599646299
  endloop
endfacet
facet normal -0.9999999990136643 2.1296267237457475e-05 -3.897615050029937e-05
  outer loop
    vertex 3699.0097394074883 73.59211973774026 74.24355400782146
    vertex 3699.0097394074896 69.59211973782548 -8.756445992201593
    vertex 3699.0097394074883 69.5921197377403 74.24355400781876
  endloop
endfacet
facet normal -0.9999999990136643 2.1296267237457475e-05 -3.897615050029937e-05
  outer loop
    vertex 3699.0097394074896 69.59211973782548 -8.756445992201593
    vertex 3699.0097394074883 73.59211973774026 74.24355400782146
    vertex 3699.0097394074896 69.62634029233053 -9.278550761079057
  endloop
endfacet
facet normal -0.9999999990136643 2.1296267237457475e-05 -3.897615050029937e-05
  outer loop
    vertex 3699.0097394074896 69.62634029233053 -9.278550761079057
    vertex 3699.0097394074883 73.59211973774026 74.24355400782146
    vertex 3699.0097394074896 69.7284164326694 -9.791722172606176
  endloop
endfacet
facet normal -0.9999999990136643 2.1296267237457475e-05 -3.897615050029937e-05
  outer loop
    vertex 3699.0097394074896 69.7284164326694 -9.791722172606176
    vertex 3699.0097394074883 73.59211973774026 74.24355400782146
    vertex 3699.0097394074896 69.89660160778008 -10.287179721653732
  endloop
endfacet
facet normal -0.9999999990136643 2.1296267237457475e-05 -3.897615050029937e-05
  outer loop
    vertex 3699.0097394074896 69.89660160778008 -10.287179721653732
    vertex 3699.0097394074883 73.59211973774026 74.24355400782146
    vertex 3699.0097394074896 70.12801812268667 -10.75644599219074
  endloop
endfacet
facet normal -0.9999999990136643 2.1296267237457475e-05 -3.897615050029937e-05
  outer loop
    vertex 3699.0097394074896 70.12801812268667 -10.75644599219074
    vertex 3699.0097394074883 73.59211973774026 74.24355400782146
    vertex 3699.0097394074905 70.41870637665833 -11.191491708223122
  endloop
endfacet
facet normal -0.9999999990136643 2.1296267237457475e-05 -3.897615050029937e-05
  outer loop
    vertex 3699.0097394074905 70.41870637665833 -11.191491708223122
    vertex 3699.0097394074883 73.59211973774026 74.24355400782146
    vertex 3699.0097394074905 70.7636926130756 -11.584873116932107
  endloop
endfacet
facet normal -0.9999999990136643 2.1296267237457475e-05 -3.897615050029937e-05
  outer loop
    vertex 3699.0097394074905 70.7636926130756 -11.584873116932107
    vertex 3699.0097394074883 73.59211973774026 74.24355400782146
    vertex 3699.0097394074905 71.15707402178515 -11.929859353348752
  endloop
endfacet
facet normal -0.9999999990136643 2.1296267237457475e-05 -3.897615050029937e-05
  outer loop
    vertex 3699.0097394074905 71.15707402178515 -11.929859353348752
    vertex 3699.0097394074883 73.59211973774026 74.24355400782146
    vertex 3699.0097394074905 71.592119737818 -12.220547607319718
  endloop
endfacet
facet normal -0.9999999990136643 2.1296267237457475e-05 -3.897615050029937e-05
  outer loop
    vertex 3699.0097394074905 71.592119737818 -12.220547607319718
    vertex 3699.0097394074883 73.59211973774026 74.24355400782146
    vertex 3699.0097394074905 72.06138600835537 -12.45196412222555
  endloop
endfacet
facet normal -0.9999999990136643 2.1296267237457475e-05 -3.897615050029937e-05
  outer loop
    vertex 3699.0097394074905 72.06138600835537 -12.45196412222555
    vertex 3699.0097394074883 73.59211973774026 74.24355400782146
    vertex 3699.0097394074905 72.5568435574032 -12.620149297335432
  endloop
endfacet
facet normal -0.9999999990136643 2.1296267237457475e-05 -3.897615050029937e-05
  outer loop
    vertex 3699.0097394074905 72.5568435574032 -12.620149297335432
    vertex 3699.0097394074883 73.59211973774026 74.24355400782146
    vertex 3699.0097394074905 73.07001496893048 -12.722225437673478
  endloop
endfacet
facet normal -0.9999999990136643 2.1296267237457475e-05 -3.897615050029937e-05
  outer loop
    vertex 3699.0097394074905 73.07001496893048 -12.722225437673478
    vertex 3699.0097394074883 73.59211973774026 74.24355400782146
    vertex 3699.009739407486 73.59211973779101 2.3019326121398533
  endloop
endfacet
facet normal -0.9999999990136643 2.1296267237457475e-05 -3.897615050029937e-05
  outer loop
    vertex 3699.0097394074905 73.07001496893048 -12.722225437673478
    vertex 3699.009739407486 73.59211973779101 2.3019326121398533
    vertex 3699.0097394074883 73.59211973779881 -8.756445992199756
  endloop
endfacet
facet normal -0.9999999990136643 2.1296267237457475e-05 -3.897615050029937e-05
  outer loop
    vertex 3699.0097394074905 73.07001496893048 -12.722225437673478
    vertex 3699.0097394074883 73.59211973779881 -8.756445992199756
    vertex 3699.0097394074905 73.592119737808 -12.756445992177685
  endloop
endfacet
facet normal -0.9999999990136643 2.1296267237457475e-05 -3.897615050029937e-05
  outer loop
    vertex 3699.009739407486 73.59211973779101 2.3019326121398533
    vertex 3699.0097394074883 73.59211973774026 74.24355400782146
    vertex 3699.009739407486 73.59211973778046 17.24355400781805
  endloop
endfacet
facet normal -0.9999999990136643 2.1296267237457475e-05 -3.897615050029937e-05
  outer loop
    vertex 3699.0097394074905 73.592119737808 -12.756445992177685
    vertex 3699.0097394074883 73.59211973779881 -8.756445992199756
    vertex 3699.009739407486 84.65049834212131 -8.75644599219047
  endloop
endfacet
facet normal -0.9999999990136643 2.1296267237457475e-05 -3.897615050029937e-05
  outer loop
    vertex 3699.0097394074905 73.592119737808 -12.756445992177685
    vertex 3699.009739407486 84.65049834212131 -8.75644599219047
    vertex 3699.0169703634874 200.02840668549214 -12.756445996485363
  endloop
endfacet
facet normal -0.9999999990136643 2.1296267237457475e-05 -3.897615050029937e-05
  outer loop
    vertex 3699.0169703634874 200.02840668549214 -12.756445996485363
    vertex 3699.009739407486 84.65049834212131 -8.75644599219047
    vertex 3699.009739407486 97.95956623003764 -8.705140931312997
  endloop
endfacet
facet normal -0.9999999990136643 2.1296267237457475e-05 -3.897615050029937e-05
  outer loop
    vertex 3699.009739407486 97.95956623003764 -8.705140931312997
    vertex 3699.009739407486 84.65049834212131 -8.75644599219047
    vertex 3699.009739407486 96.33345566512813 -8.551428226354382
  endloop
endfacet
facet normal -0.9999999990136643 2.1296267237457475e-05 -3.897615050029937e-05
  outer loop
    vertex 3699.009739407486 96.33345566512813 -8.551428226354382
    vertex 3699.009739407486 84.65049834212131 -8.75644599219047
    vertex 3699.009739407486 94.72020555857145 -8.295914511123902
  endloop
endfacet
facet normal -0.9999999990136643 2.1296267237457475e-05 -3.897615050029937e-05
  outer loop
    vertex 3699.009739407486 94.72020555857145 -8.295914511123902
    vertex 3699.009739407486 84.65049834212131 -8.75644599219047
    vertex 3699.009739407486 93.12618267151431 -7.939608181522458
  endloop
endfacet
facet normal -0.9999999990136643 2.1296267237457475e-05 -3.897615050029937e-05
  outer loop
    vertex 3699.009739407486 93.12618267151431 -7.939608181522458
    vertex 3699.009739407486 84.65049834212131 -8.75644599219047
    vertex 3699.009739407486 91.55767788405215 -7.4839154158521115
  endloop
endfacet
facet normal -0.9999999990136643 2.1296267237457475e-05 -3.897615050029937e-05
  outer loop
    vertex 3699.009739407486 91.55767788405215 -7.4839154158521115
    vertex 3699.009739407486 84.65049834212131 -8.75644599219047
    vertex 3699.009739407486 90.0208813679994 -6.930634625272741
  endloop
endfacet
facet normal -0.9999999990136643 2.1296267237457475e-05 -3.897615050029937e-05
  outer loop
    vertex 3699.009739407486 90.0208813679994 -6.930634625272741
    vertex 3699.009739407486 84.65049834212131 -8.75644599219047
    vertex 3699.009739407486 88.52185815710936 -6.2819493562948105
  endloop
endfacet
facet normal -0.9999999990136643 2.1296267237457475e-05 -3.897615050029937e-05
  outer loop
    vertex 3699.009739407486 88.52185815710936 -6.2819493562948105
    vertex 3699.009739407486 84.65049834212131 -8.75644599219047
    vertex 3699.009739407486 87.06652421115689 -5.5404196733188735
  endloop
endfacet
facet normal -0.9999999990136643 2.1296267237457475e-05 -3.897615050029937e-05
  outer loop
    vertex 3699.009739407486 87.06652421115689 -5.5404196733188735
    vertex 3699.009739407486 84.65049834212131 -8.75644599219047
    vertex 3699.009739407486 85.6606230683478 -4.708972055230941
  endloop
endfacet
facet normal -0.9999999990136643 2.1296267237457475e-05 -3.897615050029937e-05
  outer loop
    vertex 3699.0169703634874 200.02840668549214 -12.756445996485363
    vertex 3699.009739407486 97.95956623003764 -8.705140931312997
    vertex 3699.009739407486 99.59211973779954 -8.756445992177925
  endloop
endfacet
facet normal -0.9999999990136643 2.1296267237457475e-05 -3.897615050029937e-05
  outer loop
    vertex 3699.0169703634874 200.02840668549214 -12.756445996485363
    vertex 3699.009739407486 99.59211973779954 -8.756445992177925
    vertex 3699.0096333634856 174.02840668501113 -8.756445996244413
  endloop
endfacet
facet normal -0.9999999990136643 2.1296267237457475e-05 -3.897615050029937e-05
  outer loop
    vertex 3699.0169703634874 200.02840668549214 -12.756445996485363
    vertex 3699.0096333634856 174.02840668501113 -8.756445996244413
    vertex 3699.0096333634856 175.66096019277202 -8.705140935439891
  endloop
endfacet
facet normal -0.9999999990136643 2.1296267237457475e-05 -3.897615050029937e-05
  outer loop
    vertex 3699.0169703634874 200.02840668549214 -12.756445996485363
    vertex 3699.0096333634856 175.66096019277202 -8.705140935439891
    vertex 3699.0096333634856 177.2870707576805 -8.551428230481378
  endloop
endfacet
facet normal -0.9999999990136643 2.1296267237457475e-05 -3.897615050029937e-05
  outer loop
    vertex 3699.0169703634874 200.02840668549214 -12.756445996485363
    vertex 3699.0096333634856 177.2870707576805 -8.551428230481378
    vertex 3699.0096333634856 178.90032086423616 -8.295914515251061
  endloop
endfacet
facet normal -0.9999999990136643 2.1296267237457475e-05 -3.897615050029937e-05
  outer loop
    vertex 3699.0169703634874 200.02840668549214 -12.756445996485363
    vertex 3699.0096333634856 178.90032086423616 -8.295914515251061
    vertex 3699.0096333634856 180.49434375129232 -7.9396081856498375
  endloop
endfacet
facet normal -0.9999999990136643 2.1296267237457475e-05 -3.897615050029937e-05
  outer loop
    vertex 3699.0169703634874 200.02840668549214 -12.756445996485363
    vertex 3699.0096333634856 180.49434375129232 -7.9396081856498375
    vertex 3699.0096333634856 182.0628485387535 -7.483915419979776
  endloop
endfacet
facet normal -0.9999999990136643 2.1296267237457475e-05 -3.897615050029937e-05
  outer loop
    vertex 3699.0169703634874 200.02840668549214 -12.756445996485363
    vertex 3699.0096333634856 182.0628485387535 -7.483915419979776
    vertex 3699.0096333634856 183.59964505480528 -6.9306346294007515
  endloop
endfacet
facet normal -0.9999999990136643 2.1296267237457475e-05 -3.897615050029937e-05
  outer loop
    vertex 3699.0169703634874 200.02840668549214 -12.756445996485363
    vertex 3699.0096333634856 183.59964505480528 -6.9306346294007515
    vertex 3699.0096333634856 188.9700280808614 -8.756445996231868
  endloop
endfacet
facet normal -0.9999999990136643 2.1296267237457475e-05 -3.897615050029937e-05
  outer loop
    vertex 3699.0096333634856 188.9700280808614 -8.756445996231868
    vertex 3699.0096333634856 183.59964505480528 -6.9306346294007515
    vertex 3699.0096333634856 185.09866826569439 -6.28194936042323
  endloop
endfacet
facet normal -0.9999999990136643 2.1296267237457475e-05 -3.897615050029937e-05
  outer loop
    vertex 3699.0096333634856 188.9700280808614 -8.756445996231868
    vertex 3699.0096333634856 185.09866826569439 -6.28194936042323
    vertex 3699.0096333634856 186.55400221164595 -5.540419677447756
  endloop
endfacet
facet normal -0.9999999990136643 2.1296267237457475e-05 -3.897615050029937e-05
  outer loop
    vertex 3699.0096333634856 188.9700280808614 -8.756445996231868
    vertex 3699.0096333634856 186.55400221164595 -5.540419677447756
    vertex 3699.0096333634856 187.95990335445416 -4.708972059360342
  endloop
endfacet
facet normal -0.9999999990136643 2.1296267237457475e-05 -3.897615050029937e-05
  outer loop
    vertex 3699.0169703634874 200.02840668549214 -12.756445996485363
    vertex 3699.0096333634856 188.9700280808614 -8.756445996231868
    vertex 3699.009633363487 200.0284066850091 -8.756445996222581
  endloop
endfacet
facet normal -0.9999999990136643 2.1296267237457475e-05 -3.897615050029937e-05
  outer loop
    vertex 3699.0096333634856 189.3108232446035 -3.7908878500573002
    vertex 3699.0096333634856 188.9700280808614 -8.756445996231868
    vertex 3699.0096333634856 187.95990335445416 -4.708972059360342
  endloop
endfacet
facet normal -0.9999999990136643 2.1296267237457475e-05 -3.897615050029937e-05
  outer loop
    vertex 3699.0096333634856 188.9700280808614 -8.756445996231868
    vertex 3699.0096333634856 189.3108232446035 -3.7908878500573002
    vertex 3699.0096333634856 190.10321053438102 -8.086283761385541
  endloop
endfacet
facet normal -0.9999999990136643 2.1296267237457475e-05 -3.897615050029937e-05
  outer loop
    vertex 3699.0096333634856 190.10321053438102 -8.086283761385541
    vertex 3699.0096333634856 189.3108232446035 -3.7908878500573002
    vertex 3699.0096333634856 190.60143041846413 -2.7897903084799687
  endloop
endfacet
facet normal -0.9999999990136643 2.1296267237457475e-05 -3.897615050029937e-05
  outer loop
    vertex 3699.0096333634856 190.10321053438102 -8.086283761385541
    vertex 3699.0096333634856 190.60143041846413 -2.7897903084799687
    vertex 3699.0096333634856 191.66196425378533 -7.026955827573515
  endloop
endfacet
facet normal -0.9999999990136643 2.1296267237457475e-05 -3.897615050029937e-05
  outer loop
    vertex 3699.0096333634856 191.66196425378533 -7.026955827573515
    vertex 3699.0096333634856 190.60143041846413 -2.7897903084799687
    vertex 3699.0096333634856 191.82663143914314 -1.7096303092669927
  endloop
endfacet
facet normal -0.9999999990136643 2.1296267237457475e-05 -3.897615050029937e-05
  outer loop
    vertex 3699.0096333634856 191.66196425378533 -7.026955827573515
    vertex 3699.0096333634856 191.82663143914314 -1.7096303092669927
    vertex 3699.0096333634856 193.15112637747183 -5.871843279598768
  endloop
endfacet
facet normal -0.9999999990136643 2.1296267237457475e-05 -3.897615050029937e-05
  outer loop
    vertex 3699.0096333634856 193.15112637747183 -5.871843279598768
    vertex 3699.0096333634856 191.82663143914314 -1.7096303092669927
    vertex 3699.0096333634856 192.98159099795302 -0.5546707504571007
  endloop
endfacet
facet normal -0.9999999990136643 2.1296267237457475e-05 -3.897615050029937e-05
  outer loop
    vertex 3699.0096333634856 193.15112637747183 -5.871843279598768
    vertex 3699.0096333634856 192.98159099795302 -0.5546707504571007
    vertex 3699.0096333634856 194.061750997166 0.6705302702219189
  endloop
endfacet
facet normal -0.9999999990136643 2.1296267237457475e-05 -3.897615050029937e-05
  outer loop
    vertex 3699.0096333634856 193.15112637747183 -5.871843279598768
    vertex 3699.0096333634856 194.061750997166 0.6705302702219189
    vertex 3699.0096333634856 194.5648198628718 -4.625504818967437
  endloop
endfacet
facet normal -0.9999999990136643 2.1296267237457475e-05 -3.897615050029937e-05
  outer loop
    vertex 3699.0096333634856 194.5648198628718 -4.625504818967437
    vertex 3699.0096333634856 194.061750997166 0.6705302702219189
    vertex 3699.0096333634856 195.06284853874334 1.9611374440825415
  endloop
endfacet
facet normal -0.9999999990136643 2.1296267237457475e-05 -3.897615050029937e-05
  outer loop
    vertex 3699.0096333634856 194.5648198628718 -4.625504818967437
    vertex 3699.0096333634856 195.06284853874334 1.9611374440825415
    vertex 3699.0096333634856 195.89746550765346 -3.2928591741857542
  endloop
endfacet
facet normal -0.9999999990136643 2.1296267237457475e-05 -3.897615050029937e-05
  outer loop
    vertex 3699.0096333634856 195.89746550765346 -3.2928591741857542
    vertex 3699.0096333634856 195.06284853874334 1.9611374440825415
    vertex 3699.0096333634856 195.9809327480464 3.3120573342318744
  endloop
endfacet
facet normal -0.9999999990136643 2.1296267237457475e-05 -3.897615050029937e-05
  outer loop
    vertex 3699.0096333634856 195.89746550765346 -3.2928591741857542
    vertex 3699.0096333634856 195.9809327480464 3.3120573342318744
    vertex 3699.0096333634856 197.1438039682848 -1.8791656887857853
  endloop
endfacet
facet normal -0.9999999990136643 2.1296267237457475e-05 -3.897615050029937e-05
  outer loop
    vertex 3699.0096333634856 197.1438039682848 -1.8791656887857853
    vertex 3699.0096333634856 195.9809327480464 3.3120573342318744
    vertex 3699.0096333634856 196.8123803661338 4.71795847704009
  endloop
endfacet
facet normal -0.9999999990136643 2.1296267237457475e-05 -3.897615050029937e-05
  outer loop
    vertex 3699.0096333634856 197.1438039682848 -1.8791656887857853
    vertex 3699.0096333634856 196.8123803661338 4.71795847704009
    vertex 3699.0096333634856 197.55391004910928 6.173292422991664
  endloop
endfacet
facet normal -0.9999999990136643 2.1296267237457475e-05 -3.897615050029937e-05
  outer loop
    vertex 3699.0096333634856 197.1438039682848 -1.8791656887857853
    vertex 3699.0096333634856 197.55391004910928 6.173292422991664
    vertex 3699.0096333634856 198.29891651625957 -0.3900035650992859
  endloop
endfacet
facet normal -0.9999999990136643 2.1296267237457475e-05 -3.897615050029937e-05
  outer loop
    vertex 3699.0096333634856 198.29891651625957 -0.3900035650992859
    vertex 3699.0096333634856 197.55391004910928 6.173292422991664
    vertex 3699.0096333634856 198.20259531808676 7.672315633880756
  endloop
endfacet
facet normal -0.9999999990136643 2.1296267237457475e-05 -3.897615050029937e-05
  outer loop
    vertex 3699.0096333634856 198.29891651625957 -0.3900035650992859
    vertex 3699.0096333634856 198.20259531808676 7.672315633880756
    vertex 3699.0096333634856 198.75587610866583 9.20911214993255
  endloop
endfacet
facet normal -0.9999999990136643 2.1296267237457475e-05 -3.897615050029937e-05
  outer loop
    vertex 3699.0096333634856 198.29891651625957 -0.3900035650992859
    vertex 3699.0096333634856 198.75587610866583 9.20911214993255
    vertex 3699.0096333634856 199.35824445007157 1.1687501543050065
  endloop
endfacet
facet normal -0.9999999990136643 2.1296267237457475e-05 -3.897615050029937e-05
  outer loop
    vertex 3699.0096333634856 199.35824445007157 1.1687501543050065
    vertex 3699.0096333634856 198.75587610866583 9.20911214993255
    vertex 3699.0096333634856 199.21156887433585 10.777616937393734
  endloop
endfacet
facet normal -0.9999999990136643 2.1296267237457475e-05 -3.897615050029937e-05
  outer loop
    vertex 3699.0096333634856 199.35824445007157 1.1687501543050065
    vertex 3699.0096333634856 199.21156887433585 10.777616937393734
    vertex 3699.0096333634856 199.5678752039371 12.371639824449872
  endloop
endfacet
facet normal -0.9999999990136643 2.1296267237457475e-05 -3.897615050029937e-05
  outer loop
    vertex 3699.0096333634856 199.35824445007157 1.1687501543050065
    vertex 3699.0096333634856 199.5678752039371 12.371639824449872
    vertex 3699.0096333634856 200.02840668500133 2.301932607965713
  endloop
endfacet
facet normal -0.9999999990136643 2.1296267237457475e-05 -3.897615050029937e-05
  outer loop
    vertex 3699.0096333634856 200.02840668500133 2.301932607965713
    vertex 3699.0096333634856 199.5678752039371 12.371639824449872
    vertex 3699.0096333634856 199.82338891916743 13.984889931005544
  endloop
endfacet
facet normal -0.9999999990136643 2.1296267237457475e-05 -3.897615050029937e-05
  outer loop
    vertex 3699.0096333634856 200.02840668500133 2.301932607965713
    vertex 3699.0096333634856 199.82338891916743 13.984889931005544
    vertex 3699.0096333634856 199.97710162412594 15.611000495914038
  endloop
endfacet
facet normal -0.9999999990136643 2.1296267237457475e-05 -3.897615050029937e-05
  outer loop
    vertex 3699.0096333634856 200.02840668500133 2.301932607965713
    vertex 3699.0096333634856 199.97710162412594 15.611000495914038
    vertex 3699.0096333634856 200.0284066849908 17.24355400367491
  endloop
endfacet
facet normal 0.9995065603657275 -2.1524403984539208e-14 0.031410759078257695
  outer loop
    vertex 3739.0096333634874 200.02840668495077 74.24355400368486
    vertex 3738.9701679320524 204.02840668494989 75.4993643942739
    vertex 3738.9701679320524 200.0284066849499 75.49936439427114
  endloop
endfacet
facet normal 0.9995065603657275 -2.1524403984539208e-14 0.031410759078257695
  outer loop
    vertex 3738.9701679320524 204.02840668494989 75.4993643942739
    vertex 3739.0096333634874 200.02840668495077 74.24355400368486
    vertex 3739.0096333634874 204.0284066849507 74.24355400368759
  endloop
endfacet
facet normal -0.15643446504022734 -6.823841368873385e-13 0.9876883405951384
  outer loop
    vertex 3716.5029686922007 200.02840668493727 94.08584802997457
    vertex 3715.2620070717726 204.02840668493735 93.88929901826154
    vertex 3715.2620070717726 200.0284066849374 93.88929901825877
  endloop
endfacet
facet normal -0.15643446504022734 -6.823841368873385e-13 0.9876883405951384
  outer loop
    vertex 3715.2620070717726 204.02840668493735 93.88929901826154
    vertex 3716.5029686922007 200.02840668493727 94.08584802997457
    vertex 3716.5029686922007 204.02840668493727 94.08584802997733
  endloop
endfacet
facet normal 0.15643446504022732 -6.823841368873384e-13 0.9876883405951384
  outer loop
    vertex 3722.757259655201 200.0284066849374 93.88929901825877
    vertex 3721.5162980347727 204.02840668493727 94.08584802997733
    vertex 3721.5162980347727 200.02840668493727 94.08584802997457
  endloop
endfacet
facet normal 0.15643446504022732 -6.823841368873384e-13 0.9876883405951384
  outer loop
    vertex 3721.5162980347727 204.02840668493727 94.08584802997733
    vertex 3722.757259655201 200.0284066849374 93.88929901825877
    vertex 3722.757259655201 204.02840668493735 93.88929901826154
  endloop
endfacet
facet normal 0.5090414157503712 -5.946838978200443e-13 0.8607420270039438
  outer loop
    vertex 3729.726169263067 200.02840668493926 91.1301125137253
    vertex 3728.6447068455213 204.0284066849388 91.76968760456502
    vertex 3728.6447068455213 200.02840668493886 91.76968760456225
  endloop
endfacet
facet normal 0.5090414157503712 -5.946838978200443e-13 0.8607420270039438
  outer loop
    vertex 3728.6447068455213 204.0284066849388 91.76968760456502
    vertex 3729.726169263067 200.02840668493926 91.1301125137253
    vertex 3729.726169263067 204.02840668493926 91.13011251372804
  endloop
endfacet
facet normal -0.03141075907813128 -6.877324211551575e-13 0.9995065603657315
  outer loop
    vertex 3719.009633363487 200.02840668493712 94.243554003685
    vertex 3717.7538229729007 204.02840668493718 94.20408857225318
    vertex 3717.7538229729007 200.02840668493718 94.20408857225044
  endloop
endfacet
facet normal -0.03141075907813128 -6.877324211551575e-13 0.9995065603657315
  outer loop
    vertex 3717.7538229729007 204.02840668493718 94.20408857225318
    vertex 3719.009633363487 200.02840668493712 94.243554003685
    vertex 3719.009633363487 204.02840668493718 94.24355400368776
  endloop
endfacet
facet normal 0.33873792024527855 -6.47395122341032e-13 0.9408807689542301
  outer loop
    vertex 3726.372124417181 200.02840668493812 92.83908372145002
    vertex 3725.189973250986 204.0284066849378 93.26468432959082
    vertex 3725.189973250986 200.0284066849378 93.26468432958808
  endloop
endfacet
facet normal 0.33873792024527855 -6.47395122341032e-13 0.9408807689542301
  outer loop
    vertex 3725.189973250986 204.0284066849378 93.26468432959082
    vertex 3726.372124417181 200.02840668493812 92.83908372145002
    vertex 3726.372124417181 204.02840668493806 92.83908372145278
  endloop
endfacet
facet normal 0.03141075907813128 -6.87732967357283e-13 0.9995065603657315
  outer loop
    vertex 3720.2654437540727 200.02840668493718 94.20408857225044
    vertex 3719.009633363487 204.02840668493718 94.24355400368776
    vertex 3719.009633363487 200.02840668493712 94.243554003685
  endloop
endfacet
facet normal 0.03141075907813128 -6.87732967357283e-13 0.9995065603657315
  outer loop
    vertex 3719.009633363487 204.02840668493718 94.24355400368776
    vertex 3720.2654437540727 200.02840668493718 94.20408857225044
    vertex 3720.2654437540727 204.02840668493718 94.20408857225318
  endloop
endfacet
facet normal 0.9177546256839402 -2.755086080563135e-13 0.3971478906348752
  outer loop
    vertex 3737.605163081252 200.02840668494576 81.60604505737847
    vertex 3737.1061744128074 204.02840668494494 82.75913983498914
    vertex 3737.1061744128074 200.028406684945 82.75913983498637
  endloop
endfacet
facet normal 0.9177546256839402 -2.755086080563135e-13 0.3971478906348752
  outer loop
    vertex 3737.1061744128074 204.02840668494494 82.75913983498914
    vertex 3737.605163081252 200.02840668494576 81.60604505737847
    vertex 3737.605163081252 204.02840668494574 81.60604505738124
  endloop
endfacet
facet normal -0.09410831331851703 -6.850179675984871e-13 0.9955619646030798
  outer loop
    vertex 3717.7538229729007 200.02840668493718 94.20408857225044
    vertex 3716.5029686922007 204.02840668493727 94.08584802997733
    vertex 3716.5029686922007 200.02840668493727 94.08584802997457
  endloop
endfacet
facet normal -0.09410831331851703 -6.850179675984871e-13 0.9955619646030798
  outer loop
    vertex 3716.5029686922007 204.02840668493727 94.08584802997733
    vertex 3717.7538229729007 200.02840668493718 94.20408857225044
    vertex 3717.7538229729007 204.02840668493718 94.20408857225318
  endloop
endfacet
facet normal -0.21814324139651672 -6.770030915389555e-13 0.9759167619387532
  outer loop
    vertex 3715.2620070717726 200.0284066849374 93.88929901825877
    vertex 3714.035835620189 204.02840668493758 93.6152172262604
    vertex 3714.035835620189 200.02840668493758 93.61521722625761
  endloop
endfacet
facet normal -0.21814324139651672 -6.770030915389555e-13 0.9759167619387532
  outer loop
    vertex 3714.035835620189 204.02840668493758 93.6152172262604
    vertex 3715.2620070717726 200.0284066849374 93.88929901825877
    vertex 3715.2620070717726 204.02840668493735 93.88929901826154
  endloop
endfacet
facet normal -0.3971478906348621 -6.340773031788808e-13 0.917754625683946
  outer loop
    vertex 3711.647142309793 200.02840668493812 92.83908372145002
    vertex 3710.494047532186 204.02840668493843 92.34009505300816
    vertex 3710.494047532186 200.02840668493843 92.34009505300538
  endloop
endfacet
facet normal -0.3971478906348621 -6.340773031788808e-13 0.917754625683946
  outer loop
    vertex 3710.494047532186 204.02840668493843 92.34009505300816
    vertex 3711.647142309793 200.02840668493812 92.83908372145002
    vertex 3711.647142309793 204.02840668493806 92.83908372145278
  endloop
endfacet
facet normal 0.6129070536530197 -5.436782090338149e-13 0.7901550123756569
  outer loop
    vertex 3731.7581131584607 200.02840668494028 89.65381885920075
    vertex 3730.7653384093364 204.02840668493974 90.42389389118668
    vertex 3730.7653384093364 200.02840668493974 90.42389389118394
  endloop
endfacet
facet normal 0.6129070536530197 -5.436782090338149e-13 0.7901550123756569
  outer loop
    vertex 3730.7653384093364 204.02840668493974 90.42389389118668
    vertex 3731.7581131584607 200.02840668494028 89.65381885920075
    vertex 3731.7581131584607 204.02840668494025 89.65381885920351
  endloop
endfacet
facet normal 0.9759167619387591 -1.5071407056064e-13 0.2181432413964903
  outer loop
    vertex 3738.6553783780605 200.02840668494824 77.99118029539939
    vertex 3738.3812965860593 204.02840668494736 79.21735174698476
    vertex 3738.3812965860593 200.02840668494738 79.21735174698199
  endloop
endfacet
facet normal 0.9759167619387591 -1.5071407056064e-13 0.2181432413964903
  outer loop
    vertex 3738.3812965860593 204.02840668494736 79.21735174698476
    vertex 3738.6553783780605 200.02840668494824 77.99118029539939
    vertex 3738.6553783780605 204.02840668494818 77.99118029540215
  endloop
endfacet
facet normal 0.9602936856769199 -1.9353861307728276e-13 0.27899110603930954
  outer loop
    vertex 3738.3812965860593 200.02840668494738 79.21735174698199
    vertex 3738.0307636893904 204.02840668494656 80.42389389118661
    vertex 3738.0307636893904 200.02840668494656 80.42389389118384
  endloop
endfacet
facet normal 0.9602936856769199 -1.9353861307728276e-13 0.27899110603930954
  outer loop
    vertex 3738.0307636893904 204.02840668494656 80.42389389118661
    vertex 3738.3812965860593 200.02840668494738 79.21735174698199
    vertex 3738.3812965860593 204.02840668494736 79.21735174698476
  endloop
endfacet
facet normal 0.9876883405951307 -1.0807946408446362e-13 0.15643446504027522
  outer loop
    vertex 3738.8519273897764 200.02840668494903 76.75021867497095
    vertex 3738.6553783780605 204.02840668494818 77.99118029540215
    vertex 3738.6553783780605 200.02840668494824 77.99118029539939
  endloop
endfacet
facet normal 0.9876883405951307 -1.0807946408446362e-13 0.15643446504027522
  outer loop
    vertex 3738.6553783780605 204.02840668494818 77.99118029540215
    vertex 3738.8519273897764 200.02840668494903 76.75021867497095
    vertex 3738.8519273897764 204.02840668494903 76.75021867497372
  endloop
endfacet
facet normal 0.8910065241884312 -3.136589538789709e-13 0.4539904997394226
  outer loop
    vertex 3737.1061744128074 200.028406684945 82.75913983498637
    vertex 3736.5357669643645 204.0284066849442 83.87862748572199
    vertex 3736.5357669643645 200.02840668494423 83.87862748571924
  endloop
endfacet
facet normal 0.8910065241884312 -3.136589538789709e-13 0.4539904997394226
  outer loop
    vertex 3736.5357669643645 204.0284066849442 83.87862748572199
    vertex 3737.1061744128074 200.028406684945 82.75913983498637
    vertex 3737.1061744128074 204.02840668494494 82.75913983498914
  endloop
endfacet
facet normal 0.3971478906348621 -6.340773031788808e-13 0.917754625683946
  outer loop
    vertex 3727.525219194788 200.02840668493843 92.34009505300538
    vertex 3726.372124417181 204.02840668493806 92.83908372145278
    vertex 3726.372124417181 200.02840668493812 92.83908372145002
  endloop
endfacet
facet normal 0.3971478906348621 -6.340773031788808e-13 0.917754625683946
  outer loop
    vertex 3726.372124417181 204.02840668493806 92.83908372145278
    vertex 3727.525219194788 200.02840668493843 92.34009505300538
    vertex 3727.525219194788 204.02840668493843 92.34009505300816
  endloop
endfacet
facet normal 0.7071067811864667 -4.865476507710146e-13 0.7071067811866284
  outer loop
    vertex 3733.589005911915 200.02840668494147 87.93449612225874
    vertex 3732.7005754820607 204.02840668494082 88.82292655211596
    vertex 3732.7005754820607 200.02840668494085 88.8229265521132
  endloop
endfacet
facet normal 0.7071067811864667 -4.865476507710146e-13 0.7071067811866284
  outer loop
    vertex 3732.7005754820607 204.02840668494082 88.82292655211596
    vertex 3733.589005911915 200.02840668494147 87.93449612225874
    vertex 3733.589005911915 204.02840668494142 87.93449612226149
  endloop
endfacet
facet normal 0.8270805742745425 -3.8835283275186714e-13 0.5620833778521589
  outer loop
    vertex 3735.896191873527 200.02840668494346 84.96008990326486
    vertex 3735.189973250986 204.02840668494278 85.99925904953716
    vertex 3735.189973250986 200.02840668494278 85.9992590495344
  endloop
endfacet
facet normal 0.8270805742745425 -3.8835283275186714e-13 0.5620833778521589
  outer loop
    vertex 3735.189973250986 204.02840668494278 85.99925904953716
    vertex 3735.896191873527 200.02840668494346 84.96008990326486
    vertex 3735.896191873527 204.0284066849435 84.96008990326764
  endloop
endfacet
facet normal -0.33873792024527855 -6.473891987982168e-13 0.9408807689542301
  outer loop
    vertex 3712.829293475988 200.0284066849378 93.26468432958808
    vertex 3711.647142309793 204.02840668493806 92.83908372145278
    vertex 3711.647142309793 200.02840668493812 92.83908372145002
  endloop
endfacet
facet normal -0.33873792024527855 -6.473891987982168e-13 0.9408807689542301
  outer loop
    vertex 3711.647142309793 204.02840668493806 92.83908372145278
    vertex 3712.829293475988 200.0284066849378 93.26468432958808
    vertex 3712.829293475988 204.0284066849378 93.26468432959082
  endloop
endfacet
facet normal 0.9408807689542604 -2.349842119144973e-13 0.33873792024519456
  outer loop
    vertex 3738.0307636893904 200.02840668494656 80.42389389118384
    vertex 3737.605163081252 204.02840668494574 81.60604505738124
    vertex 3737.605163081252 200.02840668494576 81.60604505737847
  endloop
endfacet
facet normal 0.9408807689542604 -2.349842119144973e-13 0.33873792024519456
  outer loop
    vertex 3737.605163081252 204.02840668494574 81.60604505738124
    vertex 3738.0307636893904 200.02840668494656 80.42389389118384
    vertex 3738.0307636893904 204.02840668494656 80.42389389118661
  endloop
endfacet
facet normal 0.2789911060392446 -6.634635761509803e-13 0.9602936856769387
  outer loop
    vertex 3725.189973250986 200.0284066849378 93.26468432958808
    vertex 3723.9834311067843 204.02840668493758 93.6152172262604
    vertex 3723.9834311067843 200.02840668493758 93.61521722625761
  endloop
endfacet
facet normal 0.2789911060392446 -6.634635761509803e-13 0.9602936856769387
  outer loop
    vertex 3723.9834311067843 204.02840668493758 93.6152172262604
    vertex 3725.189973250986 200.0284066849378 93.26468432958808
    vertex 3725.189973250986 204.0284066849378 93.26468432959082
  endloop
endfacet
facet normal 0.790155012375795 -4.2172030962266004e-13 0.6129070536528417
  outer loop
    vertex 3735.189973250986 200.02840668494278 85.9992590495344
    vertex 3734.419898219003 204.02840668494204 86.99203379866151
    vertex 3734.419898219003 200.0284066849421 86.99203379865875
  endloop
endfacet
facet normal 0.790155012375795 -4.2172030962266004e-13 0.6129070536528417
  outer loop
    vertex 3734.419898219003 204.02840668494204 86.99203379866151
    vertex 3735.189973250986 200.02840668494278 85.9992590495344
    vertex 3735.189973250986 204.02840668494278 85.99925904953716
  endloop
endfacet
facet normal 0.21814324139651672 -6.770054506806928e-13 0.9759167619387532
  outer loop
    vertex 3723.9834311067843 200.02840668493758 93.61521722625761
    vertex 3722.757259655201 204.02840668493735 93.88929901826154
    vertex 3722.757259655201 200.0284066849374 93.88929901825877
  endloop
endfacet
facet normal 0.21814324139651672 -6.770054506806928e-13 0.9759167619387532
  outer loop
    vertex 3722.757259655201 204.02840668493735 93.88929901826154
    vertex 3723.9834311067843 200.02840668493758 93.61521722625761
    vertex 3723.9834311067843 204.02840668493758 93.6152172262604
  endloop
endfacet
facet normal 0.6613118653236575 -5.16127563530857e-13 0.7501110696304546
  outer loop
    vertex 3732.7005754820607 200.02840668494085 88.8229265521132
    vertex 3731.7581131584607 204.02840668494025 89.65381885920351
    vertex 3731.7581131584607 200.02840668494028 89.65381885920075
  endloop
endfacet
facet normal 0.6613118653236575 -5.16127563530857e-13 0.7501110696304546
  outer loop
    vertex 3731.7581131584607 204.02840668494025 89.65381885920351
    vertex 3732.7005754820607 200.02840668494085 88.8229265521132
    vertex 3732.7005754820607 204.02840668494082 88.82292655211596
  endloop
endfacet
facet normal 0.45399049973953265 -6.181008508397646e-13 0.8910065241883751
  outer loop
    vertex 3728.6447068455213 200.02840668493886 91.76968760456225
    vertex 3727.525219194788 204.02840668493843 92.34009505300816
    vertex 3727.525219194788 200.02840668493843 92.34009505300538
  endloop
endfacet
facet normal 0.45399049973953265 -6.181008508397646e-13 0.8910065241883751
  outer loop
    vertex 3727.525219194788 204.02840668493843 92.34009505300816
    vertex 3728.6447068455213 200.02840668493886 91.76968760456225
    vertex 3728.6447068455213 204.0284066849388 91.76968760456502
  endloop
endfacet
facet normal -0.2789911060392446 -6.634551797766423e-13 0.9602936856769387
  outer loop
    vertex 3714.035835620189 200.02840668493758 93.61521722625761
    vertex 3712.829293475988 204.0284066849378 93.26468432959082
    vertex 3712.829293475988 200.0284066849378 93.26468432958808
  endloop
endfacet
facet normal -0.2789911060392446 -6.634551797766423e-13 0.9602936856769387
  outer loop
    vertex 3712.829293475988 204.0284066849378 93.26468432959082
    vertex 3714.035835620189 200.02840668493758 93.61521722625761
    vertex 3714.035835620189 204.02840668493758 93.6152172262604
  endloop
endfacet
facet normal 0.5620833778520886 -5.690827341711851e-13 0.8270805742745904
  outer loop
    vertex 3730.7653384093364 200.02840668493974 90.42389389118394
    vertex 3729.726169263067 204.02840668493926 91.13011251372804
    vertex 3729.726169263067 200.02840668493926 91.1301125137253
  endloop
endfacet
facet normal 0.5620833778520886 -5.690827341711851e-13 0.8270805742745904
  outer loop
    vertex 3729.726169263067 204.02840668493926 91.13011251372804
    vertex 3730.7653384093364 200.02840668493974 90.42389389118394
    vertex 3730.7653384093364 204.02840668493974 90.42389389118668
  endloop
endfacet
facet normal 0.09410831331851705 -6.850179675984871e-13 0.9955619646030798
  outer loop
    vertex 3721.5162980347727 200.02840668493727 94.08584802997457
    vertex 3720.2654437540727 204.02840668493718 94.20408857225318
    vertex 3720.2654437540727 200.02840668493718 94.20408857225044
  endloop
endfacet
facet normal 0.09410831331851705 -6.850179675984871e-13 0.9955619646030798
  outer loop
    vertex 3720.2654437540727 204.02840668493718 94.20408857225318
    vertex 3721.5162980347727 200.02840668493727 94.08584802997457
    vertex 3721.5162980347727 204.02840668493727 94.08584802997733
  endloop
endfacet
facet normal -0.5620833778520885 -5.690827341711852e-13 0.8270805742745905
  outer loop
    vertex 3708.293097463907 200.02840668493926 91.1301125137253
    vertex 3707.2539283176375 204.02840668493974 90.42389389118668
    vertex 3707.2539283176375 200.02840668493974 90.42389389118394
  endloop
endfacet
facet normal -0.5620833778520885 -5.690827341711852e-13 0.8270805742745905
  outer loop
    vertex 3707.2539283176375 204.02840668493974 90.42389389118668
    vertex 3708.293097463907 200.02840668493926 91.1301125137253
    vertex 3708.293097463907 204.02840668493926 91.13011251372804
  endloop
endfacet
facet normal -0.9177546256839402 -2.732653848059743e-13 0.3971478906348752
  outer loop
    vertex 3700.9130923141665 204.02840668494494 82.75913983498914
    vertex 3700.4141036457218 200.02840668494576 81.6060450573785
    vertex 3700.9130923141665 200.028406684945 82.75913983498639
  endloop
endfacet
facet normal -0.9177546256839402 -2.732653848059743e-13 0.3971478906348752
  outer loop
    vertex 3700.4141036457218 200.02840668494576 81.6060450573785
    vertex 3700.9130923141665 204.02840668494494 82.75913983498914
    vertex 3700.4141036457218 204.02840668494574 81.60604505738124
  endloop
endfacet
facet normal -0.9759167619387595 -1.5010013104855599e-13 0.21814324139648844
  outer loop
    vertex 3699.637970140914 204.02840668494736 79.21735174698476
    vertex 3699.3638883489134 200.02840668494824 77.99118029539939
    vertex 3699.637970140914 200.02840668494738 79.217351746982
  endloop
endfacet
facet normal -0.9759167619387595 -1.5010013104855599e-13 0.21814324139648844
  outer loop
    vertex 3699.3638883489134 200.02840668494824 77.99118029539939
    vertex 3699.637970140914 204.02840668494736 79.21735174698476
    vertex 3699.3638883489134 204.02840668494818 77.99118029540215
  endloop
endfacet
facet normal -0.9408807689542594 -2.340305215213301e-13 0.33873792024519744
  outer loop
    vertex 3700.4141036457218 204.02840668494574 81.60604505738124
    vertex 3699.988503037583 200.02840668494656 80.42389389118387
    vertex 3700.4141036457218 200.02840668494576 81.6060450573785
  endloop
endfacet
facet normal -0.9408807689542594 -2.340305215213301e-13 0.33873792024519744
  outer loop
    vertex 3699.988503037583 200.02840668494656 80.42389389118387
    vertex 3700.4141036457218 204.02840668494574 81.60604505738124
    vertex 3699.988503037583 204.02840668494656 80.42389389118664
  endloop
endfacet
facet normal -0.5090414157503779 -5.922530193323929e-13 0.8607420270039399
  outer loop
    vertex 3709.374559881452 200.02840668493886 91.76968760456226
    vertex 3708.293097463907 204.02840668493926 91.13011251372804
    vertex 3708.293097463907 200.02840668493926 91.1301125137253
  endloop
endfacet
facet normal -0.5090414157503779 -5.922530193323929e-13 0.8607420270039399
  outer loop
    vertex 3708.293097463907 204.02840668493926 91.13011251372804
    vertex 3709.374559881452 200.02840668493886 91.76968760456226
    vertex 3709.374559881452 204.0284066849388 91.76968760456502
  endloop
endfacet
facet normal -0.8910065241884312 -3.136629233668875e-13 0.4539904997394226
  outer loop
    vertex 3701.4834997626094 204.0284066849442 83.878627485722
    vertex 3700.9130923141665 200.028406684945 82.75913983498639
    vertex 3701.4834997626094 200.02840668494423 83.87862748571924
  endloop
endfacet
facet normal -0.8910065241884312 -3.136629233668875e-13 0.4539904997394226
  outer loop
    vertex 3700.9130923141665 200.028406684945 82.75913983498639
    vertex 3701.4834997626094 204.0284066849442 83.878627485722
    vertex 3700.9130923141665 204.02840668494494 82.75913983498914
  endloop
endfacet
facet normal -0.8607420270038689 -3.531205195807172e-13 0.5090414157504976
  outer loop
    vertex 3702.1230748534463 204.0284066849435 84.96008990326764
    vertex 3701.4834997626094 200.02840668494423 83.87862748571924
    vertex 3702.1230748534463 200.02840668494346 84.96008990326486
  endloop
endfacet
facet normal -0.8607420270038689 -3.531205195807172e-13 0.5090414157504976
  outer loop
    vertex 3701.4834997626094 200.02840668494423 83.87862748571924
    vertex 3702.1230748534463 204.0284066849435 84.96008990326764
    vertex 3701.4834997626094 204.0284066849442 83.878627485722
  endloop
endfacet
facet normal -0.7901550123757917 -4.23458169728959e-13 0.6129070536528461
  outer loop
    vertex 3703.5993685079707 204.02840668494204 86.99203379866151
    vertex 3702.829293475988 200.02840668494278 85.9992590495344
    vertex 3703.5993685079707 200.0284066849421 86.99203379865875
  endloop
endfacet
facet normal -0.7901550123757917 -4.23458169728959e-13 0.6129070536528461
  outer loop
    vertex 3702.829293475988 200.02840668494278 85.9992590495344
    vertex 3703.5993685079707 204.02840668494204 86.99203379866151
    vertex 3702.829293475988 204.02840668494278 85.99925904953719
  endloop
endfacet
facet normal -0.7071067811864666 -4.865476507710146e-13 0.7071067811866284
  outer loop
    vertex 3705.318691244913 200.02840668494085 88.8229265521132
    vertex 3704.4302608150583 204.02840668494142 87.93449612226149
    vertex 3704.4302608150583 200.02840668494147 87.93449612225874
  endloop
endfacet
facet normal -0.7071067811864666 -4.865476507710146e-13 0.7071067811866284
  outer loop
    vertex 3704.4302608150583 204.02840668494142 87.93449612226149
    vertex 3705.318691244913 200.02840668494085 88.8229265521132
    vertex 3705.318691244913 204.02840668494082 88.82292655211596
  endloop
endfacet
facet normal -0.45399049973952543 -6.155883956632782e-13 0.8910065241883787
  outer loop
    vertex 3710.494047532186 200.02840668493843 92.34009505300538
    vertex 3709.374559881452 204.0284066849388 91.76968760456502
    vertex 3709.374559881452 200.02840668493886 91.76968760456226
  endloop
endfacet
facet normal -0.45399049973952543 -6.155883956632782e-13 0.8910065241883787
  outer loop
    vertex 3709.374559881452 204.0284066849388 91.76968760456502
    vertex 3710.494047532186 200.02840668493843 92.34009505300538
    vertex 3710.494047532186 204.02840668493843 92.34009505300816
  endloop
endfacet
facet normal 0.8607420270038713 -3.5168735287893247e-13 0.5090414157504936
  outer loop
    vertex 3736.5357669643645 200.02840668494423 83.87862748571924
    vertex 3735.896191873527 204.0284066849435 84.96008990326764
    vertex 3735.896191873527 200.02840668494346 84.96008990326486
  endloop
endfacet
facet normal 0.8607420270038713 -3.5168735287893247e-13 0.5090414157504936
  outer loop
    vertex 3735.896191873527 204.0284066849435 84.96008990326764
    vertex 3736.5357669643645 200.02840668494423 83.87862748571924
    vertex 3736.5357669643645 204.0284066849442 83.87862748572199
  endloop
endfacet
facet normal -0.6613118653236626 -5.182510076068643e-13 0.75011106963045
  outer loop
    vertex 3706.2611535685132 200.02840668494028 89.65381885920075
    vertex 3705.318691244913 204.02840668494082 88.82292655211596
    vertex 3705.318691244913 200.02840668494085 88.8229265521132
  endloop
endfacet
facet normal -0.6613118653236626 -5.182510076068643e-13 0.75011106963045
  outer loop
    vertex 3705.318691244913 204.02840668494082 88.82292655211596
    vertex 3706.2611535685132 200.02840668494028 89.65381885920075
    vertex 3706.2611535685132 204.02840668494025 89.65381885920353
  endloop
endfacet
facet normal -0.6129070536530141 -5.459097380648542e-13 0.7901550123756612
  outer loop
    vertex 3707.2539283176375 200.02840668493974 90.42389389118394
    vertex 3706.2611535685132 204.02840668494025 89.65381885920353
    vertex 3706.2611535685132 200.02840668494028 89.65381885920075
  endloop
endfacet
facet normal -0.6129070536530141 -5.459097380648542e-13 0.7901550123756612
  outer loop
    vertex 3706.2611535685132 204.02840668494025 89.65381885920353
    vertex 3707.2539283176375 200.02840668493974 90.42389389118394
    vertex 3707.2539283176375 204.02840668493974 90.42389389118668
  endloop
endfacet
facet normal -0.8270805742745454 -3.899353349920317e-13 0.5620833778521549
  outer loop
    vertex 3702.829293475988 204.02840668494278 85.99925904953719
    vertex 3702.1230748534463 200.02840668494346 84.96008990326486
    vertex 3702.829293475988 200.02840668494278 85.9992590495344
  endloop
endfacet
facet normal -0.8270805742745454 -3.899353349920317e-13 0.5620833778521549
  outer loop
    vertex 3702.1230748534463 200.02840668494346 84.96008990326486
    vertex 3702.829293475988 204.02840668494278 85.99925904953719
    vertex 3702.1230748534463 204.0284066849435 84.96008990326764
  endloop
endfacet
facet normal -0.9995065603657366 -2.1523857782236458e-14 0.0314107590779707
  outer loop
    vertex 3699.0490987949215 204.02840668494989 75.4993643942739
    vertex 3699.009633363487 200.02840668495077 74.24355400368486
    vertex 3699.0490987949215 200.0284066849499 75.49936439427114
  endloop
endfacet
facet normal -0.9995065603657366 -2.1523857782236458e-14 0.0314107590779707
  outer loop
    vertex 3699.009633363487 200.02840668495077 74.24355400368486
    vertex 3699.0490987949215 204.02840668494989 75.4993643942739
    vertex 3699.009633363487 204.0284066849507 74.24355400368759
  endloop
endfacet
facet normal -0.9955619646030957 -6.47529546115418e-14 0.09410831331834843
  outer loop
    vertex 3699.1673393371975 204.02840668494903 76.75021867497372
    vertex 3699.0490987949215 200.0284066849499 75.49936439427114
    vertex 3699.1673393371975 200.02840668494903 76.75021867497098
  endloop
endfacet
facet normal -0.9955619646030957 -6.47529546115418e-14 0.09410831331834843
  outer loop
    vertex 3699.0490987949215 200.0284066849499 75.49936439427114
    vertex 3699.1673393371975 204.02840668494903 76.75021867497372
    vertex 3699.0490987949215 204.02840668494989 75.4993643942739
  endloop
endfacet
facet normal -0.7501110696304268 -4.55030091511307e-13 0.661311865323689
  outer loop
    vertex 3704.4302608150583 204.02840668494142 87.93449612226149
    vertex 3703.5993685079707 200.0284066849421 86.99203379865875
    vertex 3704.4302608150583 200.02840668494147 87.93449612225874
  endloop
endfacet
facet normal -0.7501110696304268 -4.55030091511307e-13 0.661311865323689
  outer loop
    vertex 3703.5993685079707 200.0284066849421 86.99203379865875
    vertex 3704.4302608150583 204.02840668494142 87.93449612226149
    vertex 3703.5993685079707 204.02840668494204 86.99203379866151
  endloop
endfacet
facet normal -0.9602936856769204 -1.9275069584233782e-13 0.27899110603930716
  outer loop
    vertex 3699.988503037583 204.02840668494656 80.42389389118664
    vertex 3699.637970140914 200.02840668494738 79.217351746982
    vertex 3699.988503037583 200.02840668494656 80.42389389118387
  endloop
endfacet
facet normal -0.9602936856769204 -1.9275069584233782e-13 0.27899110603930716
  outer loop
    vertex 3699.637970140914 200.02840668494738 79.217351746982
    vertex 3699.988503037583 204.02840668494656 80.42389389118664
    vertex 3699.637970140914 204.02840668494736 79.21735174698476
  endloop
endfacet
facet normal -0.9876883405951304 -1.0763766716522146e-13 0.1564344650402766
  outer loop
    vertex 3699.3638883489134 204.02840668494818 77.99118029540215
    vertex 3699.1673393371975 200.02840668494903 76.75021867497098
    vertex 3699.3638883489134 200.02840668494824 77.99118029539939
  endloop
endfacet
facet normal -0.9876883405951304 -1.0763766716522146e-13 0.1564344650402766
  outer loop
    vertex 3699.1673393371975 200.02840668494903 76.75021867497098
    vertex 3699.3638883489134 204.02840668494818 77.99118029540215
    vertex 3699.1673393371975 204.02840668494903 76.75021867497372
  endloop
endfacet
facet normal 0.9955619646030957 -6.501899737591393e-14 0.09410831331834928
  outer loop
    vertex 3738.9701679320524 200.0284066849499 75.49936439427114
    vertex 3738.8519273897764 204.02840668494903 76.75021867497372
    vertex 3738.8519273897764 200.02840668494903 76.75021867497095
  endloop
endfacet
facet normal 0.9955619646030957 -6.501899737591393e-14 0.09410831331834928
  outer loop
    vertex 3738.8519273897764 204.02840668494903 76.75021867497372
    vertex 3738.9701679320524 200.0284066849499 75.49936439427114
    vertex 3738.9701679320524 204.02840668494989 75.4993643942739
  endloop
endfacet
facet normal 0.7501110696304268 -4.550358737236222e-13 0.661311865323689
  outer loop
    vertex 3734.419898219003 200.0284066849421 86.99203379865875
    vertex 3733.589005911915 204.02840668494142 87.93449612226149
    vertex 3733.589005911915 200.02840668494147 87.93449612225874
  endloop
endfacet
facet normal 0.7501110696304268 -4.550358737236222e-13 0.661311865323689
  outer loop
    vertex 3733.589005911915 204.02840668494142 87.93449612226149
    vertex 3734.419898219003 200.0284066849421 86.99203379865875
    vertex 3734.419898219003 204.02840668494204 86.99203379866151
  endloop
endfacet
facet normal -0.860742027003869 -3.4634213163607235e-13 0.5090414157504977
  outer loop
    vertex 3702.1231808974476 73.59211973773301 84.96008990740151
    vertex 3701.4836058066107 69.59211973773375 83.87862748985313
    vertex 3702.1231808974476 69.59211973773301 84.96008990739875
  endloop
endfacet
facet normal -0.860742027003869 -3.4634213163607235e-13 0.5090414157504977
  outer loop
    vertex 3701.4836058066107 69.59211973773375 83.87862748985313
    vertex 3702.1231808974476 73.59211973773301 84.96008990740151
    vertex 3701.4836058066107 73.59211973773374 83.87862748985589
  endloop
endfacet
facet normal 0.1564344650402273 -6.720044277133672e-13 0.9876883405951383
  outer loop
    vertex 3722.757365699202 69.59211973772695 93.88929902239266
    vertex 3721.516404078774 73.59211973772679 94.0858480341112
    vertex 3721.516404078774 69.5921197377268 94.08584803410847
  endloop
endfacet
facet normal 0.1564344650402273 -6.720044277133672e-13 0.9876883405951383
  outer loop
    vertex 3721.516404078774 73.59211973772679 94.0858480341112
    vertex 3722.757365699202 69.59211973772695 93.88929902239266
    vertex 3722.757365699202 73.59211973772692 93.88929902239542
  endloop
endfacet
facet normal 0.21814324139651678 -6.639952686971735e-13 0.9759167619387533
  outer loop
    vertex 3723.9835371507857 69.59211973772713 93.61521723039151
    vertex 3722.757365699202 73.59211973772692 93.88929902239542
    vertex 3722.757365699202 69.59211973772695 93.88929902239266
  endloop
endfacet
facet normal 0.21814324139651678 -6.639952686971735e-13 0.9759167619387533
  outer loop
    vertex 3722.757365699202 73.59211973772692 93.88929902239542
    vertex 3723.9835371507857 69.59211973772713 93.61521723039151
    vertex 3723.9835371507857 73.59211973772713 93.61521723039426
  endloop
endfacet
facet normal -0.21814324139651678 -6.639952686971735e-13 0.9759167619387533
  outer loop
    vertex 3715.262113115774 69.59211973772695 93.88929902239266
    vertex 3714.0359416641904 73.59211973772713 93.61521723039426
    vertex 3714.0359416641904 69.59211973772713 93.61521723039151
  endloop
endfacet
facet normal -0.21814324139651678 -6.639952686971735e-13 0.9759167619387533
  outer loop
    vertex 3714.0359416641904 73.59211973772713 93.61521723039426
    vertex 3715.262113115774 69.59211973772695 93.88929902239266
    vertex 3715.262113115774 73.59211973772692 93.88929902239542
  endloop
endfacet
facet normal 0.5620833778520886 -5.627299474380119e-13 0.8270805742745905
  outer loop
    vertex 3730.7654444533378 69.5921197377293 90.42389389531782
    vertex 3729.726275307068 73.5921197377288 91.13011251786192
    vertex 3729.726275307068 69.59211973772881 91.13011251785917
  endloop
endfacet
facet normal 0.5620833778520886 -5.627299474380119e-13 0.8270805742745905
  outer loop
    vertex 3729.726275307068 73.5921197377288 91.13011251786192
    vertex 3730.7654444533378 69.5921197377293 90.42389389531782
    vertex 3730.7654444533378 73.59211973772929 90.42389389532055
  endloop
endfacet
facet normal 0.03141075907813129 -6.800453204596994e-13 0.9995065603657316
  outer loop
    vertex 3720.265549798074 69.59211973772673 94.20408857638432
    vertex 3719.0097394074883 73.59211973772669 94.24355400782163
    vertex 3719.0097394074883 69.5921197377267 94.2435540078189
  endloop
endfacet
facet normal 0.03141075907813129 -6.800453204596994e-13 0.9995065603657316
  outer loop
    vertex 3719.0097394074883 73.59211973772669 94.24355400782163
    vertex 3720.265549798074 69.59211973772673 94.20408857638432
    vertex 3720.265549798074 73.59211973772672 94.20408857638705
  endloop
endfacet
facet normal 0.6613118653236575 -5.103613552476886e-13 0.7501110696304546
  outer loop
    vertex 3732.700681526062 69.5921197377304 88.8229265562471
    vertex 3731.758219202462 73.59211973772982 89.65381886333738
    vertex 3731.758219202462 69.59211973772982 89.65381886333465
  endloop
endfacet
facet normal 0.6613118653236575 -5.103613552476886e-13 0.7501110696304546
  outer loop
    vertex 3731.758219202462 73.59211973772982 89.65381886333738
    vertex 3732.700681526062 69.5921197377304 88.8229265562471
    vertex 3732.700681526062 73.59211973773037 88.82292655624983
  endloop
endfacet
facet normal -0.5090414157503779 -5.85632561904187e-13 0.8607420270039398
  outer loop
    vertex 3709.3746659254534 69.59211973772838 91.76968760869616
    vertex 3708.2932035079084 73.5921197377288 91.13011251786192
    vertex 3708.2932035079084 69.59211973772881 91.13011251785917
  endloop
endfacet
facet normal -0.5090414157503779 -5.85632561904187e-13 0.8607420270039398
  outer loop
    vertex 3708.2932035079084 73.5921197377288 91.13011251786192
    vertex 3709.3746659254534 69.59211973772838 91.76968760869616
    vertex 3709.3746659254534 73.59211973772837 91.76968760869889
  endloop
endfacet
facet normal 0.9995065603657275 -2.1495143086341565e-14 0.031410759078257695
  outer loop
    vertex 3739.0097394074887 69.5921197377403 74.24355400781876
    vertex 3738.9702739760537 73.59211973773944 75.49936439840776
    vertex 3738.9702739760537 69.59211973773945 75.49936439840504
  endloop
endfacet
facet normal 0.9995065603657275 -2.1495143086341565e-14 0.031410759078257695
  outer loop
    vertex 3738.9702739760537 73.59211973773944 75.49936439840776
    vertex 3739.0097394074887 69.5921197377403 74.24355400781876
    vertex 3739.0097394074887 73.59211973774026 74.24355400782146
  endloop
endfacet
facet normal -0.33873792024527855 -6.401574430924416e-13 0.9408807689542301
  outer loop
    vertex 3712.829399519989 69.59211973772737 93.26468433372196
    vertex 3711.647248353794 73.59211973772764 92.83908372558665
    vertex 3711.647248353794 69.59211973772766 92.83908372558392
  endloop
endfacet
facet normal -0.33873792024527855 -6.401574430924416e-13 0.9408807689542301
  outer loop
    vertex 3711.647248353794 73.59211973772764 92.83908372558665
    vertex 3712.829399519989 69.59211973772737 93.26468433372196
    vertex 3712.829399519989 73.59211973772734 93.26468433372469
  endloop
endfacet
facet normal 0.6129070536530198 -5.376064949560928e-13 0.7901550123756568
  outer loop
    vertex 3731.758219202462 69.59211973772982 89.65381886333465
    vertex 3730.7654444533378 73.59211973772929 90.42389389532055
    vertex 3730.7654444533378 69.5921197377293 90.42389389531782
  endloop
endfacet
facet normal 0.6129070536530198 -5.376064949560928e-13 0.7901550123756568
  outer loop
    vertex 3730.7654444533378 73.59211973772929 90.42389389532055
    vertex 3731.758219202462 69.59211973772982 89.65381886333465
    vertex 3731.758219202462 73.59211973772982 89.65381886333738
  endloop
endfacet
facet normal 0.790155012375795 -4.1701034314456453e-13 0.6129070536528418
  outer loop
    vertex 3735.190079294987 69.5921197377323 85.9992590536683
    vertex 3734.420004263004 73.59211973773162 86.99203380279538
    vertex 3734.420004263004 69.59211973773164 86.99203380279265
  endloop
endfacet
facet normal 0.790155012375795 -4.1701034314456453e-13 0.6129070536528418
  outer loop
    vertex 3734.420004263004 73.59211973773162 86.99203380279538
    vertex 3735.190079294987 69.5921197377323 85.9992590536683
    vertex 3735.190079294987 73.59211973773229 85.99925905367103
  endloop
endfacet
facet normal -0.6613118653236626 -5.103613552476855e-13 0.7501110696304503
  outer loop
    vertex 3706.261259612514 69.59211973772982 89.65381886333465
    vertex 3705.3187972889145 73.59211973773037 88.82292655624983
    vertex 3705.3187972889145 69.5921197377304 88.8229265562471
  endloop
endfacet
facet normal -0.6613118653236626 -5.103613552476855e-13 0.7501110696304503
  outer loop
    vertex 3705.3187972889145 73.59211973773037 88.82292655624983
    vertex 3706.261259612514 69.59211973772982 89.65381886333465
    vertex 3706.261259612514 73.59211973772982 89.65381886333739
  endloop
endfacet
facet normal -0.7901550123757917 -4.1701034314456726e-13 0.6129070536528461
  outer loop
    vertex 3703.599474551972 73.59211973773162 86.99203380279538
    vertex 3702.8293995199892 69.5921197377323 85.9992590536683
    vertex 3703.599474551972 69.59211973773164 86.99203380279265
  endloop
endfacet
facet normal -0.7901550123757917 -4.1701034314456726e-13 0.6129070536528461
  outer loop
    vertex 3702.8293995199892 69.5921197377323 85.9992590536683
    vertex 3703.599474551972 73.59211973773162 86.99203380279538
    vertex 3702.8293995199892 73.59211973773229 85.99925905367105
  endloop
endfacet
facet normal 0.9602936856769199 -1.8982026095204926e-13 0.27899110603930954
  outer loop
    vertex 3738.3814026300606 69.59211973773692 79.21735175111587
    vertex 3738.0308697333917 73.59211973773608 80.42389389532048
    vertex 3738.0308697333917 69.5921197377361 80.42389389531773
  endloop
endfacet
facet normal 0.9602936856769199 -1.8982026095204926e-13 0.27899110603930954
  outer loop
    vertex 3738.0308697333917 73.59211973773608 80.42389389532048
    vertex 3738.3814026300606 69.59211973773692 79.21735175111587
    vertex 3738.3814026300606 73.59211973773692 79.21735175111863
  endloop
endfacet
facet normal 0.397147890634862 -6.244228535110759e-13 0.917754625683946
  outer loop
    vertex 3727.5253252387893 69.59211973772798 92.34009505713927
    vertex 3726.372230461182 73.59211973772764 92.83908372558665
    vertex 3726.372230461182 69.59211973772766 92.83908372558392
  endloop
endfacet
facet normal 0.397147890634862 -6.244228535110759e-13 0.917754625683946
  outer loop
    vertex 3726.372230461182 73.59211973772764 92.83908372558665
    vertex 3727.5253252387893 69.59211973772798 92.34009505713927
    vertex 3727.5253252387893 73.59211973772798 92.34009505714202
  endloop
endfacet
facet normal 0.9955619646030957 -6.402951278787121e-14 0.09410831331834929
  outer loop
    vertex 3738.9702739760537 69.59211973773945 75.49936439840504
    vertex 3738.8520334337773 73.59211973773859 76.75021867910759
    vertex 3738.8520334337773 69.5921197377386 76.75021867910485
  endloop
endfacet
facet normal 0.9955619646030957 -6.402951278787121e-14 0.09410831331834929
  outer loop
    vertex 3738.8520334337773 73.59211973773859 76.75021867910759
    vertex 3738.9702739760537 69.59211973773945 75.49936439840504
    vertex 3738.9702739760537 73.59211973773944 75.49936439840776
  endloop
endfacet
facet normal -0.09410831331851702 -6.773614922629991e-13 0.9955619646030798
  outer loop
    vertex 3717.753929016902 69.59211973772673 94.20408857638432
    vertex 3716.503074736202 73.59211973772679 94.0858480341112
    vertex 3716.503074736202 69.5921197377268 94.08584803410847
  endloop
endfacet
facet normal -0.09410831331851702 -6.773614922629991e-13 0.9955619646030798
  outer loop
    vertex 3716.503074736202 73.59211973772679 94.0858480341112
    vertex 3717.753929016902 69.59211973772673 94.20408857638432
    vertex 3717.753929016902 73.59211973772672 94.20408857638705
  endloop
endfacet
facet normal 0.9408807689542604 -2.3047086098234826e-13 0.3387379202451946
  outer loop
    vertex 3738.0308697333917 69.5921197377361 80.42389389531773
    vertex 3737.6052691252535 73.59211973773529 81.6060450615151
    vertex 3737.6052691252535 69.5921197377353 81.60604506151236
  endloop
endfacet
facet normal 0.9408807689542604 -2.3047086098234826e-13 0.3387379202451946
  outer loop
    vertex 3737.6052691252535 73.59211973773529 81.6060450615151
    vertex 3738.0308697333917 69.5921197377361 80.42389389531773
    vertex 3738.0308697333917 73.59211973773608 80.42389389532048
  endloop
endfacet
facet normal 0.5090414157503713 -5.8563256190419e-13 0.8607420270039438
  outer loop
    vertex 3729.726275307068 69.59211973772881 91.13011251785917
    vertex 3728.6448128895227 73.59211973772837 91.76968760869889
    vertex 3728.6448128895227 69.59211973772838 91.76968760869615
  endloop
endfacet
facet normal 0.5090414157503713 -5.8563256190419e-13 0.8607420270039438
  outer loop
    vertex 3728.6448128895227 73.59211973772837 91.76968760869889
    vertex 3729.726275307068 69.59211973772881 91.13011251785917
    vertex 3729.726275307068 73.5921197377288 91.13011251786192
  endloop
endfacet
facet normal 0.8607420270038714 -3.4634213163606993e-13 0.5090414157504937
  outer loop
    vertex 3736.535873008366 69.59211973773375 83.87862748985313
    vertex 3735.8962979175285 73.59211973773301 84.96008990740151
    vertex 3735.8962979175285 69.59211973773301 84.96008990739875
  endloop
endfacet
facet normal 0.8607420270038714 -3.4634213163606993e-13 0.5090414157504937
  outer loop
    vertex 3735.8962979175285 73.59211973773301 84.96008990740151
    vertex 3736.535873008366 69.59211973773375 83.87862748985313
    vertex 3736.535873008366 73.59211973773374 83.87862748985586
  endloop
endfacet
facet normal 0.7071067811864667 -4.811020524320852e-13 0.7071067811866283
  outer loop
    vertex 3733.5891119559165 69.592119737731 87.93449612639263
    vertex 3732.700681526062 73.59211973773037 88.82292655624983
    vertex 3732.700681526062 69.5921197377304 88.8229265562471
  endloop
endfacet
facet normal 0.7071067811864667 -4.811020524320852e-13 0.7071067811866283
  outer loop
    vertex 3732.700681526062 73.59211973773037 88.82292655624983
    vertex 3733.5891119559165 69.592119737731 87.93449612639263
    vertex 3733.5891119559165 73.59211973773098 87.93449612639536
  endloop
endfacet
facet normal -0.8910065241884313 -3.0888653173820597e-13 0.4539904997394227
  outer loop
    vertex 3701.4836058066107 73.59211973773374 83.87862748985589
    vertex 3700.9131983581674 69.5921197377345 82.75913983912028
    vertex 3701.4836058066107 69.59211973773375 83.87862748985313
  endloop
endfacet
facet normal -0.8910065241884313 -3.0888653173820597e-13 0.4539904997394227
  outer loop
    vertex 3700.9131983581674 69.5921197377345 82.75913983912028
    vertex 3701.4836058066107 73.59211973773374 83.87862748985589
    vertex 3700.9131983581674 73.5921197377345 82.75913983912301
  endloop
endfacet
facet normal -0.45399049973952565 -6.062239521986267e-13 0.8910065241883789
  outer loop
    vertex 3710.4941535761873 69.59211973772798 92.34009505713927
    vertex 3709.3746659254534 73.59211973772837 91.76968760869889
    vertex 3709.3746659254534 69.59211973772838 91.76968760869616
  endloop
endfacet
facet normal -0.45399049973952565 -6.062239521986267e-13 0.8910065241883789
  outer loop
    vertex 3709.3746659254534 73.59211973772837 91.76968760869889
    vertex 3710.4941535761873 69.59211973772798 92.34009505713927
    vertex 3710.4941535761873 73.59211973772798 92.34009505714202
  endloop
endfacet
facet normal -0.6129070536530142 -5.376064949560957e-13 0.7901550123756613
  outer loop
    vertex 3707.2540343616383 69.5921197377293 90.42389389531782
    vertex 3706.261259612514 73.59211973772982 89.65381886333739
    vertex 3706.261259612514 69.59211973772982 89.65381886333465
  endloop
endfacet
facet normal -0.6129070536530142 -5.376064949560957e-13 0.7901550123756613
  outer loop
    vertex 3706.261259612514 73.59211973772982 89.65381886333739
    vertex 3707.2540343616383 69.5921197377293 90.42389389531782
    vertex 3707.2540343616383 73.59211973772929 90.42389389532055
  endloop
endfacet
facet normal -0.7501110696304267 -4.4994405961006477e-13 0.661311865323689
  outer loop
    vertex 3704.4303668590596 73.59211973773098 87.93449612639536
    vertex 3703.599474551972 69.59211973773164 86.99203380279265
    vertex 3704.4303668590596 69.592119737731 87.93449612639263
  endloop
endfacet
facet normal -0.7501110696304267 -4.4994405961006477e-13 0.661311865323689
  outer loop
    vertex 3703.599474551972 69.59211973773164 86.99203380279265
    vertex 3704.4303668590596 73.59211973773098 87.93449612639536
    vertex 3703.599474551972 73.59211973773162 86.99203380279538
  endloop
endfacet
facet normal -0.5620833778520886 -5.627299474380118e-13 0.8270805742745905
  outer loop
    vertex 3708.2932035079084 69.59211973772881 91.13011251785917
    vertex 3707.2540343616383 73.59211973772929 90.42389389532055
    vertex 3707.2540343616383 69.5921197377293 90.42389389531782
  endloop
endfacet
facet normal -0.5620833778520886 -5.627299474380118e-13 0.8270805742745905
  outer loop
    vertex 3707.2540343616383 73.59211973772929 90.42389389532055
    vertex 3708.2932035079084 69.59211973772881 91.13011251785917
    vertex 3708.2932035079084 73.5921197377288 91.13011251786192
  endloop
endfacet
facet normal -0.1564344650402273 -6.720044277133672e-13 0.9876883405951383
  outer loop
    vertex 3716.503074736202 69.5921197377268 94.08584803410847
    vertex 3715.262113115774 73.59211973772692 93.88929902239542
    vertex 3715.262113115774 69.59211973772695 93.88929902239266
  endloop
endfacet
facet normal -0.1564344650402273 -6.720044277133672e-13 0.9876883405951383
  outer loop
    vertex 3715.262113115774 73.59211973772692 93.88929902239542
    vertex 3716.503074736202 69.5921197377268 94.08584803410847
    vertex 3716.503074736202 73.59211973772679 94.0858480341112
  endloop
endfacet
facet normal 0.2789911060392446 -6.533656237060046e-13 0.9602936856769386
  outer loop
    vertex 3725.1900792949873 69.59211973772737 93.26468433372196
    vertex 3723.9835371507857 73.59211973772713 93.61521723039426
    vertex 3723.9835371507857 69.59211973772713 93.61521723039151
  endloop
endfacet
facet normal 0.2789911060392446 -6.533656237060046e-13 0.9602936856769386
  outer loop
    vertex 3723.9835371507857 73.59211973772713 93.61521723039426
    vertex 3725.1900792949873 69.59211973772737 93.26468433372196
    vertex 3725.1900792949873 73.59211973772734 93.26468433372469
  endloop
endfacet
facet normal -0.2789911060392446 -6.533656237060046e-13 0.9602936856769386
  outer loop
    vertex 3714.0359416641904 69.59211973772713 93.61521723039151
    vertex 3712.829399519989 73.59211973772734 93.26468433372469
    vertex 3712.829399519989 69.59211973772737 93.26468433372196
  endloop
endfacet
facet normal -0.2789911060392446 -6.533656237060046e-13 0.9602936856769386
  outer loop
    vertex 3712.829399519989 73.59211973772734 93.26468433372469
    vertex 3714.0359416641904 69.59211973772713 93.61521723039151
    vertex 3714.0359416641904 73.59211973772713 93.61521723039426
  endloop
endfacet
facet normal 0.7501110696304267 -4.49944059610065e-13 0.661311865323689
  outer loop
    vertex 3734.420004263004 69.59211973773164 86.99203380279265
    vertex 3733.5891119559165 73.59211973773098 87.93449612639536
    vertex 3733.5891119559165 69.592119737731 87.93449612639263
  endloop
endfacet
facet normal 0.7501110696304267 -4.49944059610065e-13 0.661311865323689
  outer loop
    vertex 3733.5891119559165 73.59211973773098 87.93449612639536
    vertex 3734.420004263004 69.59211973773164 86.99203380279265
    vertex 3734.420004263004 73.59211973773162 86.99203380279538
  endloop
endfacet
facet normal -0.03141075907813129 -6.800453204596994e-13 0.9995065603657316
  outer loop
    vertex 3719.0097394074883 69.5921197377267 94.2435540078189
    vertex 3717.753929016902 73.59211973772672 94.20408857638705
    vertex 3717.753929016902 69.59211973772673 94.20408857638432
  endloop
endfacet
facet normal -0.03141075907813129 -6.800453204596994e-13 0.9995065603657316
  outer loop
    vertex 3717.753929016902 73.59211973772672 94.20408857638705
    vertex 3719.0097394074883 69.5921197377267 94.2435540078189
    vertex 3719.0097394074883 73.59211973772669 94.24355400782163
  endloop
endfacet
facet normal -0.9177546256839404 -2.7021189781672095e-13 0.39714789063487527
  outer loop
    vertex 3700.9131983581674 73.5921197377345 82.75913983912301
    vertex 3700.4142096897226 69.5921197377353 81.60604506151238
    vertex 3700.9131983581674 69.5921197377345 82.75913983912028
  endloop
endfacet
facet normal -0.9177546256839404 -2.7021189781672095e-13 0.39714789063487527
  outer loop
    vertex 3700.4142096897226 69.5921197377353 81.60604506151238
    vertex 3700.9131983581674 73.5921197377345 82.75913983912301
    vertex 3700.4142096897226 73.59211973773529 81.6060450615151
  endloop
endfacet
facet normal 0.9177546256839404 -2.702118978167212e-13 0.39714789063487527
  outer loop
    vertex 3737.6052691252535 69.5921197377353 81.60604506151236
    vertex 3737.1062804568087 73.5921197377345 82.75913983912301
    vertex 3737.1062804568087 69.5921197377345 82.75913983912025
  endloop
endfacet
facet normal 0.9177546256839404 -2.702118978167212e-13 0.39714789063487527
  outer loop
    vertex 3737.1062804568087 73.5921197377345 82.75913983912301
    vertex 3737.6052691252535 69.5921197377353 81.60604506151236
    vertex 3737.6052691252535 73.59211973773529 81.6060450615151
  endloop
endfacet
facet normal 0.8270805742745425 -3.824308773688038e-13 0.5620833778521591
  outer loop
    vertex 3735.8962979175285 69.59211973773301 84.96008990739875
    vertex 3735.190079294987 73.59211973773229 85.99925905367103
    vertex 3735.190079294987 69.5921197377323 85.9992590536683
  endloop
endfacet
facet normal 0.8270805742745425 -3.824308773688038e-13 0.5620833778521591
  outer loop
    vertex 3735.190079294987 73.59211973773229 85.99925905367103
    vertex 3735.8962979175285 69.59211973773301 84.96008990739875
    vertex 3735.8962979175285 73.59211973773301 84.96008990740151
  endloop
endfacet
facet normal -0.9602936856769206 -1.898202609520474e-13 0.27899110603930716
  outer loop
    vertex 3699.9886090815844 73.59211973773608 80.4238938953205
    vertex 3699.6380761849155 69.59211973773692 79.2173517511159
    vertex 3699.9886090815844 69.5921197377361 80.42389389531775
  endloop
endfacet
facet normal -0.9602936856769206 -1.898202609520474e-13 0.27899110603930716
  outer loop
    vertex 3699.6380761849155 69.59211973773692 79.2173517511159
    vertex 3699.9886090815844 73.59211973773608 80.4238938953205
    vertex 3699.6380761849155 73.59211973773692 79.21735175111863
  endloop
endfacet
facet normal -0.7071067811864667 -4.81102052432085e-13 0.7071067811866283
  outer loop
    vertex 3705.3187972889145 69.5921197377304 88.8229265562471
    vertex 3704.4303668590596 73.59211973773098 87.93449612639536
    vertex 3704.4303668590596 69.592119737731 87.93449612639263
  endloop
endfacet
facet normal -0.7071067811864667 -4.81102052432085e-13 0.7071067811866283
  outer loop
    vertex 3704.4303668590596 73.59211973773098 87.93449612639536
    vertex 3705.3187972889145 69.5921197377304 88.8229265562471
    vertex 3705.3187972889145 73.59211973773037 88.82292655624983
  endloop
endfacet
facet normal -0.397147890634862 -6.244228535110759e-13 0.917754625683946
  outer loop
    vertex 3711.647248353794 69.59211973772766 92.83908372558392
    vertex 3710.4941535761873 73.59211973772798 92.34009505714202
    vertex 3710.4941535761873 69.59211973772798 92.34009505713927
  endloop
endfacet
facet normal -0.397147890634862 -6.244228535110759e-13 0.917754625683946
  outer loop
    vertex 3710.4941535761873 73.59211973772798 92.34009505714202
    vertex 3711.647248353794 69.59211973772766 92.83908372558392
    vertex 3711.647248353794 73.59211973772764 92.83908372558665
  endloop
endfacet
facet normal 0.8910065241884313 -3.088865317382062e-13 0.4539904997394227
  outer loop
    vertex 3737.1062804568087 69.5921197377345 82.75913983912025
    vertex 3736.535873008366 73.59211973773374 83.87862748985586
    vertex 3736.535873008366 69.59211973773375 83.87862748985313
  endloop
endfacet
facet normal 0.8910065241884313 -3.088865317382062e-13 0.4539904997394227
  outer loop
    vertex 3736.535873008366 73.59211973773374 83.87862748985586
    vertex 3737.1062804568087 69.5921197377345 82.75913983912025
    vertex 3737.1062804568087 73.5921197377345 82.75913983912301
  endloop
endfacet
facet normal 0.9759167619387591 -1.4842052707219037e-13 0.21814324139649027
  outer loop
    vertex 3738.655484422062 69.59211973773776 77.99118029953328
    vertex 3738.3814026300606 73.59211973773692 79.21735175111863
    vertex 3738.3814026300606 69.59211973773692 79.21735175111587
  endloop
endfacet
facet normal 0.9759167619387591 -1.4842052707219037e-13 0.21814324139649027
  outer loop
    vertex 3738.3814026300606 73.59211973773692 79.21735175111863
    vertex 3738.655484422062 69.59211973773776 77.99118029953328
    vertex 3738.655484422062 73.59211973773775 77.99118029953601
  endloop
endfacet
facet normal 0.33873792024527855 -6.401574430924416e-13 0.9408807689542301
  outer loop
    vertex 3726.372230461182 69.59211973772766 92.83908372558392
    vertex 3725.1900792949873 73.59211973772734 93.26468433372469
    vertex 3725.1900792949873 69.59211973772737 93.26468433372196
  endloop
endfacet
facet normal 0.33873792024527855 -6.401574430924416e-13 0.9408807689542301
  outer loop
    vertex 3725.1900792949873 73.59211973772734 93.26468433372469
    vertex 3726.372230461182 69.59211973772766 92.83908372558392
    vertex 3726.372230461182 73.59211973772764 92.83908372558665
  endloop
endfacet
facet normal 0.09410831331851702 -6.773614922629991e-13 0.9955619646030798
  outer loop
    vertex 3721.516404078774 69.5921197377268 94.08584803410847
    vertex 3720.265549798074 73.59211973772672 94.20408857638705
    vertex 3720.265549798074 69.59211973772673 94.20408857638432
  endloop
endfacet
facet normal 0.09410831331851702 -6.773614922629991e-13 0.9955619646030798
  outer loop
    vertex 3720.265549798074 73.59211973772672 94.20408857638705
    vertex 3721.516404078774 69.5921197377268 94.08584803410847
    vertex 3721.516404078774 73.59211973772679 94.0858480341112
  endloop
endfacet
facet normal 0.9876883405951309 -1.0643504517902224e-13 0.15643446504027525
  outer loop
    vertex 3738.8520334337773 69.5921197377386 76.75021867910485
    vertex 3738.655484422062 73.59211973773775 77.99118029953601
    vertex 3738.655484422062 69.59211973773776 77.99118029953328
  endloop
endfacet
facet normal 0.9876883405951309 -1.0643504517902224e-13 0.15643446504027525
  outer loop
    vertex 3738.655484422062 73.59211973773775 77.99118029953601
    vertex 3738.8520334337773 69.5921197377386 76.75021867910485
    vertex 3738.8520334337773 73.59211973773859 76.75021867910759
  endloop
endfacet
facet normal -0.13052619222005296 6.598183498979799e-13 -0.9914448613738103
  outer loop
    vertex 3719.7084447852635 204.02840668494912 76.8515537346681
    vertex 3719.009633363487 200.02840668494892 76.94355400368498
    vertex 3719.009633363487 204.02840668494903 76.94355400368764
  endloop
endfacet
facet normal -0.13052619222005296 6.598183498979799e-13 -0.9914448613738103
  outer loop
    vertex 3719.009633363487 200.02840668494892 76.94355400368498
    vertex 3719.7084447852635 204.02840668494912 76.8515537346681
    vertex 3719.7084447852635 200.02840668494895 76.85155373466544
  endloop
endfacet
facet normal 0.130526192220053 6.5981834989798e-13 -0.9914448613738103
  outer loop
    vertex 3719.009633363487 204.02840668494903 76.94355400368764
    vertex 3718.3108219417104 200.02840668494895 76.85155373466544
    vertex 3718.3108219417104 204.02840668494912 76.8515537346681
  endloop
endfacet
facet normal 0.130526192220053 6.5981834989798e-13 -0.9914448613738103
  outer loop
    vertex 3718.3108219417104 200.02840668494895 76.85155373466544
    vertex 3719.009633363487 204.02840668494903 76.94355400368764
    vertex 3719.009633363487 200.02840668494892 76.94355400368498
  endloop
endfacet
facet normal 0.6087614290087857 5.279865532186288e-13 -0.7933533402911854
  outer loop
    vertex 3717.6596333634866 204.02840668494932 76.5818225939056
    vertex 3717.100445054283 200.02840668494946 76.15274231288862
    vertex 3717.100445054283 204.02840668494957 76.15274231289129
  endloop
endfacet
facet normal 0.6087614290087857 5.279865532186288e-13 -0.7933533402911854
  outer loop
    vertex 3717.100445054283 200.02840668494946 76.15274231288862
    vertex 3717.6596333634866 204.02840668494932 76.5818225939056
    vertex 3717.6596333634866 200.02840668494915 76.58182259390293
  endloop
endfacet
facet normal 0.7933533402910437 4.0513822296085844e-13 -0.6087614290089703
  outer loop
    vertex 3716.6713647732686 200.0284066849498 75.59355400368491
    vertex 3717.100445054283 204.02840668494957 76.15274231289129
    vertex 3717.100445054283 200.02840668494946 76.15274231288862
  endloop
endfacet
facet normal 0.7933533402910437 4.0513822296085844e-13 -0.6087614290089703
  outer loop
    vertex 3717.100445054283 204.02840668494957 76.15274231289129
    vertex 3716.6713647732686 200.0284066849498 75.59355400368491
    vertex 3716.6713647732686 204.02840668494994 75.59355400368759
  endloop
endfacet
facet normal 0.9238795325113811 2.5467749489150106e-13 -0.3826834323648622
  outer loop
    vertex 3716.4016336325058 200.02840668495026 74.94236542546169
    vertex 3716.6713647732686 204.02840668494994 75.59355400368759
    vertex 3716.6713647732686 200.0284066849498 75.59355400368491
  endloop
endfacet
facet normal 0.9238795325113811 2.5467749489150106e-13 -0.3826834323648622
  outer loop
    vertex 3716.6713647732686 204.02840668494994 75.59355400368759
    vertex 3716.4016336325058 200.02840668495026 74.94236542546169
    vertex 3716.4016336325058 204.0284066849504 74.94236542546435
  endloop
endfacet
facet normal 0.9914448613738082 -8.68683352867536e-14 0.13052619222006956
  outer loop
    vertex 3716.4016336325058 200.02840668495125 73.54474258190803
    vertex 3716.3096333634867 204.02840668495094 74.24355400368754
    vertex 3716.3096333634867 200.02840668495077 74.24355400368486
  endloop
endfacet
facet normal 0.9914448613738082 -8.68683352867536e-14 0.13052619222006956
  outer loop
    vertex 3716.3096333634867 204.02840668495094 74.24355400368754
    vertex 3716.4016336325058 200.02840668495125 73.54474258190803
    vertex 3716.4016336325058 204.0284066849514 73.54474258191068
  endloop
endfacet
facet normal 0.38268343236513735 6.148513321783071e-13 -0.9238795325112672
  outer loop
    vertex 3718.3108219417104 204.02840668494912 76.8515537346681
    vertex 3717.6596333634866 200.02840668494915 76.58182259390293
    vertex 3717.6596333634866 204.02840668494932 76.5818225939056
  endloop
endfacet
facet normal 0.38268343236513735 6.148513321783071e-13 -0.9238795325112672
  outer loop
    vertex 3717.6596333634866 200.02840668494915 76.58182259390293
    vertex 3718.3108219417104 204.02840668494912 76.8515537346681
    vertex 3718.3108219417104 200.02840668494895 76.85155373466544
  endloop
endfacet
facet normal 0.9238795325113763 -2.546841869137492e-13 0.38268343236487345
  outer loop
    vertex 3716.6713647732686 200.0284066849517 72.89355400368481
    vertex 3716.4016336325058 204.0284066849514 73.54474258191068
    vertex 3716.4016336325058 200.02840668495125 73.54474258190803
  endloop
endfacet
facet normal 0.9238795325113763 -2.546841869137492e-13 0.38268343236487345
  outer loop
    vertex 3716.4016336325058 204.0284066849514 73.54474258191068
    vertex 3716.6713647732686 200.0284066849517 72.89355400368481
    vertex 3716.6713647732686 204.02840668495185 72.89355400368747
  endloop
endfacet
facet normal 0.9914448613738075 8.686608039892678e-14 -0.1305261922200737
  outer loop
    vertex 3716.3096333634867 200.02840668495077 74.24355400368486
    vertex 3716.4016336325058 204.0284066849504 74.94236542546435
    vertex 3716.4016336325058 200.02840668495026 74.94236542546169
  endloop
endfacet
facet normal 0.9914448613738075 8.686608039892678e-14 -0.1305261922200737
  outer loop
    vertex 3716.4016336325058 204.0284066849504 74.94236542546435
    vertex 3716.3096333634867 200.02840668495077 74.24355400368486
    vertex 3716.3096333634867 204.02840668495094 74.24355400368754
  endloop
endfacet
facet normal 0.7933533402910437 -4.0513556159334314e-13 0.6087614290089705
  outer loop
    vertex 3717.100445054283 200.02840668495207 72.33436569448111
    vertex 3716.6713647732686 204.02840668495185 72.89355400368747
    vertex 3716.6713647732686 200.0284066849517 72.89355400368481
  endloop
endfacet
facet normal 0.7933533402910437 -4.0513556159334314e-13 0.6087614290089705
  outer loop
    vertex 3716.6713647732686 204.02840668495185 72.89355400368747
    vertex 3717.100445054283 200.02840668495207 72.33436569448111
    vertex 3717.100445054283 204.0284066849522 72.33436569448378
  endloop
endfacet
facet normal -0.9914448613738082 -8.686725169348572e-14 0.13052619222006956
  outer loop
    vertex 3721.709633363487 204.02840668495094 74.24355400368754
    vertex 3721.6176330944677 200.02840668495125 73.54474258190803
    vertex 3721.709633363487 200.02840668495077 74.24355400368486
  endloop
endfacet
facet normal -0.9914448613738082 -8.686725169348572e-14 0.13052619222006956
  outer loop
    vertex 3721.6176330944677 200.02840668495125 73.54474258190803
    vertex 3721.709633363487 204.02840668495094 74.24355400368754
    vertex 3721.6176330944677 204.0284066849514 73.54474258191068
  endloop
endfacet
facet normal -0.9914448613738075 8.686722166100953e-14 -0.13052619222007367
  outer loop
    vertex 3721.6176330944677 204.0284066849504 74.94236542546435
    vertex 3721.709633363487 200.02840668495077 74.24355400368486
    vertex 3721.6176330944677 200.02840668495026 74.94236542546169
  endloop
endfacet
facet normal -0.9914448613738075 8.686722166100953e-14 -0.13052619222007367
  outer loop
    vertex 3721.709633363487 200.02840668495077 74.24355400368486
    vertex 3721.6176330944677 204.0284066849504 74.94236542546435
    vertex 3721.709633363487 204.02840668495094 74.24355400368754
  endloop
endfacet
facet normal -0.9238795325113811 2.546808409026215e-13 -0.3826834323648622
  outer loop
    vertex 3721.347901953705 204.02840668494994 75.59355400368759
    vertex 3721.6176330944677 200.02840668495026 74.94236542546169
    vertex 3721.347901953705 200.0284066849498 75.59355400368491
  endloop
endfacet
facet normal -0.9238795325113811 2.546808409026215e-13 -0.3826834323648622
  outer loop
    vertex 3721.6176330944677 200.02840668495026 74.94236542546169
    vertex 3721.347901953705 204.02840668494994 75.59355400368759
    vertex 3721.6176330944677 204.0284066849504 74.94236542546435
  endloop
endfacet
facet normal -0.7933533402910437 4.051355615933431e-13 -0.6087614290089703
  outer loop
    vertex 3720.9188216726902 204.02840668494957 76.15274231289129
    vertex 3721.347901953705 200.0284066849498 75.59355400368491
    vertex 3720.9188216726902 200.02840668494946 76.15274231288862
  endloop
endfacet
facet normal -0.7933533402910437 4.051355615933431e-13 -0.6087614290089703
  outer loop
    vertex 3721.347901953705 200.0284066849498 75.59355400368491
    vertex 3720.9188216726902 204.02840668494957 76.15274231289129
    vertex 3721.347901953705 204.02840668494994 75.59355400368759
  endloop
endfacet
facet normal -0.6087614290087857 5.279830848569564e-13 -0.7933533402911854
  outer loop
    vertex 3720.9188216726902 204.02840668494957 76.15274231289129
    vertex 3720.3596333634873 200.02840668494915 76.58182259390293
    vertex 3720.3596333634873 204.02840668494932 76.5818225939056
  endloop
endfacet
facet normal -0.6087614290087857 5.279830848569564e-13 -0.7933533402911854
  outer loop
    vertex 3720.3596333634873 200.02840668494915 76.58182259390293
    vertex 3720.9188216726902 204.02840668494957 76.15274231289129
    vertex 3720.9188216726902 200.02840668494946 76.15274231288862
  endloop
endfacet
facet normal -0.38268343236513735 6.148513321783071e-13 -0.9238795325112672
  outer loop
    vertex 3720.3596333634873 204.02840668494932 76.5818225939056
    vertex 3719.7084447852635 200.02840668494895 76.85155373466544
    vertex 3719.7084447852635 204.02840668494912 76.8515537346681
  endloop
endfacet
facet normal -0.38268343236513735 6.148513321783071e-13 -0.9238795325112672
  outer loop
    vertex 3719.7084447852635 200.02840668494895 76.85155373466544
    vertex 3720.3596333634873 204.02840668494932 76.5818225939056
    vertex 3720.3596333634873 200.02840668494915 76.58182259390293
  endloop
endfacet
facet normal -0.7933533402910437 -4.051382229608586e-13 0.6087614290089705
  outer loop
    vertex 3721.347901953705 204.02840668495185 72.89355400368747
    vertex 3720.9188216726902 200.02840668495207 72.33436569448111
    vertex 3721.347901953705 200.0284066849517 72.89355400368481
  endloop
endfacet
facet normal -0.7933533402910437 -4.051382229608586e-13 0.6087614290089705
  outer loop
    vertex 3720.9188216726902 200.02840668495207 72.33436569448111
    vertex 3721.347901953705 204.02840668495185 72.89355400368747
    vertex 3720.9188216726902 204.0284066849522 72.33436569448378
  endloop
endfacet
facet normal -0.9238795325113763 -2.546841869137492e-13 0.38268343236487345
  outer loop
    vertex 3721.6176330944677 204.0284066849514 73.54474258191068
    vertex 3721.347901953705 200.0284066849517 72.89355400368481
    vertex 3721.6176330944677 200.02840668495125 73.54474258190803
  endloop
endfacet
facet normal -0.9238795325113763 -2.546841869137492e-13 0.38268343236487345
  outer loop
    vertex 3721.347901953705 200.0284066849517 72.89355400368481
    vertex 3721.6176330944677 204.0284066849514 73.54474258191068
    vertex 3721.347901953705 204.02840668495185 72.89355400368747
  endloop
endfacet
facet normal -0.38268343236513735 -6.148513321783071e-13 0.9238795325112672
  outer loop
    vertex 3720.3596333634873 200.0284066849524 71.90528541346679
    vertex 3719.7084447852635 204.02840668495273 71.63555427270693
    vertex 3719.7084447852635 200.02840668495256 71.63555427270427
  endloop
endfacet
facet normal -0.38268343236513735 -6.148513321783071e-13 0.9238795325112672
  outer loop
    vertex 3719.7084447852635 204.02840668495273 71.63555427270693
    vertex 3720.3596333634873 200.0284066849524 71.90528541346679
    vertex 3720.3596333634873 204.02840668495256 71.90528541346944
  endloop
endfacet
facet normal 0.13052619222002154 -6.598183775343166e-13 0.9914448613738145
  outer loop
    vertex 3719.009633363487 200.0284066849526 71.54355400368476
    vertex 3718.3108219417104 204.02840668495273 71.63555427270693
    vertex 3718.3108219417104 200.02840668495256 71.63555427270427
  endloop
endfacet
facet normal 0.13052619222002154 -6.598183775343166e-13 0.9914448613738145
  outer loop
    vertex 3718.3108219417104 204.02840668495273 71.63555427270693
    vertex 3719.009633363487 200.0284066849526 71.54355400368476
    vertex 3719.009633363487 204.02840668495273 71.54355400368742
  endloop
endfacet
facet normal 0.38268343236513735 -6.148513321783071e-13 0.9238795325112672
  outer loop
    vertex 3718.3108219417104 200.02840668495256 71.63555427270427
    vertex 3717.6596333634866 204.02840668495256 71.90528541346944
    vertex 3717.6596333634866 200.0284066849524 71.90528541346679
  endloop
endfacet
facet normal 0.38268343236513735 -6.148513321783071e-13 0.9238795325112672
  outer loop
    vertex 3717.6596333634866 204.02840668495256 71.90528541346944
    vertex 3718.3108219417104 200.02840668495256 71.63555427270427
    vertex 3718.3108219417104 204.02840668495273 71.63555427270693
  endloop
endfacet
facet normal -0.6087614290088059 -5.27983102346716e-13 0.7933533402911699
  outer loop
    vertex 3720.9188216726902 200.02840668495207 72.33436569448111
    vertex 3720.3596333634873 204.02840668495256 71.90528541346944
    vertex 3720.3596333634873 200.0284066849524 71.90528541346679
  endloop
endfacet
facet normal -0.6087614290088059 -5.27983102346716e-13 0.7933533402911699
  outer loop
    vertex 3720.3596333634873 204.02840668495256 71.90528541346944
    vertex 3720.9188216726902 200.02840668495207 72.33436569448111
    vertex 3720.9188216726902 204.0284066849522 72.33436569448378
  endloop
endfacet
facet normal -0.13052619222002154 -6.598183775343166e-13 0.9914448613738145
  outer loop
    vertex 3719.7084447852635 200.02840668495256 71.63555427270427
    vertex 3719.009633363487 204.02840668495273 71.54355400368742
    vertex 3719.009633363487 200.0284066849526 71.54355400368476
  endloop
endfacet
facet normal -0.13052619222002154 -6.598183775343166e-13 0.9914448613738145
  outer loop
    vertex 3719.009633363487 204.02840668495273 71.54355400368742
    vertex 3719.7084447852635 200.02840668495256 71.63555427270427
    vertex 3719.7084447852635 204.02840668495273 71.63555427270693
  endloop
endfacet
facet normal 0.6087614290088059 -5.27983102346716e-13 0.7933533402911699
  outer loop
    vertex 3717.6596333634866 200.0284066849524 71.90528541346679
    vertex 3717.100445054283 204.0284066849522 72.33436569448378
    vertex 3717.100445054283 200.02840668495207 72.33436569448111
  endloop
endfacet
facet normal 0.6087614290088059 -5.27983102346716e-13 0.7933533402911699
  outer loop
    vertex 3717.100445054283 204.0284066849522 72.33436569448378
    vertex 3717.6596333634866 200.0284066849524 71.90528541346679
    vertex 3717.6596333634866 204.02840668495256 71.90528541346944
  endloop
endfacet
facet normal 0.0 -0.9995065603657317 0.0314107590781226
  outer loop
    vertex 3739.0096333634874 200.0284066849908 17.24355400367491
    vertex 3699.0096333634856 199.97710162412594 15.611000495914038
    vertex 3739.0096333634874 199.97710162412594 15.611000495914038
  endloop
endfacet
facet normal 0.0 -0.9995065603657317 0.0314107590781226
  outer loop
    vertex 3699.0096333634856 199.97710162412594 15.611000495914038
    vertex 3739.0096333634874 200.0284066849908 17.24355400367491
    vertex 3699.0096333634856 200.0284066849908 17.24355400367491
  endloop
endfacet
facet normal 0.0 -0.8270805742745615 0.5620833778521309
  outer loop
    vertex 3739.0096333634874 195.9809327480464 3.3120573342318744
    vertex 3699.0096333634856 195.06284853874334 1.9611374440825415
    vertex 3739.0096333634874 195.06284853874334 1.9611374440825415
  endloop
endfacet
facet normal 0.0 -0.8270805742745615 0.5620833778521309
  outer loop
    vertex 3699.0096333634856 195.06284853874334 1.9611374440825415
    vertex 3739.0096333634874 195.9809327480464 3.3120573342318744
    vertex 3699.0096333634856 195.9809327480464 3.3120573342318744
  endloop
endfacet
facet normal 9.069403967336638e-30 -0.8910065241883691 0.45399049973954425
  outer loop
    vertex 3739.0096333634874 197.55391004910928 6.173292422991664
    vertex 3699.0096333634856 196.8123803661338 4.71795847704009
    vertex 3739.0096333634874 196.8123803661338 4.71795847704009
  endloop
endfacet
facet normal 9.069403967336638e-30 -0.8910065241883691 0.45399049973954425
  outer loop
    vertex 3699.0096333634856 196.8123803661338 4.71795847704009
    vertex 3739.0096333634874 197.55391004910928 6.173292422991664
    vertex 3699.0096333634856 197.55391004910928 6.173292422991664
  endloop
endfacet
facet normal 0.0 -0.9408807689542183 0.33873792024531135
  outer loop
    vertex 3739.0096333634874 198.75587610866583 9.20911214993255
    vertex 3699.0096333634856 198.20259531808676 7.672315633880756
    vertex 3739.0096333634874 198.20259531808676 7.672315633880756
  endloop
endfacet
facet normal 0.0 -0.9408807689542183 0.33873792024531135
  outer loop
    vertex 3699.0096333634856 198.20259531808676 7.672315633880756
    vertex 3739.0096333634874 198.75587610866583 9.20911214993255
    vertex 3699.0096333634856 198.75587610866583 9.20911214993255
  endloop
endfacet
facet normal 0.0 -0.7501110696304607 0.6613118653236506
  outer loop
    vertex 3739.0096333634874 194.061750997166 0.6705302702219189
    vertex 3699.0096333634856 192.98159099795302 -0.5546707504571007
    vertex 3739.0096333634874 192.98159099795302 -0.5546707504571007
  endloop
endfacet
facet normal 0.0 -0.7501110696304607 0.6613118653236506
  outer loop
    vertex 3699.0096333634856 192.98159099795302 -0.5546707504571007
    vertex 3739.0096333634874 194.061750997166 0.6705302702219189
    vertex 3699.0096333634856 194.061750997166 0.6705302702219189
  endloop
endfacet
facet normal -9.95199894268811e-32 -0.9876883405951363 0.15643446504024
  outer loop
    vertex 3739.0096333634874 199.82338891916743 13.984889931005544
    vertex 3699.0096333634856 199.5678752039371 12.371639824449872
    vertex 3739.0096333634874 199.5678752039371 12.371639824449872
  endloop
endfacet
facet normal -9.95199894268811e-32 -0.9876883405951363 0.15643446504024
  outer loop
    vertex 3699.0096333634856 199.5678752039371 12.371639824449872
    vertex 3739.0096333634874 199.82338891916743 13.984889931005544
    vertex 3699.0096333634856 199.82338891916743 13.984889931005544
  endloop
endfacet
facet normal 0.0 0.509041415750374 -0.8607420270039422
  outer loop
    vertex 3739.0096333634874 190.10321053438102 -8.086283761385541
    vertex 3699.0096333634856 188.9700280808614 -8.756445996231868
    vertex 3699.0096333634856 190.10321053438102 -8.086283761385541
  endloop
endfacet
facet normal 0.0 0.509041415750374 -0.8607420270039422
  outer loop
    vertex 3699.0096333634856 188.9700280808614 -8.756445996231868
    vertex 3739.0096333634874 190.10321053438102 -8.086283761385541
    vertex 3739.0096333634874 188.9700280808614 -8.756445996231868
  endloop
endfacet
facet normal 0.0 0.7071067811865468 -0.7071067811865482
  outer loop
    vertex 3739.0096333634874 195.89746550765346 -3.2928591741857542
    vertex 3699.0096333634856 194.5648198628718 -4.625504818967437
    vertex 3699.0096333634856 195.89746550765346 -3.2928591741857542
  endloop
endfacet
facet normal 0.0 0.7071067811865468 -0.7071067811865482
  outer loop
    vertex 3699.0096333634856 194.5648198628718 -4.625504818967437
    vertex 3739.0096333634874 195.89746550765346 -3.2928591741857542
    vertex 3739.0096333634874 194.5648198628718 -4.625504818967437
  endloop
endfacet
facet normal 0.0 0.7901550123756854 -0.6129070536529828
  outer loop
    vertex 3699.0096333634856 198.29891651625957 -0.3900035650992859
    vertex 3739.0096333634874 197.1438039682848 -1.8791656887857853
    vertex 3699.0096333634856 197.1438039682848 -1.8791656887857853
  endloop
endfacet
facet normal 0.0 0.7901550123756854 -0.6129070536529828
  outer loop
    vertex 3739.0096333634874 197.1438039682848 -1.8791656887857853
    vertex 3699.0096333634856 198.29891651625957 -0.3900035650992859
    vertex 3739.0096333634874 198.29891651625957 -0.3900035650992859
  endloop
endfacet
facet normal 3.35854973516028e-19 -0.960293685676949 0.2789911060392091
  outer loop
    vertex 3739.0096333634874 199.21156887433585 10.777616937393734
    vertex 3699.0096333634856 198.75587610866583 9.20911214993255
    vertex 3739.0096333634874 198.75587610866583 9.20911214993255
  endloop
endfacet
facet normal 3.35854973516028e-19 -0.960293685676949 0.2789911060392091
  outer loop
    vertex 3699.0096333634856 198.75587610866583 9.20911214993255
    vertex 3739.0096333634874 199.21156887433585 10.777616937393734
    vertex 3699.0096333634856 199.21156887433585 10.777616937393734
  endloop
endfacet
facet normal 0.0 -0.9177546256839877 0.39714789063476547
  outer loop
    vertex 3739.0096333634874 198.20259531808676 7.672315633880756
    vertex 3699.0096333634856 197.55391004910928 6.173292422991664
    vertex 3739.0096333634874 197.55391004910928 6.173292422991664
  endloop
endfacet
facet normal 0.0 -0.9177546256839877 0.39714789063476547
  outer loop
    vertex 3699.0096333634856 197.55391004910928 6.173292422991664
    vertex 3739.0096333634874 198.20259531808676 7.672315633880756
    vertex 3699.0096333634856 198.20259531808676 7.672315633880756
  endloop
endfacet
facet normal -7.635253083075504e-30 0.7501110696304611 -0.66131186532365
  outer loop
    vertex 3699.0096333634856 197.1438039682848 -1.8791656887857853
    vertex 3739.0096333634874 195.89746550765346 -3.2928591741857542
    vertex 3699.0096333634856 195.89746550765346 -3.2928591741857542
  endloop
endfacet
facet normal -7.635253083075504e-30 0.7501110696304611 -0.66131186532365
  outer loop
    vertex 3739.0096333634874 195.89746550765346 -3.2928591741857542
    vertex 3699.0096333634856 197.1438039682848 -1.8791656887857853
    vertex 3739.0096333634874 197.1438039682848 -1.8791656887857853
  endloop
endfacet
facet normal -1.0133656024264717e-29 -0.99556196460308 0.09410831331851557
  outer loop
    vertex 3739.0096333634874 199.97710162412594 15.611000495914038
    vertex 3699.0096333634856 199.82338891916743 13.984889931005544
    vertex 3739.0096333634874 199.82338891916743 13.984889931005544
  endloop
endfacet
facet normal -1.0133656024264717e-29 -0.99556196460308 0.09410831331851557
  outer loop
    vertex 3699.0096333634856 199.82338891916743 13.984889931005544
    vertex 3739.0096333634874 199.97710162412594 15.611000495914038
    vertex 3699.0096333634856 199.97710162412594 15.611000495914038
  endloop
endfacet
facet normal 1.3877768605368192e-31 -0.975916761938746 0.21814324139654873
  outer loop
    vertex 3739.0096333634874 199.5678752039371 12.371639824449872
    vertex 3699.0096333634856 199.21156887433585 10.777616937393734
    vertex 3739.0096333634874 199.21156887433585 10.777616937393734
  endloop
endfacet
facet normal 1.3877768605368192e-31 -0.975916761938746 0.21814324139654873
  outer loop
    vertex 3699.0096333634856 199.21156887433585 10.777616937393734
    vertex 3739.0096333634874 199.5678752039371 12.371639824449872
    vertex 3699.0096333634856 199.5678752039371 12.371639824449872
  endloop
endfacet
facet normal 0.0 -0.790155012375686 0.6129070536529821
  outer loop
    vertex 3739.0096333634874 195.06284853874334 1.9611374440825415
    vertex 3699.0096333634856 194.061750997166 0.6705302702219189
    vertex 3739.0096333634874 194.061750997166 0.6705302702219189
  endloop
endfacet
facet normal 0.0 -0.790155012375686 0.6129070536529821
  outer loop
    vertex 3699.0096333634856 194.061750997166 0.6705302702219189
    vertex 3739.0096333634874 195.06284853874334 1.9611374440825415
    vertex 3699.0096333634856 195.06284853874334 1.9611374440825415
  endloop
endfacet
facet normal 0.0 0.5620833778521279 -0.8270805742745638
  outer loop
    vertex 3739.0096333634874 191.66196425378533 -7.026955827573515
    vertex 3699.0096333634856 190.10321053438102 -8.086283761385541
    vertex 3699.0096333634856 191.66196425378533 -7.026955827573515
  endloop
endfacet
facet normal 0.0 0.5620833778521279 -0.8270805742745638
  outer loop
    vertex 3699.0096333634856 190.10321053438102 -8.086283761385541
    vertex 3739.0096333634874 191.66196425378533 -7.026955827573515
    vertex 3739.0096333634874 190.10321053438102 -8.086283761385541
  endloop
endfacet
facet normal 0.0 0.8270805742745644 -0.562083377852127
  outer loop
    vertex 3699.0096333634856 199.35824445007157 1.1687501543050065
    vertex 3739.0096333634874 198.29891651625957 -0.3900035650992859
    vertex 3699.0096333634856 198.29891651625957 -0.3900035650992859
  endloop
endfacet
facet normal 0.0 0.8270805742745644 -0.562083377852127
  outer loop
    vertex 3739.0096333634874 198.29891651625957 -0.3900035650992859
    vertex 3699.0096333634856 199.35824445007157 1.1687501543050065
    vertex 3739.0096333634874 199.35824445007157 1.1687501543050065
  endloop
endfacet
facet normal -4.380673397242473e-30 -0.860742027003943 0.5090414157503725
  outer loop
    vertex 3739.0096333634874 196.8123803661338 4.71795847704009
    vertex 3699.0096333634856 195.9809327480464 3.3120573342318744
    vertex 3739.0096333634874 195.9809327480464 3.3120573342318744
  endloop
endfacet
facet normal -4.380673397242473e-30 -0.860742027003943 0.5090414157503725
  outer loop
    vertex 3699.0096333634856 195.9809327480464 3.3120573342318744
    vertex 3739.0096333634874 196.8123803661338 4.71795847704009
    vertex 3699.0096333634856 196.8123803661338 4.71795847704009
  endloop
endfacet
facet normal 0.0 0.6129070536529784 -0.7901550123756889
  outer loop
    vertex 3739.0096333634874 193.15112637747183 -5.871843279598768
    vertex 3699.0096333634856 191.66196425378533 -7.026955827573515
    vertex 3699.0096333634856 193.15112637747183 -5.871843279598768
  endloop
endfacet
facet normal 0.0 0.6129070536529784 -0.7901550123756889
  outer loop
    vertex 3699.0096333634856 191.66196425378533 -7.026955827573515
    vertex 3739.0096333634874 193.15112637747183 -5.871843279598768
    vertex 3739.0096333634874 191.66196425378533 -7.026955827573515
  endloop
endfacet
facet normal 3.3656905377188625e-30 0.6613118653236532 -0.7501110696304584
  outer loop
    vertex 3739.0096333634874 194.5648198628718 -4.625504818967437
    vertex 3699.0096333634856 193.15112637747183 -5.871843279598768
    vertex 3699.0096333634856 194.5648198628718 -4.625504818967437
  endloop
endfacet
facet normal 3.3656905377188625e-30 0.6613118653236532 -0.7501110696304584
  outer loop
    vertex 3699.0096333634856 193.15112637747183 -5.871843279598768
    vertex 3739.0096333634874 194.5648198628718 -4.625504818967437
    vertex 3739.0096333634874 193.15112637747183 -5.871843279598768
  endloop
endfacet
facet normal 0.0 0.860742027003939 -0.5090414157503792
  outer loop
    vertex 3699.0096333634856 200.02840668500133 2.301932607965713
    vertex 3739.0096333634874 199.35824445007157 1.1687501543050065
    vertex 3699.0096333634856 199.35824445007157 1.1687501543050065
  endloop
endfacet
facet normal 0.0 0.860742027003939 -0.5090414157503792
  outer loop
    vertex 3739.0096333634874 199.35824445007157 1.1687501543050065
    vertex 3699.0096333634856 200.02840668500133 2.301932607965713
    vertex 3739.0096333634874 200.02840668500133 2.301932607965713
  endloop
endfacet
facet normal -0.0 -0.7071067811865482 -0.7071067811865468
  outer loop
    vertex 3739.0097394074887 77.7230609151572 -3.29285917004262
    vertex 3699.009739407486 79.0557065599389 -4.625504814824309
    vertex 3739.0097394074887 79.0557065599389 -4.625504814824309
  endloop
endfacet
facet normal -0.0 -0.7071067811865482 -0.7071067811865468
  outer loop
    vertex 3699.009739407486 79.0557065599389 -4.625504814824309
    vertex 3739.0097394074887 77.7230609151572 -3.29285917004262
    vertex 3699.009739407486 77.7230609151572 -3.29285917004262
  endloop
endfacet
facet normal -0.0 -0.6613118653236525 -0.7501110696304593
  outer loop
    vertex 3739.0097394074887 80.46940004533886 -5.871843275455637
    vertex 3699.009739407486 79.0557065599389 -4.625504814824309
    vertex 3699.009739407486 80.46940004533886 -5.871843275455637
  endloop
endfacet
facet normal -0.0 -0.6613118653236525 -0.7501110696304593
  outer loop
    vertex 3699.009739407486 79.0557065599389 -4.625504814824309
    vertex 3739.0097394074887 80.46940004533886 -5.871843275455637
    vertex 3739.0097394074887 79.0557065599389 -4.625504814824309
  endloop
endfacet
facet normal -0.0 -0.6129070536529765 -0.7901550123756903
  outer loop
    vertex 3739.0097394074887 81.95856216902536 -7.026955823430386
    vertex 3699.009739407486 80.46940004533886 -5.871843275455637
    vertex 3699.009739407486 81.95856216902536 -7.026955823430386
  endloop
endfacet
facet normal -0.0 -0.6129070536529765 -0.7901550123756903
  outer loop
    vertex 3699.009739407486 80.46940004533886 -5.871843275455637
    vertex 3739.0097394074887 81.95856216902536 -7.026955823430386
    vertex 3739.0097394074887 80.46940004533886 -5.871843275455637
  endloop
endfacet
facet normal 0.0 0.1564344650402318 0.9876883405951377
  outer loop
    vertex 3739.0097394074887 94.72020555857145 -8.295914511123902
    vertex 3699.009739407486 96.33345566512813 -8.551428226354382
    vertex 3699.009739407486 94.72020555857145 -8.295914511123902
  endloop
endfacet
facet normal 0.0 0.1564344650402318 0.9876883405951377
  outer loop
    vertex 3699.009739407486 96.33345566512813 -8.551428226354382
    vertex 3739.0097394074887 94.72020555857145 -8.295914511123902
    vertex 3739.0097394074887 96.33345566512813 -8.551428226354382
  endloop
endfacet
facet normal 0.0 0.21814324139654404 0.9759167619387472
  outer loop
    vertex 3739.0097394074887 93.12618267151431 -7.939608181522458
    vertex 3699.009739407486 94.72020555857145 -8.295914511123902
    vertex 3699.009739407486 93.12618267151431 -7.939608181522458
  endloop
endfacet
facet normal 0.0 0.21814324139654404 0.9759167619387472
  outer loop
    vertex 3699.009739407486 94.72020555857145 -8.295914511123902
    vertex 3739.0097394074887 93.12618267151431 -7.939608181522458
    vertex 3739.0097394074887 94.72020555857145 -8.295914511123902
  endloop
endfacet
facet normal 0.0 0.3971478906347808 0.9177546256839813
  outer loop
    vertex 3739.0097394074887 88.52185815710936 -6.2819493562948105
    vertex 3699.009739407486 90.0208813679994 -6.930634625272741
    vertex 3699.009739407486 88.52185815710936 -6.2819493562948105
  endloop
endfacet
facet normal 0.0 0.3971478906347808 0.9177546256839813
  outer loop
    vertex 3699.009739407486 90.0208813679994 -6.930634625272741
    vertex 3739.0097394074887 88.52185815710936 -6.2819493562948105
    vertex 3739.0097394074887 90.0208813679994 -6.930634625272741
  endloop
endfacet
facet normal -2.2308167458891003e-30 -0.8607420270039412 -0.5090414157503753
  outer loop
    vertex 3739.0097394074887 73.59211973779101 2.3019326121398533
    vertex 3699.009739407486 74.2622819727391 1.1687501584481406
    vertex 3739.0097394074887 74.2622819727391 1.1687501584481406
  endloop
endfacet
facet normal -2.2308167458891003e-30 -0.8607420270039412 -0.5090414157503753
  outer loop
    vertex 3699.009739407486 74.2622819727391 1.1687501584481406
    vertex 3739.0097394074887 73.59211973779101 2.3019326121398533
    vertex 3699.009739407486 73.59211973779101 2.3019326121398533
  endloop
endfacet
facet normal -0.0 -0.7901550123756913 -0.6129070536529754
  outer loop
    vertex 3739.0097394074887 75.32160990655113 -0.3900035609561517
    vertex 3699.009739407486 76.47672245452587 -1.8791656846426512
    vertex 3739.0097394074887 76.47672245452587 -1.8791656846426512
  endloop
endfacet
facet normal -0.0 -0.7901550123756913 -0.6129070536529754
  outer loop
    vertex 3699.009739407486 76.47672245452587 -1.8791656846426512
    vertex 3739.0097394074887 75.32160990655113 -0.3900035609561517
    vertex 3699.009739407486 75.32160990655113 -0.3900035609561517
  endloop
endfacet
facet normal 0.0 -0.5620833778521286 0.8270805742745634
  outer loop
    vertex 3739.0096333634874 187.95990335445416 -4.708972059360342
    vertex 3699.0096333634856 189.3108232446035 -3.7908878500573002
    vertex 3699.0096333634856 187.95990335445416 -4.708972059360342
  endloop
endfacet
facet normal 0.0 -0.5620833778521286 0.8270805742745634
  outer loop
    vertex 3699.0096333634856 189.3108232446035 -3.7908878500573002
    vertex 3739.0096333634874 187.95990335445416 -4.708972059360342
    vertex 3739.0096333634874 189.3108232446035 -3.7908878500573002
  endloop
endfacet
facet normal -0.0 -0.7501110696304581 -0.6613118653236535
  outer loop
    vertex 3739.0097394074887 76.47672245452587 -1.8791656846426512
    vertex 3699.009739407486 77.7230609151572 -3.29285917004262
    vertex 3739.0097394074887 77.7230609151572 -3.29285917004262
  endloop
endfacet
facet normal -0.0 -0.7501110696304581 -0.6613118653236535
  outer loop
    vertex 3699.009739407486 77.7230609151572 -3.29285917004262
    vertex 3739.0097394074887 76.47672245452587 -1.8791656846426512
    vertex 3699.009739407486 76.47672245452587 -1.8791656846426512
  endloop
endfacet
facet normal -0.0 -0.5620833778521318 -0.827080574274561
  outer loop
    vertex 3739.0097394074887 83.51731588842965 -8.086283757242414
    vertex 3699.009739407486 81.95856216902536 -7.026955823430386
    vertex 3699.009739407486 83.51731588842965 -8.086283757242414
  endloop
endfacet
facet normal -0.0 -0.5620833778521318 -0.827080574274561
  outer loop
    vertex 3699.009739407486 81.95856216902536 -7.026955823430386
    vertex 3739.0097394074887 83.51731588842965 -8.086283757242414
    vertex 3739.0097394074887 81.95856216902536 -7.026955823430386
  endloop
endfacet
facet normal 3.17931481064947e-31 0.031410759078126155 0.9995065603657317
  outer loop
    vertex 3739.0097394074887 97.95956623003764 -8.705140931312997
    vertex 3699.009739407486 99.59211973779954 -8.756445992177925
    vertex 3699.009739407486 97.95956623003764 -8.705140931312997
  endloop
endfacet
facet normal 3.17931481064947e-31 0.031410759078126155 0.9995065603657317
  outer loop
    vertex 3699.009739407486 99.59211973779954 -8.756445992177925
    vertex 3739.0097394074887 97.95956623003764 -8.705140931312997
    vertex 3739.0097394074887 99.59211973779954 -8.756445992177925
  endloop
endfacet
facet normal 0.0 0.27899110603922966 0.9602936856769431
  outer loop
    vertex 3739.0097394074887 91.55767788405215 -7.4839154158521115
    vertex 3699.009739407486 93.12618267151431 -7.939608181522458
    vertex 3699.009739407486 91.55767788405215 -7.4839154158521115
  endloop
endfacet
facet normal 0.0 0.27899110603922966 0.9602936856769431
  outer loop
    vertex 3699.009739407486 93.12618267151431 -7.939608181522458
    vertex 3739.0097394074887 91.55767788405215 -7.4839154158521115
    vertex 3739.0097394074887 93.12618267151431 -7.939608181522458
  endloop
endfacet
facet normal 0.0 -0.09410831331851276 0.9955619646030802
  outer loop
    vertex 3739.0096333634874 175.66096019277202 -8.705140935439891
    vertex 3699.0096333634856 177.2870707576805 -8.551428230481378
    vertex 3699.0096333634856 175.66096019277202 -8.705140935439891
  endloop
endfacet
facet normal 0.0 -0.09410831331851276 0.9955619646030802
  outer loop
    vertex 3699.0096333634856 177.2870707576805 -8.551428230481378
    vertex 3739.0096333634874 175.66096019277202 -8.705140935439891
    vertex 3739.0096333634874 177.2870707576805 -8.551428230481378
  endloop
endfacet
facet normal 0.0 0.33873792024529237 0.9408807689542251
  outer loop
    vertex 3739.0097394074887 90.0208813679994 -6.930634625272741
    vertex 3699.009739407486 91.55767788405215 -7.4839154158521115
    vertex 3699.009739407486 90.0208813679994 -6.930634625272741
  endloop
endfacet
facet normal 0.0 0.33873792024529237 0.9408807689542251
  outer loop
    vertex 3699.009739407486 91.55767788405215 -7.4839154158521115
    vertex 3739.0097394074887 90.0208813679994 -6.930634625272741
    vertex 3739.0097394074887 91.55767788405215 -7.4839154158521115
  endloop
endfacet
facet normal 0.0 0.45399049973954714 0.8910065241883679
  outer loop
    vertex 3739.0097394074887 87.06652421115689 -5.5404196733188735
    vertex 3699.009739407486 88.52185815710936 -6.2819493562948105
    vertex 3699.009739407486 87.06652421115689 -5.5404196733188735
  endloop
endfacet
facet normal 0.0 0.45399049973954714 0.8910065241883679
  outer loop
    vertex 3699.009739407486 88.52185815710936 -6.2819493562948105
    vertex 3739.0097394074887 87.06652421115689 -5.5404196733188735
    vertex 3739.0097394074887 88.52185815710936 -6.2819493562948105
  endloop
endfacet
facet normal 0.0 -0.7071067811865492 0.7071067811865459
  outer loop
    vertex 3739.0096333634874 192.98159099795302 -0.5546707504571007
    vertex 3699.0096333634856 191.82663143914314 -1.7096303092669927
    vertex 3739.0096333634874 191.82663143914314 -1.7096303092669927
  endloop
endfacet
facet normal 0.0 -0.7071067811865492 0.7071067811865459
  outer loop
    vertex 3699.0096333634856 191.82663143914314 -1.7096303092669927
    vertex 3739.0096333634874 192.98159099795302 -0.5546707504571007
    vertex 3699.0096333634856 192.98159099795302 -0.5546707504571007
  endloop
endfacet
facet normal -2.0314705232890745e-28 -1.0 -6.954678604353964e-13
  outer loop
    vertex 3739.0096333634874 200.02840668495077 74.24355400368486
    vertex 3699.0096333634856 200.0284066849908 17.24355400367491
    vertex 3739.0096333634874 200.0284066849908 17.24355400367491
  endloop
endfacet
facet normal -2.0314705232890745e-28 -1.0 -6.954678604353964e-13
  outer loop
    vertex 3699.0096333634856 200.0284066849908 17.24355400367491
    vertex 3739.0096333634874 200.02840668495077 74.24355400368486
    vertex 3719.7084447852635 200.02840668495256 71.63555427270427
  endloop
endfacet
facet normal -2.0314705232890745e-28 -1.0 -6.954678604353964e-13
  outer loop
    vertex 3699.0096333634856 200.0284066849908 17.24355400367491
    vertex 3719.7084447852635 200.02840668495256 71.63555427270427
    vertex 3719.009633363487 200.0284066849526 71.54355400368476
  endloop
endfacet
facet normal -2.0314705232890745e-28 -1.0 -6.954678604353964e-13
  outer loop
    vertex 3719.7084447852635 200.02840668495256 71.63555427270427
    vertex 3739.0096333634874 200.02840668495077 74.24355400368486
    vertex 3720.3596333634873 200.0284066849524 71.90528541346679
  endloop
endfacet
facet normal -2.0314705232890745e-28 -1.0 -6.954678604353964e-13
  outer loop
    vertex 3720.3596333634873 200.0284066849524 71.90528541346679
    vertex 3739.0096333634874 200.02840668495077 74.24355400368486
    vertex 3720.9188216726902 200.02840668495207 72.33436569448111
  endloop
endfacet
facet normal -2.0314705232890745e-28 -1.0 -6.954678604353964e-13
  outer loop
    vertex 3720.9188216726902 200.02840668495207 72.33436569448111
    vertex 3739.0096333634874 200.02840668495077 74.24355400368486
    vertex 3721.347901953705 200.0284066849517 72.89355400368481
  endloop
endfacet
facet normal -2.0314705232890745e-28 -1.0 -6.954678604353964e-13
  outer loop
    vertex 3721.347901953705 200.0284066849517 72.89355400368481
    vertex 3739.0096333634874 200.02840668495077 74.24355400368486
    vertex 3721.6176330944677 200.02840668495125 73.54474258190803
  endloop
endfacet
facet normal -2.0314705232890745e-28 -1.0 -6.954678604353964e-13
  outer loop
    vertex 3721.6176330944677 200.02840668495125 73.54474258190803
    vertex 3739.0096333634874 200.02840668495077 74.24355400368486
    vertex 3721.709633363487 200.02840668495077 74.24355400368486
  endloop
endfacet
facet normal -2.0314705232890745e-28 -1.0 -6.954678604353964e-13
  outer loop
    vertex 3721.709633363487 200.02840668495077 74.24355400368486
    vertex 3739.0096333634874 200.02840668495077 74.24355400368486
    vertex 3738.9701679320524 200.0284066849499 75.49936439427114
  endloop
endfacet
facet normal -2.0314705232890745e-28 -1.0 -6.954678604353964e-13
  outer loop
    vertex 3721.709633363487 200.02840668495077 74.24355400368486
    vertex 3738.9701679320524 200.0284066849499 75.49936439427114
    vertex 3721.6176330944677 200.02840668495026 74.94236542546169
  endloop
endfacet
facet normal -2.0314705232890745e-28 -1.0 -6.954678604353964e-13
  outer loop
    vertex 3721.6176330944677 200.02840668495026 74.94236542546169
    vertex 3738.9701679320524 200.0284066849499 75.49936439427114
    vertex 3721.347901953705 200.0284066849498 75.59355400368491
  endloop
endfacet
facet normal -2.0314705232890745e-28 -1.0 -6.954678604353964e-13
  outer loop
    vertex 3721.347901953705 200.0284066849498 75.59355400368491
    vertex 3738.9701679320524 200.0284066849499 75.49936439427114
    vertex 3738.8519273897764 200.02840668494903 76.75021867497095
  endloop
endfacet
facet normal -2.0314705232890745e-28 -1.0 -6.954678604353964e-13
  outer loop
    vertex 3721.347901953705 200.0284066849498 75.59355400368491
    vertex 3738.8519273897764 200.02840668494903 76.75021867497095
    vertex 3720.9188216726902 200.02840668494946 76.15274231288862
  endloop
endfacet
facet normal -2.0314705232890745e-28 -1.0 -6.954678604353964e-13
  outer loop
    vertex 3720.9188216726902 200.02840668494946 76.15274231288862
    vertex 3738.8519273897764 200.02840668494903 76.75021867497095
    vertex 3720.3596333634873 200.02840668494915 76.58182259390293
  endloop
endfacet
facet normal -2.0314705232890745e-28 -1.0 -6.954678604353964e-13
  outer loop
    vertex 3720.3596333634873 200.02840668494915 76.58182259390293
    vertex 3738.8519273897764 200.02840668494903 76.75021867497095
    vertex 3719.7084447852635 200.02840668494895 76.85155373466544
  endloop
endfacet
facet normal -2.0314705232890745e-28 -1.0 -6.954678604353964e-13
  outer loop
    vertex 3719.7084447852635 200.02840668494895 76.85155373466544
    vertex 3738.8519273897764 200.02840668494903 76.75021867497095
    vertex 3738.6553783780605 200.02840668494824 77.99118029539939
  endloop
endfacet
facet normal -2.0314705232890745e-28 -1.0 -6.954678604353964e-13
  outer loop
    vertex 3719.7084447852635 200.02840668494895 76.85155373466544
    vertex 3738.6553783780605 200.02840668494824 77.99118029539939
    vertex 3719.009633363487 200.02840668494892 76.94355400368498
  endloop
endfacet
facet normal -2.0314705232890745e-28 -1.0 -6.954678604353964e-13
  outer loop
    vertex 3699.0096333634856 200.0284066849908 17.24355400367491
    vertex 3718.3108219417104 200.02840668495256 71.63555427270427
    vertex 3699.009633363487 200.02840668495077 74.24355400368486
  endloop
endfacet
facet normal -2.0314705232890745e-28 -1.0 -6.954678604353964e-13
  outer loop
    vertex 3718.3108219417104 200.02840668495256 71.63555427270427
    vertex 3699.0096333634856 200.0284066849908 17.24355400367491
    vertex 3719.009633363487 200.0284066849526 71.54355400368476
  endloop
endfacet
facet normal -2.0314705232890745e-28 -1.0 -6.954678604353964e-13
  outer loop
    vertex 3699.009633363487 200.02840668495077 74.24355400368486
    vertex 3718.3108219417104 200.02840668495256 71.63555427270427
    vertex 3717.6596333634866 200.0284066849524 71.90528541346679
  endloop
endfacet
facet normal -2.0314705232890745e-28 -1.0 -6.954678604353964e-13
  outer loop
    vertex 3699.009633363487 200.02840668495077 74.24355400368486
    vertex 3717.6596333634866 200.0284066849524 71.90528541346679
    vertex 3717.100445054283 200.02840668495207 72.33436569448111
  endloop
endfacet
facet normal -2.0314705232890745e-28 -1.0 -6.954678604353964e-13
  outer loop
    vertex 3699.009633363487 200.02840668495077 74.24355400368486
    vertex 3717.100445054283 200.02840668495207 72.33436569448111
    vertex 3716.6713647732686 200.0284066849517 72.89355400368481
  endloop
endfacet
facet normal -2.0314705232890745e-28 -1.0 -6.954678604353964e-13
  outer loop
    vertex 3699.009633363487 200.02840668495077 74.24355400368486
    vertex 3716.6713647732686 200.0284066849517 72.89355400368481
    vertex 3716.4016336325058 200.02840668495125 73.54474258190803
  endloop
endfacet
facet normal -2.0314705232890745e-28 -1.0 -6.954678604353964e-13
  outer loop
    vertex 3699.009633363487 200.02840668495077 74.24355400368486
    vertex 3716.4016336325058 200.02840668495125 73.54474258190803
    vertex 3716.3096333634867 200.02840668495077 74.24355400368486
  endloop
endfacet
facet normal -2.0314705232890745e-28 -1.0 -6.954678604353964e-13
  outer loop
    vertex 3699.009633363487 200.02840668495077 74.24355400368486
    vertex 3716.3096333634867 200.02840668495077 74.24355400368486
    vertex 3716.4016336325058 200.02840668495026 74.94236542546169
  endloop
endfacet
facet normal -2.0314705232890745e-28 -1.0 -6.954678604353964e-13
  outer loop
    vertex 3699.009633363487 200.02840668495077 74.24355400368486
    vertex 3716.4016336325058 200.02840668495026 74.94236542546169
    vertex 3699.0490987949215 200.0284066849499 75.49936439427114
  endloop
endfacet
facet normal -2.0314705232890745e-28 -1.0 -6.954678604353964e-13
  outer loop
    vertex 3699.0490987949215 200.0284066849499 75.49936439427114
    vertex 3716.4016336325058 200.02840668495026 74.94236542546169
    vertex 3716.6713647732686 200.0284066849498 75.59355400368491
  endloop
endfacet
facet normal -2.0314705232890745e-28 -1.0 -6.954678604353964e-13
  outer loop
    vertex 3699.0490987949215 200.0284066849499 75.49936439427114
    vertex 3716.6713647732686 200.0284066849498 75.59355400368491
    vertex 3699.1673393371975 200.02840668494903 76.75021867497098
  endloop
endfacet
facet normal -2.0314705232890745e-28 -1.0 -6.954678604353964e-13
  outer loop
    vertex 3699.1673393371975 200.02840668494903 76.75021867497098
    vertex 3716.6713647732686 200.0284066849498 75.59355400368491
    vertex 3717.100445054283 200.02840668494946 76.15274231288862
  endloop
endfacet
facet normal -2.0314705232890745e-28 -1.0 -6.954678604353964e-13
  outer loop
    vertex 3699.1673393371975 200.02840668494903 76.75021867497098
    vertex 3717.100445054283 200.02840668494946 76.15274231288862
    vertex 3717.6596333634866 200.02840668494915 76.58182259390293
  endloop
endfacet
facet normal -2.0314705232890745e-28 -1.0 -6.954678604353964e-13
  outer loop
    vertex 3699.1673393371975 200.02840668494903 76.75021867497098
    vertex 3717.6596333634866 200.02840668494915 76.58182259390293
    vertex 3718.3108219417104 200.02840668494895 76.85155373466544
  endloop
endfacet
facet normal -2.0314705232890745e-28 -1.0 -6.954678604353964e-13
  outer loop
    vertex 3699.1673393371975 200.02840668494903 76.75021867497098
    vertex 3718.3108219417104 200.02840668494895 76.85155373466544
    vertex 3699.3638883489134 200.02840668494824 77.99118029539939
  endloop
endfacet
facet normal -2.0314705232890745e-28 -1.0 -6.954678604353964e-13
  outer loop
    vertex 3699.3638883489134 200.02840668494824 77.99118029539939
    vertex 3718.3108219417104 200.02840668494895 76.85155373466544
    vertex 3719.009633363487 200.02840668494892 76.94355400368498
  endloop
endfacet
facet normal -2.0314705232890745e-28 -1.0 -6.954678604353964e-13
  outer loop
    vertex 3699.3638883489134 200.02840668494824 77.99118029539939
    vertex 3719.009633363487 200.02840668494892 76.94355400368498
    vertex 3738.6553783780605 200.02840668494824 77.99118029539939
  endloop
endfacet
facet normal -2.0314705232890745e-28 -1.0 -6.954678604353964e-13
  outer loop
    vertex 3699.3638883489134 200.02840668494824 77.99118029539939
    vertex 3738.6553783780605 200.02840668494824 77.99118029539939
    vertex 3738.3812965860593 200.02840668494738 79.21735174698199
  endloop
endfacet
facet normal -2.0314705232890745e-28 -1.0 -6.954678604353964e-13
  outer loop
    vertex 3699.3638883489134 200.02840668494824 77.99118029539939
    vertex 3738.3812965860593 200.02840668494738 79.21735174698199
    vertex 3699.637970140914 200.02840668494738 79.217351746982
  endloop
endfacet
facet normal -2.0314705232890745e-28 -1.0 -6.954678604353964e-13
  outer loop
    vertex 3699.637970140914 200.02840668494738 79.217351746982
    vertex 3738.3812965860593 200.02840668494738 79.21735174698199
    vertex 3738.0307636893904 200.02840668494656 80.42389389118384
  endloop
endfacet
facet normal -2.0314705232890745e-28 -1.0 -6.954678604353964e-13
  outer loop
    vertex 3699.637970140914 200.02840668494738 79.217351746982
    vertex 3738.0307636893904 200.02840668494656 80.42389389118384
    vertex 3699.988503037583 200.02840668494656 80.42389389118387
  endloop
endfacet
facet normal -2.0314705232890745e-28 -1.0 -6.954678604353964e-13
  outer loop
    vertex 3699.988503037583 200.02840668494656 80.42389389118387
    vertex 3738.0307636893904 200.02840668494656 80.42389389118384
    vertex 3737.605163081252 200.02840668494576 81.60604505737847
  endloop
endfacet
facet normal -2.0314705232890745e-28 -1.0 -6.954678604353964e-13
  outer loop
    vertex 3699.988503037583 200.02840668494656 80.42389389118387
    vertex 3737.605163081252 200.02840668494576 81.60604505737847
    vertex 3700.4141036457218 200.02840668494576 81.6060450573785
  endloop
endfacet
facet normal -2.0314705232890745e-28 -1.0 -6.954678604353964e-13
  outer loop
    vertex 3700.4141036457218 200.02840668494576 81.6060450573785
    vertex 3737.605163081252 200.02840668494576 81.60604505737847
    vertex 3737.1061744128074 200.028406684945 82.75913983498637
  endloop
endfacet
facet normal -2.0314705232890745e-28 -1.0 -6.954678604353964e-13
  outer loop
    vertex 3700.4141036457218 200.02840668494576 81.6060450573785
    vertex 3737.1061744128074 200.028406684945 82.75913983498637
    vertex 3700.9130923141665 200.028406684945 82.75913983498639
  endloop
endfacet
facet normal -2.0314705232890745e-28 -1.0 -6.954678604353964e-13
  outer loop
    vertex 3700.9130923141665 200.028406684945 82.75913983498639
    vertex 3737.1061744128074 200.028406684945 82.75913983498637
    vertex 3736.5357669643645 200.02840668494423 83.87862748571924
  endloop
endfacet
facet normal -2.0314705232890745e-28 -1.0 -6.954678604353964e-13
  outer loop
    vertex 3700.9130923141665 200.028406684945 82.75913983498639
    vertex 3736.5357669643645 200.02840668494423 83.87862748571924
    vertex 3701.4834997626094 200.02840668494423 83.87862748571924
  endloop
endfacet
facet normal -2.0314705232890745e-28 -1.0 -6.954678604353964e-13
  outer loop
    vertex 3701.4834997626094 200.02840668494423 83.87862748571924
    vertex 3736.5357669643645 200.02840668494423 83.87862748571924
    vertex 3735.896191873527 200.02840668494346 84.96008990326486
  endloop
endfacet
facet normal -2.0314705232890745e-28 -1.0 -6.954678604353964e-13
  outer loop
    vertex 3701.4834997626094 200.02840668494423 83.87862748571924
    vertex 3735.896191873527 200.02840668494346 84.96008990326486
    vertex 3702.1230748534463 200.02840668494346 84.96008990326486
  endloop
endfacet
facet normal -2.0314705232890745e-28 -1.0 -6.954678604353964e-13
  outer loop
    vertex 3702.1230748534463 200.02840668494346 84.96008990326486
    vertex 3735.896191873527 200.02840668494346 84.96008990326486
    vertex 3735.189973250986 200.02840668494278 85.9992590495344
  endloop
endfacet
facet normal -2.0314705232890745e-28 -1.0 -6.954678604353964e-13
  outer loop
    vertex 3702.1230748534463 200.02840668494346 84.96008990326486
    vertex 3735.189973250986 200.02840668494278 85.9992590495344
    vertex 3702.829293475988 200.02840668494278 85.9992590495344
  endloop
endfacet
facet normal -2.0314705232890745e-28 -1.0 -6.954678604353964e-13
  outer loop
    vertex 3702.829293475988 200.02840668494278 85.9992590495344
    vertex 3735.189973250986 200.02840668494278 85.9992590495344
    vertex 3734.419898219003 200.0284066849421 86.99203379865875
  endloop
endfacet
facet normal -2.0314705232890745e-28 -1.0 -6.954678604353964e-13
  outer loop
    vertex 3702.829293475988 200.02840668494278 85.9992590495344
    vertex 3734.419898219003 200.0284066849421 86.99203379865875
    vertex 3703.5993685079707 200.0284066849421 86.99203379865875
  endloop
endfacet
facet normal -2.0314705232890745e-28 -1.0 -6.954678604353964e-13
  outer loop
    vertex 3703.5993685079707 200.0284066849421 86.99203379865875
    vertex 3734.419898219003 200.0284066849421 86.99203379865875
    vertex 3733.589005911915 200.02840668494147 87.93449612225874
  endloop
endfacet
facet normal -2.0314705232890745e-28 -1.0 -6.954678604353964e-13
  outer loop
    vertex 3703.5993685079707 200.0284066849421 86.99203379865875
    vertex 3733.589005911915 200.02840668494147 87.93449612225874
    vertex 3704.4302608150583 200.02840668494147 87.93449612225874
  endloop
endfacet
facet normal -2.0314705232890745e-28 -1.0 -6.954678604353964e-13
  outer loop
    vertex 3704.4302608150583 200.02840668494147 87.93449612225874
    vertex 3733.589005911915 200.02840668494147 87.93449612225874
    vertex 3732.7005754820607 200.02840668494085 88.8229265521132
  endloop
endfacet
facet normal -2.0314705232890745e-28 -1.0 -6.954678604353964e-13
  outer loop
    vertex 3704.4302608150583 200.02840668494147 87.93449612225874
    vertex 3732.7005754820607 200.02840668494085 88.8229265521132
    vertex 3705.318691244913 200.02840668494085 88.8229265521132
  endloop
endfacet
facet normal -2.0314705232890745e-28 -1.0 -6.954678604353964e-13
  outer loop
    vertex 3705.318691244913 200.02840668494085 88.8229265521132
    vertex 3732.7005754820607 200.02840668494085 88.8229265521132
    vertex 3731.7581131584607 200.02840668494028 89.65381885920075
  endloop
endfacet
facet normal -2.0314705232890745e-28 -1.0 -6.954678604353964e-13
  outer loop
    vertex 3705.318691244913 200.02840668494085 88.8229265521132
    vertex 3731.7581131584607 200.02840668494028 89.65381885920075
    vertex 3706.2611535685132 200.02840668494028 89.65381885920075
  endloop
endfacet
facet normal -2.0314705232890745e-28 -1.0 -6.954678604353964e-13
  outer loop
    vertex 3706.2611535685132 200.02840668494028 89.65381885920075
    vertex 3731.7581131584607 200.02840668494028 89.65381885920075
    vertex 3730.7653384093364 200.02840668493974 90.42389389118394
  endloop
endfacet
facet normal -2.0314705232890745e-28 -1.0 -6.954678604353964e-13
  outer loop
    vertex 3706.2611535685132 200.02840668494028 89.65381885920075
    vertex 3730.7653384093364 200.02840668493974 90.42389389118394
    vertex 3707.2539283176375 200.02840668493974 90.42389389118394
  endloop
endfacet
facet normal -2.0314705232890745e-28 -1.0 -6.954678604353964e-13
  outer loop
    vertex 3707.2539283176375 200.02840668493974 90.42389389118394
    vertex 3730.7653384093364 200.02840668493974 90.42389389118394
    vertex 3729.726169263067 200.02840668493926 91.1301125137253
  endloop
endfacet
facet normal -2.0314705232890745e-28 -1.0 -6.954678604353964e-13
  outer loop
    vertex 3707.2539283176375 200.02840668493974 90.42389389118394
    vertex 3729.726169263067 200.02840668493926 91.1301125137253
    vertex 3708.293097463907 200.02840668493926 91.1301125137253
  endloop
endfacet
facet normal -2.0314705232890745e-28 -1.0 -6.954678604353964e-13
  outer loop
    vertex 3708.293097463907 200.02840668493926 91.1301125137253
    vertex 3729.726169263067 200.02840668493926 91.1301125137253
    vertex 3728.6447068455213 200.02840668493886 91.76968760456225
  endloop
endfacet
facet normal -2.0314705232890745e-28 -1.0 -6.954678604353964e-13
  outer loop
    vertex 3708.293097463907 200.02840668493926 91.1301125137253
    vertex 3728.6447068455213 200.02840668493886 91.76968760456225
    vertex 3709.374559881452 200.02840668493886 91.76968760456226
  endloop
endfacet
facet normal -2.0314705232890745e-28 -1.0 -6.954678604353964e-13
  outer loop
    vertex 3709.374559881452 200.02840668493886 91.76968760456226
    vertex 3728.6447068455213 200.02840668493886 91.76968760456225
    vertex 3727.525219194788 200.02840668493843 92.34009505300538
  endloop
endfacet
facet normal -2.0314705232890745e-28 -1.0 -6.954678604353964e-13
  outer loop
    vertex 3709.374559881452 200.02840668493886 91.76968760456226
    vertex 3727.525219194788 200.02840668493843 92.34009505300538
    vertex 3710.494047532186 200.02840668493843 92.34009505300538
  endloop
endfacet
facet normal -2.0314705232890745e-28 -1.0 -6.954678604353964e-13
  outer loop
    vertex 3710.494047532186 200.02840668493843 92.34009505300538
    vertex 3727.525219194788 200.02840668493843 92.34009505300538
    vertex 3726.372124417181 200.02840668493812 92.83908372145002
  endloop
endfacet
facet normal -2.0314705232890745e-28 -1.0 -6.954678604353964e-13
  outer loop
    vertex 3710.494047532186 200.02840668493843 92.34009505300538
    vertex 3726.372124417181 200.02840668493812 92.83908372145002
    vertex 3711.647142309793 200.02840668493812 92.83908372145002
  endloop
endfacet
facet normal -2.0314705232890745e-28 -1.0 -6.954678604353964e-13
  outer loop
    vertex 3711.647142309793 200.02840668493812 92.83908372145002
    vertex 3726.372124417181 200.02840668493812 92.83908372145002
    vertex 3725.189973250986 200.0284066849378 93.26468432958808
  endloop
endfacet
facet normal -2.0314705232890745e-28 -1.0 -6.954678604353964e-13
  outer loop
    vertex 3711.647142309793 200.02840668493812 92.83908372145002
    vertex 3725.189973250986 200.0284066849378 93.26468432958808
    vertex 3712.829293475988 200.0284066849378 93.26468432958808
  endloop
endfacet
facet normal -2.0314705232890745e-28 -1.0 -6.954678604353964e-13
  outer loop
    vertex 3712.829293475988 200.0284066849378 93.26468432958808
    vertex 3725.189973250986 200.0284066849378 93.26468432958808
    vertex 3723.9834311067843 200.02840668493758 93.61521722625761
  endloop
endfacet
facet normal -2.0314705232890745e-28 -1.0 -6.954678604353964e-13
  outer loop
    vertex 3712.829293475988 200.0284066849378 93.26468432958808
    vertex 3723.9834311067843 200.02840668493758 93.61521722625761
    vertex 3714.035835620189 200.02840668493758 93.61521722625761
  endloop
endfacet
facet normal -2.0314705232890745e-28 -1.0 -6.954678604353964e-13
  outer loop
    vertex 3714.035835620189 200.02840668493758 93.61521722625761
    vertex 3723.9834311067843 200.02840668493758 93.61521722625761
    vertex 3722.757259655201 200.0284066849374 93.88929901825877
  endloop
endfacet
facet normal -2.0314705232890745e-28 -1.0 -6.954678604353964e-13
  outer loop
    vertex 3714.035835620189 200.02840668493758 93.61521722625761
    vertex 3722.757259655201 200.0284066849374 93.88929901825877
    vertex 3715.2620070717726 200.0284066849374 93.88929901825877
  endloop
endfacet
facet normal -2.0314705232890745e-28 -1.0 -6.954678604353964e-13
  outer loop
    vertex 3715.2620070717726 200.0284066849374 93.88929901825877
    vertex 3722.757259655201 200.0284066849374 93.88929901825877
    vertex 3721.5162980347727 200.02840668493727 94.08584802997457
  endloop
endfacet
facet normal -2.0314705232890745e-28 -1.0 -6.954678604353964e-13
  outer loop
    vertex 3715.2620070717726 200.0284066849374 93.88929901825877
    vertex 3721.5162980347727 200.02840668493727 94.08584802997457
    vertex 3716.5029686922007 200.02840668493727 94.08584802997457
  endloop
endfacet
facet normal -2.0314705232890745e-28 -1.0 -6.954678604353964e-13
  outer loop
    vertex 3716.5029686922007 200.02840668493727 94.08584802997457
    vertex 3721.5162980347727 200.02840668493727 94.08584802997457
    vertex 3720.2654437540727 200.02840668493718 94.20408857225044
  endloop
endfacet
facet normal -2.0314705232890745e-28 -1.0 -6.954678604353964e-13
  outer loop
    vertex 3716.5029686922007 200.02840668493727 94.08584802997457
    vertex 3720.2654437540727 200.02840668493718 94.20408857225044
    vertex 3717.7538229729007 200.02840668493718 94.20408857225044
  endloop
endfacet
facet normal -2.0314705232890745e-28 -1.0 -6.954678604353964e-13
  outer loop
    vertex 3717.7538229729007 200.02840668493718 94.20408857225044
    vertex 3720.2654437540727 200.02840668493718 94.20408857225044
    vertex 3719.009633363487 200.02840668493712 94.243554003685
  endloop
endfacet
facet normal -3.1193383623494816e-30 -0.612907053652975 0.7901550123756914
  outer loop
    vertex 3739.0096333634874 189.3108232446035 -3.7908878500573002
    vertex 3699.0096333634856 190.60143041846413 -2.7897903084799687
    vertex 3699.0096333634856 189.3108232446035 -3.7908878500573002
  endloop
endfacet
facet normal -3.1193383623494816e-30 -0.612907053652975 0.7901550123756914
  outer loop
    vertex 3699.0096333634856 190.60143041846413 -2.7897903084799687
    vertex 3739.0096333634874 189.3108232446035 -3.7908878500573002
    vertex 3739.0096333634874 190.60143041846413 -2.7897903084799687
  endloop
endfacet
facet normal 0.0 -0.5090414157503709 0.8607420270039438
  outer loop
    vertex 3739.0096333634874 186.55400221164595 -5.540419677447756
    vertex 3699.0096333634856 187.95990335445416 -4.708972059360342
    vertex 3699.0096333634856 186.55400221164595 -5.540419677447756
  endloop
endfacet
facet normal 0.0 -0.5090414157503709 0.8607420270039438
  outer loop
    vertex 3699.0096333634856 187.95990335445416 -4.708972059360342
    vertex 3739.0096333634874 186.55400221164595 -5.540419677447756
    vertex 3739.0096333634874 187.95990335445416 -4.708972059360342
  endloop
endfacet
facet normal 0.0 -0.21814324139654515 0.9759167619387468
  outer loop
    vertex 3739.0096333634874 178.90032086423616 -8.295914515251061
    vertex 3699.0096333634856 180.49434375129232 -7.9396081856498375
    vertex 3699.0096333634856 178.90032086423616 -8.295914515251061
  endloop
endfacet
facet normal 0.0 -0.21814324139654515 0.9759167619387468
  outer loop
    vertex 3699.0096333634856 180.49434375129232 -7.9396081856498375
    vertex 3739.0096333634874 178.90032086423616 -8.295914515251061
    vertex 3739.0096333634874 180.49434375129232 -7.9396081856498375
  endloop
endfacet
facet normal 1.7239778578268528e-30 -0.3387379202452937 0.9408807689542247
  outer loop
    vertex 3739.0096333634874 182.0628485387535 -7.483915419979776
    vertex 3699.0096333634856 183.59964505480528 -6.9306346294007515
    vertex 3699.0096333634856 182.0628485387535 -7.483915419979776
  endloop
endfacet
facet normal 1.7239778578268528e-30 -0.3387379202452937 0.9408807689542247
  outer loop
    vertex 3699.0096333634856 183.59964505480528 -6.9306346294007515
    vertex 3739.0096333634874 182.0628485387535 -7.483915419979776
    vertex 3739.0096333634874 183.59964505480528 -6.9306346294007515
  endloop
endfacet
facet normal 0.0 -0.15643446504023018 0.987688340595138
  outer loop
    vertex 3739.0096333634874 177.2870707576805 -8.551428230481378
    vertex 3699.0096333634856 178.90032086423616 -8.295914515251061
    vertex 3699.0096333634856 177.2870707576805 -8.551428230481378
  endloop
endfacet
facet normal 0.0 -0.15643446504023018 0.987688340595138
  outer loop
    vertex 3699.0096333634856 178.90032086423616 -8.295914515251061
    vertex 3739.0096333634874 177.2870707576805 -8.551428230481378
    vertex 3739.0096333634874 178.90032086423616 -8.295914515251061
  endloop
endfacet
facet normal 0.0 0.0941083133185155 0.99556196460308
  outer loop
    vertex 3739.0097394074887 96.33345566512813 -8.551428226354382
    vertex 3699.009739407486 97.95956623003764 -8.705140931312997
    vertex 3699.009739407486 96.33345566512813 -8.551428226354382
  endloop
endfacet
facet normal 0.0 0.0941083133185155 0.99556196460308
  outer loop
    vertex 3699.009739407486 97.95956623003764 -8.705140931312997
    vertex 3739.0097394074887 96.33345566512813 -8.551428226354382
    vertex 3739.0097394074887 97.95956623003764 -8.705140931312997
  endloop
endfacet
facet normal -6.020751672193409e-19 -0.5090414157503726 -0.860742027003943
  outer loop
    vertex 3739.0097394074887 84.65049834212131 -8.75644599219047
    vertex 3699.009739407486 83.51731588842965 -8.086283757242414
    vertex 3699.009739407486 84.65049834212131 -8.75644599219047
  endloop
endfacet
facet normal -6.020751672193409e-19 -0.5090414157503726 -0.860742027003943
  outer loop
    vertex 3699.009739407486 83.51731588842965 -8.086283757242414
    vertex 3739.0097394074887 84.65049834212131 -8.75644599219047
    vertex 3739.0097394074887 83.51731588842965 -8.086283757242414
  endloop
endfacet
facet normal 0.0 0.5090414157503734 0.8607420270039426
  outer loop
    vertex 3739.0097394074887 85.6606230683478 -4.708972055230941
    vertex 3699.009739407486 87.06652421115689 -5.5404196733188735
    vertex 3699.009739407486 85.6606230683478 -4.708972055230941
  endloop
endfacet
facet normal 0.0 0.5090414157503734 0.8607420270039426
  outer loop
    vertex 3699.009739407486 87.06652421115689 -5.5404196733188735
    vertex 3739.0097394074887 85.6606230683478 -4.708972055230941
    vertex 3739.0097394074887 87.06652421115689 -5.5404196733188735
  endloop
endfacet
facet normal -4.394263881359375e-20 -0.03141075904120003 0.9995065603668921
  outer loop
    vertex 3739.0096333634874 174.02840668501113 -8.756445996244413
    vertex 3699.0096333634856 175.66096019277202 -8.705140935439891
    vertex 3699.0096333634856 174.02840668501113 -8.756445996244413
  endloop
endfacet
facet normal -4.394263881359375e-20 -0.03141075904120003 0.9995065603668921
  outer loop
    vertex 3699.0096333634856 175.66096019277202 -8.705140935439891
    vertex 3739.0096333634874 174.02840668501113 -8.756445996244413
    vertex 3739.0096333634874 175.66096019277202 -8.705140935439891
  endloop
endfacet
facet normal 3.9029955910350567e-19 -0.2789911060392279 0.9602936856769434
  outer loop
    vertex 3739.0096333634874 180.49434375129232 -7.9396081856498375
    vertex 3699.0096333634856 182.0628485387535 -7.483915419979776
    vertex 3699.0096333634856 180.49434375129232 -7.9396081856498375
  endloop
endfacet
facet normal 3.9029955910350567e-19 -0.2789911060392279 0.9602936856769434
  outer loop
    vertex 3699.0096333634856 182.0628485387535 -7.483915419979776
    vertex 3739.0096333634874 180.49434375129232 -7.9396081856498375
    vertex 3739.0096333634874 182.0628485387535 -7.483915419979776
  endloop
endfacet
facet normal -3.36569053771887e-30 -0.6613118653236547 0.7501110696304569
  outer loop
    vertex 3739.0096333634874 190.60143041846413 -2.7897903084799687
    vertex 3699.0096333634856 191.82663143914314 -1.7096303092669927
    vertex 3699.0096333634856 190.60143041846413 -2.7897903084799687
  endloop
endfacet
facet normal -3.36569053771887e-30 -0.6613118653236547 0.7501110696304569
  outer loop
    vertex 3699.0096333634856 191.82663143914314 -1.7096303092669927
    vertex 3739.0096333634874 190.60143041846413 -2.7897903084799687
    vertex 3739.0096333634874 191.82663143914314 -1.7096303092669927
  endloop
endfacet
facet normal 6.351180666691635e-19 -0.45399049973954864 0.891006524188367
  outer loop
    vertex 3739.0096333634874 185.09866826569439 -6.28194936042323
    vertex 3699.0096333634856 186.55400221164595 -5.540419677447756
    vertex 3699.0096333634856 185.09866826569439 -6.28194936042323
  endloop
endfacet
facet normal 6.351180666691635e-19 -0.45399049973954864 0.891006524188367
  outer loop
    vertex 3699.0096333634856 186.55400221164595 -5.540419677447756
    vertex 3739.0096333634874 185.09866826569439 -6.28194936042323
    vertex 3739.0096333634874 186.55400221164595 -5.540419677447756
  endloop
endfacet
facet normal 2.0212504382184286e-30 -0.39714789063477873 0.9177546256839819
  outer loop
    vertex 3739.0096333634874 183.59964505480528 -6.9306346294007515
    vertex 3699.0096333634856 185.09866826569439 -6.28194936042323
    vertex 3699.0096333634856 183.59964505480528 -6.9306346294007515
  endloop
endfacet
facet normal 2.0212504382184286e-30 -0.39714789063477873 0.9177546256839819
  outer loop
    vertex 3699.0096333634856 185.09866826569439 -6.28194936042323
    vertex 3739.0096333634874 183.59964505480528 -6.9306346294007515
    vertex 3739.0096333634874 185.09866826569439 -6.28194936042323
  endloop
endfacet
facet normal -0.0 -0.8270805742745617 -0.5620833778521311
  outer loop
    vertex 3739.0097394074887 74.2622819727391 1.1687501584481406
    vertex 3699.009739407486 75.32160990655113 -0.3900035609561517
    vertex 3739.0097394074887 75.32160990655113 -0.3900035609561517
  endloop
endfacet
facet normal -0.0 -0.8270805742745617 -0.5620833778521311
  outer loop
    vertex 3699.009739407486 75.32160990655113 -0.3900035609561517
    vertex 3739.0097394074887 74.2622819727391 1.1687501584481406
    vertex 3699.009739407486 74.2622819727391 1.1687501584481406
  endloop
endfacet
facet normal 0.0 0.7071067811865467 0.7071067811865485
  outer loop
    vertex 3739.0097394074887 80.63893542484578 -0.554670746325094
    vertex 3699.009739407486 81.7938949836564 -1.7096303051357107
    vertex 3699.009739407486 80.63893542484578 -0.554670746325094
  endloop
endfacet
facet normal 0.0 0.7071067811865467 0.7071067811865485
  outer loop
    vertex 3699.009739407486 81.7938949836564 -1.7096303051357107
    vertex 3739.0097394074887 80.63893542484578 -0.554670746325094
    vertex 3739.0097394074887 81.7938949836564 -1.7096303051357107
  endloop
endfacet
facet normal 8.579230906334052e-13 1.0 3.159906345735489e-12
  outer loop
    vertex 3699.009633363487 204.0284066849507 74.24355400368759
    vertex 3739.009633363511 204.02840668503148 -8.756445996222583
    vertex 3699.0169703635106 204.02840668551198 -8.75644599646299
  endloop
endfacet
facet normal 8.579230906334052e-13 1.0 3.159906345735489e-12
  outer loop
    vertex 3739.009633363511 204.02840668503148 -8.756445996222583
    vertex 3699.009633363487 204.0284066849507 74.24355400368759
    vertex 3718.3108219417104 204.02840668495273 71.63555427270693
  endloop
endfacet
facet normal 8.579230906334052e-13 1.0 3.159906345735489e-12
  outer loop
    vertex 3739.009633363511 204.02840668503148 -8.756445996222583
    vertex 3718.3108219417104 204.02840668495273 71.63555427270693
    vertex 3719.009633363487 204.02840668495273 71.54355400368742
  endloop
endfacet
facet normal 8.579230906334052e-13 1.0 3.159906345735489e-12
  outer loop
    vertex 3718.3108219417104 204.02840668495273 71.63555427270693
    vertex 3699.009633363487 204.0284066849507 74.24355400368759
    vertex 3717.6596333634866 204.02840668495256 71.90528541346944
  endloop
endfacet
facet normal 8.579230906334052e-13 1.0 3.159906345735489e-12
  outer loop
    vertex 3717.6596333634866 204.02840668495256 71.90528541346944
    vertex 3699.009633363487 204.0284066849507 74.24355400368759
    vertex 3717.100445054283 204.0284066849522 72.33436569448378
  endloop
endfacet
facet normal 8.579230906334052e-13 1.0 3.159906345735489e-12
  outer loop
    vertex 3717.100445054283 204.0284066849522 72.33436569448378
    vertex 3699.009633363487 204.0284066849507 74.24355400368759
    vertex 3716.6713647732686 204.02840668495185 72.89355400368747
  endloop
endfacet
facet normal 8.579230906334052e-13 1.0 3.159906345735489e-12
  outer loop
    vertex 3716.6713647732686 204.02840668495185 72.89355400368747
    vertex 3699.009633363487 204.0284066849507 74.24355400368759
    vertex 3716.4016336325058 204.0284066849514 73.54474258191068
  endloop
endfacet
facet normal 8.579230906334052e-13 1.0 3.159906345735489e-12
  outer loop
    vertex 3716.4016336325058 204.0284066849514 73.54474258191068
    vertex 3699.009633363487 204.0284066849507 74.24355400368759
    vertex 3716.3096333634867 204.02840668495094 74.24355400368754
  endloop
endfacet
facet normal 8.579230906334052e-13 1.0 3.159906345735489e-12
  outer loop
    vertex 3716.3096333634867 204.02840668495094 74.24355400368754
    vertex 3699.009633363487 204.0284066849507 74.24355400368759
    vertex 3716.4016336325058 204.0284066849504 74.94236542546435
  endloop
endfacet
facet normal 8.579230906334052e-13 1.0 3.159906345735489e-12
  outer loop
    vertex 3716.4016336325058 204.0284066849504 74.94236542546435
    vertex 3699.009633363487 204.0284066849507 74.24355400368759
    vertex 3699.0490987949215 204.02840668494989 75.4993643942739
  endloop
endfacet
facet normal 8.579230906334052e-13 1.0 3.159906345735489e-12
  outer loop
    vertex 3716.4016336325058 204.0284066849504 74.94236542546435
    vertex 3699.0490987949215 204.02840668494989 75.4993643942739
    vertex 3716.6713647732686 204.02840668494994 75.59355400368759
  endloop
endfacet
facet normal 8.579230906334052e-13 1.0 3.159906345735489e-12
  outer loop
    vertex 3716.6713647732686 204.02840668494994 75.59355400368759
    vertex 3699.0490987949215 204.02840668494989 75.4993643942739
    vertex 3699.1673393371975 204.02840668494903 76.75021867497372
  endloop
endfacet
facet normal 8.579230906334052e-13 1.0 3.159906345735489e-12
  outer loop
    vertex 3716.6713647732686 204.02840668494994 75.59355400368759
    vertex 3699.1673393371975 204.02840668494903 76.75021867497372
    vertex 3717.100445054283 204.02840668494957 76.15274231289129
  endloop
endfacet
facet normal 8.579230906334052e-13 1.0 3.159906345735489e-12
  outer loop
    vertex 3717.100445054283 204.02840668494957 76.15274231289129
    vertex 3699.1673393371975 204.02840668494903 76.75021867497372
    vertex 3717.6596333634866 204.02840668494932 76.5818225939056
  endloop
endfacet
facet normal 8.579230906334052e-13 1.0 3.159906345735489e-12
  outer loop
    vertex 3717.6596333634866 204.02840668494932 76.5818225939056
    vertex 3699.1673393371975 204.02840668494903 76.75021867497372
    vertex 3718.3108219417104 204.02840668494912 76.8515537346681
  endloop
endfacet
facet normal 8.579230906334052e-13 1.0 3.159906345735489e-12
  outer loop
    vertex 3718.3108219417104 204.02840668494912 76.8515537346681
    vertex 3699.1673393371975 204.02840668494903 76.75021867497372
    vertex 3699.3638883489134 204.02840668494818 77.99118029540215
  endloop
endfacet
facet normal 8.579230906334052e-13 1.0 3.159906345735489e-12
  outer loop
    vertex 3718.3108219417104 204.02840668494912 76.8515537346681
    vertex 3699.3638883489134 204.02840668494818 77.99118029540215
    vertex 3719.009633363487 204.02840668494903 76.94355400368764
  endloop
endfacet
facet normal 8.579230906334052e-13 1.0 3.159906345735489e-12
  outer loop
    vertex 3739.009633363511 204.02840668503148 -8.756445996222583
    vertex 3719.7084447852635 204.02840668495273 71.63555427270693
    vertex 3739.0096333634874 204.0284066849507 74.24355400368759
  endloop
endfacet
facet normal 8.579230906334052e-13 1.0 3.159906345735489e-12
  outer loop
    vertex 3719.7084447852635 204.02840668495273 71.63555427270693
    vertex 3739.009633363511 204.02840668503148 -8.756445996222583
    vertex 3719.009633363487 204.02840668495273 71.54355400368742
  endloop
endfacet
facet normal 8.579230906334052e-13 1.0 3.159906345735489e-12
  outer loop
    vertex 3739.0096333634874 204.0284066849507 74.24355400368759
    vertex 3719.7084447852635 204.02840668495273 71.63555427270693
    vertex 3720.3596333634873 204.02840668495256 71.90528541346944
  endloop
endfacet
facet normal 8.579230906334052e-13 1.0 3.159906345735489e-12
  outer loop
    vertex 3739.0096333634874 204.0284066849507 74.24355400368759
    vertex 3720.3596333634873 204.02840668495256 71.90528541346944
    vertex 3720.9188216726902 204.0284066849522 72.33436569448378
  endloop
endfacet
facet normal 8.579230906334052e-13 1.0 3.159906345735489e-12
  outer loop
    vertex 3739.0096333634874 204.0284066849507 74.24355400368759
    vertex 3720.9188216726902 204.0284066849522 72.33436569448378
    vertex 3721.347901953705 204.02840668495185 72.89355400368747
  endloop
endfacet
facet normal 8.579230906334052e-13 1.0 3.159906345735489e-12
  outer loop
    vertex 3739.0096333634874 204.0284066849507 74.24355400368759
    vertex 3721.347901953705 204.02840668495185 72.89355400368747
    vertex 3721.6176330944677 204.0284066849514 73.54474258191068
  endloop
endfacet
facet normal 8.579230906334052e-13 1.0 3.159906345735489e-12
  outer loop
    vertex 3739.0096333634874 204.0284066849507 74.24355400368759
    vertex 3721.6176330944677 204.0284066849514 73.54474258191068
    vertex 3721.709633363487 204.02840668495094 74.24355400368754
  endloop
endfacet
facet normal 8.579230906334052e-13 1.0 3.159906345735489e-12
  outer loop
    vertex 3739.0096333634874 204.0284066849507 74.24355400368759
    vertex 3721.709633363487 204.02840668495094 74.24355400368754
    vertex 3721.6176330944677 204.0284066849504 74.94236542546435
  endloop
endfacet
facet normal 8.579230906334052e-13 1.0 3.159906345735489e-12
  outer loop
    vertex 3739.0096333634874 204.0284066849507 74.24355400368759
    vertex 3721.6176330944677 204.0284066849504 74.94236542546435
    vertex 3738.9701679320524 204.02840668494989 75.4993643942739
  endloop
endfacet
facet normal 8.579230906334052e-13 1.0 3.159906345735489e-12
  outer loop
    vertex 3738.9701679320524 204.02840668494989 75.4993643942739
    vertex 3721.6176330944677 204.0284066849504 74.94236542546435
    vertex 3721.347901953705 204.02840668494994 75.59355400368759
  endloop
endfacet
facet normal 8.579230906334052e-13 1.0 3.159906345735489e-12
  outer loop
    vertex 3738.9701679320524 204.02840668494989 75.4993643942739
    vertex 3721.347901953705 204.02840668494994 75.59355400368759
    vertex 3738.8519273897764 204.02840668494903 76.75021867497372
  endloop
endfacet
facet normal 8.579230906334052e-13 1.0 3.159906345735489e-12
  outer loop
    vertex 3738.8519273897764 204.02840668494903 76.75021867497372
    vertex 3721.347901953705 204.02840668494994 75.59355400368759
    vertex 3720.9188216726902 204.02840668494957 76.15274231289129
  endloop
endfacet
facet normal 8.579230906334052e-13 1.0 3.159906345735489e-12
  outer loop
    vertex 3738.8519273897764 204.02840668494903 76.75021867497372
    vertex 3720.9188216726902 204.02840668494957 76.15274231289129
    vertex 3720.3596333634873 204.02840668494932 76.5818225939056
  endloop
endfacet
facet normal 8.579230906334052e-13 1.0 3.159906345735489e-12
  outer loop
    vertex 3738.8519273897764 204.02840668494903 76.75021867497372
    vertex 3720.3596333634873 204.02840668494932 76.5818225939056
    vertex 3719.7084447852635 204.02840668494912 76.8515537346681
  endloop
endfacet
facet normal 8.579230906334052e-13 1.0 3.159906345735489e-12
  outer loop
    vertex 3738.8519273897764 204.02840668494903 76.75021867497372
    vertex 3719.7084447852635 204.02840668494912 76.8515537346681
    vertex 3738.6553783780605 204.02840668494818 77.99118029540215
  endloop
endfacet
facet normal 8.579230906334052e-13 1.0 3.159906345735489e-12
  outer loop
    vertex 3738.6553783780605 204.02840668494818 77.99118029540215
    vertex 3719.7084447852635 204.02840668494912 76.8515537346681
    vertex 3719.009633363487 204.02840668494903 76.94355400368764
  endloop
endfacet
facet normal 8.579230906334052e-13 1.0 3.159906345735489e-12
  outer loop
    vertex 3738.6553783780605 204.02840668494818 77.99118029540215
    vertex 3719.009633363487 204.02840668494903 76.94355400368764
    vertex 3699.3638883489134 204.02840668494818 77.99118029540215
  endloop
endfacet
facet normal 8.579230906334052e-13 1.0 3.159906345735489e-12
  outer loop
    vertex 3738.6553783780605 204.02840668494818 77.99118029540215
    vertex 3699.3638883489134 204.02840668494818 77.99118029540215
    vertex 3699.637970140914 204.02840668494736 79.21735174698476
  endloop
endfacet
facet normal 8.579230906334052e-13 1.0 3.159906345735489e-12
  outer loop
    vertex 3738.6553783780605 204.02840668494818 77.99118029540215
    vertex 3699.637970140914 204.02840668494736 79.21735174698476
    vertex 3738.3812965860593 204.02840668494736 79.21735174698476
  endloop
endfacet
facet normal 8.579230906334052e-13 1.0 3.159906345735489e-12
  outer loop
    vertex 3738.3812965860593 204.02840668494736 79.21735174698476
    vertex 3699.637970140914 204.02840668494736 79.21735174698476
    vertex 3699.988503037583 204.02840668494656 80.42389389118664
  endloop
endfacet
facet normal 8.579230906334052e-13 1.0 3.159906345735489e-12
  outer loop
    vertex 3738.3812965860593 204.02840668494736 79.21735174698476
    vertex 3699.988503037583 204.02840668494656 80.42389389118664
    vertex 3738.0307636893904 204.02840668494656 80.42389389118661
  endloop
endfacet
facet normal 8.579230906334052e-13 1.0 3.159906345735489e-12
  outer loop
    vertex 3738.0307636893904 204.02840668494656 80.42389389118661
    vertex 3699.988503037583 204.02840668494656 80.42389389118664
    vertex 3737.605163081252 204.02840668494574 81.60604505738124
  endloop
endfacet
facet normal 8.579230906334052e-13 1.0 3.159906345735489e-12
  outer loop
    vertex 3737.605163081252 204.02840668494574 81.60604505738124
    vertex 3699.988503037583 204.02840668494656 80.42389389118664
    vertex 3700.4141036457218 204.02840668494574 81.60604505738124
  endloop
endfacet
facet normal 8.579230906334052e-13 1.0 3.159906345735489e-12
  outer loop
    vertex 3737.605163081252 204.02840668494574 81.60604505738124
    vertex 3700.4141036457218 204.02840668494574 81.60604505738124
    vertex 3700.9130923141665 204.02840668494494 82.75913983498914
  endloop
endfacet
facet normal 8.579230906334052e-13 1.0 3.159906345735489e-12
  outer loop
    vertex 3737.605163081252 204.02840668494574 81.60604505738124
    vertex 3700.9130923141665 204.02840668494494 82.75913983498914
    vertex 3737.1061744128074 204.02840668494494 82.75913983498914
  endloop
endfacet
facet normal 8.579230906334052e-13 1.0 3.159906345735489e-12
  outer loop
    vertex 3737.1061744128074 204.02840668494494 82.75913983498914
    vertex 3700.9130923141665 204.02840668494494 82.75913983498914
    vertex 3701.4834997626094 204.0284066849442 83.878627485722
  endloop
endfacet
facet normal 8.579230906334052e-13 1.0 3.159906345735489e-12
  outer loop
    vertex 3737.1061744128074 204.02840668494494 82.75913983498914
    vertex 3701.4834997626094 204.0284066849442 83.878627485722
    vertex 3736.5357669643645 204.0284066849442 83.87862748572199
  endloop
endfacet
facet normal 8.579230906334052e-13 1.0 3.159906345735489e-12
  outer loop
    vertex 3736.5357669643645 204.0284066849442 83.87862748572199
    vertex 3701.4834997626094 204.0284066849442 83.878627485722
    vertex 3735.896191873527 204.0284066849435 84.96008990326764
  endloop
endfacet
facet normal 8.579230906334052e-13 1.0 3.159906345735489e-12
  outer loop
    vertex 3735.896191873527 204.0284066849435 84.96008990326764
    vertex 3701.4834997626094 204.0284066849442 83.878627485722
    vertex 3702.1230748534463 204.0284066849435 84.96008990326764
  endloop
endfacet
facet normal 8.579230906334052e-13 1.0 3.159906345735489e-12
  outer loop
    vertex 3735.896191873527 204.0284066849435 84.96008990326764
    vertex 3702.1230748534463 204.0284066849435 84.96008990326764
    vertex 3702.829293475988 204.02840668494278 85.99925904953719
  endloop
endfacet
facet normal 8.579230906334052e-13 1.0 3.159906345735489e-12
  outer loop
    vertex 3735.896191873527 204.0284066849435 84.96008990326764
    vertex 3702.829293475988 204.02840668494278 85.99925904953719
    vertex 3735.189973250986 204.02840668494278 85.99925904953716
  endloop
endfacet
facet normal 8.579230906334052e-13 1.0 3.159906345735489e-12
  outer loop
    vertex 3735.189973250986 204.02840668494278 85.99925904953716
    vertex 3702.829293475988 204.02840668494278 85.99925904953719
    vertex 3734.419898219003 204.02840668494204 86.99203379866151
  endloop
endfacet
facet normal 8.579230906334052e-13 1.0 3.159906345735489e-12
  outer loop
    vertex 3734.419898219003 204.02840668494204 86.99203379866151
    vertex 3702.829293475988 204.02840668494278 85.99925904953719
    vertex 3703.5993685079707 204.02840668494204 86.99203379866151
  endloop
endfacet
facet normal 8.579230906334052e-13 1.0 3.159906345735489e-12
  outer loop
    vertex 3734.419898219003 204.02840668494204 86.99203379866151
    vertex 3703.5993685079707 204.02840668494204 86.99203379866151
    vertex 3704.4302608150583 204.02840668494142 87.93449612226149
  endloop
endfacet
facet normal 8.579230906334052e-13 1.0 3.159906345735489e-12
  outer loop
    vertex 3734.419898219003 204.02840668494204 86.99203379866151
    vertex 3704.4302608150583 204.02840668494142 87.93449612226149
    vertex 3733.589005911915 204.02840668494142 87.93449612226149
  endloop
endfacet
facet normal 8.579230906334052e-13 1.0 3.159906345735489e-12
  outer loop
    vertex 3733.589005911915 204.02840668494142 87.93449612226149
    vertex 3704.4302608150583 204.02840668494142 87.93449612226149
    vertex 3705.318691244913 204.02840668494082 88.82292655211596
  endloop
endfacet
facet normal 8.579230906334052e-13 1.0 3.159906345735489e-12
  outer loop
    vertex 3733.589005911915 204.02840668494142 87.93449612226149
    vertex 3705.318691244913 204.02840668494082 88.82292655211596
    vertex 3732.7005754820607 204.02840668494082 88.82292655211596
  endloop
endfacet
facet normal 8.579230906334052e-13 1.0 3.159906345735489e-12
  outer loop
    vertex 3732.7005754820607 204.02840668494082 88.82292655211596
    vertex 3705.318691244913 204.02840668494082 88.82292655211596
    vertex 3706.2611535685132 204.02840668494025 89.65381885920353
  endloop
endfacet
facet normal 8.579230906334052e-13 1.0 3.159906345735489e-12
  outer loop
    vertex 3732.7005754820607 204.02840668494082 88.82292655211596
    vertex 3706.2611535685132 204.02840668494025 89.65381885920353
    vertex 3731.7581131584607 204.02840668494025 89.65381885920351
  endloop
endfacet
facet normal 8.579230906334052e-13 1.0 3.159906345735489e-12
  outer loop
    vertex 3731.7581131584607 204.02840668494025 89.65381885920351
    vertex 3706.2611535685132 204.02840668494025 89.65381885920353
    vertex 3730.7653384093364 204.02840668493974 90.42389389118668
  endloop
endfacet
facet normal 8.579230906334052e-13 1.0 3.159906345735489e-12
  outer loop
    vertex 3730.7653384093364 204.02840668493974 90.42389389118668
    vertex 3706.2611535685132 204.02840668494025 89.65381885920353
    vertex 3707.2539283176375 204.02840668493974 90.42389389118668
  endloop
endfacet
facet normal 8.579230906334052e-13 1.0 3.159906345735489e-12
  outer loop
    vertex 3730.7653384093364 204.02840668493974 90.42389389118668
    vertex 3707.2539283176375 204.02840668493974 90.42389389118668
    vertex 3708.293097463907 204.02840668493926 91.13011251372804
  endloop
endfacet
facet normal 8.579230906334052e-13 1.0 3.159906345735489e-12
  outer loop
    vertex 3730.7653384093364 204.02840668493974 90.42389389118668
    vertex 3708.293097463907 204.02840668493926 91.13011251372804
    vertex 3729.726169263067 204.02840668493926 91.13011251372804
  endloop
endfacet
facet normal 8.579230906334052e-13 1.0 3.159906345735489e-12
  outer loop
    vertex 3729.726169263067 204.02840668493926 91.13011251372804
    vertex 3708.293097463907 204.02840668493926 91.13011251372804
    vertex 3709.374559881452 204.0284066849388 91.76968760456502
  endloop
endfacet
facet normal 8.579230906334052e-13 1.0 3.159906345735489e-12
  outer loop
    vertex 3729.726169263067 204.02840668493926 91.13011251372804
    vertex 3709.374559881452 204.0284066849388 91.76968760456502
    vertex 3728.6447068455213 204.0284066849388 91.76968760456502
  endloop
endfacet
facet normal 8.579230906334052e-13 1.0 3.159906345735489e-12
  outer loop
    vertex 3728.6447068455213 204.0284066849388 91.76968760456502
    vertex 3709.374559881452 204.0284066849388 91.76968760456502
    vertex 3710.494047532186 204.02840668493843 92.34009505300816
  endloop
endfacet
facet normal 8.579230906334052e-13 1.0 3.159906345735489e-12
  outer loop
    vertex 3728.6447068455213 204.0284066849388 91.76968760456502
    vertex 3710.494047532186 204.02840668493843 92.34009505300816
    vertex 3727.525219194788 204.02840668493843 92.34009505300816
  endloop
endfacet
facet normal 8.579230906334052e-13 1.0 3.159906345735489e-12
  outer loop
    vertex 3727.525219194788 204.02840668493843 92.34009505300816
    vertex 3710.494047532186 204.02840668493843 92.34009505300816
    vertex 3711.647142309793 204.02840668493806 92.83908372145278
  endloop
endfacet
facet normal 8.579230906334052e-13 1.0 3.159906345735489e-12
  outer loop
    vertex 3727.525219194788 204.02840668493843 92.34009505300816
    vertex 3711.647142309793 204.02840668493806 92.83908372145278
    vertex 3726.372124417181 204.02840668493806 92.83908372145278
  endloop
endfacet
facet normal 8.579230906334052e-13 1.0 3.159906345735489e-12
  outer loop
    vertex 3726.372124417181 204.02840668493806 92.83908372145278
    vertex 3711.647142309793 204.02840668493806 92.83908372145278
    vertex 3712.829293475988 204.0284066849378 93.26468432959082
  endloop
endfacet
facet normal 8.579230906334052e-13 1.0 3.159906345735489e-12
  outer loop
    vertex 3726.372124417181 204.02840668493806 92.83908372145278
    vertex 3712.829293475988 204.0284066849378 93.26468432959082
    vertex 3725.189973250986 204.0284066849378 93.26468432959082
  endloop
endfacet
facet normal 8.579230906334052e-13 1.0 3.159906345735489e-12
  outer loop
    vertex 3725.189973250986 204.0284066849378 93.26468432959082
    vertex 3712.829293475988 204.0284066849378 93.26468432959082
    vertex 3714.035835620189 204.02840668493758 93.6152172262604
  endloop
endfacet
facet normal 8.579230906334052e-13 1.0 3.159906345735489e-12
  outer loop
    vertex 3725.189973250986 204.0284066849378 93.26468432959082
    vertex 3714.035835620189 204.02840668493758 93.6152172262604
    vertex 3723.9834311067843 204.02840668493758 93.6152172262604
  endloop
endfacet
facet normal 8.579230906334052e-13 1.0 3.159906345735489e-12
  outer loop
    vertex 3723.9834311067843 204.02840668493758 93.6152172262604
    vertex 3714.035835620189 204.02840668493758 93.6152172262604
    vertex 3715.2620070717726 204.02840668493735 93.88929901826154
  endloop
endfacet
facet normal 8.579230906334052e-13 1.0 3.159906345735489e-12
  outer loop
    vertex 3723.9834311067843 204.02840668493758 93.6152172262604
    vertex 3715.2620070717726 204.02840668493735 93.88929901826154
    vertex 3722.757259655201 204.02840668493735 93.88929901826154
  endloop
endfacet
facet normal 8.579230906334052e-13 1.0 3.159906345735489e-12
  outer loop
    vertex 3722.757259655201 204.02840668493735 93.88929901826154
    vertex 3715.2620070717726 204.02840668493735 93.88929901826154
    vertex 3716.5029686922007 204.02840668493727 94.08584802997733
  endloop
endfacet
facet normal 8.579230906334052e-13 1.0 3.159906345735489e-12
  outer loop
    vertex 3722.757259655201 204.02840668493735 93.88929901826154
    vertex 3716.5029686922007 204.02840668493727 94.08584802997733
    vertex 3721.5162980347727 204.02840668493727 94.08584802997733
  endloop
endfacet
facet normal 8.579230906334052e-13 1.0 3.159906345735489e-12
  outer loop
    vertex 3721.5162980347727 204.02840668493727 94.08584802997733
    vertex 3716.5029686922007 204.02840668493727 94.08584802997733
    vertex 3717.7538229729007 204.02840668493718 94.20408857225318
  endloop
endfacet
facet normal 8.579230906334052e-13 1.0 3.159906345735489e-12
  outer loop
    vertex 3721.5162980347727 204.02840668493727 94.08584802997733
    vertex 3717.7538229729007 204.02840668493718 94.20408857225318
    vertex 3720.2654437540727 204.02840668493718 94.20408857225318
  endloop
endfacet
facet normal 8.579230906334052e-13 1.0 3.159906345735489e-12
  outer loop
    vertex 3720.2654437540727 204.02840668493718 94.20408857225318
    vertex 3717.7538229729007 204.02840668493718 94.20408857225318
    vertex 3719.009633363487 204.02840668493718 94.24355400368776
  endloop
endfacet
facet normal 0.0 0.9602936856769441 0.2789911060392265
  outer loop
    vertex 3699.009739407486 74.40895754845904 10.77761694153283
    vertex 3739.0097394074887 74.86465031412939 9.209112154070665
    vertex 3699.009739407486 74.86465031412939 9.209112154070665
  endloop
endfacet
facet normal 0.0 0.9602936856769441 0.2789911060392265
  outer loop
    vertex 3739.0097394074887 74.86465031412939 9.209112154070665
    vertex 3699.009739407486 74.40895754845904 10.77761694153283
    vertex 3739.0097394074887 74.40895754845904 10.77761694153283
  endloop
endfacet
facet normal 0.0 0.9876883405951365 0.15643446504023908
  outer loop
    vertex 3699.009739407486 73.79713750362713 13.984889935146642
    vertex 3739.0097394074887 74.05265121885762 12.37163982858997
    vertex 3699.009739407486 74.05265121885762 12.37163982858997
  endloop
endfacet
facet normal 0.0 0.9876883405951365 0.15643446504023908
  outer loop
    vertex 3739.0097394074887 74.05265121885762 12.37163982858997
    vertex 3699.009739407486 73.79713750362713 13.984889935146642
    vertex 3739.0097394074887 73.79713750362713 13.984889935146642
  endloop
endfacet
facet normal 0.0 0.6129070536529792 0.7901550123756883
  outer loop
    vertex 3739.0097394074887 83.01909600433618 -2.7897903043493604
    vertex 3699.009739407486 84.30970317819761 -3.790887845927324
    vertex 3699.009739407486 83.01909600433618 -2.7897903043493604
  endloop
endfacet
facet normal 0.0 0.6129070536529792 0.7901550123756883
  outer loop
    vertex 3699.009739407486 84.30970317819761 -3.790887845927324
    vertex 3739.0097394074887 83.01909600433618 -2.7897903043493604
    vertex 3739.0097394074887 84.30970317819761 -3.790887845927324
  endloop
endfacet
facet normal 0.0 0.9408807689542242 0.3387379202452949
  outer loop
    vertex 3699.009739407486 74.86465031412939 9.209112154070665
    vertex 3739.0097394074887 75.41793110470877 7.67231563801791
    vertex 3699.009739407486 75.41793110470877 7.67231563801791
  endloop
endfacet
facet normal 0.0 0.9408807689542242 0.3387379202452949
  outer loop
    vertex 3739.0097394074887 75.41793110470877 7.67231563801791
    vertex 3699.009739407486 74.86465031412939 9.209112154070665
    vertex 3739.0097394074887 74.86465031412939 9.209112154070665
  endloop
endfacet
facet normal 0.0 0.7901550123756914 0.612907053652975
  outer loop
    vertex 3699.009739407486 78.55767788405417 1.961137448216122
    vertex 3739.0097394074887 79.55877542563212 0.6705302743546897
    vertex 3699.009739407486 79.55877542563212 0.6705302743546897
  endloop
endfacet
facet normal 0.0 0.7901550123756914 0.612907053652975
  outer loop
    vertex 3739.0097394074887 79.55877542563212 0.6705302743546897
    vertex 3699.009739407486 78.55767788405417 1.961137448216122
    vertex 3739.0097394074887 78.55767788405417 1.961137448216122
  endloop
endfacet
facet normal 0.0 0.8607420270039408 0.5090414157503761
  outer loop
    vertex 3699.009739407486 76.80814605666262 4.717958481175399
    vertex 3739.0097394074887 77.63959367475057 3.3120573383663006
    vertex 3699.009739407486 77.63959367475057 3.3120573383663006
  endloop
endfacet
facet normal 0.0 0.8607420270039408 0.5090414157503761
  outer loop
    vertex 3739.0097394074887 77.63959367475057 3.3120573383663006
    vertex 3699.009739407486 76.80814605666262 4.717958481175399
    vertex 3739.0097394074887 76.80814605666262 4.717958481175399
  endloop
endfacet
facet normal 0.0 0.5620833778521286 0.8270805742745632
  outer loop
    vertex 3739.0097394074887 84.30970317819761 -3.790887845927324
    vertex 3699.009739407486 85.6606230683478 -4.708972055230941
    vertex 3699.009739407486 84.30970317819761 -3.790887845927324
  endloop
endfacet
facet normal 0.0 0.5620833778521286 0.8270805742745632
  outer loop
    vertex 3699.009739407486 85.6606230683478 -4.708972055230941
    vertex 3739.0097394074887 84.30970317819761 -3.790887845927324
    vertex 3739.0097394074887 85.6606230683478 -4.708972055230941
  endloop
endfacet
facet normal 0.0 0.9759167619387488 0.21814324139653668
  outer loop
    vertex 3699.009739407486 74.05265121885762 12.37163982858997
    vertex 3739.0097394074887 74.40895754845904 10.77761694153283
    vertex 3699.009739407486 74.40895754845904 10.77761694153283
  endloop
endfacet
facet normal 0.0 0.9759167619387488 0.21814324139653668
  outer loop
    vertex 3739.0097394074887 74.40895754845904 10.77761694153283
    vertex 3699.009739407486 74.05265121885762 12.37163982858997
    vertex 3739.0097394074887 74.05265121885762 12.37163982858997
  endloop
endfacet
facet normal 2.523469049894443e-30 0.9995065603652874 0.03141075909226692
  outer loop
    vertex 3699.009739407486 73.59211973778046 17.24355400781805
    vertex 3739.0097394074887 73.64342479866852 15.611000500056157
    vertex 3699.009739407486 73.64342479866852 15.611000500056157
  endloop
endfacet
facet normal 2.523469049894443e-30 0.9995065603652874 0.03141075909226692
  outer loop
    vertex 3739.0097394074887 73.64342479866852 15.611000500056157
    vertex 3699.009739407486 73.59211973778046 17.24355400781805
    vertex 3739.0097394074887 73.59211973778046 17.24355400781805
  endloop
endfacet
facet normal 0.0 0.8270805742745649 0.5620833778521264
  outer loop
    vertex 3699.009739407486 77.63959367475057 3.3120573383663006
    vertex 3739.0097394074887 78.55767788405417 1.961137448216122
    vertex 3699.009739407486 78.55767788405417 1.961137448216122
  endloop
endfacet
facet normal 0.0 0.8270805742745649 0.5620833778521264
  outer loop
    vertex 3739.0097394074887 78.55767788405417 1.961137448216122
    vertex 3699.009739407486 77.63959367475057 3.3120573383663006
    vertex 3739.0097394074887 77.63959367475057 3.3120573383663006
  endloop
endfacet
facet normal 0.0 0.6613118653236506 0.7501110696304607
  outer loop
    vertex 3739.0097394074887 81.7938949836564 -1.7096303051357107
    vertex 3699.009739407486 83.01909600433618 -2.7897903043493604
    vertex 3699.009739407486 81.7938949836564 -1.7096303051357107
  endloop
endfacet
facet normal 0.0 0.6613118653236506 0.7501110696304607
  outer loop
    vertex 3699.009739407486 83.01909600433618 -2.7897903043493604
    vertex 3739.0097394074887 81.7938949836564 -1.7096303051357107
    vertex 3739.0097394074887 83.01909600433618 -2.7897903043493604
  endloop
endfacet
facet normal 0.0 0.9177546256839829 0.39714789063477707
  outer loop
    vertex 3699.009739407486 75.41793110470877 7.67231563801791
    vertex 3739.0097394074887 76.06661637368668 6.173292427127878
    vertex 3699.009739407486 76.06661637368668 6.173292427127878
  endloop
endfacet
facet normal 0.0 0.9177546256839829 0.39714789063477707
  outer loop
    vertex 3739.0097394074887 76.06661637368668 6.173292427127878
    vertex 3699.009739407486 75.41793110470877 7.67231563801791
    vertex 3739.0097394074887 75.41793110470877 7.67231563801791
  endloop
endfacet
facet normal 0.0 0.8910065241883689 0.4539904997395451
  outer loop
    vertex 3699.009739407486 76.06661637368668 6.173292427127878
    vertex 3739.0097394074887 76.80814605666262 4.717958481175399
    vertex 3699.009739407486 76.80814605666262 4.717958481175399
  endloop
endfacet
facet normal 0.0 0.8910065241883689 0.4539904997395451
  outer loop
    vertex 3739.0097394074887 76.80814605666262 4.717958481175399
    vertex 3699.009739407486 76.06661637368668 6.173292427127878
    vertex 3739.0097394074887 76.06661637368668 6.173292427127878
  endloop
endfacet
facet normal 0.0 0.9955619646030802 0.09410831331851191
  outer loop
    vertex 3699.009739407486 73.64342479866852 15.611000500056157
    vertex 3739.0097394074887 73.79713750362713 13.984889935146642
    vertex 3699.009739407486 73.79713750362713 13.984889935146642
  endloop
endfacet
facet normal 0.0 0.9955619646030802 0.09410831331851191
  outer loop
    vertex 3739.0097394074887 73.79713750362713 13.984889935146642
    vertex 3699.009739407486 73.64342479866852 15.611000500056157
    vertex 3739.0097394074887 73.64342479866852 15.611000500056157
  endloop
endfacet
facet normal -2.3232494847831743e-14 1.0 7.291015105267946e-13
  outer loop
    vertex 3699.009739407486 73.59211973779101 2.3019326121398533
    vertex 3739.0097394074887 73.59211973779881 -8.756445992199756
    vertex 3699.0097394074883 73.59211973779881 -8.756445992199756
  endloop
endfacet
facet normal -2.3232494847831743e-14 1.0 7.291015105267946e-13
  outer loop
    vertex 3739.0097394074887 73.59211973779881 -8.756445992199756
    vertex 3699.009739407486 73.59211973779101 2.3019326121398533
    vertex 3739.0097394074887 73.59211973779101 2.3019326121398533
  endloop
endfacet
facet normal 0.0 0.7501110696304599 0.6613118653236516
  outer loop
    vertex 3699.009739407486 79.55877542563212 0.6705302743546897
    vertex 3739.0097394074887 80.63893542484578 -0.554670746325094
    vertex 3699.009739407486 80.63893542484578 -0.554670746325094
  endloop
endfacet
facet normal 0.0 0.7501110696304599 0.6613118653236516
  outer loop
    vertex 3739.0097394074887 80.63893542484578 -0.554670746325094
    vertex 3699.009739407486 79.55877542563212 0.6705302743546897
    vertex 3739.0097394074887 79.55877542563212 0.6705302743546897
  endloop
endfacet
facet normal -0.9955619646030958 -6.402951278787037e-14 0.09410831331834844
  outer loop
    vertex 3699.167445381199 73.59211973773859 76.75021867910759
    vertex 3699.049204838923 69.59211973773945 75.49936439840504
    vertex 3699.167445381199 69.5921197377386 76.75021867910486
  endloop
endfacet
facet normal -0.9955619646030958 -6.402951278787037e-14 0.09410831331834844
  outer loop
    vertex 3699.049204838923 69.59211973773945 75.49936439840504
    vertex 3699.167445381199 73.59211973773859 76.75021867910759
    vertex 3699.049204838923 73.59211973773944 75.49936439840776
  endloop
endfacet
facet normal -0.9876883405951307 -1.0643504517902292e-13 0.15643446504027664
  outer loop
    vertex 3699.3639943929147 73.59211973773775 77.99118029953601
    vertex 3699.167445381199 69.5921197377386 76.75021867910486
    vertex 3699.3639943929147 69.59211973773776 77.99118029953328
  endloop
endfacet
facet normal -0.9876883405951307 -1.0643504517902292e-13 0.15643446504027664
  outer loop
    vertex 3699.167445381199 69.5921197377386 76.75021867910486
    vertex 3699.3639943929147 73.59211973773775 77.99118029953601
    vertex 3699.167445381199 73.59211973773859 76.75021867910759
  endloop
endfacet
facet normal -0.9759167619387596 -1.4842052707218883e-13 0.2181432413964884
  outer loop
    vertex 3699.6380761849155 73.59211973773692 79.21735175111863
    vertex 3699.3639943929147 69.59211973773776 77.99118029953328
    vertex 3699.6380761849155 69.59211973773692 79.2173517511159
  endloop
endfacet
facet normal -0.9759167619387596 -1.4842052707218883e-13 0.2181432413964884
  outer loop
    vertex 3699.3639943929147 69.59211973773776 77.99118029953328
    vertex 3699.6380761849155 73.59211973773692 79.21735175111863
    vertex 3699.3639943929147 73.59211973773775 77.99118029953601
  endloop
endfacet
facet normal -0.8270805742745455 -3.8243087736880073e-13 0.5620833778521549
  outer loop
    vertex 3702.8293995199892 73.59211973773229 85.99925905367105
    vertex 3702.1231808974476 69.59211973773301 84.96008990739875
    vertex 3702.8293995199892 69.5921197377323 85.9992590536683
  endloop
endfacet
facet normal -0.8270805742745455 -3.8243087736880073e-13 0.5620833778521549
  outer loop
    vertex 3702.1231808974476 69.59211973773301 84.96008990739875
    vertex 3702.8293995199892 73.59211973773229 85.99925905367105
    vertex 3702.1231808974476 73.59211973773301 84.96008990740151
  endloop
endfacet
facet normal -0.9408807689542593 -2.3047086098235e-13 0.3387379202451975
  outer loop
    vertex 3700.4142096897226 73.59211973773529 81.6060450615151
    vertex 3699.9886090815844 69.5921197377361 80.42389389531775
    vertex 3700.4142096897226 69.5921197377353 81.60604506151238
  endloop
endfacet
facet normal -0.9408807689542593 -2.3047086098235e-13 0.3387379202451975
  outer loop
    vertex 3699.9886090815844 69.5921197377361 80.42389389531775
    vertex 3700.4142096897226 73.59211973773529 81.6060450615151
    vertex 3699.9886090815844 73.59211973773608 80.4238938953205
  endloop
endfacet
facet normal 0.4539904997395327 -6.062239521986241e-13 0.891006524188375
  outer loop
    vertex 3728.6448128895227 69.59211973772838 91.76968760869615
    vertex 3727.5253252387893 73.59211973772798 92.34009505714202
    vertex 3727.5253252387893 69.59211973772798 92.34009505713927
  endloop
endfacet
facet normal 0.4539904997395327 -6.062239521986241e-13 0.891006524188375
  outer loop
    vertex 3727.5253252387893 73.59211973772798 92.34009505714202
    vertex 3728.6448128895227 69.59211973772838 91.76968760869615
    vertex 3728.6448128895227 73.59211973772837 91.76968760869889
  endloop
endfacet
facet normal -0.9995065603657366 -2.149465757317826e-14 0.0314107590779707
  outer loop
    vertex 3699.049204838923 73.59211973773944 75.49936439840776
    vertex 3699.0097394074883 69.5921197377403 74.24355400781876
    vertex 3699.049204838923 69.59211973773945 75.49936439840504
  endloop
endfacet
facet normal -0.9995065603657366 -2.149465757317826e-14 0.0314107590779707
  outer loop
    vertex 3699.0097394074883 69.5921197377403 74.24355400781876
    vertex 3699.049204838923 73.59211973773944 75.49936439840776
    vertex 3699.0097394074883 73.59211973774026 74.24355400782146
  endloop
endfacet
facet normal -7.017547937224106e-30 -8.397388043307235e-13 1.0
  outer loop
    vertex 3699.0097394074883 73.59211973779881 -8.756445992199756
    vertex 3739.0097394074887 84.65049834212131 -8.75644599219047
    vertex 3699.009739407486 84.65049834212131 -8.75644599219047
  endloop
endfacet
facet normal -7.017547937224106e-30 -8.397388043307235e-13 1.0
  outer loop
    vertex 3739.0097394074887 84.65049834212131 -8.75644599219047
    vertex 3699.0097394074883 73.59211973779881 -8.756445992199756
    vertex 3739.0097394074887 73.59211973779881 -8.756445992199756
  endloop
endfacet
facet normal -1.1380579018856276e-14 -1.0 -9.195637454331828e-13
  outer loop
    vertex 3712.6346289539806 69.59211973774147 72.53534831014214
    vertex 3709.49090175574 69.59211973774136 72.69807268575626
    vertex 3709.076791283576 69.5921197377414 72.64355400781876
  endloop
endfacet
facet normal -1.1380579018856276e-14 -1.0 -9.195637454331828e-13
  outer loop
    vertex 3709.49090175574 69.59211973774136 72.69807268575626
    vertex 3712.6346289539806 69.59211973774147 72.53534831014214
    vertex 3709.876791283576 69.59211973774126 72.85791336176366
  endloop
endfacet
facet normal -1.1380579018856276e-14 -1.0 -9.195637454331828e-13
  outer loop
    vertex 3709.876791283576 69.59211973774126 72.85791336176366
    vertex 3712.6346289539806 69.59211973774147 72.53534831014214
    vertex 3712.409739407488 69.5921197377403 74.24355400781876
  endloop
endfacet
facet normal -1.1380579018856276e-14 -1.0 -9.195637454331828e-13
  outer loop
    vertex 3709.076791283576 69.5921197377414 72.64355400781876
    vertex 3709.49090175574 69.59211973774136 72.69807268575626
    vertex 3709.2838465196583 69.59211973774138 72.67081334678753
  endloop
endfacet
facet normal -1.1380579018856276e-14 -1.0 -9.195637454331828e-13
  outer loop
    vertex 3709.876791283576 69.59211973774126 72.85791336176366
    vertex 3712.409739407488 69.5921197377403 74.24355400781876
    vertex 3710.208162133474 69.59211973774107 73.11218315792028
  endloop
endfacet
facet normal -1.1380579018856276e-14 -1.0 -9.195637454331828e-13
  outer loop
    vertex 3710.208162133474 69.59211973774107 73.11218315792028
    vertex 3712.409739407488 69.5921197377403 74.24355400781876
    vertex 3710.4624319296313 69.59211973774084 73.44355400781876
  endloop
endfacet
facet normal -1.1380579018856276e-14 -1.0 -9.195637454331828e-13
  outer loop
    vertex 3710.4624319296313 69.59211973774084 73.44355400781876
    vertex 3712.409739407488 69.5921197377403 74.24355400781876
    vertex 3710.622272605638 69.59211973774059 73.82944353565473
  endloop
endfacet
facet normal -1.1380579018856276e-14 -1.0 -9.195637454331828e-13
  outer loop
    vertex 3710.622272605638 69.59211973774059 73.82944353565473
    vertex 3712.409739407488 69.5921197377403 74.24355400781876
    vertex 3710.6767912835758 69.5921197377403 74.24355400781876
  endloop
endfacet
facet normal -1.1380579018856276e-14 -1.0 -9.195637454331828e-13
  outer loop
    vertex 3710.6767912835758 69.5921197377403 74.24355400781876
    vertex 3712.409739407488 69.5921197377403 74.24355400781876
    vertex 3712.6346289539806 69.59211973773914 75.95175970549538
  endloop
endfacet
facet normal -1.1380579018856276e-14 -1.0 -9.195637454331828e-13
  outer loop
    vertex 3710.6767912835758 69.5921197377403 74.24355400781876
    vertex 3712.6346289539806 69.59211973773914 75.95175970549538
    vertex 3710.622272605638 69.59211973774002 74.65766447998278
  endloop
endfacet
facet normal -1.1380579018856276e-14 -1.0 -9.195637454331828e-13
  outer loop
    vertex 3710.622272605638 69.59211973774002 74.65766447998278
    vertex 3712.6346289539806 69.59211973773914 75.95175970549538
    vertex 3710.4624319296313 69.59211973773976 75.04355400781876
  endloop
endfacet
facet normal -1.1380579018856276e-14 -1.0 -9.195637454331828e-13
  outer loop
    vertex 3710.4624319296313 69.59211973773976 75.04355400781876
    vertex 3712.6346289539806 69.59211973773914 75.95175970549538
    vertex 3710.208162133474 69.59211973773954 75.37492485771723
  endloop
endfacet
facet normal -1.1380579018856276e-14 -1.0 -9.195637454331828e-13
  outer loop
    vertex 3710.208162133474 69.59211973773954 75.37492485771723
    vertex 3712.6346289539806 69.59211973773914 75.95175970549538
    vertex 3709.876791283576 69.59211973773937 75.62919465387385
  endloop
endfacet
facet normal -1.1380579018856276e-14 -1.0 -9.195637454331828e-13
  outer loop
    vertex 3709.876791283576 69.59211973773937 75.62919465387385
    vertex 3712.6346289539806 69.59211973773914 75.95175970549538
    vertex 3709.49090175574 69.59211973773925 75.78903532988126
  endloop
endfacet
facet normal -1.1380579018856276e-14 -1.0 -9.195637454331828e-13
  outer loop
    vertex 3709.49090175574 69.59211973773925 75.78903532988126
    vertex 3712.6346289539806 69.59211973773914 75.95175970549538
    vertex 3709.2838465196583 69.59211973773924 75.81629466884999
  endloop
endfacet
facet normal -1.1380579018856276e-14 -1.0 -9.195637454331828e-13
  outer loop
    vertex 3709.2838465196583 69.59211973773924 75.81629466884999
    vertex 3712.6346289539806 69.59211973773914 75.95175970549538
    vertex 3709.076791283576 69.59211973773921 75.84355400781875
  endloop
endfacet
facet normal -1.1380579018856276e-14 -1.0 -9.195637454331828e-13
  outer loop
    vertex 3739.0097394074887 69.5921197377403 74.24355400781876
    vertex 3699.0097394074896 69.59211973782548 -8.756445992201593
    vertex 3739.0097394074887 69.5921197378191 -8.75644599220335
  endloop
endfacet
facet normal -1.1380579018856276e-14 -1.0 -9.195637454331828e-13
  outer loop
    vertex 3699.0097394074896 69.59211973782548 -8.756445992201593
    vertex 3739.0097394074887 69.5921197377403 74.24355400781876
    vertex 3719.8097394074885 69.59211973774833 62.92496523785163
  endloop
endfacet
facet normal -1.1380579018856276e-14 -1.0 -9.195637454331828e-13
  outer loop
    vertex 3699.0097394074896 69.59211973782548 -8.756445992201593
    vertex 3719.8097394074885 69.59211973774833 62.92496523785163
    vertex 3719.423849879652 69.59211973774849 62.765124561844225
  endloop
endfacet
facet normal -1.1380579018856276e-14 -1.0 -9.195637454331828e-13
  outer loop
    vertex 3699.0097394074896 69.59211973782548 -8.756445992201593
    vertex 3719.423849879652 69.59211973774849 62.765124561844225
    vertex 3719.0097394074883 69.59211973774855 62.71060588390673
  endloop
endfacet
facet normal -1.1380579018856276e-14 -1.0 -9.195637454331828e-13
  outer loop
    vertex 3719.8097394074885 69.59211973774833 62.92496523785163
    vertex 3739.0097394074887 69.5921197377403 74.24355400781876
    vertex 3720.1411102573866 69.5921197377481 63.17923503400826
  endloop
endfacet
facet normal -1.1380579018856276e-14 -1.0 -9.195637454331828e-13
  outer loop
    vertex 3720.1411102573866 69.5921197377481 63.17923503400826
    vertex 3739.0097394074887 69.5921197377403 74.24355400781876
    vertex 3720.395380053543 69.5921197377478 63.51060588390673
  endloop
endfacet
facet normal -1.1380579018856276e-14 -1.0 -9.195637454331828e-13
  outer loop
    vertex 3720.395380053543 69.5921197377478 63.51060588390673
    vertex 3739.0097394074887 69.5921197377403 74.24355400781876
    vertex 3720.555220729551 69.59211973774744 63.8964954117427
  endloop
endfacet
facet normal -1.1380579018856276e-14 -1.0 -9.195637454331828e-13
  outer loop
    vertex 3720.555220729551 69.59211973774744 63.8964954117427
    vertex 3739.0097394074887 69.5921197377403 74.24355400781876
    vertex 3720.6097394074886 69.59211973774705 64.31060588390673
  endloop
endfacet
facet normal -1.1380579018856276e-14 -1.0 -9.195637454331828e-13
  outer loop
    vertex 3720.6097394074886 69.59211973774705 64.31060588390673
    vertex 3739.0097394074887 69.5921197377403 74.24355400781876
    vertex 3720.5824800685195 69.5921197377469 64.51766111998874
  endloop
endfacet
facet normal -1.1380579018856276e-14 -1.0 -9.195637454331828e-13
  outer loop
    vertex 3720.5824800685195 69.5921197377469 64.51766111998874
    vertex 3739.0097394074887 69.5921197377403 74.24355400781876
    vertex 3720.555220729551 69.59211973774669 64.72471635607076
  endloop
endfacet
facet normal -1.1380579018856276e-14 -1.0 -9.195637454331828e-13
  outer loop
    vertex 3720.555220729551 69.59211973774669 64.72471635607076
    vertex 3739.0097394074887 69.5921197377403 74.24355400781876
    vertex 3720.395380053543 69.59211973774633 65.11060588390673
  endloop
endfacet
facet normal -1.1380579018856276e-14 -1.0 -9.195637454331828e-13
  outer loop
    vertex 3720.395380053543 69.59211973774633 65.11060588390673
    vertex 3739.0097394074887 69.5921197377403 74.24355400781876
    vertex 3720.1411102573866 69.59211973774603 65.4419767338052
  endloop
endfacet
facet normal -1.1380579018856276e-14 -1.0 -9.195637454331828e-13
  outer loop
    vertex 3720.1411102573866 69.59211973774603 65.4419767338052
    vertex 3739.0097394074887 69.5921197377403 74.24355400781876
    vertex 3719.809739407488 69.5921197377458 65.69624652996183
  endloop
endfacet
facet normal -1.1380579018856276e-14 -1.0 -9.195637454331828e-13
  outer loop
    vertex 3719.809739407488 69.5921197377458 65.69624652996183
    vertex 3739.0097394074887 69.5921197377403 74.24355400781876
    vertex 3719.423849879652 69.59211973774565 65.85608720596923
  endloop
endfacet
facet normal -1.1380579018856276e-14 -1.0 -9.195637454331828e-13
  outer loop
    vertex 3719.423849879652 69.59211973774565 65.85608720596923
    vertex 3739.0097394074887 69.5921197377403 74.24355400781876
    vertex 3719.0097394074883 69.5921197377456 65.91060588390673
  endloop
endfacet
facet normal -1.1380579018856276e-14 -1.0 -9.195637454331828e-13
  outer loop
    vertex 3719.0097394074883 69.5921197377456 65.91060588390673
    vertex 3739.0097394074887 69.5921197377403 74.24355400781876
    vertex 3720.7179451051647 69.59211973774465 67.86844355431096
  endloop
endfacet
facet normal -1.1380579018856276e-14 -1.0 -9.195637454331828e-13
  outer loop
    vertex 3719.0097394074883 69.5921197377456 65.91060588390673
    vertex 3720.7179451051647 69.59211973774465 67.86844355431096
    vertex 3719.0097394074883 69.5921197377448 67.64355400781882
  endloop
endfacet
facet normal -1.1380579018856276e-14 -1.0 -9.195637454331828e-13
  outer loop
    vertex 3720.7179451051647 69.59211973774465 67.86844355431096
    vertex 3739.0097394074887 69.5921197377403 74.24355400781876
    vertex 3722.309739407488 69.5921197377442 68.52778634284152
  endloop
endfacet
facet normal -1.1380579018856276e-14 -1.0 -9.195637454331828e-13
  outer loop
    vertex 3722.309739407488 69.5921197377442 68.52778634284152
    vertex 3739.0097394074887 69.5921197377403 74.24355400781876
    vertex 3723.676644163319 69.59211973774349 69.57664925198759
  endloop
endfacet
facet normal -1.1380579018856276e-14 -1.0 -9.195637454331828e-13
  outer loop
    vertex 3723.676644163319 69.59211973774349 69.57664925198759
    vertex 3739.0097394074887 69.5921197377403 74.24355400781876
    vertex 3724.725507072465 69.59211973774255 70.94355400781879
  endloop
endfacet
facet normal -1.1380579018856276e-14 -1.0 -9.195637454331828e-13
  outer loop
    vertex 3724.725507072465 69.59211973774255 70.94355400781879
    vertex 3739.0097394074887 69.5921197377403 74.24355400781876
    vertex 3729.356798003564 69.59211973774136 72.69807268575626
  endloop
endfacet
facet normal -1.1380579018856276e-14 -1.0 -9.195637454331828e-13
  outer loop
    vertex 3724.725507072465 69.59211973774255 70.94355400781879
    vertex 3729.356798003564 69.59211973774136 72.69807268575626
    vertex 3728.9426875314 69.5921197377414 72.64355400781876
  endloop
endfacet
facet normal -1.1380579018856276e-14 -1.0 -9.195637454331828e-13
  outer loop
    vertex 3724.725507072465 69.59211973774255 70.94355400781879
    vertex 3728.9426875314 69.5921197377414 72.64355400781876
    vertex 3725.384849860996 69.59211973774147 72.53534831014214
  endloop
endfacet
facet normal -1.1380579018856276e-14 -1.0 -9.195637454331828e-13
  outer loop
    vertex 3729.356798003564 69.59211973774136 72.69807268575626
    vertex 3739.0097394074887 69.5921197377403 74.24355400781876
    vertex 3729.7426875314 69.59211973774126 72.85791336176366
  endloop
endfacet
facet normal -1.1380579018856276e-14 -1.0 -9.195637454331828e-13
  outer loop
    vertex 3729.7426875314 69.59211973774126 72.85791336176366
    vertex 3739.0097394074887 69.5921197377403 74.24355400781876
    vertex 3730.074058381298 69.59211973774107 73.11218315792028
  endloop
endfacet
facet normal -1.1380579018856276e-14 -1.0 -9.195637454331828e-13
  outer loop
    vertex 3730.074058381298 69.59211973774107 73.11218315792028
    vertex 3739.0097394074887 69.5921197377403 74.24355400781876
    vertex 3730.328328177455 69.59211973774084 73.44355400781876
  endloop
endfacet
facet normal -1.1380579018856276e-14 -1.0 -9.195637454331828e-13
  outer loop
    vertex 3730.328328177455 69.59211973774084 73.44355400781876
    vertex 3739.0097394074887 69.5921197377403 74.24355400781876
    vertex 3730.488168853462 69.59211973774059 73.82944353565473
  endloop
endfacet
facet normal -1.1380579018856276e-14 -1.0 -9.195637454331828e-13
  outer loop
    vertex 3730.488168853462 69.59211973774059 73.82944353565473
    vertex 3739.0097394074887 69.5921197377403 74.24355400781876
    vertex 3730.5426875313997 69.5921197377403 74.24355400781876
  endloop
endfacet
facet normal -1.1380579018856276e-14 -1.0 -9.195637454331828e-13
  outer loop
    vertex 3730.5426875313997 69.5921197377403 74.24355400781876
    vertex 3739.0097394074887 69.5921197377403 74.24355400781876
    vertex 3738.9702739760537 69.59211973773945 75.49936439840504
  endloop
endfacet
facet normal -1.1380579018856276e-14 -1.0 -9.195637454331828e-13
  outer loop
    vertex 3730.5426875313997 69.5921197377403 74.24355400781876
    vertex 3738.9702739760537 69.59211973773945 75.49936439840504
    vertex 3730.488168853462 69.59211973774002 74.65766447998278
  endloop
endfacet
facet normal -1.1380579018856276e-14 -1.0 -9.195637454331828e-13
  outer loop
    vertex 3730.488168853462 69.59211973774002 74.65766447998278
    vertex 3738.9702739760537 69.59211973773945 75.49936439840504
    vertex 3730.328328177455 69.59211973773976 75.04355400781876
  endloop
endfacet
facet normal -1.1380579018856276e-14 -1.0 -9.195637454331828e-13
  outer loop
    vertex 3730.328328177455 69.59211973773976 75.04355400781876
    vertex 3738.9702739760537 69.59211973773945 75.49936439840504
    vertex 3730.074058381298 69.59211973773954 75.37492485771723
  endloop
endfacet
facet normal -1.1380579018856276e-14 -1.0 -9.195637454331828e-13
  outer loop
    vertex 3730.074058381298 69.59211973773954 75.37492485771723
    vertex 3738.9702739760537 69.59211973773945 75.49936439840504
    vertex 3729.7426875314 69.59211973773937 75.62919465387385
  endloop
endfacet
facet normal -1.1380579018856276e-14 -1.0 -9.195637454331828e-13
  outer loop
    vertex 3729.7426875314 69.59211973773937 75.62919465387385
    vertex 3738.9702739760537 69.59211973773945 75.49936439840504
    vertex 3738.8520334337773 69.5921197377386 76.75021867910485
  endloop
endfacet
facet normal -1.1380579018856276e-14 -1.0 -9.195637454331828e-13
  outer loop
    vertex 3729.7426875314 69.59211973773937 75.62919465387385
    vertex 3738.8520334337773 69.5921197377386 76.75021867910485
    vertex 3729.356798003564 69.59211973773925 75.78903532988126
  endloop
endfacet
facet normal -1.1380579018856276e-14 -1.0 -9.195637454331828e-13
  outer loop
    vertex 3729.356798003564 69.59211973773925 75.78903532988126
    vertex 3738.8520334337773 69.5921197377386 76.75021867910485
    vertex 3728.9426875314 69.59211973773921 75.84355400781875
  endloop
endfacet
facet normal -1.1380579018856276e-14 -1.0 -9.195637454331828e-13
  outer loop
    vertex 3728.9426875314 69.59211973773921 75.84355400781875
    vertex 3738.8520334337773 69.5921197377386 76.75021867910485
    vertex 3725.384849860996 69.59211973773914 75.95175970549539
  endloop
endfacet
facet normal -1.1380579018856276e-14 -1.0 -9.195637454331828e-13
  outer loop
    vertex 3725.384849860996 69.59211973773914 75.95175970549539
    vertex 3738.8520334337773 69.5921197377386 76.75021867910485
    vertex 3724.725507072465 69.59211973773806 77.54355400781874
  endloop
endfacet
facet normal -1.1380579018856276e-14 -1.0 -9.195637454331828e-13
  outer loop
    vertex 3724.725507072465 69.59211973773806 77.54355400781874
    vertex 3738.8520334337773 69.5921197377386 76.75021867910485
    vertex 3738.655484422062 69.59211973773776 77.99118029953328
  endloop
endfacet
facet normal -1.1380579018856276e-14 -1.0 -9.195637454331828e-13
  outer loop
    vertex 3724.725507072465 69.59211973773806 77.54355400781874
    vertex 3738.655484422062 69.59211973773776 77.99118029953328
    vertex 3723.676644163319 69.59211973773712 78.91045876364994
  endloop
endfacet
facet normal -1.1380579018856276e-14 -1.0 -9.195637454331828e-13
  outer loop
    vertex 3723.676644163319 69.59211973773712 78.91045876364994
    vertex 3738.655484422062 69.59211973773776 77.99118029953328
    vertex 3738.3814026300606 69.59211973773692 79.21735175111587
  endloop
endfacet
facet normal -1.1380579018856276e-14 -1.0 -9.195637454331828e-13
  outer loop
    vertex 3723.676644163319 69.59211973773712 78.91045876364994
    vertex 3738.3814026300606 69.59211973773692 79.21735175111587
    vertex 3722.309739407488 69.59211973773641 79.95932167279601
  endloop
endfacet
facet normal -1.1380579018856276e-14 -1.0 -9.195637454331828e-13
  outer loop
    vertex 3722.309739407488 69.59211973773641 79.95932167279601
    vertex 3738.3814026300606 69.59211973773692 79.21735175111587
    vertex 3738.0308697333917 69.5921197377361 80.42389389531773
  endloop
endfacet
facet normal -1.1380579018856276e-14 -1.0 -9.195637454331828e-13
  outer loop
    vertex 3722.309739407488 69.59211973773641 79.95932167279601
    vertex 3738.0308697333917 69.5921197377361 80.42389389531773
    vertex 3720.7179451051647 69.59211973773597 80.61866446132655
  endloop
endfacet
facet normal -1.1380579018856276e-14 -1.0 -9.195637454331828e-13
  outer loop
    vertex 3720.7179451051647 69.59211973773597 80.61866446132655
    vertex 3738.0308697333917 69.5921197377361 80.42389389531773
    vertex 3737.6052691252535 69.5921197377353 81.60604506151236
  endloop
endfacet
facet normal -1.1380579018856276e-14 -1.0 -9.195637454331828e-13
  outer loop
    vertex 3720.7179451051647 69.59211973773597 80.61866446132655
    vertex 3737.6052691252535 69.5921197377353 81.60604506151236
    vertex 3719.0097394074883 69.59211973773581 80.8435540078187
  endloop
endfacet
facet normal -1.1380579018856276e-14 -1.0 -9.195637454331828e-13
  outer loop
    vertex 3725.384849860996 69.59211973774147 72.53534831014214
    vertex 3728.1426875314005 69.59211973774126 72.85791336176366
    vertex 3725.609739407488 69.5921197377403 74.24355400781876
  endloop
endfacet
facet normal -1.1380579018856276e-14 -1.0 -9.195637454331828e-13
  outer loop
    vertex 3728.1426875314005 69.59211973774126 72.85791336176366
    vertex 3725.384849860996 69.59211973774147 72.53534831014214
    vertex 3728.528577059236 69.59211973774136 72.69807268575626
  endloop
endfacet
facet normal -1.1380579018856276e-14 -1.0 -9.195637454331828e-13
  outer loop
    vertex 3728.528577059236 69.59211973774136 72.69807268575626
    vertex 3725.384849860996 69.59211973774147 72.53534831014214
    vertex 3728.9426875314 69.5921197377414 72.64355400781876
  endloop
endfacet
facet normal -1.1380579018856276e-14 -1.0 -9.195637454331828e-13
  outer loop
    vertex 3728.528577059236 69.59211973774136 72.69807268575626
    vertex 3728.9426875314 69.5921197377414 72.64355400781876
    vertex 3728.7356322953183 69.59211973774138 72.67081334678753
  endloop
endfacet
facet normal -1.1380579018856276e-14 -1.0 -9.195637454331828e-13
  outer loop
    vertex 3725.609739407488 69.5921197377403 74.24355400781876
    vertex 3728.1426875314005 69.59211973774126 72.85791336176366
    vertex 3727.811316681502 69.59211973774107 73.11218315792028
  endloop
endfacet
facet normal -1.1380579018856276e-14 -1.0 -9.195637454331828e-13
  outer loop
    vertex 3725.609739407488 69.5921197377403 74.24355400781876
    vertex 3727.811316681502 69.59211973774107 73.11218315792028
    vertex 3727.557046885345 69.59211973774084 73.44355400781876
  endloop
endfacet
facet normal -1.1380579018856276e-14 -1.0 -9.195637454331828e-13
  outer loop
    vertex 3725.609739407488 69.5921197377403 74.24355400781876
    vertex 3727.557046885345 69.59211973774084 73.44355400781876
    vertex 3727.397206209338 69.59211973774059 73.82944353565473
  endloop
endfacet
facet normal -1.1380579018856276e-14 -1.0 -9.195637454331828e-13
  outer loop
    vertex 3725.609739407488 69.5921197377403 74.24355400781876
    vertex 3727.397206209338 69.59211973774059 73.82944353565473
    vertex 3727.3426875314003 69.5921197377403 74.24355400781876
  endloop
endfacet
facet normal -1.1380579018856276e-14 -1.0 -9.195637454331828e-13
  outer loop
    vertex 3725.609739407488 69.5921197377403 74.24355400781876
    vertex 3727.3426875314003 69.5921197377403 74.24355400781876
    vertex 3727.397206209338 69.59211973774002 74.65766447998278
  endloop
endfacet
facet normal -1.1380579018856276e-14 -1.0 -9.195637454331828e-13
  outer loop
    vertex 3725.609739407488 69.5921197377403 74.24355400781876
    vertex 3727.397206209338 69.59211973774002 74.65766447998278
    vertex 3725.384849860996 69.59211973773914 75.95175970549539
  endloop
endfacet
facet normal -1.1380579018856276e-14 -1.0 -9.195637454331828e-13
  outer loop
    vertex 3725.384849860996 69.59211973773914 75.95175970549539
    vertex 3727.397206209338 69.59211973774002 74.65766447998278
    vertex 3727.557046885345 69.59211973773976 75.04355400781876
  endloop
endfacet
facet normal -1.1380579018856276e-14 -1.0 -9.195637454331828e-13
  outer loop
    vertex 3725.384849860996 69.59211973773914 75.95175970549539
    vertex 3727.557046885345 69.59211973773976 75.04355400781876
    vertex 3727.811316681502 69.59211973773954 75.37492485771723
  endloop
endfacet
facet normal -1.1380579018856276e-14 -1.0 -9.195637454331828e-13
  outer loop
    vertex 3725.384849860996 69.59211973773914 75.95175970549539
    vertex 3727.811316681502 69.59211973773954 75.37492485771723
    vertex 3728.1426875314005 69.59211973773937 75.62919465387385
  endloop
endfacet
facet normal -1.1380579018856276e-14 -1.0 -9.195637454331828e-13
  outer loop
    vertex 3725.384849860996 69.59211973773914 75.95175970549539
    vertex 3728.1426875314005 69.59211973773937 75.62919465387385
    vertex 3728.528577059236 69.59211973773925 75.78903532988126
  endloop
endfacet
facet normal -1.1380579018856276e-14 -1.0 -9.195637454331828e-13
  outer loop
    vertex 3725.384849860996 69.59211973773914 75.95175970549539
    vertex 3728.528577059236 69.59211973773925 75.78903532988126
    vertex 3728.7356322953183 69.59211973773924 75.81629466884999
  endloop
endfacet
facet normal -1.1380579018856276e-14 -1.0 -9.195637454331828e-13
  outer loop
    vertex 3725.384849860996 69.59211973773914 75.95175970549539
    vertex 3728.7356322953183 69.59211973773924 75.81629466884999
    vertex 3728.9426875314 69.59211973773921 75.84355400781875
  endloop
endfacet
facet normal -1.1380579018856276e-14 -1.0 -9.195637454331828e-13
  outer loop
    vertex 3699.0097394074896 69.59211973782548 -8.756445992201593
    vertex 3718.209739407488 69.59211973774835 62.92496523785163
    vertex 3699.0097394074883 69.5921197377403 74.24355400781876
  endloop
endfacet
facet normal -1.1380579018856276e-14 -1.0 -9.195637454331828e-13
  outer loop
    vertex 3718.209739407488 69.59211973774835 62.92496523785163
    vertex 3699.0097394074896 69.59211973782548 -8.756445992201593
    vertex 3718.595628935324 69.59211973774849 62.765124561844225
  endloop
endfacet
facet normal -1.1380579018856276e-14 -1.0 -9.195637454331828e-13
  outer loop
    vertex 3718.595628935324 69.59211973774849 62.765124561844225
    vertex 3699.0097394074896 69.59211973782548 -8.756445992201593
    vertex 3719.0097394074883 69.59211973774855 62.71060588390673
  endloop
endfacet
facet normal -1.1380579018856276e-14 -1.0 -9.195637454331828e-13
  outer loop
    vertex 3699.0097394074883 69.5921197377403 74.24355400781876
    vertex 3718.209739407488 69.59211973774835 62.92496523785163
    vertex 3717.8783685575895 69.59211973774812 63.17923503400826
  endloop
endfacet
facet normal -1.1380579018856276e-14 -1.0 -9.195637454331828e-13
  outer loop
    vertex 3699.0097394074883 69.5921197377403 74.24355400781876
    vertex 3717.8783685575895 69.59211973774812 63.17923503400826
    vertex 3717.6240987614333 69.59211973774782 63.51060588390673
  endloop
endfacet
facet normal -1.1380579018856276e-14 -1.0 -9.195637454331828e-13
  outer loop
    vertex 3699.0097394074883 69.5921197377403 74.24355400781876
    vertex 3717.6240987614333 69.59211973774782 63.51060588390673
    vertex 3717.464258085425 69.59211973774747 63.8964954117427
  endloop
endfacet
facet normal -1.1380579018856276e-14 -1.0 -9.195637454331828e-13
  outer loop
    vertex 3699.0097394074883 69.5921197377403 74.24355400781876
    vertex 3717.464258085425 69.59211973774747 63.8964954117427
    vertex 3717.409739407488 69.5921197377471 64.31060588390673
  endloop
endfacet
facet normal -1.1380579018856276e-14 -1.0 -9.195637454331828e-13
  outer loop
    vertex 3699.0097394074883 69.5921197377403 74.24355400781876
    vertex 3717.409739407488 69.5921197377471 64.31060588390673
    vertex 3717.4369987464565 69.59211973774691 64.51766111998873
  endloop
endfacet
facet normal -1.1380579018856276e-14 -1.0 -9.195637454331828e-13
  outer loop
    vertex 3699.0097394074883 69.5921197377403 74.24355400781876
    vertex 3717.4369987464565 69.59211973774691 64.51766111998873
    vertex 3717.464258085425 69.59211973774671 64.72471635607076
  endloop
endfacet
facet normal -1.1380579018856276e-14 -1.0 -9.195637454331828e-13
  outer loop
    vertex 3699.0097394074883 69.5921197377403 74.24355400781876
    vertex 3717.464258085425 69.59211973774671 64.72471635607076
    vertex 3717.6240987614333 69.59211973774636 65.11060588390673
  endloop
endfacet
facet normal -1.1380579018856276e-14 -1.0 -9.195637454331828e-13
  outer loop
    vertex 3699.0097394074883 69.5921197377403 74.24355400781876
    vertex 3717.6240987614333 69.59211973774636 65.11060588390673
    vertex 3717.8783685575895 69.59211973774605 65.4419767338052
  endloop
endfacet
facet normal -1.1380579018856276e-14 -1.0 -9.195637454331828e-13
  outer loop
    vertex 3699.0097394074883 69.5921197377403 74.24355400781876
    vertex 3717.8783685575895 69.59211973774605 65.4419767338052
    vertex 3718.2097394074876 69.59211973774582 65.69624652996183
  endloop
endfacet
facet normal -1.1380579018856276e-14 -1.0 -9.195637454331828e-13
  outer loop
    vertex 3699.0097394074883 69.5921197377403 74.24355400781876
    vertex 3718.2097394074876 69.59211973774582 65.69624652996183
    vertex 3718.595628935324 69.59211973774566 65.85608720596923
  endloop
endfacet
facet normal -1.1380579018856276e-14 -1.0 -9.195637454331828e-13
  outer loop
    vertex 3699.0097394074883 69.5921197377403 74.24355400781876
    vertex 3718.595628935324 69.59211973774566 65.85608720596923
    vertex 3719.0097394074883 69.5921197377456 65.91060588390673
  endloop
endfacet
facet normal -1.1380579018856276e-14 -1.0 -9.195637454331828e-13
  outer loop
    vertex 3699.0097394074883 69.5921197377403 74.24355400781876
    vertex 3719.0097394074883 69.5921197377456 65.91060588390673
    vertex 3717.3015337098113 69.59211973774465 67.86844355431096
  endloop
endfacet
facet normal -1.1380579018856276e-14 -1.0 -9.195637454331828e-13
  outer loop
    vertex 3717.3015337098113 69.59211973774465 67.86844355431096
    vertex 3719.0097394074883 69.5921197377456 65.91060588390673
    vertex 3719.0097394074883 69.5921197377448 67.64355400781882
  endloop
endfacet
facet normal -1.1380579018856276e-14 -1.0 -9.195637454331828e-13
  outer loop
    vertex 3699.0097394074883 69.5921197377403 74.24355400781876
    vertex 3717.3015337098113 69.59211973774465 67.86844355431096
    vertex 3715.709739407488 69.5921197377442 68.52778634284152
  endloop
endfacet
facet normal -1.1380579018856276e-14 -1.0 -9.195637454331828e-13
  outer loop
    vertex 3699.0097394074883 69.5921197377403 74.24355400781876
    vertex 3715.709739407488 69.5921197377442 68.52778634284152
    vertex 3714.342834651657 69.59211973774349 69.57664925198759
  endloop
endfacet
facet normal -1.1380579018856276e-14 -1.0 -9.195637454331828e-13
  outer loop
    vertex 3699.0097394074883 69.5921197377403 74.24355400781876
    vertex 3714.342834651657 69.59211973774349 69.57664925198759
    vertex 3713.293971742511 69.59211973774255 70.94355400781879
  endloop
endfacet
facet normal -1.1380579018856276e-14 -1.0 -9.195637454331828e-13
  outer loop
    vertex 3699.0097394074883 69.5921197377403 74.24355400781876
    vertex 3713.293971742511 69.59211973774255 70.94355400781879
    vertex 3708.662680811412 69.59211973774136 72.69807268575626
  endloop
endfacet
facet normal -1.1380579018856276e-14 -1.0 -9.195637454331828e-13
  outer loop
    vertex 3708.662680811412 69.59211973774136 72.69807268575626
    vertex 3713.293971742511 69.59211973774255 70.94355400781879
    vertex 3709.076791283576 69.5921197377414 72.64355400781876
  endloop
endfacet
facet normal -1.1380579018856276e-14 -1.0 -9.195637454331828e-13
  outer loop
    vertex 3709.076791283576 69.5921197377414 72.64355400781876
    vertex 3713.293971742511 69.59211973774255 70.94355400781879
    vertex 3712.6346289539806 69.59211973774147 72.53534831014214
  endloop
endfacet
facet normal -1.1380579018856276e-14 -1.0 -9.195637454331828e-13
  outer loop
    vertex 3699.0097394074883 69.5921197377403 74.24355400781876
    vertex 3708.662680811412 69.59211973774136 72.69807268575626
    vertex 3708.276791283576 69.59211973774126 72.85791336176366
  endloop
endfacet
facet normal -1.1380579018856276e-14 -1.0 -9.195637454331828e-13
  outer loop
    vertex 3699.0097394074883 69.5921197377403 74.24355400781876
    vertex 3708.276791283576 69.59211973774126 72.85791336176366
    vertex 3707.945420433678 69.59211973774107 73.11218315792028
  endloop
endfacet
facet normal -1.1380579018856276e-14 -1.0 -9.195637454331828e-13
  outer loop
    vertex 3699.0097394074883 69.5921197377403 74.24355400781876
    vertex 3707.945420433678 69.59211973774107 73.11218315792028
    vertex 3707.691150637521 69.59211973774084 73.44355400781876
  endloop
endfacet
facet normal -1.1380579018856276e-14 -1.0 -9.195637454331828e-13
  outer loop
    vertex 3699.0097394074883 69.5921197377403 74.24355400781876
    vertex 3707.691150637521 69.59211973774084 73.44355400781876
    vertex 3707.531309961514 69.59211973774059 73.82944353565473
  endloop
endfacet
facet normal -1.1380579018856276e-14 -1.0 -9.195637454331828e-13
  outer loop
    vertex 3699.0097394074883 69.5921197377403 74.24355400781876
    vertex 3707.531309961514 69.59211973774059 73.82944353565473
    vertex 3707.4767912835764 69.5921197377403 74.24355400781876
  endloop
endfacet
facet normal -1.1380579018856276e-14 -1.0 -9.195637454331828e-13
  outer loop
    vertex 3699.0097394074883 69.5921197377403 74.24355400781876
    vertex 3707.4767912835764 69.5921197377403 74.24355400781876
    vertex 3707.531309961514 69.59211973774002 74.65766447998278
  endloop
endfacet
facet normal -1.1380579018856276e-14 -1.0 -9.195637454331828e-13
  outer loop
    vertex 3699.0097394074883 69.5921197377403 74.24355400781876
    vertex 3707.531309961514 69.59211973774002 74.65766447998278
    vertex 3699.049204838923 69.59211973773945 75.49936439840504
  endloop
endfacet
facet normal -1.1380579018856276e-14 -1.0 -9.195637454331828e-13
  outer loop
    vertex 3699.049204838923 69.59211973773945 75.49936439840504
    vertex 3707.531309961514 69.59211973774002 74.65766447998278
    vertex 3707.691150637521 69.59211973773976 75.04355400781876
  endloop
endfacet
facet normal -1.1380579018856276e-14 -1.0 -9.195637454331828e-13
  outer loop
    vertex 3699.049204838923 69.59211973773945 75.49936439840504
    vertex 3707.691150637521 69.59211973773976 75.04355400781876
    vertex 3707.945420433678 69.59211973773954 75.37492485771723
  endloop
endfacet
facet normal -1.1380579018856276e-14 -1.0 -9.195637454331828e-13
  outer loop
    vertex 3699.049204838923 69.59211973773945 75.49936439840504
    vertex 3707.945420433678 69.59211973773954 75.37492485771723
    vertex 3708.276791283576 69.59211973773937 75.62919465387385
  endloop
endfacet
facet normal -1.1380579018856276e-14 -1.0 -9.195637454331828e-13
  outer loop
    vertex 3699.049204838923 69.59211973773945 75.49936439840504
    vertex 3708.276791283576 69.59211973773937 75.62919465387385
    vertex 3699.167445381199 69.5921197377386 76.75021867910486
  endloop
endfacet
facet normal -1.1380579018856276e-14 -1.0 -9.195637454331828e-13
  outer loop
    vertex 3699.167445381199 69.5921197377386 76.75021867910486
    vertex 3708.276791283576 69.59211973773937 75.62919465387385
    vertex 3708.662680811412 69.59211973773925 75.78903532988126
  endloop
endfacet
facet normal -1.1380579018856276e-14 -1.0 -9.195637454331828e-13
  outer loop
    vertex 3699.167445381199 69.5921197377386 76.75021867910486
    vertex 3708.662680811412 69.59211973773925 75.78903532988126
    vertex 3709.076791283576 69.59211973773921 75.84355400781875
  endloop
endfacet
facet normal -1.1380579018856276e-14 -1.0 -9.195637454331828e-13
  outer loop
    vertex 3699.167445381199 69.5921197377386 76.75021867910486
    vertex 3709.076791283576 69.59211973773921 75.84355400781875
    vertex 3712.6346289539806 69.59211973773914 75.95175970549538
  endloop
endfacet
facet normal -1.1380579018856276e-14 -1.0 -9.195637454331828e-13
  outer loop
    vertex 3699.167445381199 69.5921197377386 76.75021867910486
    vertex 3712.6346289539806 69.59211973773914 75.95175970549538
    vertex 3713.293971742511 69.59211973773806 77.54355400781873
  endloop
endfacet
facet normal -1.1380579018856276e-14 -1.0 -9.195637454331828e-13
  outer loop
    vertex 3699.167445381199 69.5921197377386 76.75021867910486
    vertex 3713.293971742511 69.59211973773806 77.54355400781873
    vertex 3699.3639943929147 69.59211973773776 77.99118029953328
  endloop
endfacet
facet normal -1.1380579018856276e-14 -1.0 -9.195637454331828e-13
  outer loop
    vertex 3699.3639943929147 69.59211973773776 77.99118029953328
    vertex 3713.293971742511 69.59211973773806 77.54355400781873
    vertex 3714.342834651657 69.59211973773712 78.91045876364993
  endloop
endfacet
facet normal -1.1380579018856276e-14 -1.0 -9.195637454331828e-13
  outer loop
    vertex 3699.3639943929147 69.59211973773776 77.99118029953328
    vertex 3714.342834651657 69.59211973773712 78.91045876364993
    vertex 3699.6380761849155 69.59211973773692 79.2173517511159
  endloop
endfacet
facet normal -1.1380579018856276e-14 -1.0 -9.195637454331828e-13
  outer loop
    vertex 3699.6380761849155 69.59211973773692 79.2173517511159
    vertex 3714.342834651657 69.59211973773712 78.91045876364993
    vertex 3715.709739407488 69.59211973773641 79.95932167279601
  endloop
endfacet
facet normal -1.1380579018856276e-14 -1.0 -9.195637454331828e-13
  outer loop
    vertex 3699.6380761849155 69.59211973773692 79.2173517511159
    vertex 3715.709739407488 69.59211973773641 79.95932167279601
    vertex 3699.9886090815844 69.5921197377361 80.42389389531775
  endloop
endfacet
facet normal -1.1380579018856276e-14 -1.0 -9.195637454331828e-13
  outer loop
    vertex 3699.9886090815844 69.5921197377361 80.42389389531775
    vertex 3715.709739407488 69.59211973773641 79.95932167279601
    vertex 3717.3015337098113 69.59211973773597 80.61866446132655
  endloop
endfacet
facet normal -1.1380579018856276e-14 -1.0 -9.195637454331828e-13
  outer loop
    vertex 3699.9886090815844 69.5921197377361 80.42389389531775
    vertex 3717.3015337098113 69.59211973773597 80.61866446132655
    vertex 3700.4142096897226 69.5921197377353 81.60604506151238
  endloop
endfacet
facet normal -1.1380579018856276e-14 -1.0 -9.195637454331828e-13
  outer loop
    vertex 3700.4142096897226 69.5921197377353 81.60604506151238
    vertex 3717.3015337098113 69.59211973773597 80.61866446132655
    vertex 3719.0097394074883 69.59211973773581 80.8435540078187
  endloop
endfacet
facet normal -1.1380579018856276e-14 -1.0 -9.195637454331828e-13
  outer loop
    vertex 3700.4142096897226 69.5921197377353 81.60604506151238
    vertex 3719.0097394074883 69.59211973773581 80.8435540078187
    vertex 3737.6052691252535 69.5921197377353 81.60604506151236
  endloop
endfacet
facet normal -1.1380579018856276e-14 -1.0 -9.195637454331828e-13
  outer loop
    vertex 3700.4142096897226 69.5921197377353 81.60604506151238
    vertex 3737.6052691252535 69.5921197377353 81.60604506151236
    vertex 3737.1062804568087 69.5921197377345 82.75913983912025
  endloop
endfacet
facet normal -1.1380579018856276e-14 -1.0 -9.195637454331828e-13
  outer loop
    vertex 3700.4142096897226 69.5921197377353 81.60604506151238
    vertex 3737.1062804568087 69.5921197377345 82.75913983912025
    vertex 3719.0097394074883 69.59211973773462 82.57650213173079
  endloop
endfacet
facet normal -1.1380579018856276e-14 -1.0 -9.195637454331828e-13
  outer loop
    vertex 3719.0097394074883 69.59211973773462 82.57650213173079
    vertex 3737.1062804568087 69.5921197377345 82.75913983912025
    vertex 3719.423849879652 69.59211973773459 82.63102080966829
  endloop
endfacet
facet normal -1.1380579018856276e-14 -1.0 -9.195637454331828e-13
  outer loop
    vertex 3719.423849879652 69.59211973773459 82.63102080966829
    vertex 3737.1062804568087 69.5921197377345 82.75913983912025
    vertex 3719.8097394074885 69.59211973773448 82.79086148567569
  endloop
endfacet
facet normal -1.1380579018856276e-14 -1.0 -9.195637454331828e-13
  outer loop
    vertex 3719.8097394074885 69.59211973773448 82.79086148567569
    vertex 3737.1062804568087 69.5921197377345 82.75913983912025
    vertex 3736.535873008366 69.59211973773375 83.87862748985313
  endloop
endfacet
facet normal -1.1380579018856276e-14 -1.0 -9.195637454331828e-13
  outer loop
    vertex 3719.8097394074885 69.59211973773448 82.79086148567569
    vertex 3736.535873008366 69.59211973773375 83.87862748985313
    vertex 3720.1411102573866 69.59211973773431 83.04513128183231
  endloop
endfacet
facet normal -1.1380579018856276e-14 -1.0 -9.195637454331828e-13
  outer loop
    vertex 3720.1411102573866 69.59211973773431 83.04513128183231
    vertex 3736.535873008366 69.59211973773375 83.87862748985313
    vertex 3720.395380053543 69.59211973773408 83.37650213173079
  endloop
endfacet
facet normal -1.1380579018856276e-14 -1.0 -9.195637454331828e-13
  outer loop
    vertex 3720.395380053543 69.59211973773408 83.37650213173079
    vertex 3736.535873008366 69.59211973773375 83.87862748985313
    vertex 3720.555220729551 69.59211973773382 83.76239165956676
  endloop
endfacet
facet normal -1.1380579018856276e-14 -1.0 -9.195637454331828e-13
  outer loop
    vertex 3720.555220729551 69.59211973773382 83.76239165956676
    vertex 3736.535873008366 69.59211973773375 83.87862748985313
    vertex 3720.5824800685195 69.59211973773368 83.96944689564879
  endloop
endfacet
facet normal -1.1380579018856276e-14 -1.0 -9.195637454331828e-13
  outer loop
    vertex 3720.5824800685195 69.59211973773368 83.96944689564879
    vertex 3736.535873008366 69.59211973773375 83.87862748985313
    vertex 3735.8962979175285 69.59211973773301 84.96008990739875
  endloop
endfacet
facet normal -1.1380579018856276e-14 -1.0 -9.195637454331828e-13
  outer loop
    vertex 3720.5824800685195 69.59211973773368 83.96944689564879
    vertex 3735.8962979175285 69.59211973773301 84.96008990739875
    vertex 3720.6097394074886 69.59211973773354 84.17650213173079
  endloop
endfacet
facet normal -1.1380579018856276e-14 -1.0 -9.195637454331828e-13
  outer loop
    vertex 3720.6097394074886 69.59211973773354 84.17650213173079
    vertex 3735.8962979175285 69.59211973773301 84.96008990739875
    vertex 3720.555220729551 69.59211973773326 84.59061260389483
  endloop
endfacet
facet normal -1.1380579018856276e-14 -1.0 -9.195637454331828e-13
  outer loop
    vertex 3720.555220729551 69.59211973773326 84.59061260389483
    vertex 3735.8962979175285 69.59211973773301 84.96008990739875
    vertex 3720.395380053543 69.592119737733 84.97650213173078
  endloop
endfacet
facet normal -1.1380579018856276e-14 -1.0 -9.195637454331828e-13
  outer loop
    vertex 3720.395380053543 69.592119737733 84.97650213173078
    vertex 3735.8962979175285 69.59211973773301 84.96008990739875
    vertex 3735.190079294987 69.5921197377323 85.9992590536683
  endloop
endfacet
facet normal -1.1380579018856276e-14 -1.0 -9.195637454331828e-13
  outer loop
    vertex 3720.395380053543 69.592119737733 84.97650213173078
    vertex 3735.190079294987 69.5921197377323 85.9992590536683
    vertex 3720.1411102573866 69.59211973773277 85.30787298162926
  endloop
endfacet
facet normal -1.1380579018856276e-14 -1.0 -9.195637454331828e-13
  outer loop
    vertex 3720.1411102573866 69.59211973773277 85.30787298162926
    vertex 3735.190079294987 69.5921197377323 85.9992590536683
    vertex 3719.809739407488 69.5921197377326 85.56214277778588
  endloop
endfacet
facet normal -1.1380579018856276e-14 -1.0 -9.195637454331828e-13
  outer loop
    vertex 3719.809739407488 69.5921197377326 85.56214277778588
    vertex 3735.190079294987 69.5921197377323 85.9992590536683
    vertex 3719.423849879652 69.59211973773249 85.72198345379329
  endloop
endfacet
facet normal -1.1380579018856276e-14 -1.0 -9.195637454331828e-13
  outer loop
    vertex 3719.423849879652 69.59211973773249 85.72198345379329
    vertex 3735.190079294987 69.5921197377323 85.9992590536683
    vertex 3719.0097394074883 69.59211973773246 85.77650213173078
  endloop
endfacet
facet normal -1.1380579018856276e-14 -1.0 -9.195637454331828e-13
  outer loop
    vertex 3719.0097394074883 69.59211973773462 82.57650213173079
    vertex 3700.9131983581674 69.5921197377345 82.75913983912028
    vertex 3700.4142096897226 69.5921197377353 81.60604506151238
  endloop
endfacet
facet normal -1.1380579018856276e-14 -1.0 -9.195637454331828e-13
  outer loop
    vertex 3700.9131983581674 69.5921197377345 82.75913983912028
    vertex 3719.0097394074883 69.59211973773462 82.57650213173079
    vertex 3718.595628935324 69.59211973773459 82.63102080966829
  endloop
endfacet
facet normal -1.1380579018856276e-14 -1.0 -9.195637454331828e-13
  outer loop
    vertex 3700.9131983581674 69.5921197377345 82.75913983912028
    vertex 3718.595628935324 69.59211973773459 82.63102080966829
    vertex 3718.209739407488 69.59211973773448 82.79086148567569
  endloop
endfacet
facet normal -1.1380579018856276e-14 -1.0 -9.195637454331828e-13
  outer loop
    vertex 3700.9131983581674 69.5921197377345 82.75913983912028
    vertex 3718.209739407488 69.59211973773448 82.79086148567569
    vertex 3701.4836058066107 69.59211973773375 83.87862748985313
  endloop
endfacet
facet normal -1.1380579018856276e-14 -1.0 -9.195637454331828e-13
  outer loop
    vertex 3701.4836058066107 69.59211973773375 83.87862748985313
    vertex 3718.209739407488 69.59211973773448 82.79086148567569
    vertex 3717.8783685575895 69.59211973773431 83.04513128183231
  endloop
endfacet
facet normal -1.1380579018856276e-14 -1.0 -9.195637454331828e-13
  outer loop
    vertex 3701.4836058066107 69.59211973773375 83.87862748985313
    vertex 3717.8783685575895 69.59211973773431 83.04513128183231
    vertex 3717.6240987614333 69.59211973773408 83.37650213173079
  endloop
endfacet
facet normal -1.1380579018856276e-14 -1.0 -9.195637454331828e-13
  outer loop
    vertex 3701.4836058066107 69.59211973773375 83.87862748985313
    vertex 3717.6240987614333 69.59211973773408 83.37650213173079
    vertex 3717.464258085425 69.59211973773382 83.76239165956676
  endloop
endfacet
facet normal -1.1380579018856276e-14 -1.0 -9.195637454331828e-13
  outer loop
    vertex 3701.4836058066107 69.59211973773375 83.87862748985313
    vertex 3717.464258085425 69.59211973773382 83.76239165956676
    vertex 3717.4369987464565 69.59211973773368 83.96944689564877
  endloop
endfacet
facet normal -1.1380579018856276e-14 -1.0 -9.195637454331828e-13
  outer loop
    vertex 3701.4836058066107 69.59211973773375 83.87862748985313
    vertex 3717.4369987464565 69.59211973773368 83.96944689564877
    vertex 3702.1231808974476 69.59211973773301 84.96008990739875
  endloop
endfacet
facet normal -1.1380579018856276e-14 -1.0 -9.195637454331828e-13
  outer loop
    vertex 3702.1231808974476 69.59211973773301 84.96008990739875
    vertex 3717.4369987464565 69.59211973773368 83.96944689564877
    vertex 3717.409739407488 69.59211973773354 84.17650213173079
  endloop
endfacet
facet normal -1.1380579018856276e-14 -1.0 -9.195637454331828e-13
  outer loop
    vertex 3702.1231808974476 69.59211973773301 84.96008990739875
    vertex 3717.409739407488 69.59211973773354 84.17650213173079
    vertex 3717.464258085425 69.59211973773326 84.59061260389483
  endloop
endfacet
facet normal -1.1380579018856276e-14 -1.0 -9.195637454331828e-13
  outer loop
    vertex 3702.1231808974476 69.59211973773301 84.96008990739875
    vertex 3717.464258085425 69.59211973773326 84.59061260389483
    vertex 3717.6240987614333 69.592119737733 84.97650213173078
  endloop
endfacet
facet normal -1.1380579018856276e-14 -1.0 -9.195637454331828e-13
  outer loop
    vertex 3702.1231808974476 69.59211973773301 84.96008990739875
    vertex 3717.6240987614333 69.592119737733 84.97650213173078
    vertex 3702.8293995199892 69.5921197377323 85.9992590536683
  endloop
endfacet
facet normal -1.1380579018856276e-14 -1.0 -9.195637454331828e-13
  outer loop
    vertex 3702.8293995199892 69.5921197377323 85.9992590536683
    vertex 3717.6240987614333 69.592119737733 84.97650213173078
    vertex 3717.8783685575895 69.59211973773277 85.30787298162926
  endloop
endfacet
facet normal -1.1380579018856276e-14 -1.0 -9.195637454331828e-13
  outer loop
    vertex 3702.8293995199892 69.5921197377323 85.9992590536683
    vertex 3717.8783685575895 69.59211973773277 85.30787298162926
    vertex 3718.2097394074876 69.5921197377326 85.56214277778588
  endloop
endfacet
facet normal -1.1380579018856276e-14 -1.0 -9.195637454331828e-13
  outer loop
    vertex 3702.8293995199892 69.5921197377323 85.9992590536683
    vertex 3718.2097394074876 69.5921197377326 85.56214277778588
    vertex 3718.595628935324 69.59211973773249 85.72198345379329
  endloop
endfacet
facet normal -1.1380579018856276e-14 -1.0 -9.195637454331828e-13
  outer loop
    vertex 3702.8293995199892 69.5921197377323 85.9992590536683
    vertex 3718.595628935324 69.59211973773249 85.72198345379329
    vertex 3719.0097394074883 69.59211973773246 85.77650213173078
  endloop
endfacet
facet normal -1.1380579018856276e-14 -1.0 -9.195637454331828e-13
  outer loop
    vertex 3702.8293995199892 69.5921197377323 85.9992590536683
    vertex 3719.0097394074883 69.59211973773246 85.77650213173078
    vertex 3735.190079294987 69.5921197377323 85.9992590536683
  endloop
endfacet
facet normal -1.1380579018856276e-14 -1.0 -9.195637454331828e-13
  outer loop
    vertex 3702.8293995199892 69.5921197377323 85.9992590536683
    vertex 3735.190079294987 69.5921197377323 85.9992590536683
    vertex 3734.420004263004 69.59211973773164 86.99203380279265
  endloop
endfacet
facet normal -1.1380579018856276e-14 -1.0 -9.195637454331828e-13
  outer loop
    vertex 3702.8293995199892 69.5921197377323 85.9992590536683
    vertex 3734.420004263004 69.59211973773164 86.99203380279265
    vertex 3703.599474551972 69.59211973773164 86.99203380279265
  endloop
endfacet
facet normal -1.1380579018856276e-14 -1.0 -9.195637454331828e-13
  outer loop
    vertex 3703.599474551972 69.59211973773164 86.99203380279265
    vertex 3734.420004263004 69.59211973773164 86.99203380279265
    vertex 3733.5891119559165 69.592119737731 87.93449612639263
  endloop
endfacet
facet normal -1.1380579018856276e-14 -1.0 -9.195637454331828e-13
  outer loop
    vertex 3703.599474551972 69.59211973773164 86.99203380279265
    vertex 3733.5891119559165 69.592119737731 87.93449612639263
    vertex 3704.4303668590596 69.592119737731 87.93449612639263
  endloop
endfacet
facet normal -1.1380579018856276e-14 -1.0 -9.195637454331828e-13
  outer loop
    vertex 3704.4303668590596 69.592119737731 87.93449612639263
    vertex 3733.5891119559165 69.592119737731 87.93449612639263
    vertex 3732.700681526062 69.5921197377304 88.8229265562471
  endloop
endfacet
facet normal -1.1380579018856276e-14 -1.0 -9.195637454331828e-13
  outer loop
    vertex 3704.4303668590596 69.592119737731 87.93449612639263
    vertex 3732.700681526062 69.5921197377304 88.8229265562471
    vertex 3705.3187972889145 69.5921197377304 88.8229265562471
  endloop
endfacet
facet normal -1.1380579018856276e-14 -1.0 -9.195637454331828e-13
  outer loop
    vertex 3705.3187972889145 69.5921197377304 88.8229265562471
    vertex 3732.700681526062 69.5921197377304 88.8229265562471
    vertex 3731.758219202462 69.59211973772982 89.65381886333465
  endloop
endfacet
facet normal -1.1380579018856276e-14 -1.0 -9.195637454331828e-13
  outer loop
    vertex 3705.3187972889145 69.5921197377304 88.8229265562471
    vertex 3731.758219202462 69.59211973772982 89.65381886333465
    vertex 3706.261259612514 69.59211973772982 89.65381886333465
  endloop
endfacet
facet normal -1.1380579018856276e-14 -1.0 -9.195637454331828e-13
  outer loop
    vertex 3706.261259612514 69.59211973772982 89.65381886333465
    vertex 3731.758219202462 69.59211973772982 89.65381886333465
    vertex 3730.7654444533378 69.5921197377293 90.42389389531782
  endloop
endfacet
facet normal -1.1380579018856276e-14 -1.0 -9.195637454331828e-13
  outer loop
    vertex 3706.261259612514 69.59211973772982 89.65381886333465
    vertex 3730.7654444533378 69.5921197377293 90.42389389531782
    vertex 3707.2540343616383 69.5921197377293 90.42389389531782
  endloop
endfacet
facet normal -1.1380579018856276e-14 -1.0 -9.195637454331828e-13
  outer loop
    vertex 3707.2540343616383 69.5921197377293 90.42389389531782
    vertex 3730.7654444533378 69.5921197377293 90.42389389531782
    vertex 3729.726275307068 69.59211973772881 91.13011251785917
  endloop
endfacet
facet normal -1.1380579018856276e-14 -1.0 -9.195637454331828e-13
  outer loop
    vertex 3707.2540343616383 69.5921197377293 90.42389389531782
    vertex 3729.726275307068 69.59211973772881 91.13011251785917
    vertex 3708.2932035079084 69.59211973772881 91.13011251785917
  endloop
endfacet
facet normal -1.1380579018856276e-14 -1.0 -9.195637454331828e-13
  outer loop
    vertex 3708.2932035079084 69.59211973772881 91.13011251785917
    vertex 3729.726275307068 69.59211973772881 91.13011251785917
    vertex 3728.6448128895227 69.59211973772838 91.76968760869615
  endloop
endfacet
facet normal -1.1380579018856276e-14 -1.0 -9.195637454331828e-13
  outer loop
    vertex 3708.2932035079084 69.59211973772881 91.13011251785917
    vertex 3728.6448128895227 69.59211973772838 91.76968760869615
    vertex 3709.3746659254534 69.59211973772838 91.76968760869616
  endloop
endfacet
facet normal -1.1380579018856276e-14 -1.0 -9.195637454331828e-13
  outer loop
    vertex 3709.3746659254534 69.59211973772838 91.76968760869616
    vertex 3728.6448128895227 69.59211973772838 91.76968760869615
    vertex 3727.5253252387893 69.59211973772798 92.34009505713927
  endloop
endfacet
facet normal -1.1380579018856276e-14 -1.0 -9.195637454331828e-13
  outer loop
    vertex 3709.3746659254534 69.59211973772838 91.76968760869616
    vertex 3727.5253252387893 69.59211973772798 92.34009505713927
    vertex 3710.4941535761873 69.59211973772798 92.34009505713927
  endloop
endfacet
facet normal -1.1380579018856276e-14 -1.0 -9.195637454331828e-13
  outer loop
    vertex 3710.4941535761873 69.59211973772798 92.34009505713927
    vertex 3727.5253252387893 69.59211973772798 92.34009505713927
    vertex 3726.372230461182 69.59211973772766 92.83908372558392
  endloop
endfacet
facet normal -1.1380579018856276e-14 -1.0 -9.195637454331828e-13
  outer loop
    vertex 3710.4941535761873 69.59211973772798 92.34009505713927
    vertex 3726.372230461182 69.59211973772766 92.83908372558392
    vertex 3711.647248353794 69.59211973772766 92.83908372558392
  endloop
endfacet
facet normal -1.1380579018856276e-14 -1.0 -9.195637454331828e-13
  outer loop
    vertex 3711.647248353794 69.59211973772766 92.83908372558392
    vertex 3726.372230461182 69.59211973772766 92.83908372558392
    vertex 3725.1900792949873 69.59211973772737 93.26468433372196
  endloop
endfacet
facet normal -1.1380579018856276e-14 -1.0 -9.195637454331828e-13
  outer loop
    vertex 3711.647248353794 69.59211973772766 92.83908372558392
    vertex 3725.1900792949873 69.59211973772737 93.26468433372196
    vertex 3712.829399519989 69.59211973772737 93.26468433372196
  endloop
endfacet
facet normal -1.1380579018856276e-14 -1.0 -9.195637454331828e-13
  outer loop
    vertex 3712.829399519989 69.59211973772737 93.26468433372196
    vertex 3725.1900792949873 69.59211973772737 93.26468433372196
    vertex 3723.9835371507857 69.59211973772713 93.61521723039151
  endloop
endfacet
facet normal -1.1380579018856276e-14 -1.0 -9.195637454331828e-13
  outer loop
    vertex 3712.829399519989 69.59211973772737 93.26468433372196
    vertex 3723.9835371507857 69.59211973772713 93.61521723039151
    vertex 3714.0359416641904 69.59211973772713 93.61521723039151
  endloop
endfacet
facet normal -1.1380579018856276e-14 -1.0 -9.195637454331828e-13
  outer loop
    vertex 3714.0359416641904 69.59211973772713 93.61521723039151
    vertex 3723.9835371507857 69.59211973772713 93.61521723039151
    vertex 3722.757365699202 69.59211973772695 93.88929902239266
  endloop
endfacet
facet normal -1.1380579018856276e-14 -1.0 -9.195637454331828e-13
  outer loop
    vertex 3714.0359416641904 69.59211973772713 93.61521723039151
    vertex 3722.757365699202 69.59211973772695 93.88929902239266
    vertex 3715.262113115774 69.59211973772695 93.88929902239266
  endloop
endfacet
facet normal -1.1380579018856276e-14 -1.0 -9.195637454331828e-13
  outer loop
    vertex 3715.262113115774 69.59211973772695 93.88929902239266
    vertex 3722.757365699202 69.59211973772695 93.88929902239266
    vertex 3721.516404078774 69.5921197377268 94.08584803410847
  endloop
endfacet
facet normal -1.1380579018856276e-14 -1.0 -9.195637454331828e-13
  outer loop
    vertex 3715.262113115774 69.59211973772695 93.88929902239266
    vertex 3721.516404078774 69.5921197377268 94.08584803410847
    vertex 3716.503074736202 69.5921197377268 94.08584803410847
  endloop
endfacet
facet normal -1.1380579018856276e-14 -1.0 -9.195637454331828e-13
  outer loop
    vertex 3716.503074736202 69.5921197377268 94.08584803410847
    vertex 3721.516404078774 69.5921197377268 94.08584803410847
    vertex 3720.265549798074 69.59211973772673 94.20408857638432
  endloop
endfacet
facet normal -1.1380579018856276e-14 -1.0 -9.195637454331828e-13
  outer loop
    vertex 3716.503074736202 69.5921197377268 94.08584803410847
    vertex 3720.265549798074 69.59211973772673 94.20408857638432
    vertex 3717.753929016902 69.59211973772673 94.20408857638432
  endloop
endfacet
facet normal -1.1380579018856276e-14 -1.0 -9.195637454331828e-13
  outer loop
    vertex 3717.753929016902 69.59211973772673 94.20408857638432
    vertex 3720.265549798074 69.59211973772673 94.20408857638432
    vertex 3719.0097394074883 69.5921197377267 94.2435540078189
  endloop
endfacet
facet normal 2.9829211711581587e-12 -3.311230040709957e-11 -1.0
  outer loop
    vertex 3717.30148068781 130.43515275767905 -12.756445993528398
    vertex 3717.464205063424 127.12090404983002 -12.756445993347318
    vertex 3717.4096863854866 126.70679357766599 -12.756445993324714
  endloop
endfacet
facet normal 2.9829211711581587e-12 -3.311230040709957e-11 -1.0
  outer loop
    vertex 3717.464205063424 127.12090404983002 -12.756445993347318
    vertex 3717.30148068781 130.43515275767905 -12.756445993528398
    vertex 3717.624045739432 127.50679357766599 -12.756445993368413
  endloop
endfacet
facet normal 2.9829211711581587e-12 -3.311230040709957e-11 -1.0
  outer loop
    vertex 3717.624045739432 127.50679357766599 -12.756445993368413
    vertex 3717.30148068781 130.43515275767905 -12.756445993528398
    vertex 3719.009686385487 130.2102632111869 -12.756445993516113
  endloop
endfacet
facet normal 2.9829211711581587e-12 -3.311230040709957e-11 -1.0
  outer loop
    vertex 3717.4096863854866 126.70679357766599 -12.756445993324714
    vertex 3717.464205063424 127.12090404983002 -12.756445993347318
    vertex 3717.436945724455 126.91384881374799 -12.756445993336017
  endloop
endfacet
facet normal 2.9829211711581587e-12 -3.311230040709957e-11 -1.0
  outer loop
    vertex 3717.624045739432 127.50679357766599 -12.756445993368413
    vertex 3719.009686385487 130.2102632111869 -12.756445993516113
    vertex 3717.878315535588 127.83816442756446 -12.756445993386505
  endloop
endfacet
facet normal 2.9829211711581587e-12 -3.311230040709957e-11 -1.0
  outer loop
    vertex 3717.878315535588 127.83816442756446 -12.756445993386505
    vertex 3719.009686385487 130.2102632111869 -12.756445993516113
    vertex 3718.2096863854863 128.09243422372109 -12.756445993400401
  endloop
endfacet
facet normal 2.9829211711581587e-12 -3.311230040709957e-11 -1.0
  outer loop
    vertex 3718.2096863854863 128.09243422372109 -12.756445993400401
    vertex 3719.009686385487 130.2102632111869 -12.756445993516113
    vertex 3718.5955759133226 128.2522748997285 -12.756445993409132
  endloop
endfacet
facet normal 2.9829211711581587e-12 -3.311230040709957e-11 -1.0
  outer loop
    vertex 3718.5955759133226 128.2522748997285 -12.756445993409132
    vertex 3719.009686385487 130.2102632111869 -12.756445993516113
    vertex 3719.009686385487 128.30679357766599 -12.756445993412111
  endloop
endfacet
facet normal 2.9829211711581587e-12 -3.311230040709957e-11 -1.0
  outer loop
    vertex 3719.009686385487 128.30679357766599 -12.756445993412111
    vertex 3719.009686385487 130.2102632111869 -12.756445993516113
    vertex 3720.7178920831634 130.43515275767905 -12.756445993528398
  endloop
endfacet
facet normal 2.9829211711581587e-12 -3.311230040709957e-11 -1.0
  outer loop
    vertex 3719.009686385487 128.30679357766599 -12.756445993412111
    vertex 3720.7178920831634 130.43515275767905 -12.756445993528398
    vertex 3719.423796857651 128.2522748997285 -12.756445993409132
  endloop
endfacet
facet normal 2.9829211711581587e-12 -3.311230040709957e-11 -1.0
  outer loop
    vertex 3719.423796857651 128.2522748997285 -12.756445993409132
    vertex 3720.7178920831634 130.43515275767905 -12.756445993528398
    vertex 3719.8096863854867 128.09243422372109 -12.756445993400401
  endloop
endfacet
facet normal 2.9829211711581587e-12 -3.311230040709957e-11 -1.0
  outer loop
    vertex 3719.8096863854867 128.09243422372109 -12.756445993400401
    vertex 3720.7178920831634 130.43515275767905 -12.756445993528398
    vertex 3720.1410572353852 127.83816442756446 -12.756445993386505
  endloop
endfacet
facet normal 2.9829211711581587e-12 -3.311230040709957e-11 -1.0
  outer loop
    vertex 3720.1410572353852 127.83816442756446 -12.756445993386505
    vertex 3720.7178920831634 130.43515275767905 -12.756445993528398
    vertex 3720.3953270315415 127.50679357766599 -12.756445993368413
  endloop
endfacet
facet normal 2.9829211711581587e-12 -3.311230040709957e-11 -1.0
  outer loop
    vertex 3720.3953270315415 127.50679357766599 -12.756445993368413
    vertex 3720.7178920831634 130.43515275767905 -12.756445993528398
    vertex 3720.5551677075496 127.12090404983002 -12.756445993347318
  endloop
endfacet
facet normal 2.9829211711581587e-12 -3.311230040709957e-11 -1.0
  outer loop
    vertex 3720.5551677075496 127.12090404983002 -12.756445993347318
    vertex 3720.7178920831634 130.43515275767905 -12.756445993528398
    vertex 3720.582427046518 126.91384881374799 -12.756445993336017
  endloop
endfacet
facet normal 2.9829211711581587e-12 -3.311230040709957e-11 -1.0
  outer loop
    vertex 3720.582427046518 126.91384881374799 -12.756445993336017
    vertex 3720.7178920831634 130.43515275767905 -12.756445993528398
    vertex 3720.6096863854873 126.70679357766599 -12.756445993324714
  endloop
endfacet
facet normal 2.9829211711581587e-12 -3.311230040709957e-11 -1.0
  outer loop
    vertex 3717.30148068781 130.43515275767905 -12.756445993528398
    vertex 3716.509691580737 118.84945665773397 -12.756445993392495
    vertex 3715.7096863854867 131.09449554620963 -12.756445993564414
  endloop
endfacet
facet normal 2.9829211711581587e-12 -3.311230040709957e-11 -1.0
  outer loop
    vertex 3716.509691580737 118.84945665773397 -12.756445993392495
    vertex 3717.30148068781 130.43515275767905 -12.756445993528398
    vertex 3716.5948756703824 119.49650444751246 -12.756445993420774
  endloop
endfacet
facet normal 2.9829211711581587e-12 -3.311230040709957e-11 -1.0
  outer loop
    vertex 3716.5948756703824 119.49650444751246 -12.756445993420774
    vertex 3717.30148068781 130.43515275767905 -12.756445993528398
    vertex 3716.844625473648 120.09945735376228 -12.756445993447123
  endloop
endfacet
facet normal 2.9829211711581587e-12 -3.311230040709957e-11 -1.0
  outer loop
    vertex 3716.844625473648 120.09945735376228 -12.756445993447123
    vertex 3717.30148068781 130.43515275767905 -12.756445993528398
    vertex 3717.2419209541745 120.61722513234878 -12.756445993469756
  endloop
endfacet
facet normal 2.9829211711581587e-12 -3.311230040709957e-11 -1.0
  outer loop
    vertex 3717.2419209541745 120.61722513234878 -12.756445993469756
    vertex 3717.30148068781 130.43515275767905 -12.756445993528398
    vertex 3717.4096863854866 126.70679357766599 -12.756445993324714
  endloop
endfacet
facet normal 2.9829211711581587e-12 -3.311230040709957e-11 -1.0
  outer loop
    vertex 3717.2419209541745 120.61722513234878 -12.756445993469756
    vertex 3717.4096863854866 126.70679357766599 -12.756445993324714
    vertex 3717.7596870815187 121.01452276481311 -12.756445993487116
  endloop
endfacet
facet normal 2.9829211711581587e-12 -3.311230040709957e-11 -1.0
  outer loop
    vertex 3717.7596870815187 121.01452276481311 -12.756445993487116
    vertex 3717.4096863854866 126.70679357766599 -12.756445993324714
    vertex 3717.464205063424 126.29268310550195 -12.756445993302087
  endloop
endfacet
facet normal 2.9829211711581587e-12 -3.311230040709957e-11 -1.0
  outer loop
    vertex 3717.7596870815187 121.01452276481311 -12.756445993487116
    vertex 3717.464205063424 126.29268310550195 -12.756445993302087
    vertex 3717.624045739432 125.906793577666 -12.756445993280993
  endloop
endfacet
facet normal 2.9829211711581587e-12 -3.311230040709957e-11 -1.0
  outer loop
    vertex 3717.7596870815187 121.01452276481311 -12.756445993487116
    vertex 3717.624045739432 125.906793577666 -12.756445993280993
    vertex 3717.878315535588 125.57542272776752 -12.7564459932629
  endloop
endfacet
facet normal 2.9829211711581587e-12 -3.311230040709957e-11 -1.0
  outer loop
    vertex 3717.7596870815187 121.01452276481311 -12.756445993487116
    vertex 3717.878315535588 125.57542272776752 -12.7564459932629
    vertex 3718.3626389497526 121.26427507406859 -12.756445993498035
  endloop
endfacet
facet normal 2.9829211711581587e-12 -3.311230040709957e-11 -1.0
  outer loop
    vertex 3718.3626389497526 121.26427507406859 -12.756445993498035
    vertex 3717.878315535588 125.57542272776752 -12.7564459932629
    vertex 3718.2096863854867 125.32115293161088 -12.756445993249004
  endloop
endfacet
facet normal 2.9829211711581587e-12 -3.311230040709957e-11 -1.0
  outer loop
    vertex 3718.3626389497526 121.26427507406859 -12.756445993498035
    vertex 3718.2096863854867 125.32115293161088 -12.756445993249004
    vertex 3718.5955759133226 125.16131225560349 -12.756445993240273
  endloop
endfacet
facet normal 2.9829211711581587e-12 -3.311230040709957e-11 -1.0
  outer loop
    vertex 3718.3626389497526 121.26427507406859 -12.756445993498035
    vertex 3718.5955759133226 125.16131225560349 -12.756445993240273
    vertex 3719.009686385487 121.34946185297417 -12.756445993501757
  endloop
endfacet
facet normal 2.9829211711581587e-12 -3.311230040709957e-11 -1.0
  outer loop
    vertex 3719.009686385487 121.34946185297417 -12.756445993501757
    vertex 3718.5955759133226 125.16131225560349 -12.756445993240273
    vertex 3719.009686385487 125.106793577666 -12.756445993237294
  endloop
endfacet
facet normal 2.9829211711581587e-12 -3.311230040709957e-11 -1.0
  outer loop
    vertex 3719.009686385487 121.34946185297417 -12.756445993501757
    vertex 3719.009686385487 125.106793577666 -12.756445993237294
    vertex 3719.423796857651 125.16131225560349 -12.756445993240273
  endloop
endfacet
facet normal 2.9829211711581587e-12 -3.311230040709957e-11 -1.0
  outer loop
    vertex 3719.009686385487 121.34946185297417 -12.756445993501757
    vertex 3719.423796857651 125.16131225560349 -12.756445993240273
    vertex 3719.656734175262 121.26427776332544 -12.756445993498035
  endloop
endfacet
facet normal 2.9829211711581587e-12 -3.311230040709957e-11 -1.0
  outer loop
    vertex 3719.656734175262 121.26427776332544 -12.756445993498035
    vertex 3719.423796857651 125.16131225560349 -12.756445993240273
    vertex 3719.809686385487 125.32115293161088 -12.756445993249004
  endloop
endfacet
facet normal 2.9829211711581587e-12 -3.311230040709957e-11 -1.0
  outer loop
    vertex 3719.656734175262 121.26427776332544 -12.756445993498035
    vertex 3719.809686385487 125.32115293161088 -12.756445993249004
    vertex 3720.2596870815114 121.01452796005903 -12.756445993487116
  endloop
endfacet
facet normal 2.9829211711581587e-12 -3.311230040709957e-11 -1.0
  outer loop
    vertex 3720.2596870815114 121.01452796005903 -12.756445993487116
    vertex 3719.809686385487 125.32115293161088 -12.756445993249004
    vertex 3720.1410572353852 125.57542272776752 -12.7564459932629
  endloop
endfacet
facet normal 2.9829211711581587e-12 -3.311230040709957e-11 -1.0
  outer loop
    vertex 3720.2596870815114 121.01452796005903 -12.756445993487116
    vertex 3720.1410572353852 125.57542272776752 -12.7564459932629
    vertex 3720.3953270315415 125.906793577666 -12.756445993280993
  endloop
endfacet
facet normal 2.9829211711581587e-12 -3.311230040709957e-11 -1.0
  outer loop
    vertex 3720.2596870815114 121.01452796005903 -12.756445993487116
    vertex 3720.3953270315415 125.906793577666 -12.756445993280993
    vertex 3720.777454860096 120.61723247953566 -12.756445993469756
  endloop
endfacet
facet normal 2.9829211711581587e-12 -3.311230040709957e-11 -1.0
  outer loop
    vertex 3720.777454860096 120.61723247953566 -12.756445993469756
    vertex 3720.3953270315415 125.906793577666 -12.756445993280993
    vertex 3720.5551677075496 126.29268310550195 -12.756445993302087
  endloop
endfacet
facet normal 2.9829211711581587e-12 -3.311230040709957e-11 -1.0
  outer loop
    vertex 3720.777454860096 120.61723247953566 -12.756445993469756
    vertex 3720.5551677075496 126.29268310550195 -12.756445993302087
    vertex 3720.6096863854873 126.70679357766599 -12.756445993324714
  endloop
endfacet
facet normal 2.9829211711581587e-12 -3.311230040709957e-11 -1.0
  outer loop
    vertex 3720.777454860096 120.61723247953566 -12.756445993469756
    vertex 3720.6096863854873 126.70679357766599 -12.756445993324714
    vertex 3720.7178920831634 130.43515275767905 -12.756445993528398
  endloop
endfacet
facet normal 2.9829211711581587e-12 -3.311230040709957e-11 -1.0
  outer loop
    vertex 3720.777454860096 120.61723247953566 -12.756445993469756
    vertex 3720.7178920831634 130.43515275767905 -12.756445993528398
    vertex 3722.3096863854867 131.09449554620963 -12.756445993564414
  endloop
endfacet
facet normal 2.9829211711581587e-12 -3.311230040709957e-11 -1.0
  outer loop
    vertex 3720.777454860096 120.61723247953566 -12.756445993469756
    vertex 3722.3096863854867 131.09449554620963 -12.756445993564414
    vertex 3721.17475249256 120.09946635219173 -12.756445993447123
  endloop
endfacet
facet normal 2.9829211711581587e-12 -3.311230040709957e-11 -1.0
  outer loop
    vertex 3721.17475249256 120.09946635219173 -12.756445993447123
    vertex 3722.3096863854867 131.09449554620963 -12.756445993564414
    vertex 3721.424504801819 119.49651448395659 -12.756445993420774
  endloop
endfacet
facet normal 2.9829211711581587e-12 -3.311230040709957e-11 -1.0
  outer loop
    vertex 3721.424504801819 119.49651448395659 -12.756445993420774
    vertex 3722.3096863854867 131.09449554620963 -12.756445993564414
    vertex 3721.50969158074 118.84945665773397 -12.756445993392495
  endloop
endfacet
facet normal 2.9829211711581587e-12 -3.311230040709957e-11 -1.0
  outer loop
    vertex 3721.50969158074 118.84945665773397 -12.756445993392495
    vertex 3722.3096863854867 131.09449554620963 -12.756445993564414
    vertex 3721.50969158074 108.84945665773395 -12.756445993392495
  endloop
endfacet
facet normal 2.9829211711581587e-12 -3.311230040709957e-11 -1.0
  outer loop
    vertex 3699.0169703634874 200.02840668549214 -12.756445996485363
    vertex 3707.3607354299033 137.2243736833507 -12.75644599389931
    vertex 3707.306216751966 136.81026321118665 -12.756445993876694
  endloop
endfacet
facet normal 2.9829211711581587e-12 -3.311230040709957e-11 -1.0
  outer loop
    vertex 3707.3607354299033 137.2243736833507 -12.75644599389931
    vertex 3699.0169703634874 200.02840668549214 -12.756445996485363
    vertex 3716.5948756703824 166.0421994475124 -12.756445994687107
  endloop
endfacet
facet normal 2.9829211711581587e-12 -3.311230040709957e-11 -1.0
  outer loop
    vertex 3716.5948756703824 166.0421994475124 -12.756445994687107
    vertex 3699.0169703634874 200.02840668549214 -12.756445996485363
    vertex 3716.844625473648 166.64515235376223 -12.756445994713458
  endloop
endfacet
facet normal 2.9829211711581587e-12 -3.311230040709957e-11 -1.0
  outer loop
    vertex 3716.844625473648 166.64515235376223 -12.756445994713458
    vertex 3699.0169703634874 200.02840668549214 -12.756445996485363
    vertex 3739.0096333634874 200.02840668501162 -12.756445996244953
  endloop
endfacet
facet normal 2.9829211711581587e-12 -3.311230040709957e-11 -1.0
  outer loop
    vertex 3707.3607354299033 137.2243736833507 -12.75644599389931
    vertex 3716.5948756703824 166.0421994475124 -12.756445994687107
    vertex 3707.520576105911 137.61026321118666 -12.756445993920403
  endloop
endfacet
facet normal 2.9829211711581587e-12 -3.311230040709957e-11 -1.0
  outer loop
    vertex 3707.520576105911 137.61026321118666 -12.756445993920403
    vertex 3716.5948756703824 166.0421994475124 -12.756445994687107
    vertex 3707.7748459020677 137.94163406108513 -12.756445993938497
  endloop
endfacet
facet normal 2.9829211711581587e-12 -3.311230040709957e-11 -1.0
  outer loop
    vertex 3707.7748459020677 137.94163406108513 -12.756445993938497
    vertex 3716.5948756703824 166.0421994475124 -12.756445994687107
    vertex 3708.106216751966 138.19590385724177 -12.756445993952394
  endloop
endfacet
facet normal 2.9829211711581587e-12 -3.311230040709957e-11 -1.0
  outer loop
    vertex 3708.106216751966 138.19590385724177 -12.756445993952394
    vertex 3716.5948756703824 166.0421994475124 -12.756445994687107
    vertex 3708.492106279802 138.35574453324918 -12.756445993961124
  endloop
endfacet
facet normal 2.9829211711581587e-12 -3.311230040709957e-11 -1.0
  outer loop
    vertex 3708.492106279802 138.35574453324918 -12.756445993961124
    vertex 3716.5948756703824 166.0421994475124 -12.756445994687107
    vertex 3708.9062167519664 138.41026321118667 -12.756445993964102
  endloop
endfacet
facet normal 2.9829211711581587e-12 -3.311230040709957e-11 -1.0
  outer loop
    vertex 3708.9062167519664 138.41026321118667 -12.756445993964102
    vertex 3716.5948756703824 166.0421994475124 -12.756445994687107
    vertex 3709.1132719880475 138.38300387221793 -12.756445993962613
  endloop
endfacet
facet normal 2.9829211711581587e-12 -3.311230040709957e-11 -1.0
  outer loop
    vertex 3709.1132719880475 138.38300387221793 -12.756445993962613
    vertex 3716.5948756703824 166.0421994475124 -12.756445994687107
    vertex 3709.3203272241303 138.35574453324918 -12.756445993961124
  endloop
endfacet
facet normal 2.9829211711581587e-12 -3.311230040709957e-11 -1.0
  outer loop
    vertex 3709.3203272241303 138.35574453324918 -12.756445993961124
    vertex 3716.5948756703824 166.0421994475124 -12.756445994687107
    vertex 3709.706216751966 138.19590385724177 -12.756445993952394
  endloop
endfacet
facet normal 2.9829211711581587e-12 -3.311230040709957e-11 -1.0
  outer loop
    vertex 3709.706216751966 138.19590385724177 -12.756445993952394
    vertex 3716.5948756703824 166.0421994475124 -12.756445994687107
    vertex 3710.0375876018643 137.94163406108513 -12.756445993938497
  endloop
endfacet
facet normal 2.9829211711581587e-12 -3.311230040709957e-11 -1.0
  outer loop
    vertex 3710.0375876018643 137.94163406108513 -12.756445993938497
    vertex 3716.5948756703824 166.0421994475124 -12.756445994687107
    vertex 3710.291857398021 137.61026321118666 -12.756445993920403
  endloop
endfacet
facet normal 2.9829211711581587e-12 -3.311230040709957e-11 -1.0
  outer loop
    vertex 3710.291857398021 137.61026321118666 -12.756445993920403
    vertex 3716.5948756703824 166.0421994475124 -12.756445994687107
    vertex 3710.451698074028 137.2243736833507 -12.75644599389931
  endloop
endfacet
facet normal 2.9829211711581587e-12 -3.311230040709957e-11 -1.0
  outer loop
    vertex 3710.451698074028 137.2243736833507 -12.75644599389931
    vertex 3716.5948756703824 166.0421994475124 -12.756445994687107
    vertex 3710.506216751966 136.81026321118665 -12.756445993876694
  endloop
endfacet
facet normal 2.9829211711581587e-12 -3.311230040709957e-11 -1.0
  outer loop
    vertex 3710.506216751966 136.81026321118665 -12.756445993876694
    vertex 3716.5948756703824 166.0421994475124 -12.756445994687107
    vertex 3712.6345759319793 138.51846890886347 -12.756445993969994
  endloop
endfacet
facet normal 2.9829211711581587e-12 -3.311230040709957e-11 -1.0
  outer loop
    vertex 3710.506216751966 136.81026321118665 -12.756445993876694
    vertex 3712.6345759319793 138.51846890886347 -12.756445993969994
    vertex 3712.4096863854866 136.81026321118688 -12.756445993876675
  endloop
endfacet
facet normal 2.9829211711581587e-12 -3.311230040709957e-11 -1.0
  outer loop
    vertex 3712.6345759319793 138.51846890886347 -12.756445993969994
    vertex 3716.5948756703824 166.0421994475124 -12.756445994687107
    vertex 3716.509691580737 165.39515165773392 -12.75644599465883
  endloop
endfacet
facet normal 2.9829211711581587e-12 -3.311230040709957e-11 -1.0
  outer loop
    vertex 3712.6345759319793 138.51846890886347 -12.756445993969994
    vertex 3716.509691580737 165.39515165773392 -12.75644599465883
    vertex 3713.2939187205097 140.11026321118683 -12.75644599405695
  endloop
endfacet
facet normal 2.9829211711581587e-12 -3.311230040709957e-11 -1.0
  outer loop
    vertex 3713.2939187205097 140.11026321118683 -12.75644599405695
    vertex 3716.509691580737 165.39515165773392 -12.75644599465883
    vertex 3714.3427816296557 141.47716796701803 -12.756445994131623
  endloop
endfacet
facet normal 2.9829211711581587e-12 -3.311230040709957e-11 -1.0
  outer loop
    vertex 3714.3427816296557 141.47716796701803 -12.756445994131623
    vertex 3716.509691580737 165.39515165773392 -12.75644599465883
    vertex 3715.7096863854867 142.52603087616413 -12.756445994188924
  endloop
endfacet
facet normal 2.9829211711581587e-12 -3.311230040709957e-11 -1.0
  outer loop
    vertex 3716.844625473648 166.64515235376223 -12.756445994713458
    vertex 3739.0096333634874 200.02840668501162 -12.756445996244953
    vertex 3717.2419209541745 167.16292013234872 -12.756445994736085
  endloop
endfacet
facet normal 2.9829211711581587e-12 -3.311230040709957e-11 -1.0
  outer loop
    vertex 3717.2419209541745 167.16292013234872 -12.756445994736085
    vertex 3739.0096333634874 200.02840668501162 -12.756445996244953
    vertex 3717.7596870815187 167.56021776481305 -12.75644599475345
  endloop
endfacet
facet normal 2.9829211711581587e-12 -3.311230040709957e-11 -1.0
  outer loop
    vertex 3717.7596870815187 167.56021776481305 -12.75644599475345
    vertex 3739.0096333634874 200.02840668501162 -12.756445996244953
    vertex 3718.3626389497526 167.80997007406853 -12.75644599476437
  endloop
endfacet
facet normal 2.9829211711581587e-12 -3.311230040709957e-11 -1.0
  outer loop
    vertex 3718.3626389497526 167.80997007406853 -12.75644599476437
    vertex 3739.0096333634874 200.02840668501162 -12.756445996244953
    vertex 3719.009686385487 167.8951568529741 -12.756445994768091
  endloop
endfacet
facet normal 2.9829211711581587e-12 -3.311230040709957e-11 -1.0
  outer loop
    vertex 3719.009686385487 167.8951568529741 -12.756445994768091
    vertex 3739.0096333634874 200.02840668501162 -12.756445996244953
    vertex 3719.656734175262 167.80997276332536 -12.75644599476437
  endloop
endfacet
facet normal 2.9829211711581587e-12 -3.311230040709957e-11 -1.0
  outer loop
    vertex 3719.656734175262 167.80997276332536 -12.75644599476437
    vertex 3739.0096333634874 200.02840668501162 -12.756445996244953
    vertex 3720.2596870815114 167.56022296005895 -12.75644599475345
  endloop
endfacet
facet normal 2.9829211711581587e-12 -3.311230040709957e-11 -1.0
  outer loop
    vertex 3720.2596870815114 167.56022296005895 -12.75644599475345
    vertex 3739.0096333634874 200.02840668501162 -12.756445996244953
    vertex 3720.777454860096 167.1629274795356 -12.756445994736085
  endloop
endfacet
facet normal 2.9829211711581587e-12 -3.311230040709957e-11 -1.0
  outer loop
    vertex 3720.777454860096 167.1629274795356 -12.756445994736085
    vertex 3739.0096333634874 200.02840668501162 -12.756445996244953
    vertex 3721.17475249256 166.64516135219165 -12.756445994713458
  endloop
endfacet
facet normal 2.9829211711581587e-12 -3.311230040709957e-11 -1.0
  outer loop
    vertex 3721.17475249256 166.64516135219165 -12.756445994713458
    vertex 3739.0096333634874 200.02840668501162 -12.756445996244953
    vertex 3721.424504801819 166.04220948395653 -12.756445994687107
  endloop
endfacet
facet normal 2.9829211711581587e-12 -3.311230040709957e-11 -1.0
  outer loop
    vertex 3721.424504801819 166.04220948395653 -12.756445994687107
    vertex 3739.0096333634874 200.02840668501162 -12.756445996244953
    vertex 3721.50969158074 165.39515165773392 -12.75644599465883
  endloop
endfacet
facet normal 2.9829211711581587e-12 -3.311230040709957e-11 -1.0
  outer loop
    vertex 3721.50969158074 165.39515165773392 -12.75644599465883
    vertex 3739.0096333634874 200.02840668501162 -12.756445996244953
    vertex 3721.50969158074 155.3951516577339 -12.75644599465883
  endloop
endfacet
facet normal 2.9829211711581587e-12 -3.311230040709957e-11 -1.0
  outer loop
    vertex 3721.50969158074 155.3951516577339 -12.75644599465883
    vertex 3739.0096333634874 200.02840668501162 -12.756445996244953
    vertex 3722.3096863854867 142.52603087616413 -12.756445994188924
  endloop
endfacet
facet normal 2.9829211711581587e-12 -3.311230040709957e-11 -1.0
  outer loop
    vertex 3722.3096863854867 142.52603087616413 -12.756445994188924
    vertex 3739.0096333634874 200.02840668501162 -12.756445996244953
    vertex 3723.6765911413177 141.47716796701803 -12.756445994131623
  endloop
endfacet
facet normal 2.9829211711581587e-12 -3.311230040709957e-11 -1.0
  outer loop
    vertex 3723.6765911413177 141.47716796701803 -12.756445994131623
    vertex 3739.0096333634874 200.02840668501162 -12.756445996244953
    vertex 3724.7254540504637 140.11026321118683 -12.75644599405695
  endloop
endfacet
facet normal 2.9829211711581587e-12 -3.311230040709957e-11 -1.0
  outer loop
    vertex 3724.7254540504637 140.11026321118683 -12.75644599405695
    vertex 3739.0096333634874 200.02840668501162 -12.756445996244953
    vertex 3725.3847968389946 138.5184689088635 -12.756445993969994
  endloop
endfacet
facet normal 2.9829211711581587e-12 -3.311230040709957e-11 -1.0
  outer loop
    vertex 3725.3847968389946 138.5184689088635 -12.756445993969994
    vertex 3739.0096333634874 200.02840668501162 -12.756445996244953
    vertex 3725.609686385487 136.81026321118688 -12.756445993876675
  endloop
endfacet
facet normal 2.9829211711581587e-12 -3.311230040709957e-11 -1.0
  outer loop
    vertex 3725.609686385487 136.81026321118688 -12.756445993876675
    vertex 3739.0096333634874 200.02840668501162 -12.756445996244953
    vertex 3727.526844240809 137.01910511873857 -12.75644599388805
  endloop
endfacet
facet normal 2.9829211711581587e-12 -3.311230040709957e-11 -1.0
  outer loop
    vertex 3727.526844240809 137.01910511873857 -12.75644599388805
    vertex 3739.0096333634874 200.02840668501162 -12.756445996244953
    vertex 3727.63494876699 137.42255670297064 -12.756445993910114
  endloop
endfacet
facet normal 2.9829211711581587e-12 -3.311230040709957e-11 -1.0
  outer loop
    vertex 3727.63494876699 137.42255670297064 -12.756445993910114
    vertex 3739.0096333634874 200.02840668501162 -12.756445996244953
    vertex 3727.8437906745407 137.78428149760046 -12.756445993929876
  endloop
endfacet
facet normal 2.9829211711581587e-12 -3.311230040709957e-11 -1.0
  outer loop
    vertex 3727.8437906745407 137.78428149760046 -12.756445993929876
    vertex 3739.0096333634874 200.02840668501162 -12.756445996244953
    vertex 3728.1391377325936 138.0796285556525 -12.756445993945984
  endloop
endfacet
facet normal 2.9829211711581587e-12 -3.311230040709957e-11 -1.0
  outer loop
    vertex 3728.1391377325936 138.0796285556525 -12.756445993945984
    vertex 3739.0096333634874 200.02840668501162 -12.756445996244953
    vertex 3728.5008625272235 138.28847046320465 -12.7564459939574
  endloop
endfacet
facet normal 2.9829211711581587e-12 -3.311230040709957e-11 -1.0
  outer loop
    vertex 3728.5008625272235 138.28847046320465 -12.7564459939574
    vertex 3739.0096333634874 200.02840668501162 -12.756445996244953
    vertex 3728.9043141114553 138.39657498938473 -12.75644599396331
  endloop
endfacet
facet normal 2.9829211711581587e-12 -3.311230040709957e-11 -1.0
  outer loop
    vertex 3728.9043141114553 138.39657498938473 -12.75644599396331
    vertex 3739.0096333634874 200.02840668501162 -12.756445996244953
    vertex 3729.32199792656 138.3965749893848 -12.75644599396331
  endloop
endfacet
facet normal 2.9829211711581587e-12 -3.311230040709957e-11 -1.0
  outer loop
    vertex 3729.32199792656 138.3965749893848 -12.75644599396331
    vertex 3739.0096333634874 200.02840668501162 -12.756445996244953
    vertex 3729.725449510792 138.2884704632048 -12.7564459939574
  endloop
endfacet
facet normal 2.9829211711581587e-12 -3.311230040709957e-11 -1.0
  outer loop
    vertex 3729.725449510792 138.2884704632048 -12.7564459939574
    vertex 3739.0096333634874 200.02840668501162 -12.756445996244953
    vertex 3730.0871743054213 138.07962855565273 -12.756445993945984
  endloop
endfacet
facet normal 2.9829211711581587e-12 -3.311230040709957e-11 -1.0
  outer loop
    vertex 3730.0871743054213 138.07962855565273 -12.756445993945984
    vertex 3739.0096333634874 200.02840668501162 -12.756445996244953
    vertex 3730.3825213634736 137.78428149760077 -12.756445993929876
  endloop
endfacet
facet normal 2.9829211711581587e-12 -3.311230040709957e-11 -1.0
  outer loop
    vertex 3730.3825213634736 137.78428149760077 -12.756445993929876
    vertex 3739.0096333634874 200.02840668501162 -12.756445996244953
    vertex 3730.5913632710262 137.42255670297098 -12.756445993910114
  endloop
endfacet
facet normal 2.9829211711581587e-12 -3.311230040709957e-11 -1.0
  outer loop
    vertex 3730.5913632710262 137.42255670297098 -12.756445993910114
    vertex 3739.0096333634874 200.02840668501162 -12.756445996244953
    vertex 3730.699467797205 137.01910511873893 -12.75644599388805
  endloop
endfacet
facet normal 2.9829211711581587e-12 -3.311230040709957e-11 -1.0
  outer loop
    vertex 3730.699467797205 137.01910511873893 -12.75644599388805
    vertex 3739.0096333634874 200.02840668501162 -12.756445996244953
    vertex 3730.699467797205 136.60142130363477 -12.75644599386522
  endloop
endfacet
facet normal 2.9829211711581587e-12 -3.311230040709957e-11 -1.0
  outer loop
    vertex 3699.0097394074905 73.592119737808 -12.756445992177685
    vertex 3716.844630855399 107.59944626724007 -12.756445993119343
    vertex 3739.0097394074887 73.59211973780162 -12.756445992179462
  endloop
endfacet
facet normal 2.9829211711581587e-12 -3.311230040709957e-11 -1.0
  outer loop
    vertex 3716.844630855399 107.59944626724007 -12.756445993119343
    vertex 3699.0097394074905 73.592119737808 -12.756445992177685
    vertex 3716.5948777231065 108.2024036664623 -12.756445993145697
  endloop
endfacet
facet normal 2.9829211711581587e-12 -3.311230040709957e-11 -1.0
  outer loop
    vertex 3716.5948777231065 108.2024036664623 -12.756445993145697
    vertex 3699.0097394074905 73.592119737808 -12.756445992177685
    vertex 3707.3607354299033 136.39615273902263 -12.756445993854067
  endloop
endfacet
facet normal 2.9829211711581587e-12 -3.311230040709957e-11 -1.0
  outer loop
    vertex 3707.3607354299033 136.39615273902263 -12.756445993854067
    vertex 3699.0097394074905 73.592119737808 -12.756445992177685
    vertex 3707.306216751966 136.81026321118665 -12.756445993876694
  endloop
endfacet
facet normal 2.9829211711581587e-12 -3.311230040709957e-11 -1.0
  outer loop
    vertex 3707.306216751966 136.81026321118665 -12.756445993876694
    vertex 3699.0097394074905 73.592119737808 -12.756445992177685
    vertex 3699.0169703634874 200.02840668549214 -12.756445996485363
  endloop
endfacet
facet normal 2.9829211711581587e-12 -3.311230040709957e-11 -1.0
  outer loop
    vertex 3716.5948777231065 108.2024036664623 -12.756445993145697
    vertex 3707.3607354299033 136.39615273902263 -12.756445993854067
    vertex 3707.520576105911 136.01026321118667 -12.756445993832985
  endloop
endfacet
facet normal 2.9829211711581587e-12 -3.311230040709957e-11 -1.0
  outer loop
    vertex 3716.5948777231065 108.2024036664623 -12.756445993145697
    vertex 3707.520576105911 136.01026321118667 -12.756445993832985
    vertex 3707.7748459020677 135.6788923612882 -12.756445993814893
  endloop
endfacet
facet normal 2.9829211711581587e-12 -3.311230040709957e-11 -1.0
  outer loop
    vertex 3716.5948777231065 108.2024036664623 -12.756445993145697
    vertex 3707.7748459020677 135.6788923612882 -12.756445993814893
    vertex 3708.1062167519663 135.42462256513156 -12.756445993800995
  endloop
endfacet
facet normal 2.9829211711581587e-12 -3.311230040709957e-11 -1.0
  outer loop
    vertex 3716.5948777231065 108.2024036664623 -12.756445993145697
    vertex 3708.1062167519663 135.42462256513156 -12.756445993800995
    vertex 3708.492106279802 135.26478188912415 -12.756445993792264
  endloop
endfacet
facet normal 2.9829211711581587e-12 -3.311230040709957e-11 -1.0
  outer loop
    vertex 3716.5948777231065 108.2024036664623 -12.756445993145697
    vertex 3708.492106279802 135.26478188912415 -12.756445993792264
    vertex 3708.9062167519664 135.21026321118666 -12.756445993789287
  endloop
endfacet
facet normal 2.9829211711581587e-12 -3.311230040709957e-11 -1.0
  outer loop
    vertex 3716.5948777231065 108.2024036664623 -12.756445993145697
    vertex 3708.9062167519664 135.21026321118666 -12.756445993789287
    vertex 3709.1132719880475 135.2375225501554 -12.756445993790775
  endloop
endfacet
facet normal 2.9829211711581587e-12 -3.311230040709957e-11 -1.0
  outer loop
    vertex 3716.5948777231065 108.2024036664623 -12.756445993145697
    vertex 3709.1132719880475 135.2375225501554 -12.756445993790775
    vertex 3709.3203272241303 135.26478188912415 -12.756445993792264
  endloop
endfacet
facet normal 2.9829211711581587e-12 -3.311230040709957e-11 -1.0
  outer loop
    vertex 3716.5948777231065 108.2024036664623 -12.756445993145697
    vertex 3709.3203272241303 135.26478188912415 -12.756445993792264
    vertex 3709.706216751966 135.42462256513156 -12.756445993800995
  endloop
endfacet
facet normal 2.9829211711581587e-12 -3.311230040709957e-11 -1.0
  outer loop
    vertex 3716.5948777231065 108.2024036664623 -12.756445993145697
    vertex 3709.706216751966 135.42462256513156 -12.756445993800995
    vertex 3710.0375876018643 135.6788923612882 -12.756445993814893
  endloop
endfacet
facet normal 2.9829211711581587e-12 -3.311230040709957e-11 -1.0
  outer loop
    vertex 3716.5948777231065 108.2024036664623 -12.756445993145697
    vertex 3710.0375876018643 135.6788923612882 -12.756445993814893
    vertex 3710.291857398021 136.01026321118667 -12.756445993832985
  endloop
endfacet
facet normal 2.9829211711581587e-12 -3.311230040709957e-11 -1.0
  outer loop
    vertex 3716.5948777231065 108.2024036664623 -12.756445993145697
    vertex 3710.291857398021 136.01026321118667 -12.756445993832985
    vertex 3710.451698074028 136.39615273902263 -12.756445993854067
  endloop
endfacet
facet normal 2.9829211711581587e-12 -3.311230040709957e-11 -1.0
  outer loop
    vertex 3716.5948777231065 108.2024036664623 -12.756445993145697
    vertex 3710.451698074028 136.39615273902263 -12.756445993854067
    vertex 3710.506216751966 136.81026321118665 -12.756445993876694
  endloop
endfacet
facet normal 2.9829211711581587e-12 -3.311230040709957e-11 -1.0
  outer loop
    vertex 3716.5948777231065 108.2024036664623 -12.756445993145697
    vertex 3710.506216751966 136.81026321118665 -12.756445993876694
    vertex 3712.6345759319793 135.10205751351023 -12.756445993783357
  endloop
endfacet
facet normal 2.9829211711581587e-12 -3.311230040709957e-11 -1.0
  outer loop
    vertex 3712.6345759319793 135.10205751351023 -12.756445993783357
    vertex 3710.506216751966 136.81026321118665 -12.756445993876694
    vertex 3712.4096863854866 136.81026321118688 -12.756445993876675
  endloop
endfacet
facet normal 2.9829211711581587e-12 -3.311230040709957e-11 -1.0
  outer loop
    vertex 3716.5948777231065 108.2024036664623 -12.756445993145697
    vertex 3712.6345759319793 135.10205751351023 -12.756445993783357
    vertex 3716.509691580737 108.84945665773395 -12.756445993392495
  endloop
endfacet
facet normal 2.9829211711581587e-12 -3.311230040709957e-11 -1.0
  outer loop
    vertex 3716.509691580737 108.84945665773395 -12.756445993392495
    vertex 3712.6345759319793 135.10205751351023 -12.756445993783357
    vertex 3713.2939187205097 133.5102632111869 -12.756445993696389
  endloop
endfacet
facet normal 2.9829211711581587e-12 -3.311230040709957e-11 -1.0
  outer loop
    vertex 3716.509691580737 108.84945665773395 -12.756445993392495
    vertex 3713.2939187205097 133.5102632111869 -12.756445993696389
    vertex 3714.3427816296557 132.1433584553557 -12.756445993621716
  endloop
endfacet
facet normal 2.9829211711581587e-12 -3.311230040709957e-11 -1.0
  outer loop
    vertex 3716.509691580737 108.84945665773395 -12.756445993392495
    vertex 3714.3427816296557 132.1433584553557 -12.756445993621716
    vertex 3715.7096863854867 131.09449554620963 -12.756445993564414
  endloop
endfacet
facet normal 2.9829211711581587e-12 -3.311230040709957e-11 -1.0
  outer loop
    vertex 3716.509691580737 108.84945665773395 -12.756445993392495
    vertex 3715.7096863854867 131.09449554620963 -12.756445993564414
    vertex 3716.509691580737 118.84945665773397 -12.756445993392495
  endloop
endfacet
facet normal 2.9829211711581587e-12 -3.311230040709957e-11 -1.0
  outer loop
    vertex 3739.0097394074887 73.59211973780162 -12.756445992179462
    vertex 3716.844630855399 107.59944626724007 -12.756445993119343
    vertex 3717.2419307143814 107.08167501039023 -12.756445993096714
  endloop
endfacet
facet normal 2.9829211711581587e-12 -3.311230040709957e-11 -1.0
  outer loop
    vertex 3739.0097394074887 73.59211973780162 -12.756445992179462
    vertex 3717.2419307143814 107.08167501039023 -12.756445993096714
    vertex 3717.7597019712325 106.68437515140936 -12.75644599307935
  endloop
endfacet
facet normal 2.9829211711581587e-12 -3.311230040709957e-11 -1.0
  outer loop
    vertex 3739.0097394074887 73.59211973780162 -12.756445992179462
    vertex 3717.7597019712325 106.68437515140936 -12.75644599307935
    vertex 3718.36265937045 106.43462201911836 -12.756445993068436
  endloop
endfacet
facet normal 2.9829211711581587e-12 -3.311230040709957e-11 -1.0
  outer loop
    vertex 3739.0097394074887 73.59211973780162 -12.756445992179462
    vertex 3718.36265937045 106.43462201911836 -12.756445993068436
    vertex 3719.0097123617206 106.34943587674596 -12.756445993064712
  endloop
endfacet
facet normal 2.9829211711581587e-12 -3.311230040709957e-11 -1.0
  outer loop
    vertex 3739.0097394074887 73.59211973780162 -12.756445992179462
    vertex 3719.0097123617206 106.34943587674596 -12.756445993064712
    vertex 3719.6567653529937 106.43462201911836 -12.756445993068436
  endloop
endfacet
facet normal 2.9829211711581587e-12 -3.311230040709957e-11 -1.0
  outer loop
    vertex 3739.0097394074887 73.59211973780162 -12.756445992179462
    vertex 3719.6567653529937 106.43462201911836 -12.756445993068436
    vertex 3720.25972275222 106.68437515140936 -12.75644599307935
  endloop
endfacet
facet normal 2.9829211711581587e-12 -3.311230040709957e-11 -1.0
  outer loop
    vertex 3739.0097394074887 73.59211973780162 -12.756445992179462
    vertex 3720.25972275222 106.68437515140936 -12.75644599307935
    vertex 3720.777494009067 107.08167501039023 -12.756445993096714
  endloop
endfacet
facet normal 2.9829211711581587e-12 -3.311230040709957e-11 -1.0
  outer loop
    vertex 3739.0097394074887 73.59211973780162 -12.756445992179462
    vertex 3720.777494009067 107.08167501039023 -12.756445993096714
    vertex 3721.174793868048 107.59944626724007 -12.756445993119343
  endloop
endfacet
facet normal 2.9829211711581587e-12 -3.311230040709957e-11 -1.0
  outer loop
    vertex 3739.0097394074887 73.59211973780162 -12.756445992179462
    vertex 3721.174793868048 107.59944626724007 -12.756445993119343
    vertex 3721.4245470003398 108.2024036664623 -12.756445993145697
  endloop
endfacet
facet normal 2.9829211711581587e-12 -3.311230040709957e-11 -1.0
  outer loop
    vertex 3739.0097394074887 73.59211973780162 -12.756445992179462
    vertex 3721.4245470003398 108.2024036664623 -12.756445993145697
    vertex 3721.50969158074 108.84945665773395 -12.756445993392495
  endloop
endfacet
facet normal 2.9829211711581587e-12 -3.311230040709957e-11 -1.0
  outer loop
    vertex 3739.0097394074887 73.59211973780162 -12.756445992179462
    vertex 3721.50969158074 108.84945665773395 -12.756445993392495
    vertex 3722.3096863854867 131.09449554620963 -12.756445993564414
  endloop
endfacet
facet normal 2.9829211711581587e-12 -3.311230040709957e-11 -1.0
  outer loop
    vertex 3739.0097394074887 73.59211973780162 -12.756445992179462
    vertex 3722.3096863854867 131.09449554620963 -12.756445993564414
    vertex 3723.6765911413177 132.1433584553557 -12.756445993621716
  endloop
endfacet
facet normal 2.9829211711581587e-12 -3.311230040709957e-11 -1.0
  outer loop
    vertex 3739.0097394074887 73.59211973780162 -12.756445992179462
    vertex 3723.6765911413177 132.1433584553557 -12.756445993621716
    vertex 3724.7254540504637 133.5102632111869 -12.756445993696389
  endloop
endfacet
facet normal 2.9829211711581587e-12 -3.311230040709957e-11 -1.0
  outer loop
    vertex 3739.0097394074887 73.59211973780162 -12.756445992179462
    vertex 3724.7254540504637 133.5102632111869 -12.756445993696389
    vertex 3725.3847968389946 135.10205751351026 -12.756445993783357
  endloop
endfacet
facet normal 2.9829211711581587e-12 -3.311230040709957e-11 -1.0
  outer loop
    vertex 3739.0097394074887 73.59211973780162 -12.756445992179462
    vertex 3725.3847968389946 135.10205751351026 -12.756445993783357
    vertex 3725.609686385487 136.81026321118688 -12.756445993876675
  endloop
endfacet
facet normal 2.9829211711581587e-12 -3.311230040709957e-11 -1.0
  outer loop
    vertex 3739.0097394074887 73.59211973780162 -12.756445992179462
    vertex 3725.609686385487 136.81026321118688 -12.756445993876675
    vertex 3727.526844240809 136.6014213036344 -12.75644599386522
  endloop
endfacet
facet normal 2.9829211711581587e-12 -3.311230040709957e-11 -1.0
  outer loop
    vertex 3727.526844240809 136.6014213036344 -12.75644599386522
    vertex 3725.609686385487 136.81026321118688 -12.756445993876675
    vertex 3727.526844240809 137.01910511873857 -12.75644599388805
  endloop
endfacet
facet normal 2.9829211711581587e-12 -3.311230040709957e-11 -1.0
  outer loop
    vertex 3739.0097394074887 73.59211973780162 -12.756445992179462
    vertex 3727.526844240809 136.6014213036344 -12.75644599386522
    vertex 3727.63494876699 136.19796971940235 -12.756445993843203
  endloop
endfacet
facet normal 2.9829211711581587e-12 -3.311230040709957e-11 -1.0
  outer loop
    vertex 3739.0097394074887 73.59211973780162 -12.756445992179462
    vertex 3727.63494876699 136.19796971940235 -12.756445993843203
    vertex 3727.8437906745417 135.83624492477256 -12.756445993823439
  endloop
endfacet
facet normal 2.9829211711581587e-12 -3.311230040709957e-11 -1.0
  outer loop
    vertex 3739.0097394074887 73.59211973780162 -12.756445992179462
    vertex 3727.8437906745417 135.83624492477256 -12.756445993823439
    vertex 3728.1391377325936 135.5408978667206 -12.756445993807286
  endloop
endfacet
facet normal 2.9829211711581587e-12 -3.311230040709957e-11 -1.0
  outer loop
    vertex 3739.0097394074887 73.59211973780162 -12.756445992179462
    vertex 3728.1391377325936 135.5408978667206 -12.756445993807286
    vertex 3728.500862527224 135.33205595916854 -12.756445993795916
  endloop
endfacet
facet normal 2.9829211711581587e-12 -3.311230040709957e-11 -1.0
  outer loop
    vertex 3739.0097394074887 73.59211973780162 -12.756445992179462
    vertex 3728.500862527224 135.33205595916854 -12.756445993795916
    vertex 3728.904314111456 135.22395143298854 -12.756445993790006
  endloop
endfacet
facet normal 2.9829211711581587e-12 -3.311230040709957e-11 -1.0
  outer loop
    vertex 3739.0097394074887 73.59211973780162 -12.756445992179462
    vertex 3728.904314111456 135.22395143298854 -12.756445993790006
    vertex 3729.32199792656 135.2239514329886 -12.756445993790006
  endloop
endfacet
facet normal 2.9829211711581587e-12 -3.311230040709957e-11 -1.0
  outer loop
    vertex 3739.0097394074887 73.59211973780162 -12.756445992179462
    vertex 3729.32199792656 135.2239514329886 -12.756445993790006
    vertex 3729.725449510792 135.33205595916868 -12.756445993795916
  endloop
endfacet
facet normal 2.9829211711581587e-12 -3.311230040709957e-11 -1.0
  outer loop
    vertex 3739.0097394074887 73.59211973780162 -12.756445992179462
    vertex 3729.725449510792 135.33205595916868 -12.756445993795916
    vertex 3730.087174305422 135.54089786672083 -12.756445993807286
  endloop
endfacet
facet normal 2.9829211711581587e-12 -3.311230040709957e-11 -1.0
  outer loop
    vertex 3739.0097394074887 73.59211973780162 -12.756445992179462
    vertex 3730.087174305422 135.54089786672083 -12.756445993807286
    vertex 3730.3825213634736 135.83624492477287 -12.756445993823439
  endloop
endfacet
facet normal 2.9829211711581587e-12 -3.311230040709957e-11 -1.0
  outer loop
    vertex 3739.0097394074887 73.59211973780162 -12.756445992179462
    vertex 3730.3825213634736 135.83624492477287 -12.756445993823439
    vertex 3730.5913632710262 136.1979697194027 -12.756445993843203
  endloop
endfacet
facet normal 2.9829211711581587e-12 -3.311230040709957e-11 -1.0
  outer loop
    vertex 3739.0097394074887 73.59211973780162 -12.756445992179462
    vertex 3730.5913632710262 136.1979697194027 -12.756445993843203
    vertex 3730.699467797205 136.60142130363477 -12.75644599386522
  endloop
endfacet
facet normal 2.9829211711581587e-12 -3.311230040709957e-11 -1.0
  outer loop
    vertex 3739.0097394074887 73.59211973780162 -12.756445992179462
    vertex 3730.699467797205 136.60142130363477 -12.75644599386522
    vertex 3739.0096333634874 200.02840668501162 -12.756445996244953
  endloop
endfacet
facet normal 2.9829211711581587e-12 -3.311230040709957e-11 -1.0
  outer loop
    vertex 3715.7096863854867 142.52603087616413 -12.756445994188924
    vertex 3716.509691580737 155.3951516577339 -12.75644599465883
    vertex 3717.30148068781 143.18537366469468 -12.756445994224952
  endloop
endfacet
facet normal 2.9829211711581587e-12 -3.311230040709957e-11 -1.0
  outer loop
    vertex 3716.509691580737 155.3951516577339 -12.75644599465883
    vertex 3715.7096863854867 142.52603087616413 -12.756445994188924
    vertex 3716.509691580737 165.39515165773392 -12.75644599465883
  endloop
endfacet
facet normal 2.9829211711581587e-12 -3.311230040709957e-11 -1.0
  outer loop
    vertex 3717.30148068781 143.18537366469468 -12.756445994224952
    vertex 3716.509691580737 155.3951516577339 -12.75644599465883
    vertex 3716.5948777231065 154.74809866646225 -12.756445994412026
  endloop
endfacet
facet normal 2.9829211711581587e-12 -3.311230040709957e-11 -1.0
  outer loop
    vertex 3717.30148068781 143.18537366469468 -12.756445994224952
    vertex 3716.5948777231065 154.74809866646225 -12.756445994412026
    vertex 3716.844630855399 154.14514126724 -12.756445994385675
  endloop
endfacet
facet normal 2.9829211711581587e-12 -3.311230040709957e-11 -1.0
  outer loop
    vertex 3717.30148068781 143.18537366469468 -12.756445994224952
    vertex 3716.844630855399 154.14514126724 -12.756445994385675
    vertex 3717.2419307143814 153.62737001039017 -12.756445994363048
  endloop
endfacet
facet normal 2.9829211711581587e-12 -3.311230040709957e-11 -1.0
  outer loop
    vertex 3717.30148068781 143.18537366469468 -12.756445994224952
    vertex 3717.2419307143814 153.62737001039017 -12.756445994363048
    vertex 3717.4096863854866 146.91373284470765 -12.75644599442864
  endloop
endfacet
facet normal 2.9829211711581587e-12 -3.311230040709957e-11 -1.0
  outer loop
    vertex 3717.4096863854866 146.91373284470765 -12.75644599442864
    vertex 3717.2419307143814 153.62737001039017 -12.756445994363048
    vertex 3717.7597019712325 153.2300701514093 -12.756445994345682
  endloop
endfacet
facet normal 2.9829211711581587e-12 -3.311230040709957e-11 -1.0
  outer loop
    vertex 3717.4096863854866 146.91373284470765 -12.75644599442864
    vertex 3717.7597019712325 153.2300701514093 -12.756445994345682
    vertex 3717.464205063424 147.32784331687168 -12.75644599445127
  endloop
endfacet
facet normal 2.9829211711581587e-12 -3.311230040709957e-11 -1.0
  outer loop
    vertex 3717.464205063424 147.32784331687168 -12.75644599445127
    vertex 3717.7597019712325 153.2300701514093 -12.756445994345682
    vertex 3717.624045739432 147.71373284470766 -12.756445994472362
  endloop
endfacet
facet normal 2.9829211711581587e-12 -3.311230040709957e-11 -1.0
  outer loop
    vertex 3717.624045739432 147.71373284470766 -12.756445994472362
    vertex 3717.7597019712325 153.2300701514093 -12.756445994345682
    vertex 3717.878315535588 148.04510369460613 -12.756445994490454
  endloop
endfacet
facet normal 2.9829211711581587e-12 -3.311230040709957e-11 -1.0
  outer loop
    vertex 3717.878315535588 148.04510369460613 -12.756445994490454
    vertex 3717.7597019712325 153.2300701514093 -12.756445994345682
    vertex 3718.36265937045 152.9803170191183 -12.75644599433477
  endloop
endfacet
facet normal 2.9829211711581587e-12 -3.311230040709957e-11 -1.0
  outer loop
    vertex 3717.878315535588 148.04510369460613 -12.756445994490454
    vertex 3718.36265937045 152.9803170191183 -12.75644599433477
    vertex 3718.2096863854863 148.29937349076278 -12.756445994504352
  endloop
endfacet
facet normal 2.9829211711581587e-12 -3.311230040709957e-11 -1.0
  outer loop
    vertex 3718.2096863854863 148.29937349076278 -12.756445994504352
    vertex 3718.36265937045 152.9803170191183 -12.75644599433477
    vertex 3718.5955759133226 148.45921416677015 -12.756445994513083
  endloop
endfacet
facet normal 2.9829211711581587e-12 -3.311230040709957e-11 -1.0
  outer loop
    vertex 3718.5955759133226 148.45921416677015 -12.756445994513083
    vertex 3718.36265937045 152.9803170191183 -12.75644599433477
    vertex 3719.0097123617206 152.8951308767459 -12.756445994331042
  endloop
endfacet
facet normal 2.9829211711581587e-12 -3.311230040709957e-11 -1.0
  outer loop
    vertex 3718.5955759133226 148.45921416677015 -12.756445994513083
    vertex 3719.0097123617206 152.8951308767459 -12.756445994331042
    vertex 3719.009686385487 148.51373284470765 -12.75644599451606
  endloop
endfacet
facet normal 2.9829211711581587e-12 -3.311230040709957e-11 -1.0
  outer loop
    vertex 3719.009686385487 148.51373284470765 -12.75644599451606
    vertex 3719.0097123617206 152.8951308767459 -12.756445994331042
    vertex 3719.423796857651 148.45921416677015 -12.756445994513083
  endloop
endfacet
facet normal 2.9829211711581587e-12 -3.311230040709957e-11 -1.0
  outer loop
    vertex 3719.423796857651 148.45921416677015 -12.756445994513083
    vertex 3719.0097123617206 152.8951308767459 -12.756445994331042
    vertex 3719.6567653529937 152.9803170191183 -12.75644599433477
  endloop
endfacet
facet normal 2.9829211711581587e-12 -3.311230040709957e-11 -1.0
  outer loop
    vertex 3719.423796857651 148.45921416677015 -12.756445994513083
    vertex 3719.6567653529937 152.9803170191183 -12.75644599433477
    vertex 3719.8096863854867 148.29937349076278 -12.756445994504352
  endloop
endfacet
facet normal 2.9829211711581587e-12 -3.311230040709957e-11 -1.0
  outer loop
    vertex 3719.8096863854867 148.29937349076278 -12.756445994504352
    vertex 3719.6567653529937 152.9803170191183 -12.75644599433477
    vertex 3720.25972275222 153.2300701514093 -12.756445994345682
  endloop
endfacet
facet normal 2.9829211711581587e-12 -3.311230040709957e-11 -1.0
  outer loop
    vertex 3719.8096863854867 148.29937349076278 -12.756445994504352
    vertex 3720.25972275222 153.2300701514093 -12.756445994345682
    vertex 3720.1410572353852 148.04510369460613 -12.756445994490454
  endloop
endfacet
facet normal 2.9829211711581587e-12 -3.311230040709957e-11 -1.0
  outer loop
    vertex 3720.1410572353852 148.04510369460613 -12.756445994490454
    vertex 3720.25972275222 153.2300701514093 -12.756445994345682
    vertex 3720.3953270315415 147.71373284470766 -12.756445994472362
  endloop
endfacet
facet normal 2.9829211711581587e-12 -3.311230040709957e-11 -1.0
  outer loop
    vertex 3720.3953270315415 147.71373284470766 -12.756445994472362
    vertex 3720.25972275222 153.2300701514093 -12.756445994345682
    vertex 3720.777494009067 153.62737001039017 -12.756445994363048
  endloop
endfacet
facet normal 2.9829211711581587e-12 -3.311230040709957e-11 -1.0
  outer loop
    vertex 3720.3953270315415 147.71373284470766 -12.756445994472362
    vertex 3720.777494009067 153.62737001039017 -12.756445994363048
    vertex 3720.5551677075496 147.32784331687168 -12.75644599445127
  endloop
endfacet
facet normal 2.9829211711581587e-12 -3.311230040709957e-11 -1.0
  outer loop
    vertex 3720.5551677075496 147.32784331687168 -12.75644599445127
    vertex 3720.777494009067 153.62737001039017 -12.756445994363048
    vertex 3720.6096863854873 146.91373284470765 -12.75644599442864
  endloop
endfacet
facet normal 2.9829211711581587e-12 -3.311230040709957e-11 -1.0
  outer loop
    vertex 3720.6096863854873 146.91373284470765 -12.75644599442864
    vertex 3720.777494009067 153.62737001039017 -12.756445994363048
    vertex 3720.7178920831634 143.18537366469468 -12.756445994224952
  endloop
endfacet
facet normal 2.9829211711581587e-12 -3.311230040709957e-11 -1.0
  outer loop
    vertex 3720.7178920831634 143.18537366469468 -12.756445994224952
    vertex 3720.777494009067 153.62737001039017 -12.756445994363048
    vertex 3722.3096863854867 142.52603087616413 -12.756445994188924
  endloop
endfacet
facet normal 2.9829211711581587e-12 -3.311230040709957e-11 -1.0
  outer loop
    vertex 3722.3096863854867 142.52603087616413 -12.756445994188924
    vertex 3720.777494009067 153.62737001039017 -12.756445994363048
    vertex 3721.174793868048 154.14514126724 -12.756445994385675
  endloop
endfacet
facet normal 2.9829211711581587e-12 -3.311230040709957e-11 -1.0
  outer loop
    vertex 3722.3096863854867 142.52603087616413 -12.756445994188924
    vertex 3721.174793868048 154.14514126724 -12.756445994385675
    vertex 3721.4245470003398 154.74809866646225 -12.756445994412026
  endloop
endfacet
facet normal 2.9829211711581587e-12 -3.311230040709957e-11 -1.0
  outer loop
    vertex 3722.3096863854867 142.52603087616413 -12.756445994188924
    vertex 3721.4245470003398 154.74809866646225 -12.756445994412026
    vertex 3721.50969158074 155.3951516577339 -12.75644599465883
  endloop
endfacet
facet normal 2.9829211711581587e-12 -3.311230040709957e-11 -1.0
  outer loop
    vertex 3717.30148068781 143.18537366469468 -12.756445994224952
    vertex 3717.624045739432 146.11373284470767 -12.756445994384944
    vertex 3719.009686385487 143.41026321118682 -12.756445994237236
  endloop
endfacet
facet normal 2.9829211711581587e-12 -3.311230040709957e-11 -1.0
  outer loop
    vertex 3717.624045739432 146.11373284470767 -12.756445994384944
    vertex 3717.30148068781 143.18537366469468 -12.756445994224952
    vertex 3717.464205063424 146.49962237254363 -12.756445994406036
  endloop
endfacet
facet normal 2.9829211711581587e-12 -3.311230040709957e-11 -1.0
  outer loop
    vertex 3717.464205063424 146.49962237254363 -12.756445994406036
    vertex 3717.30148068781 143.18537366469468 -12.756445994224952
    vertex 3717.4096863854866 146.91373284470765 -12.75644599442864
  endloop
endfacet
facet normal 2.9829211711581587e-12 -3.311230040709957e-11 -1.0
  outer loop
    vertex 3717.464205063424 146.49962237254363 -12.756445994406036
    vertex 3717.4096863854866 146.91373284470765 -12.75644599442864
    vertex 3717.436945724455 146.70667760862565 -12.756445994417339
  endloop
endfacet
facet normal 2.9829211711581587e-12 -3.311230040709957e-11 -1.0
  outer loop
    vertex 3719.009686385487 143.41026321118682 -12.756445994237236
    vertex 3717.624045739432 146.11373284470767 -12.756445994384944
    vertex 3717.878315535588 145.78236199480918 -12.75644599436685
  endloop
endfacet
facet normal 2.9829211711581587e-12 -3.311230040709957e-11 -1.0
  outer loop
    vertex 3719.009686385487 143.41026321118682 -12.756445994237236
    vertex 3717.878315535588 145.78236199480918 -12.75644599436685
    vertex 3718.2096863854867 145.52809219865256 -12.756445994352953
  endloop
endfacet
facet normal 2.9829211711581587e-12 -3.311230040709957e-11 -1.0
  outer loop
    vertex 3719.009686385487 143.41026321118682 -12.756445994237236
    vertex 3718.2096863854867 145.52809219865256 -12.756445994352953
    vertex 3718.5955759133226 145.36825152264515 -12.756445994344222
  endloop
endfacet
facet normal 2.9829211711581587e-12 -3.311230040709957e-11 -1.0
  outer loop
    vertex 3719.009686385487 143.41026321118682 -12.756445994237236
    vertex 3718.5955759133226 145.36825152264515 -12.756445994344222
    vertex 3719.009686385487 145.31373284470766 -12.756445994341245
  endloop
endfacet
facet normal 2.9829211711581587e-12 -3.311230040709957e-11 -1.0
  outer loop
    vertex 3719.009686385487 143.41026321118682 -12.756445994237236
    vertex 3719.009686385487 145.31373284470766 -12.756445994341245
    vertex 3719.423796857651 145.36825152264515 -12.756445994344222
  endloop
endfacet
facet normal 2.9829211711581587e-12 -3.311230040709957e-11 -1.0
  outer loop
    vertex 3719.009686385487 143.41026321118682 -12.756445994237236
    vertex 3719.423796857651 145.36825152264515 -12.756445994344222
    vertex 3720.7178920831634 143.18537366469468 -12.756445994224952
  endloop
endfacet
facet normal 2.9829211711581587e-12 -3.311230040709957e-11 -1.0
  outer loop
    vertex 3720.7178920831634 143.18537366469468 -12.756445994224952
    vertex 3719.423796857651 145.36825152264515 -12.756445994344222
    vertex 3719.809686385487 145.52809219865256 -12.756445994352953
  endloop
endfacet
facet normal 2.9829211711581587e-12 -3.311230040709957e-11 -1.0
  outer loop
    vertex 3720.7178920831634 143.18537366469468 -12.756445994224952
    vertex 3719.809686385487 145.52809219865256 -12.756445994352953
    vertex 3720.1410572353852 145.78236199480918 -12.75644599436685
  endloop
endfacet
facet normal 2.9829211711581587e-12 -3.311230040709957e-11 -1.0
  outer loop
    vertex 3720.7178920831634 143.18537366469468 -12.756445994224952
    vertex 3720.1410572353852 145.78236199480918 -12.75644599436685
    vertex 3720.3953270315415 146.11373284470767 -12.756445994384944
  endloop
endfacet
facet normal 2.9829211711581587e-12 -3.311230040709957e-11 -1.0
  outer loop
    vertex 3720.7178920831634 143.18537366469468 -12.756445994224952
    vertex 3720.3953270315415 146.11373284470767 -12.756445994384944
    vertex 3720.5551677075496 146.49962237254363 -12.756445994406036
  endloop
endfacet
facet normal 2.9829211711581587e-12 -3.311230040709957e-11 -1.0
  outer loop
    vertex 3720.7178920831634 143.18537366469468 -12.756445994224952
    vertex 3720.5551677075496 146.49962237254363 -12.756445994406036
    vertex 3720.582427046518 146.70667760862565 -12.756445994417339
  endloop
endfacet
facet normal 2.9829211711581587e-12 -3.311230040709957e-11 -1.0
  outer loop
    vertex 3720.7178920831634 143.18537366469468 -12.756445994224952
    vertex 3720.582427046518 146.70667760862565 -12.756445994417339
    vertex 3720.6096863854873 146.91373284470765 -12.75644599442864
  endloop
endfacet
facet normal -3.8312335310401286e-27 5.463046483715087e-11 1.0
  outer loop
    vertex 3717.30148068781 143.18537366491313 -8.756445994559446
    vertex 3717.464205063424 146.49962237276213 -8.756445994740504
    vertex 3717.4096863854866 146.91373284492616 -8.756445994763128
  endloop
endfacet
facet normal -3.8312335310401286e-27 5.463046483715087e-11 1.0
  outer loop
    vertex 3717.464205063424 146.49962237276213 -8.756445994740504
    vertex 3717.30148068781 143.18537366491313 -8.756445994559446
    vertex 3717.624045739432 146.11373284492618 -8.756445994719423
  endloop
endfacet
facet normal -3.8312335310401286e-27 5.463046483715087e-11 1.0
  outer loop
    vertex 3717.624045739432 146.11373284492618 -8.756445994719423
    vertex 3717.30148068781 143.18537366491313 -8.756445994559446
    vertex 3719.009686385487 143.41026321140527 -8.756445994571731
  endloop
endfacet
facet normal -3.8312335310401286e-27 5.463046483715087e-11 1.0
  outer loop
    vertex 3717.4096863854866 146.91373284492616 -8.756445994763128
    vertex 3717.464205063424 146.49962237276213 -8.756445994740504
    vertex 3717.436945724455 146.70667760884416 -8.756445994751816
  endloop
endfacet
facet normal -3.8312335310401286e-27 5.463046483715087e-11 1.0
  outer loop
    vertex 3717.624045739432 146.11373284492618 -8.756445994719423
    vertex 3719.009686385487 143.41026321140527 -8.756445994571731
    vertex 3717.878315535588 145.7823619950277 -8.75644599470132
  endloop
endfacet
facet normal -3.8312335310401286e-27 5.463046483715087e-11 1.0
  outer loop
    vertex 3717.878315535588 145.7823619950277 -8.75644599470132
    vertex 3719.009686385487 143.41026321140527 -8.756445994571731
    vertex 3718.2096863854867 145.52809219887106 -8.756445994687429
  endloop
endfacet
facet normal -3.8312335310401286e-27 5.463046483715087e-11 1.0
  outer loop
    vertex 3718.2096863854867 145.52809219887106 -8.756445994687429
    vertex 3719.009686385487 143.41026321140527 -8.756445994571731
    vertex 3718.5955759133226 145.36825152286366 -8.756445994678696
  endloop
endfacet
facet normal -3.8312335310401286e-27 5.463046483715087e-11 1.0
  outer loop
    vertex 3718.5955759133226 145.36825152286366 -8.756445994678696
    vertex 3719.009686385487 143.41026321140527 -8.756445994571731
    vertex 3719.009686385487 145.31373284492616 -8.756445994675719
  endloop
endfacet
facet normal -3.8312335310401286e-27 5.463046483715087e-11 1.0
  outer loop
    vertex 3719.009686385487 145.31373284492616 -8.756445994675719
    vertex 3719.009686385487 143.41026321140527 -8.756445994571731
    vertex 3720.7178920831634 143.18537366491313 -8.756445994559446
  endloop
endfacet
facet normal -3.8312335310401286e-27 5.463046483715087e-11 1.0
  outer loop
    vertex 3719.009686385487 145.31373284492616 -8.756445994675719
    vertex 3720.7178920831634 143.18537366491313 -8.756445994559446
    vertex 3719.423796857651 145.36825152286366 -8.756445994678696
  endloop
endfacet
facet normal -3.8312335310401286e-27 5.463046483715087e-11 1.0
  outer loop
    vertex 3719.423796857651 145.36825152286366 -8.756445994678696
    vertex 3720.7178920831634 143.18537366491313 -8.756445994559446
    vertex 3719.809686385487 145.52809219887106 -8.756445994687429
  endloop
endfacet
facet normal -3.8312335310401286e-27 5.463046483715087e-11 1.0
  outer loop
    vertex 3719.809686385487 145.52809219887106 -8.756445994687429
    vertex 3720.7178920831634 143.18537366491313 -8.756445994559446
    vertex 3720.1410572353852 145.7823619950277 -8.75644599470132
  endloop
endfacet
facet normal -3.8312335310401286e-27 5.463046483715087e-11 1.0
  outer loop
    vertex 3720.1410572353852 145.7823619950277 -8.75644599470132
    vertex 3720.7178920831634 143.18537366491313 -8.756445994559446
    vertex 3720.3953270315415 146.11373284492618 -8.756445994719423
  endloop
endfacet
facet normal -3.8312335310401286e-27 5.463046483715087e-11 1.0
  outer loop
    vertex 3720.3953270315415 146.11373284492618 -8.756445994719423
    vertex 3720.7178920831634 143.18537366491313 -8.756445994559446
    vertex 3720.5551677075496 146.49962237276213 -8.756445994740504
  endloop
endfacet
facet normal -3.8312335310401286e-27 5.463046483715087e-11 1.0
  outer loop
    vertex 3720.5551677075496 146.49962237276213 -8.756445994740504
    vertex 3720.7178920831634 143.18537366491313 -8.756445994559446
    vertex 3720.582427046518 146.70667760884416 -8.756445994751816
  endloop
endfacet
facet normal -3.8312335310401286e-27 5.463046483715087e-11 1.0
  outer loop
    vertex 3720.582427046518 146.70667760884416 -8.756445994751816
    vertex 3720.7178920831634 143.18537366491313 -8.756445994559446
    vertex 3720.6096863854873 146.91373284492616 -8.756445994763128
  endloop
endfacet
facet normal -3.8312335310401286e-27 5.463046483715087e-11 1.0
  outer loop
    vertex 3717.30148068781 143.18537366491313 -8.756445994559446
    vertex 3716.509691580737 155.39515165783436 -8.756445993093386
    vertex 3715.7096863854867 142.52603087638258 -8.756445994523425
  endloop
endfacet
facet normal -3.8312335310401286e-27 5.463046483715087e-11 1.0
  outer loop
    vertex 3716.509691580737 155.39515165783436 -8.756445993093386
    vertex 3717.30148068781 143.18537366491313 -8.756445994559446
    vertex 3716.5948777231065 154.74809866656273 -8.756445992846585
  endloop
endfacet
facet normal -3.8312335310401286e-27 5.463046483715087e-11 1.0
  outer loop
    vertex 3716.5948777231065 154.74809866656273 -8.756445992846585
    vertex 3717.30148068781 143.18537366491313 -8.756445994559446
    vertex 3716.844630855399 154.14514126734048 -8.756445992820233
  endloop
endfacet
facet normal -3.8312335310401286e-27 5.463046483715087e-11 1.0
  outer loop
    vertex 3716.844630855399 154.14514126734048 -8.756445992820233
    vertex 3717.30148068781 143.18537366491313 -8.756445994559446
    vertex 3717.2419307143814 153.62737001049064 -8.756445992797603
  endloop
endfacet
facet normal -3.8312335310401286e-27 5.463046483715087e-11 1.0
  outer loop
    vertex 3717.2419307143814 153.62737001049064 -8.756445992797603
    vertex 3717.30148068781 143.18537366491313 -8.756445994559446
    vertex 3717.4096863854866 146.91373284492616 -8.756445994763128
  endloop
endfacet
facet normal -3.8312335310401286e-27 5.463046483715087e-11 1.0
  outer loop
    vertex 3717.2419307143814 153.62737001049064 -8.756445992797603
    vertex 3717.4096863854866 146.91373284492616 -8.756445994763128
    vertex 3717.7597019712325 153.23007015150978 -8.75644599278024
  endloop
endfacet
facet normal -3.8312335310401286e-27 5.463046483715087e-11 1.0
  outer loop
    vertex 3717.7597019712325 153.23007015150978 -8.75644599278024
    vertex 3717.4096863854866 146.91373284492616 -8.756445994763128
    vertex 3717.464205063424 147.3278433170902 -8.75644599478575
  endloop
endfacet
facet normal -3.8312335310401286e-27 5.463046483715087e-11 1.0
  outer loop
    vertex 3717.7597019712325 153.23007015150978 -8.75644599278024
    vertex 3717.464205063424 147.3278433170902 -8.75644599478575
    vertex 3717.624045739432 147.71373284492617 -8.756445994806832
  endloop
endfacet
facet normal -3.8312335310401286e-27 5.463046483715087e-11 1.0
  outer loop
    vertex 3717.7597019712325 153.23007015150978 -8.75644599278024
    vertex 3717.624045739432 147.71373284492617 -8.756445994806832
    vertex 3717.878315535588 148.04510369482463 -8.756445994824935
  endloop
endfacet
facet normal -3.8312335310401286e-27 5.463046483715087e-11 1.0
  outer loop
    vertex 3717.7597019712325 153.23007015150978 -8.75644599278024
    vertex 3717.878315535588 148.04510369482463 -8.756445994824935
    vertex 3718.36265937045 152.98031701921877 -8.756445992769326
  endloop
endfacet
facet normal -3.8312335310401286e-27 5.463046483715087e-11 1.0
  outer loop
    vertex 3718.36265937045 152.98031701921877 -8.756445992769326
    vertex 3717.878315535588 148.04510369482463 -8.756445994824935
    vertex 3718.2096863854863 148.29937349098128 -8.756445994838826
  endloop
endfacet
facet normal -3.8312335310401286e-27 5.463046483715087e-11 1.0
  outer loop
    vertex 3718.36265937045 152.98031701921877 -8.756445992769326
    vertex 3718.2096863854863 148.29937349098128 -8.756445994838826
    vertex 3718.5955759133226 148.45921416698866 -8.756445994847558
  endloop
endfacet
facet normal -3.8312335310401286e-27 5.463046483715087e-11 1.0
  outer loop
    vertex 3718.36265937045 152.98031701921877 -8.756445992769326
    vertex 3718.5955759133226 148.45921416698866 -8.756445994847558
    vertex 3719.0097123617206 152.89513087684637 -8.7564459927656
  endloop
endfacet
facet normal -3.8312335310401286e-27 5.463046483715087e-11 1.0
  outer loop
    vertex 3719.0097123617206 152.89513087684637 -8.7564459927656
    vertex 3718.5955759133226 148.45921416698866 -8.756445994847558
    vertex 3719.009686385487 148.51373284492615 -8.756445994850536
  endloop
endfacet
facet normal -3.8312335310401286e-27 5.463046483715087e-11 1.0
  outer loop
    vertex 3719.0097123617206 152.89513087684637 -8.7564459927656
    vertex 3719.009686385487 148.51373284492615 -8.756445994850536
    vertex 3719.423796857651 148.45921416698866 -8.756445994847558
  endloop
endfacet
facet normal -3.8312335310401286e-27 5.463046483715087e-11 1.0
  outer loop
    vertex 3719.0097123617206 152.89513087684637 -8.7564459927656
    vertex 3719.423796857651 148.45921416698866 -8.756445994847558
    vertex 3719.6567653529937 152.98031701921877 -8.756445992769326
  endloop
endfacet
facet normal -3.8312335310401286e-27 5.463046483715087e-11 1.0
  outer loop
    vertex 3719.6567653529937 152.98031701921877 -8.756445992769326
    vertex 3719.423796857651 148.45921416698866 -8.756445994847558
    vertex 3719.8096863854867 148.29937349098128 -8.756445994838826
  endloop
endfacet
facet normal -3.8312335310401286e-27 5.463046483715087e-11 1.0
  outer loop
    vertex 3719.6567653529937 152.98031701921877 -8.756445992769326
    vertex 3719.8096863854867 148.29937349098128 -8.756445994838826
    vertex 3720.25972275222 153.23007015150978 -8.75644599278024
  endloop
endfacet
facet normal -3.8312335310401286e-27 5.463046483715087e-11 1.0
  outer loop
    vertex 3720.25972275222 153.23007015150978 -8.75644599278024
    vertex 3719.8096863854867 148.29937349098128 -8.756445994838826
    vertex 3720.1410572353852 148.04510369482463 -8.756445994824935
  endloop
endfacet
facet normal -3.8312335310401286e-27 5.463046483715087e-11 1.0
  outer loop
    vertex 3720.25972275222 153.23007015150978 -8.75644599278024
    vertex 3720.1410572353852 148.04510369482463 -8.756445994824935
    vertex 3720.3953270315415 147.71373284492617 -8.756445994806832
  endloop
endfacet
facet normal -3.8312335310401286e-27 5.463046483715087e-11 1.0
  outer loop
    vertex 3720.25972275222 153.23007015150978 -8.75644599278024
    vertex 3720.3953270315415 147.71373284492617 -8.756445994806832
    vertex 3720.777494009067 153.62737001049064 -8.756445992797603
  endloop
endfacet
facet normal -3.8312335310401286e-27 5.463046483715087e-11 1.0
  outer loop
    vertex 3720.777494009067 153.62737001049064 -8.756445992797603
    vertex 3720.3953270315415 147.71373284492617 -8.756445994806832
    vertex 3720.5551677075496 147.3278433170902 -8.75644599478575
  endloop
endfacet
facet normal -3.8312335310401286e-27 5.463046483715087e-11 1.0
  outer loop
    vertex 3720.777494009067 153.62737001049064 -8.756445992797603
    vertex 3720.5551677075496 147.3278433170902 -8.75644599478575
    vertex 3720.6096863854873 146.91373284492616 -8.756445994763128
  endloop
endfacet
facet normal -3.8312335310401286e-27 5.463046483715087e-11 1.0
  outer loop
    vertex 3720.777494009067 153.62737001049064 -8.756445992797603
    vertex 3720.6096863854873 146.91373284492616 -8.756445994763128
    vertex 3720.7178920831634 143.18537366491313 -8.756445994559446
  endloop
endfacet
facet normal -3.8312335310401286e-27 5.463046483715087e-11 1.0
  outer loop
    vertex 3720.777494009067 153.62737001049064 -8.756445992797603
    vertex 3720.7178920831634 143.18537366491313 -8.756445994559446
    vertex 3722.3096863854867 142.52603087638258 -8.756445994523425
  endloop
endfacet
facet normal -3.8312335310401286e-27 5.463046483715087e-11 1.0
  outer loop
    vertex 3720.777494009067 153.62737001049064 -8.756445992797603
    vertex 3722.3096863854867 142.52603087638258 -8.756445994523425
    vertex 3721.174793868048 154.14514126734048 -8.756445992820233
  endloop
endfacet
facet normal -3.8312335310401286e-27 5.463046483715087e-11 1.0
  outer loop
    vertex 3721.174793868048 154.14514126734048 -8.756445992820233
    vertex 3722.3096863854867 142.52603087638258 -8.756445994523425
    vertex 3721.4245470003398 154.74809866656273 -8.756445992846585
  endloop
endfacet
facet normal -3.8312335310401286e-27 5.463046483715087e-11 1.0
  outer loop
    vertex 3721.4245470003398 154.74809866656273 -8.756445992846585
    vertex 3722.3096863854867 142.52603087638258 -8.756445994523425
    vertex 3721.50969158074 155.39515165783436 -8.756445993093386
  endloop
endfacet
facet normal -3.8312335310401286e-27 5.463046483715087e-11 1.0
  outer loop
    vertex 3721.50969158074 155.39515165783436 -8.756445993093386
    vertex 3722.3096863854867 142.52603087638258 -8.756445994523425
    vertex 3721.50969158074 165.3951516578344 -8.756445993093386
  endloop
endfacet
facet normal -3.8312335310401286e-27 5.463046483715087e-11 1.0
  outer loop
    vertex 3699.009739407486 99.59211973779954 -8.756445992177925
    vertex 3707.3607354299033 136.3961527392413 -8.756445994188546
    vertex 3707.306216751966 136.81026321140533 -8.75644599421117
  endloop
endfacet
facet normal -3.8312335310401286e-27 5.463046483715087e-11 1.0
  outer loop
    vertex 3707.3607354299033 136.3961527392413 -8.756445994188546
    vertex 3699.009739407486 99.59211973779954 -8.756445992177925
    vertex 3716.5948777231065 108.20240366656272 -8.756445992846585
  endloop
endfacet
facet normal -3.8312335310401286e-27 5.463046483715087e-11 1.0
  outer loop
    vertex 3716.5948777231065 108.20240366656272 -8.756445992846585
    vertex 3699.009739407486 99.59211973779954 -8.756445992177925
    vertex 3716.844630855399 107.59944626734048 -8.756445992820233
  endloop
endfacet
facet normal -3.8312335310401286e-27 5.463046483715087e-11 1.0
  outer loop
    vertex 3716.844630855399 107.59944626734048 -8.756445992820233
    vertex 3699.009739407486 99.59211973779954 -8.756445992177925
    vertex 3717.2419307143814 107.08167501049064 -8.756445992797603
  endloop
endfacet
facet normal -3.8312335310401286e-27 5.463046483715087e-11 1.0
  outer loop
    vertex 3717.2419307143814 107.08167501049064 -8.756445992797603
    vertex 3699.009739407486 99.59211973779954 -8.756445992177925
    vertex 3717.7597019712325 106.68437515150977 -8.75644599278024
  endloop
endfacet
facet normal -3.8312335310401286e-27 5.463046483715087e-11 1.0
  outer loop
    vertex 3717.7597019712325 106.68437515150977 -8.75644599278024
    vertex 3699.009739407486 99.59211973779954 -8.756445992177925
    vertex 3718.36265937045 106.43462201921878 -8.756445992769326
  endloop
endfacet
facet normal -3.8312335310401286e-27 5.463046483715087e-11 1.0
  outer loop
    vertex 3718.36265937045 106.43462201921878 -8.756445992769326
    vertex 3699.009739407486 99.59211973779954 -8.756445992177925
    vertex 3739.0097394074887 99.59211973779954 -8.756445992177925
  endloop
endfacet
facet normal -3.8312335310401286e-27 5.463046483715087e-11 1.0
  outer loop
    vertex 3707.3607354299033 136.3961527392413 -8.756445994188546
    vertex 3716.5948777231065 108.20240366656272 -8.756445992846585
    vertex 3707.520576105911 136.01026321140534 -8.756445994167466
  endloop
endfacet
facet normal -3.8312335310401286e-27 5.463046483715087e-11 1.0
  outer loop
    vertex 3707.520576105911 136.01026321140534 -8.756445994167466
    vertex 3716.5948777231065 108.20240366656272 -8.756445992846585
    vertex 3707.7748459020677 135.67889236150685 -8.756445994149363
  endloop
endfacet
facet normal -3.8312335310401286e-27 5.463046483715087e-11 1.0
  outer loop
    vertex 3707.7748459020677 135.67889236150685 -8.756445994149363
    vertex 3716.5948777231065 108.20240366656272 -8.756445992846585
    vertex 3708.1062167519663 135.42462256535023 -8.756445994135472
  endloop
endfacet
facet normal -3.8312335310401286e-27 5.463046483715087e-11 1.0
  outer loop
    vertex 3708.1062167519663 135.42462256535023 -8.756445994135472
    vertex 3716.5948777231065 108.20240366656272 -8.756445992846585
    vertex 3708.492106279802 135.26478188934283 -8.75644599412674
  endloop
endfacet
facet normal -3.8312335310401286e-27 5.463046483715087e-11 1.0
  outer loop
    vertex 3708.492106279802 135.26478188934283 -8.75644599412674
    vertex 3716.5948777231065 108.20240366656272 -8.756445992846585
    vertex 3708.9062167519664 135.21026321140533 -8.75644599412376
  endloop
endfacet
facet normal -3.8312335310401286e-27 5.463046483715087e-11 1.0
  outer loop
    vertex 3708.9062167519664 135.21026321140533 -8.75644599412376
    vertex 3716.5948777231065 108.20240366656272 -8.756445992846585
    vertex 3709.1132719880475 135.23752255037408 -8.75644599412525
  endloop
endfacet
facet normal -3.8312335310401286e-27 5.463046483715087e-11 1.0
  outer loop
    vertex 3709.1132719880475 135.23752255037408 -8.75644599412525
    vertex 3716.5948777231065 108.20240366656272 -8.756445992846585
    vertex 3709.3203272241303 135.26478188934283 -8.75644599412674
  endloop
endfacet
facet normal -3.8312335310401286e-27 5.463046483715087e-11 1.0
  outer loop
    vertex 3709.3203272241303 135.26478188934283 -8.75644599412674
    vertex 3716.5948777231065 108.20240366656272 -8.756445992846585
    vertex 3709.706216751966 135.42462256535023 -8.756445994135472
  endloop
endfacet
facet normal -3.8312335310401286e-27 5.463046483715087e-11 1.0
  outer loop
    vertex 3709.706216751966 135.42462256535023 -8.756445994135472
    vertex 3716.5948777231065 108.20240366656272 -8.756445992846585
    vertex 3710.0375876018643 135.67889236150685 -8.756445994149363
  endloop
endfacet
facet normal -3.8312335310401286e-27 5.463046483715087e-11 1.0
  outer loop
    vertex 3710.0375876018643 135.67889236150685 -8.756445994149363
    vertex 3716.5948777231065 108.20240366656272 -8.756445992846585
    vertex 3710.291857398021 136.01026321140534 -8.756445994167466
  endloop
endfacet
facet normal -3.8312335310401286e-27 5.463046483715087e-11 1.0
  outer loop
    vertex 3710.291857398021 136.01026321140534 -8.756445994167466
    vertex 3716.5948777231065 108.20240366656272 -8.756445992846585
    vertex 3710.451698074028 136.3961527392413 -8.756445994188546
  endloop
endfacet
facet normal -3.8312335310401286e-27 5.463046483715087e-11 1.0
  outer loop
    vertex 3710.451698074028 136.3961527392413 -8.756445994188546
    vertex 3716.5948777231065 108.20240366656272 -8.756445992846585
    vertex 3710.506216751966 136.81026321140533 -8.75644599421117
  endloop
endfacet
facet normal -3.8312335310401286e-27 5.463046483715087e-11 1.0
  outer loop
    vertex 3710.506216751966 136.81026321140533 -8.75644599421117
    vertex 3716.5948777231065 108.20240366656272 -8.756445992846585
    vertex 3712.6345759319793 135.1020575137287 -8.75644599411785
  endloop
endfacet
facet normal -3.8312335310401286e-27 5.463046483715087e-11 1.0
  outer loop
    vertex 3710.506216751966 136.81026321140533 -8.75644599421117
    vertex 3712.6345759319793 135.1020575137287 -8.75644599411785
    vertex 3712.4096863854866 136.81026321140533 -8.75644599421117
  endloop
endfacet
facet normal -3.8312335310401286e-27 5.463046483715087e-11 1.0
  outer loop
    vertex 3712.6345759319793 135.1020575137287 -8.75644599411785
    vertex 3716.5948777231065 108.20240366656272 -8.756445992846585
    vertex 3716.509691580737 108.84945665783435 -8.756445993093386
  endloop
endfacet
facet normal -3.8312335310401286e-27 5.463046483715087e-11 1.0
  outer loop
    vertex 3712.6345759319793 135.1020575137287 -8.75644599411785
    vertex 3716.509691580737 108.84945665783435 -8.756445993093386
    vertex 3713.2939187205097 133.51026321140537 -8.756445994030889
  endloop
endfacet
facet normal -3.8312335310401286e-27 5.463046483715087e-11 1.0
  outer loop
    vertex 3713.2939187205097 133.51026321140537 -8.756445994030889
    vertex 3716.509691580737 108.84945665783435 -8.756445993093386
    vertex 3714.3427816296557 132.14335845557417 -8.756445993956214
  endloop
endfacet
facet normal -3.8312335310401286e-27 5.463046483715087e-11 1.0
  outer loop
    vertex 3714.3427816296557 132.14335845557417 -8.756445993956214
    vertex 3716.509691580737 108.84945665783435 -8.756445993093386
    vertex 3715.7096863854867 131.09449554642808 -8.756445993898915
  endloop
endfacet
facet normal -3.8312335310401286e-27 5.463046483715087e-11 1.0
  outer loop
    vertex 3718.36265937045 106.43462201921878 -8.756445992769326
    vertex 3739.0097394074887 99.59211973779954 -8.756445992177925
    vertex 3719.0097123617206 106.34943587684637 -8.7564459927656
  endloop
endfacet
facet normal -3.8312335310401286e-27 5.463046483715087e-11 1.0
  outer loop
    vertex 3719.0097123617206 106.34943587684637 -8.7564459927656
    vertex 3739.0097394074887 99.59211973779954 -8.756445992177925
    vertex 3719.6567653529937 106.43462201921878 -8.756445992769326
  endloop
endfacet
facet normal -3.8312335310401286e-27 5.463046483715087e-11 1.0
  outer loop
    vertex 3719.6567653529937 106.43462201921878 -8.756445992769326
    vertex 3739.0097394074887 99.59211973779954 -8.756445992177925
    vertex 3720.25972275222 106.68437515150977 -8.75644599278024
  endloop
endfacet
facet normal -3.8312335310401286e-27 5.463046483715087e-11 1.0
  outer loop
    vertex 3720.25972275222 106.68437515150977 -8.75644599278024
    vertex 3739.0097394074887 99.59211973779954 -8.756445992177925
    vertex 3720.777494009067 107.08167501049064 -8.756445992797603
  endloop
endfacet
facet normal -3.8312335310401286e-27 5.463046483715087e-11 1.0
  outer loop
    vertex 3720.777494009067 107.08167501049064 -8.756445992797603
    vertex 3739.0097394074887 99.59211973779954 -8.756445992177925
    vertex 3721.174793868048 107.59944626734048 -8.756445992820233
  endloop
endfacet
facet normal -3.8312335310401286e-27 5.463046483715087e-11 1.0
  outer loop
    vertex 3721.174793868048 107.59944626734048 -8.756445992820233
    vertex 3739.0097394074887 99.59211973779954 -8.756445992177925
    vertex 3721.4245470003398 108.20240366656272 -8.756445992846585
  endloop
endfacet
facet normal -3.8312335310401286e-27 5.463046483715087e-11 1.0
  outer loop
    vertex 3721.4245470003398 108.20240366656272 -8.756445992846585
    vertex 3739.0097394074887 99.59211973779954 -8.756445992177925
    vertex 3721.50969158074 108.84945665783435 -8.756445993093386
  endloop
endfacet
facet normal -3.8312335310401286e-27 5.463046483715087e-11 1.0
  outer loop
    vertex 3721.50969158074 108.84945665783435 -8.756445993093386
    vertex 3739.0097394074887 99.59211973779954 -8.756445992177925
    vertex 3721.50969158074 118.84945665783438 -8.756445993093386
  endloop
endfacet
facet normal -3.8312335310401286e-27 5.463046483715087e-11 1.0
  outer loop
    vertex 3721.50969158074 118.84945665783438 -8.756445993093386
    vertex 3739.0097394074887 99.59211973779954 -8.756445992177925
    vertex 3722.3096863854867 131.09449554642808 -8.756445993898915
  endloop
endfacet
facet normal -3.8312335310401286e-27 5.463046483715087e-11 1.0
  outer loop
    vertex 3722.3096863854867 131.09449554642808 -8.756445993898915
    vertex 3739.0097394074887 99.59211973779954 -8.756445992177925
    vertex 3723.6765911413177 132.14335845557417 -8.756445993956214
  endloop
endfacet
facet normal -3.8312335310401286e-27 5.463046483715087e-11 1.0
  outer loop
    vertex 3723.6765911413177 132.14335845557417 -8.756445993956214
    vertex 3739.0097394074887 99.59211973779954 -8.756445992177925
    vertex 3724.7254540504637 133.51026321140537 -8.756445994030889
  endloop
endfacet
facet normal -3.8312335310401286e-27 5.463046483715087e-11 1.0
  outer loop
    vertex 3724.7254540504637 133.51026321140537 -8.756445994030889
    vertex 3739.0097394074887 99.59211973779954 -8.756445992177925
    vertex 3725.3847968389946 135.10205751372874 -8.75644599411785
  endloop
endfacet
facet normal -3.8312335310401286e-27 5.463046483715087e-11 1.0
  outer loop
    vertex 3725.3847968389946 135.10205751372874 -8.75644599411785
    vertex 3739.0097394074887 99.59211973779954 -8.756445992177925
    vertex 3725.609686385487 136.81026321140533 -8.75644599421117
  endloop
endfacet
facet normal -3.8312335310401286e-27 5.463046483715087e-11 1.0
  outer loop
    vertex 3725.609686385487 136.81026321140533 -8.75644599421117
    vertex 3739.0097394074887 99.59211973779954 -8.756445992177925
    vertex 3727.63494876699 136.19796971962103 -8.75644599417772
  endloop
endfacet
facet normal -3.8312335310401286e-27 5.463046483715087e-11 1.0
  outer loop
    vertex 3725.609686385487 136.81026321140533 -8.75644599421117
    vertex 3727.63494876699 136.19796971962103 -8.75644599417772
    vertex 3727.526844240809 136.60142130385307 -8.75644599419976
  endloop
endfacet
facet normal -3.8312335310401286e-27 5.463046483715087e-11 1.0
  outer loop
    vertex 3727.63494876699 136.19796971962103 -8.75644599417772
    vertex 3739.0097394074887 99.59211973779954 -8.756445992177925
    vertex 3727.8437906745417 135.83624492499123 -8.756445994157959
  endloop
endfacet
facet normal -3.8312335310401286e-27 5.463046483715087e-11 1.0
  outer loop
    vertex 3727.8437906745417 135.83624492499123 -8.756445994157959
    vertex 3739.0097394074887 99.59211973779954 -8.756445992177925
    vertex 3728.1391377325936 135.54089786693925 -8.756445994141824
  endloop
endfacet
facet normal -3.8312335310401286e-27 5.463046483715087e-11 1.0
  outer loop
    vertex 3728.1391377325936 135.54089786693925 -8.756445994141824
    vertex 3739.0097394074887 99.59211973779954 -8.756445992177925
    vertex 3728.500862527224 135.3320559593872 -8.756445994130416
  endloop
endfacet
facet normal -3.8312335310401286e-27 5.463046483715087e-11 1.0
  outer loop
    vertex 3728.500862527224 135.3320559593872 -8.756445994130416
    vertex 3739.0097394074887 99.59211973779954 -8.756445992177925
    vertex 3728.904314111456 135.22395143320722 -8.75644599412451
  endloop
endfacet
facet normal -3.8312335310401286e-27 5.463046483715087e-11 1.0
  outer loop
    vertex 3728.904314111456 135.22395143320722 -8.75644599412451
    vertex 3739.0097394074887 99.59211973779954 -8.756445992177925
    vertex 3729.32199792656 135.22395143320728 -8.75644599412451
  endloop
endfacet
facet normal -3.8312335310401286e-27 5.463046483715087e-11 1.0
  outer loop
    vertex 3729.32199792656 135.22395143320728 -8.75644599412451
    vertex 3739.0097394074887 99.59211973779954 -8.756445992177925
    vertex 3729.725449510792 135.33205595938736 -8.756445994130416
  endloop
endfacet
facet normal -3.8312335310401286e-27 5.463046483715087e-11 1.0
  outer loop
    vertex 3729.725449510792 135.33205595938736 -8.756445994130416
    vertex 3739.0097394074887 99.59211973779954 -8.756445992177925
    vertex 3730.087174305422 135.54089786693947 -8.756445994141824
  endloop
endfacet
facet normal -3.8312335310401286e-27 5.463046483715087e-11 1.0
  outer loop
    vertex 3730.087174305422 135.54089786693947 -8.756445994141824
    vertex 3739.0097394074887 99.59211973779954 -8.756445992177925
    vertex 3730.3825213634736 135.83624492499152 -8.756445994157959
  endloop
endfacet
facet normal -3.8312335310401286e-27 5.463046483715087e-11 1.0
  outer loop
    vertex 3730.3825213634736 135.83624492499152 -8.756445994157959
    vertex 3739.0097394074887 99.59211973779954 -8.756445992177925
    vertex 3730.5913632710262 136.19796971962137 -8.75644599417772
  endloop
endfacet
facet normal -3.8312335310401286e-27 5.463046483715087e-11 1.0
  outer loop
    vertex 3730.5913632710262 136.19796971962137 -8.75644599417772
    vertex 3739.0097394074887 99.59211973779954 -8.756445992177925
    vertex 3730.699467797205 136.60142130385344 -8.75644599419976
  endloop
endfacet
facet normal -3.8312335310401286e-27 5.463046483715087e-11 1.0
  outer loop
    vertex 3730.699467797205 136.60142130385344 -8.75644599419976
    vertex 3739.0097394074887 99.59211973779954 -8.756445992177925
    vertex 3730.699467797205 137.01910511895758 -8.75644599422258
  endloop
endfacet
facet normal -3.8312335310401286e-27 5.463046483715087e-11 1.0
  outer loop
    vertex 3730.699467797205 137.01910511895758 -8.75644599422258
    vertex 3739.0097394074887 99.59211973779954 -8.756445992177925
    vertex 3739.0096333634874 174.02840668501113 -8.756445996244413
  endloop
endfacet
facet normal -3.8312335310401286e-27 5.463046483715087e-11 1.0
  outer loop
    vertex 3699.0096333634856 174.02840668501113 -8.756445996244413
    vertex 3718.3626389497526 167.809970074169 -8.756445993198925
    vertex 3739.0096333634874 174.02840668501113 -8.756445996244413
  endloop
endfacet
facet normal -3.8312335310401286e-27 5.463046483715087e-11 1.0
  outer loop
    vertex 3718.3626389497526 167.809970074169 -8.756445993198925
    vertex 3699.0096333634856 174.02840668501113 -8.756445996244413
    vertex 3717.7596870815187 167.56021776491355 -8.756445993188008
  endloop
endfacet
facet normal -3.8312335310401286e-27 5.463046483715087e-11 1.0
  outer loop
    vertex 3717.7596870815187 167.56021776491355 -8.756445993188008
    vertex 3699.0096333634856 174.02840668501113 -8.756445996244413
    vertex 3717.2419209541745 167.1629201324492 -8.756445993170644
  endloop
endfacet
facet normal -3.8312335310401286e-27 5.463046483715087e-11 1.0
  outer loop
    vertex 3717.2419209541745 167.1629201324492 -8.756445993170644
    vertex 3699.0096333634856 174.02840668501113 -8.756445996244413
    vertex 3716.844625473648 166.6451523538627 -8.756445993148015
  endloop
endfacet
facet normal -3.8312335310401286e-27 5.463046483715087e-11 1.0
  outer loop
    vertex 3716.844625473648 166.6451523538627 -8.756445993148015
    vertex 3699.0096333634856 174.02840668501113 -8.756445996244413
    vertex 3716.5948756703824 166.0421994476129 -8.756445993121664
  endloop
endfacet
facet normal -3.8312335310401286e-27 5.463046483715087e-11 1.0
  outer loop
    vertex 3716.5948756703824 166.0421994476129 -8.756445993121664
    vertex 3699.0096333634856 174.02840668501113 -8.756445996244413
    vertex 3707.3607354299033 137.22437368356935 -8.756445994233793
  endloop
endfacet
facet normal -3.8312335310401286e-27 5.463046483715087e-11 1.0
  outer loop
    vertex 3707.3607354299033 137.22437368356935 -8.756445994233793
    vertex 3699.0096333634856 174.02840668501113 -8.756445996244413
    vertex 3699.009739407486 99.59211973779954 -8.756445992177925
  endloop
endfacet
facet normal -3.8312335310401286e-27 5.463046483715087e-11 1.0
  outer loop
    vertex 3707.3607354299033 137.22437368356935 -8.756445994233793
    vertex 3699.009739407486 99.59211973779954 -8.756445992177925
    vertex 3707.306216751966 136.81026321140533 -8.75644599421117
  endloop
endfacet
facet normal -3.8312335310401286e-27 5.463046483715087e-11 1.0
  outer loop
    vertex 3716.5948756703824 166.0421994476129 -8.756445993121664
    vertex 3707.3607354299033 137.22437368356935 -8.756445994233793
    vertex 3707.520576105911 137.61026321140534 -8.756445994254873
  endloop
endfacet
facet normal -3.8312335310401286e-27 5.463046483715087e-11 1.0
  outer loop
    vertex 3716.5948756703824 166.0421994476129 -8.756445993121664
    vertex 3707.520576105911 137.61026321140534 -8.756445994254873
    vertex 3707.7748459020677 137.9416340613038 -8.756445994272976
  endloop
endfacet
facet normal -3.8312335310401286e-27 5.463046483715087e-11 1.0
  outer loop
    vertex 3716.5948756703824 166.0421994476129 -8.756445993121664
    vertex 3707.7748459020677 137.9416340613038 -8.756445994272976
    vertex 3708.106216751966 138.19590385746045 -8.756445994286867
  endloop
endfacet
facet normal -3.8312335310401286e-27 5.463046483715087e-11 1.0
  outer loop
    vertex 3716.5948756703824 166.0421994476129 -8.756445993121664
    vertex 3708.106216751966 138.19590385746045 -8.756445994286867
    vertex 3708.492106279802 138.35574453346783 -8.7564459942956
  endloop
endfacet
facet normal -3.8312335310401286e-27 5.463046483715087e-11 1.0
  outer loop
    vertex 3716.5948756703824 166.0421994476129 -8.756445993121664
    vertex 3708.492106279802 138.35574453346783 -8.7564459942956
    vertex 3708.9062167519664 138.41026321140532 -8.756445994298579
  endloop
endfacet
facet normal -3.8312335310401286e-27 5.463046483715087e-11 1.0
  outer loop
    vertex 3716.5948756703824 166.0421994476129 -8.756445993121664
    vertex 3708.9062167519664 138.41026321140532 -8.756445994298579
    vertex 3709.1132719880475 138.3830038724366 -8.756445994297088
  endloop
endfacet
facet normal -3.8312335310401286e-27 5.463046483715087e-11 1.0
  outer loop
    vertex 3716.5948756703824 166.0421994476129 -8.756445993121664
    vertex 3709.1132719880475 138.3830038724366 -8.756445994297088
    vertex 3709.3203272241303 138.35574453346783 -8.7564459942956
  endloop
endfacet
facet normal -3.8312335310401286e-27 5.463046483715087e-11 1.0
  outer loop
    vertex 3716.5948756703824 166.0421994476129 -8.756445993121664
    vertex 3709.3203272241303 138.35574453346783 -8.7564459942956
    vertex 3709.706216751966 138.19590385746045 -8.756445994286867
  endloop
endfacet
facet normal -3.8312335310401286e-27 5.463046483715087e-11 1.0
  outer loop
    vertex 3716.5948756703824 166.0421994476129 -8.756445993121664
    vertex 3709.706216751966 138.19590385746045 -8.756445994286867
    vertex 3710.0375876018643 137.9416340613038 -8.756445994272976
  endloop
endfacet
facet normal -3.8312335310401286e-27 5.463046483715087e-11 1.0
  outer loop
    vertex 3716.5948756703824 166.0421994476129 -8.756445993121664
    vertex 3710.0375876018643 137.9416340613038 -8.756445994272976
    vertex 3710.291857398021 137.61026321140534 -8.756445994254873
  endloop
endfacet
facet normal -3.8312335310401286e-27 5.463046483715087e-11 1.0
  outer loop
    vertex 3716.5948756703824 166.0421994476129 -8.756445993121664
    vertex 3710.291857398021 137.61026321140534 -8.756445994254873
    vertex 3710.451698074028 137.22437368356935 -8.756445994233793
  endloop
endfacet
facet normal -3.8312335310401286e-27 5.463046483715087e-11 1.0
  outer loop
    vertex 3716.5948756703824 166.0421994476129 -8.756445993121664
    vertex 3710.451698074028 137.22437368356935 -8.756445994233793
    vertex 3710.506216751966 136.81026321140533 -8.75644599421117
  endloop
endfacet
facet normal -3.8312335310401286e-27 5.463046483715087e-11 1.0
  outer loop
    vertex 3716.5948756703824 166.0421994476129 -8.756445993121664
    vertex 3710.506216751966 136.81026321140533 -8.75644599421117
    vertex 3712.6345759319793 138.51846890908195 -8.756445994304489
  endloop
endfacet
facet normal -3.8312335310401286e-27 5.463046483715087e-11 1.0
  outer loop
    vertex 3712.6345759319793 138.51846890908195 -8.756445994304489
    vertex 3710.506216751966 136.81026321140533 -8.75644599421117
    vertex 3712.4096863854866 136.81026321140533 -8.75644599421117
  endloop
endfacet
facet normal -3.8312335310401286e-27 5.463046483715087e-11 1.0
  outer loop
    vertex 3716.5948756703824 166.0421994476129 -8.756445993121664
    vertex 3712.6345759319793 138.51846890908195 -8.756445994304489
    vertex 3716.509691580737 165.3951516578344 -8.756445993093386
  endloop
endfacet
facet normal -3.8312335310401286e-27 5.463046483715087e-11 1.0
  outer loop
    vertex 3716.509691580737 165.3951516578344 -8.756445993093386
    vertex 3712.6345759319793 138.51846890908195 -8.756445994304489
    vertex 3713.2939187205097 140.1102632114053 -8.75644599439145
  endloop
endfacet
facet normal -3.8312335310401286e-27 5.463046483715087e-11 1.0
  outer loop
    vertex 3716.509691580737 165.3951516578344 -8.756445993093386
    vertex 3713.2939187205097 140.1102632114053 -8.75644599439145
    vertex 3714.3427816296557 141.4771679672365 -8.756445994466125
  endloop
endfacet
facet normal -3.8312335310401286e-27 5.463046483715087e-11 1.0
  outer loop
    vertex 3716.509691580737 165.3951516578344 -8.756445993093386
    vertex 3714.3427816296557 141.4771679672365 -8.756445994466125
    vertex 3715.7096863854867 142.52603087638258 -8.756445994523425
  endloop
endfacet
facet normal -3.8312335310401286e-27 5.463046483715087e-11 1.0
  outer loop
    vertex 3716.509691580737 165.3951516578344 -8.756445993093386
    vertex 3715.7096863854867 142.52603087638258 -8.756445994523425
    vertex 3716.509691580737 155.39515165783436 -8.756445993093386
  endloop
endfacet
facet normal -3.8312335310401286e-27 5.463046483715087e-11 1.0
  outer loop
    vertex 3739.0096333634874 174.02840668501113 -8.756445996244413
    vertex 3718.3626389497526 167.809970074169 -8.756445993198925
    vertex 3719.009686385487 167.89515685307458 -8.756445993202647
  endloop
endfacet
facet normal -3.8312335310401286e-27 5.463046483715087e-11 1.0
  outer loop
    vertex 3739.0096333634874 174.02840668501113 -8.756445996244413
    vertex 3719.009686385487 167.89515685307458 -8.756445993202647
    vertex 3719.656734175262 167.80997276342586 -8.756445993198925
  endloop
endfacet
facet normal -3.8312335310401286e-27 5.463046483715087e-11 1.0
  outer loop
    vertex 3739.0096333634874 174.02840668501113 -8.756445996244413
    vertex 3719.656734175262 167.80997276342586 -8.756445993198925
    vertex 3720.2596870815114 167.56022296015945 -8.756445993188008
  endloop
endfacet
facet normal -3.8312335310401286e-27 5.463046483715087e-11 1.0
  outer loop
    vertex 3739.0096333634874 174.02840668501113 -8.756445996244413
    vertex 3720.2596870815114 167.56022296015945 -8.756445993188008
    vertex 3720.777454860096 167.16292747963607 -8.756445993170644
  endloop
endfacet
facet normal -3.8312335310401286e-27 5.463046483715087e-11 1.0
  outer loop
    vertex 3739.0096333634874 174.02840668501113 -8.756445996244413
    vertex 3720.777454860096 167.16292747963607 -8.756445993170644
    vertex 3721.17475249256 166.64516135229215 -8.756445993148015
  endloop
endfacet
facet normal -3.8312335310401286e-27 5.463046483715087e-11 1.0
  outer loop
    vertex 3739.0096333634874 174.02840668501113 -8.756445996244413
    vertex 3721.17475249256 166.64516135229215 -8.756445993148015
    vertex 3721.424504801819 166.042209484057 -8.756445993121664
  endloop
endfacet
facet normal -3.8312335310401286e-27 5.463046483715087e-11 1.0
  outer loop
    vertex 3739.0096333634874 174.02840668501113 -8.756445996244413
    vertex 3721.424504801819 166.042209484057 -8.756445993121664
    vertex 3721.50969158074 165.3951516578344 -8.756445993093386
  endloop
endfacet
facet normal -3.8312335310401286e-27 5.463046483715087e-11 1.0
  outer loop
    vertex 3739.0096333634874 174.02840668501113 -8.756445996244413
    vertex 3721.50969158074 165.3951516578344 -8.756445993093386
    vertex 3722.3096863854867 142.52603087638258 -8.756445994523425
  endloop
endfacet
facet normal -3.8312335310401286e-27 5.463046483715087e-11 1.0
  outer loop
    vertex 3739.0096333634874 174.02840668501113 -8.756445996244413
    vertex 3722.3096863854867 142.52603087638258 -8.756445994523425
    vertex 3723.6765911413177 141.4771679672365 -8.756445994466125
  endloop
endfacet
facet normal -3.8312335310401286e-27 5.463046483715087e-11 1.0
  outer loop
    vertex 3739.0096333634874 174.02840668501113 -8.756445996244413
    vertex 3723.6765911413177 141.4771679672365 -8.756445994466125
    vertex 3724.7254540504637 140.1102632114053 -8.75644599439145
  endloop
endfacet
facet normal -3.8312335310401286e-27 5.463046483715087e-11 1.0
  outer loop
    vertex 3739.0096333634874 174.02840668501113 -8.756445996244413
    vertex 3724.7254540504637 140.1102632114053 -8.75644599439145
    vertex 3725.3847968389946 138.51846890908197 -8.756445994304489
  endloop
endfacet
facet normal -3.8312335310401286e-27 5.463046483715087e-11 1.0
  outer loop
    vertex 3739.0096333634874 174.02840668501113 -8.756445996244413
    vertex 3725.3847968389946 138.51846890908197 -8.756445994304489
    vertex 3725.609686385487 136.81026321140533 -8.75644599421117
  endloop
endfacet
facet normal -3.8312335310401286e-27 5.463046483715087e-11 1.0
  outer loop
    vertex 3739.0096333634874 174.02840668501113 -8.756445996244413
    vertex 3725.609686385487 136.81026321140533 -8.75644599421117
    vertex 3727.63494876699 137.42255670318931 -8.756445994244618
  endloop
endfacet
facet normal -3.8312335310401286e-27 5.463046483715087e-11 1.0
  outer loop
    vertex 3727.63494876699 137.42255670318931 -8.756445994244618
    vertex 3725.609686385487 136.81026321140533 -8.75644599421117
    vertex 3727.526844240809 137.01910511895724 -8.75644599422258
  endloop
endfacet
facet normal -3.8312335310401286e-27 5.463046483715087e-11 1.0
  outer loop
    vertex 3727.526844240809 137.01910511895724 -8.75644599422258
    vertex 3725.609686385487 136.81026321140533 -8.75644599421117
    vertex 3727.526844240809 136.60142130385307 -8.75644599419976
  endloop
endfacet
facet normal -3.8312335310401286e-27 5.463046483715087e-11 1.0
  outer loop
    vertex 3739.0096333634874 174.02840668501113 -8.756445996244413
    vertex 3727.63494876699 137.42255670318931 -8.756445994244618
    vertex 3727.8437906745407 137.78428149781914 -8.75644599426438
  endloop
endfacet
facet normal -3.8312335310401286e-27 5.463046483715087e-11 1.0
  outer loop
    vertex 3739.0096333634874 174.02840668501113 -8.756445996244413
    vertex 3727.8437906745407 137.78428149781914 -8.75644599426438
    vertex 3728.1391377325936 138.07962855587118 -8.756445994280515
  endloop
endfacet
facet normal -3.8312335310401286e-27 5.463046483715087e-11 1.0
  outer loop
    vertex 3739.0096333634874 174.02840668501113 -8.756445996244413
    vertex 3728.1391377325936 138.07962855587118 -8.756445994280515
    vertex 3728.5008625272235 138.28847046342332 -8.756445994291923
  endloop
endfacet
facet normal -3.8312335310401286e-27 5.463046483715087e-11 1.0
  outer loop
    vertex 3739.0096333634874 174.02840668501113 -8.756445996244413
    vertex 3728.5008625272235 138.28847046342332 -8.756445994291923
    vertex 3728.9043141114553 138.3965749896034 -8.75644599429783
  endloop
endfacet
facet normal -3.8312335310401286e-27 5.463046483715087e-11 1.0
  outer loop
    vertex 3739.0096333634874 174.02840668501113 -8.756445996244413
    vertex 3728.9043141114553 138.3965749896034 -8.75644599429783
    vertex 3729.32199792656 138.39657498960344 -8.75644599429783
  endloop
endfacet
facet normal -3.8312335310401286e-27 5.463046483715087e-11 1.0
  outer loop
    vertex 3739.0096333634874 174.02840668501113 -8.756445996244413
    vertex 3729.32199792656 138.39657498960344 -8.75644599429783
    vertex 3729.725449510792 138.28847046342347 -8.756445994291923
  endloop
endfacet
facet normal -3.8312335310401286e-27 5.463046483715087e-11 1.0
  outer loop
    vertex 3739.0096333634874 174.02840668501113 -8.756445996244413
    vertex 3729.725449510792 138.28847046342347 -8.756445994291923
    vertex 3730.0871743054213 138.0796285558714 -8.756445994280515
  endloop
endfacet
facet normal -3.8312335310401286e-27 5.463046483715087e-11 1.0
  outer loop
    vertex 3739.0096333634874 174.02840668501113 -8.756445996244413
    vertex 3730.0871743054213 138.0796285558714 -8.756445994280515
    vertex 3730.3825213634736 137.78428149781945 -8.75644599426438
  endloop
endfacet
facet normal -3.8312335310401286e-27 5.463046483715087e-11 1.0
  outer loop
    vertex 3739.0096333634874 174.02840668501113 -8.756445996244413
    vertex 3730.3825213634736 137.78428149781945 -8.75644599426438
    vertex 3730.5913632710262 137.42255670318966 -8.756445994244618
  endloop
endfacet
facet normal -3.8312335310401286e-27 5.463046483715087e-11 1.0
  outer loop
    vertex 3739.0096333634874 174.02840668501113 -8.756445996244413
    vertex 3730.5913632710262 137.42255670318966 -8.756445994244618
    vertex 3730.699467797205 137.01910511895758 -8.75644599422258
  endloop
endfacet
facet normal -3.8312335310401286e-27 5.463046483715087e-11 1.0
  outer loop
    vertex 3715.7096863854867 131.09449554642808 -8.756445993898915
    vertex 3716.509691580737 118.84945665783438 -8.756445993093386
    vertex 3717.30148068781 130.43515275789753 -8.756445993862894
  endloop
endfacet
facet normal -3.8312335310401286e-27 5.463046483715087e-11 1.0
  outer loop
    vertex 3716.509691580737 118.84945665783438 -8.756445993093386
    vertex 3715.7096863854867 131.09449554642808 -8.756445993898915
    vertex 3716.509691580737 108.84945665783435 -8.756445993093386
  endloop
endfacet
facet normal -3.8312335310401286e-27 5.463046483715087e-11 1.0
  outer loop
    vertex 3717.30148068781 130.43515275789753 -8.756445993862894
    vertex 3716.509691580737 118.84945665783438 -8.756445993093386
    vertex 3716.5948756703824 119.49650444761288 -8.756445993121664
  endloop
endfacet
facet normal -3.8312335310401286e-27 5.463046483715087e-11 1.0
  outer loop
    vertex 3717.30148068781 130.43515275789753 -8.756445993862894
    vertex 3716.5948756703824 119.49650444761288 -8.756445993121664
    vertex 3716.844625473648 120.09945735386269 -8.756445993148015
  endloop
endfacet
facet normal -3.8312335310401286e-27 5.463046483715087e-11 1.0
  outer loop
    vertex 3717.30148068781 130.43515275789753 -8.756445993862894
    vertex 3716.844625473648 120.09945735386269 -8.756445993148015
    vertex 3717.2419209541745 120.61722513244919 -8.756445993170644
  endloop
endfacet
facet normal -3.8312335310401286e-27 5.463046483715087e-11 1.0
  outer loop
    vertex 3717.30148068781 130.43515275789753 -8.756445993862894
    vertex 3717.2419209541745 120.61722513244919 -8.756445993170644
    vertex 3717.4096863854866 126.7067935778845 -8.756445993659211
  endloop
endfacet
facet normal -3.8312335310401286e-27 5.463046483715087e-11 1.0
  outer loop
    vertex 3717.4096863854866 126.7067935778845 -8.756445993659211
    vertex 3717.2419209541745 120.61722513244919 -8.756445993170644
    vertex 3717.7596870815187 121.01452276491352 -8.756445993188008
  endloop
endfacet
facet normal -3.8312335310401286e-27 5.463046483715087e-11 1.0
  outer loop
    vertex 3717.4096863854866 126.7067935778845 -8.756445993659211
    vertex 3717.7596870815187 121.01452276491352 -8.756445993188008
    vertex 3717.464205063424 126.29268310572047 -8.75644599363659
  endloop
endfacet
facet normal -3.8312335310401286e-27 5.463046483715087e-11 1.0
  outer loop
    vertex 3717.464205063424 126.29268310572047 -8.75644599363659
    vertex 3717.7596870815187 121.01452276491352 -8.756445993188008
    vertex 3717.624045739432 125.9067935778845 -8.756445993615507
  endloop
endfacet
facet normal -3.8312335310401286e-27 5.463046483715087e-11 1.0
  outer loop
    vertex 3717.624045739432 125.9067935778845 -8.756445993615507
    vertex 3717.7596870815187 121.01452276491352 -8.756445993188008
    vertex 3717.878315535588 125.57542272798604 -8.756445993597405
  endloop
endfacet
facet normal -3.8312335310401286e-27 5.463046483715087e-11 1.0
  outer loop
    vertex 3717.878315535588 125.57542272798604 -8.756445993597405
    vertex 3717.7596870815187 121.01452276491352 -8.756445993188008
    vertex 3718.3626389497526 121.264275074169 -8.756445993198925
  endloop
endfacet
facet normal -3.8312335310401286e-27 5.463046483715087e-11 1.0
  outer loop
    vertex 3717.878315535588 125.57542272798604 -8.756445993597405
    vertex 3718.3626389497526 121.264275074169 -8.756445993198925
    vertex 3718.2096863854867 125.3211529318294 -8.756445993583513
  endloop
endfacet
facet normal -3.8312335310401286e-27 5.463046483715087e-11 1.0
  outer loop
    vertex 3718.2096863854867 125.3211529318294 -8.756445993583513
    vertex 3718.3626389497526 121.264275074169 -8.756445993198925
    vertex 3718.5955759133226 125.161312255822 -8.756445993574781
  endloop
endfacet
facet normal -3.8312335310401286e-27 5.463046483715087e-11 1.0
  outer loop
    vertex 3718.5955759133226 125.161312255822 -8.756445993574781
    vertex 3718.3626389497526 121.264275074169 -8.756445993198925
    vertex 3719.009686385487 121.34946185307459 -8.756445993202647
  endloop
endfacet
facet normal -3.8312335310401286e-27 5.463046483715087e-11 1.0
  outer loop
    vertex 3718.5955759133226 125.161312255822 -8.756445993574781
    vertex 3719.009686385487 121.34946185307459 -8.756445993202647
    vertex 3719.009686385487 125.1067935778845 -8.756445993571802
  endloop
endfacet
facet normal -3.8312335310401286e-27 5.463046483715087e-11 1.0
  outer loop
    vertex 3719.009686385487 125.1067935778845 -8.756445993571802
    vertex 3719.009686385487 121.34946185307459 -8.756445993202647
    vertex 3719.656734175262 121.26427776342585 -8.756445993198925
  endloop
endfacet
facet normal -3.8312335310401286e-27 5.463046483715087e-11 1.0
  outer loop
    vertex 3719.009686385487 125.1067935778845 -8.756445993571802
    vertex 3719.656734175262 121.26427776342585 -8.756445993198925
    vertex 3719.423796857651 125.161312255822 -8.756445993574781
  endloop
endfacet
facet normal -3.8312335310401286e-27 5.463046483715087e-11 1.0
  outer loop
    vertex 3719.423796857651 125.161312255822 -8.756445993574781
    vertex 3719.656734175262 121.26427776342585 -8.756445993198925
    vertex 3719.809686385487 125.3211529318294 -8.756445993583513
  endloop
endfacet
facet normal -3.8312335310401286e-27 5.463046483715087e-11 1.0
  outer loop
    vertex 3719.809686385487 125.3211529318294 -8.756445993583513
    vertex 3719.656734175262 121.26427776342585 -8.756445993198925
    vertex 3720.2596870815114 121.01452796015944 -8.756445993188008
  endloop
endfacet
facet normal -3.8312335310401286e-27 5.463046483715087e-11 1.0
  outer loop
    vertex 3719.809686385487 125.3211529318294 -8.756445993583513
    vertex 3720.2596870815114 121.01452796015944 -8.756445993188008
    vertex 3720.1410572353852 125.57542272798604 -8.756445993597405
  endloop
endfacet
facet normal -3.8312335310401286e-27 5.463046483715087e-11 1.0
  outer loop
    vertex 3720.1410572353852 125.57542272798604 -8.756445993597405
    vertex 3720.2596870815114 121.01452796015944 -8.756445993188008
    vertex 3720.3953270315415 125.9067935778845 -8.756445993615507
  endloop
endfacet
facet normal -3.8312335310401286e-27 5.463046483715087e-11 1.0
  outer loop
    vertex 3720.3953270315415 125.9067935778845 -8.756445993615507
    vertex 3720.2596870815114 121.01452796015944 -8.756445993188008
    vertex 3720.777454860096 120.61723247963607 -8.756445993170644
  endloop
endfacet
facet normal -3.8312335310401286e-27 5.463046483715087e-11 1.0
  outer loop
    vertex 3720.3953270315415 125.9067935778845 -8.756445993615507
    vertex 3720.777454860096 120.61723247963607 -8.756445993170644
    vertex 3720.5551677075496 126.29268310572047 -8.75644599363659
  endloop
endfacet
facet normal -3.8312335310401286e-27 5.463046483715087e-11 1.0
  outer loop
    vertex 3720.5551677075496 126.29268310572047 -8.75644599363659
    vertex 3720.777454860096 120.61723247963607 -8.756445993170644
    vertex 3720.6096863854873 126.7067935778845 -8.756445993659211
  endloop
endfacet
facet normal -3.8312335310401286e-27 5.463046483715087e-11 1.0
  outer loop
    vertex 3720.6096863854873 126.7067935778845 -8.756445993659211
    vertex 3720.777454860096 120.61723247963607 -8.756445993170644
    vertex 3720.7178920831634 130.43515275789753 -8.756445993862894
  endloop
endfacet
facet normal -3.8312335310401286e-27 5.463046483715087e-11 1.0
  outer loop
    vertex 3720.7178920831634 130.43515275789753 -8.756445993862894
    vertex 3720.777454860096 120.61723247963607 -8.756445993170644
    vertex 3722.3096863854867 131.09449554642808 -8.756445993898915
  endloop
endfacet
facet normal -3.8312335310401286e-27 5.463046483715087e-11 1.0
  outer loop
    vertex 3722.3096863854867 131.09449554642808 -8.756445993898915
    vertex 3720.777454860096 120.61723247963607 -8.756445993170644
    vertex 3721.17475249256 120.09946635229214 -8.756445993148015
  endloop
endfacet
facet normal -3.8312335310401286e-27 5.463046483715087e-11 1.0
  outer loop
    vertex 3722.3096863854867 131.09449554642808 -8.756445993898915
    vertex 3721.17475249256 120.09946635229214 -8.756445993148015
    vertex 3721.424504801819 119.496514484057 -8.756445993121664
  endloop
endfacet
facet normal -3.8312335310401286e-27 5.463046483715087e-11 1.0
  outer loop
    vertex 3722.3096863854867 131.09449554642808 -8.756445993898915
    vertex 3721.424504801819 119.496514484057 -8.756445993121664
    vertex 3721.50969158074 118.84945665783438 -8.756445993093386
  endloop
endfacet
facet normal -3.8312335310401286e-27 5.463046483715087e-11 1.0
  outer loop
    vertex 3717.30148068781 130.43515275789753 -8.756445993862894
    vertex 3717.624045739432 127.50679357788451 -8.756445993702917
    vertex 3719.009686385487 130.2102632114054 -8.756445993850608
  endloop
endfacet
facet normal -3.8312335310401286e-27 5.463046483715087e-11 1.0
  outer loop
    vertex 3717.624045739432 127.50679357788451 -8.756445993702917
    vertex 3717.30148068781 130.43515275789753 -8.756445993862894
    vertex 3717.464205063424 127.12090405004854 -8.756445993681835
  endloop
endfacet
facet normal -3.8312335310401286e-27 5.463046483715087e-11 1.0
  outer loop
    vertex 3717.464205063424 127.12090405004854 -8.756445993681835
    vertex 3717.30148068781 130.43515275789753 -8.756445993862894
    vertex 3717.4096863854866 126.7067935778845 -8.756445993659211
  endloop
endfacet
facet normal -3.8312335310401286e-27 5.463046483715087e-11 1.0
  outer loop
    vertex 3717.464205063424 127.12090405004854 -8.756445993681835
    vertex 3717.4096863854866 126.7067935778845 -8.756445993659211
    vertex 3717.436945724455 126.91384881396651 -8.756445993670523
  endloop
endfacet
facet normal -3.8312335310401286e-27 5.463046483715087e-11 1.0
  outer loop
    vertex 3719.009686385487 130.2102632114054 -8.756445993850608
    vertex 3717.624045739432 127.50679357788451 -8.756445993702917
    vertex 3717.878315535588 127.83816442778297 -8.75644599372102
  endloop
endfacet
facet normal -3.8312335310401286e-27 5.463046483715087e-11 1.0
  outer loop
    vertex 3719.009686385487 130.2102632114054 -8.756445993850608
    vertex 3717.878315535588 127.83816442778297 -8.75644599372102
    vertex 3718.2096863854863 128.09243422393962 -8.75644599373491
  endloop
endfacet
facet normal -3.8312335310401286e-27 5.463046483715087e-11 1.0
  outer loop
    vertex 3719.009686385487 130.2102632114054 -8.756445993850608
    vertex 3718.2096863854863 128.09243422393962 -8.75644599373491
    vertex 3718.5955759133226 128.252274899947 -8.756445993743643
  endloop
endfacet
facet normal -3.8312335310401286e-27 5.463046483715087e-11 1.0
  outer loop
    vertex 3719.009686385487 130.2102632114054 -8.756445993850608
    vertex 3718.5955759133226 128.252274899947 -8.756445993743643
    vertex 3719.009686385487 128.3067935778845 -8.75644599374662
  endloop
endfacet
facet normal -3.8312335310401286e-27 5.463046483715087e-11 1.0
  outer loop
    vertex 3719.009686385487 130.2102632114054 -8.756445993850608
    vertex 3719.009686385487 128.3067935778845 -8.75644599374662
    vertex 3719.423796857651 128.252274899947 -8.756445993743643
  endloop
endfacet
facet normal -3.8312335310401286e-27 5.463046483715087e-11 1.0
  outer loop
    vertex 3719.009686385487 130.2102632114054 -8.756445993850608
    vertex 3719.423796857651 128.252274899947 -8.756445993743643
    vertex 3720.7178920831634 130.43515275789753 -8.756445993862894
  endloop
endfacet
facet normal -3.8312335310401286e-27 5.463046483715087e-11 1.0
  outer loop
    vertex 3720.7178920831634 130.43515275789753 -8.756445993862894
    vertex 3719.423796857651 128.252274899947 -8.756445993743643
    vertex 3719.8096863854867 128.09243422393962 -8.75644599373491
  endloop
endfacet
facet normal -3.8312335310401286e-27 5.463046483715087e-11 1.0
  outer loop
    vertex 3720.7178920831634 130.43515275789753 -8.756445993862894
    vertex 3719.8096863854867 128.09243422393962 -8.75644599373491
    vertex 3720.1410572353852 127.83816442778297 -8.75644599372102
  endloop
endfacet
facet normal -3.8312335310401286e-27 5.463046483715087e-11 1.0
  outer loop
    vertex 3720.7178920831634 130.43515275789753 -8.756445993862894
    vertex 3720.1410572353852 127.83816442778297 -8.75644599372102
    vertex 3720.3953270315415 127.50679357788451 -8.756445993702917
  endloop
endfacet
facet normal -3.8312335310401286e-27 5.463046483715087e-11 1.0
  outer loop
    vertex 3720.7178920831634 130.43515275789753 -8.756445993862894
    vertex 3720.3953270315415 127.50679357788451 -8.756445993702917
    vertex 3720.5551677075496 127.12090405004854 -8.756445993681835
  endloop
endfacet
facet normal -3.8312335310401286e-27 5.463046483715087e-11 1.0
  outer loop
    vertex 3720.7178920831634 130.43515275789753 -8.756445993862894
    vertex 3720.5551677075496 127.12090405004854 -8.756445993681835
    vertex 3720.582427046518 126.91384881396651 -8.756445993670523
  endloop
endfacet
facet normal -3.8312335310401286e-27 5.463046483715087e-11 1.0
  outer loop
    vertex 3720.7178920831634 130.43515275789753 -8.756445993862894
    vertex 3720.582427046518 126.91384881396651 -8.756445993670523
    vertex 3720.6096863854873 126.7067935778845 -8.756445993659211
  endloop
endfacet
facet normal -2.1075213304262677e-30 -8.39738804343996e-13 1.0
  outer loop
    vertex 3739.0096333634874 188.9700280808614 -8.756445996231868
    vertex 3699.009633363487 200.0284066850091 -8.756445996222581
    vertex 3699.0096333634856 188.9700280808614 -8.756445996231868
  endloop
endfacet
facet normal -2.1075213304262677e-30 -8.39738804343996e-13 1.0
  outer loop
    vertex 3699.009633363487 200.0284066850091 -8.756445996222581
    vertex 3739.0096333634874 188.9700280808614 -8.756445996231868
    vertex 3739.0096333634874 200.0284066850091 -8.756445996222581
  endloop
endfacet
facet normal -5.473995529985045e-14 -0.06540312922942954 -0.9978589232386504
  outer loop
    vertex 3739.0097394074887 73.59211973780162 -12.756445992179462
    vertex 3699.0097394074905 73.07001496893048 -12.722225437673478
    vertex 3699.0097394074905 73.592119737808 -12.756445992177685
  endloop
endfacet
facet normal -5.473995529985045e-14 -0.06540312922942954 -0.9978589232386504
  outer loop
    vertex 3699.0097394074905 73.07001496893048 -12.722225437673478
    vertex 3739.0097394074887 73.59211973780162 -12.756445992179462
    vertex 3739.0097394074887 73.07001496892411 -12.722225437675254
  endloop
endfacet
facet normal -7.448041273035876e-14 -0.19509032201541582 -0.9807852804033721
  outer loop
    vertex 3739.0097394074887 73.07001496892411 -12.722225437675254
    vertex 3699.0097394074905 72.5568435574032 -12.620149297335432
    vertex 3699.0097394074905 73.07001496893048 -12.722225437673478
  endloop
endfacet
facet normal -7.448041273035876e-14 -0.19509032201541582 -0.9807852804033721
  outer loop
    vertex 3699.0097394074905 72.5568435574032 -12.620149297335432
    vertex 3739.0097394074887 73.07001496892411 -12.722225437675254
    vertex 3739.0097394074887 72.55684355739683 -12.62014929733719
  endloop
endfacet
facet normal -9.322183306437018e-14 -0.32143946530245504 -0.9469301294953456
  outer loop
    vertex 3739.0097394074887 72.55684355739683 -12.62014929733719
    vertex 3699.0097394074905 72.06138600835537 -12.45196412222555
    vertex 3699.0097394074905 72.5568435574032 -12.620149297335432
  endloop
endfacet
facet normal -9.322183306437018e-14 -0.32143946530245504 -0.9469301294953456
  outer loop
    vertex 3699.0097394074905 72.06138600835537 -12.45196412222555
    vertex 3739.0097394074887 72.55684355739683 -12.62014929733719
    vertex 3739.0097394074887 72.061386008349 -12.451964122227308
  endloop
endfacet
facet normal -1.1036820198867641e-13 -0.4422886902183198 -0.8968727415330243
  outer loop
    vertex 3739.0097394074887 72.061386008349 -12.451964122227308
    vertex 3699.0097394074905 71.592119737818 -12.220547607319718
    vertex 3699.0097394074905 72.06138600835537 -12.45196412222555
  endloop
endfacet
facet normal -1.1036820198867641e-13 -0.4422886902183198 -0.8968727415330243
  outer loop
    vertex 3699.0097394074905 71.592119737818 -12.220547607319718
    vertex 3739.0097394074887 72.061386008349 -12.451964122227308
    vertex 3739.0097394074887 71.59211973781163 -12.220547607321475
  endloop
endfacet
facet normal -1.2562614037710962e-13 -0.5555702330189543 -0.8314696123029783
  outer loop
    vertex 3739.0097394074887 71.59211973781163 -12.220547607321475
    vertex 3699.0097394074905 71.15707402178515 -11.929859353348752
    vertex 3699.0097394074905 71.592119737818 -12.220547607319718
  endloop
endfacet
facet normal -1.2562614037710962e-13 -0.5555702330189543 -0.8314696123029783
  outer loop
    vertex 3699.0097394074905 71.15707402178515 -11.929859353348752
    vertex 3739.0097394074887 71.59211973781163 -12.220547607321475
    vertex 3739.0097394074887 71.15707402177878 -11.929859353350508
  endloop
endfacet
facet normal -1.387345806735452e-13 -0.659345815099472 -0.751839807479501
  outer loop
    vertex 3739.0097394074887 71.15707402177878 -11.929859353350508
    vertex 3699.0097394074905 70.7636926130756 -11.584873116932107
    vertex 3699.0097394074905 71.15707402178515 -11.929859353348752
  endloop
endfacet
facet normal -1.387345806735452e-13 -0.659345815099472 -0.751839807479501
  outer loop
    vertex 3699.0097394074905 70.7636926130756 -11.584873116932107
    vertex 3739.0097394074887 71.15707402177878 -11.929859353350508
    vertex 3739.0097394074887 70.76369261306924 -11.584873116933863
  endloop
endfacet
facet normal -1.49469233830164e-13 -0.7518398074784405 -0.659345815100681
  outer loop
    vertex 3739.0097394074887 70.41870637665195 -11.191491708224879
    vertex 3699.0097394074905 70.7636926130756 -11.584873116932107
    vertex 3739.0097394074887 70.76369261306924 -11.584873116933863
  endloop
endfacet
facet normal -1.49469233830164e-13 -0.7518398074784405 -0.659345815100681
  outer loop
    vertex 3699.0097394074905 70.7636926130756 -11.584873116932107
    vertex 3739.0097394074887 70.41870637665195 -11.191491708224879
    vertex 3699.0097394074905 70.41870637665833 -11.191491708223122
  endloop
endfacet
facet normal -1.5764642695524925e-13 -0.8314696123020863 -0.5555702330202891
  outer loop
    vertex 3739.0097394074887 70.1280181226803 -10.756445992192496
    vertex 3699.0097394074905 70.41870637665833 -11.191491708223122
    vertex 3739.0097394074887 70.41870637665195 -11.191491708224879
  endloop
endfacet
facet normal -1.5764642695524925e-13 -0.8314696123020863 -0.5555702330202891
  outer loop
    vertex 3699.0097394074905 70.41870637665833 -11.191491708223122
    vertex 3739.0097394074887 70.1280181226803 -10.756445992192496
    vertex 3699.0097394074896 70.12801812268667 -10.75644599219074
  endloop
endfacet
facet normal -1.6312624600728386e-13 -0.8968727415323197 -0.44228869021974876
  outer loop
    vertex 3739.0097394074887 69.89660160777372 -10.28717972165549
    vertex 3699.0097394074896 70.12801812268667 -10.75644599219074
    vertex 3739.0097394074887 70.1280181226803 -10.756445992192496
  endloop
endfacet
facet normal -1.6312624600728386e-13 -0.8968727415323197 -0.44228869021974876
  outer loop
    vertex 3699.0097394074896 70.12801812268667 -10.75644599219074
    vertex 3739.0097394074887 69.89660160777372 -10.28717972165549
    vertex 3699.0097394074896 69.89660160778008 -10.287179721653732
  endloop
endfacet
facet normal -1.658149297629942e-13 -0.9469301294948301 -0.3214394653039737
  outer loop
    vertex 3739.0097394074887 69.72841643266304 -9.791722172607933
    vertex 3699.0097394074896 69.89660160778008 -10.287179721653732
    vertex 3739.0097394074887 69.89660160777372 -10.28717972165549
  endloop
endfacet
facet normal -1.658149297629942e-13 -0.9469301294948301 -0.3214394653039737
  outer loop
    vertex 3699.0097394074896 69.89660160778008 -10.287179721653732
    vertex 3739.0097394074887 69.72841643266304 -9.791722172607933
    vertex 3699.0097394074896 69.7284164326694 -9.791722172606176
  endloop
endfacet
facet normal -1.6566647409787682e-13 -0.9807852804030605 -0.1950903220169833
  outer loop
    vertex 3739.0097394074887 69.62634029232416 -9.278550761080814
    vertex 3699.0097394074896 69.7284164326694 -9.791722172606176
    vertex 3739.0097394074887 69.72841643266304 -9.791722172607933
  endloop
endfacet
facet normal -1.6566647409787682e-13 -0.9807852804030605 -0.1950903220169833
  outer loop
    vertex 3699.0097394074896 69.7284164326694 -9.791722172606176
    vertex 3739.0097394074887 69.62634029232416 -9.278550761080814
    vertex 3699.0097394074896 69.62634029233053 -9.278550761079057
  endloop
endfacet
facet normal -1.6185954325296393e-13 -0.9978589232385454 -0.06540312923103062
  outer loop
    vertex 3739.0097394074887 69.5921197378191 -8.75644599220335
    vertex 3699.0097394074896 69.62634029233053 -9.278550761079057
    vertex 3739.0097394074887 69.62634029232416 -9.278550761080814
  endloop
endfacet
facet normal -1.6185954325296393e-13 -0.9978589232385454 -0.06540312923103062
  outer loop
    vertex 3699.0097394074896 69.62634029233053 -9.278550761079057
    vertex 3739.0097394074887 69.5921197378191 -8.75644599220335
    vertex 3699.0097394074896 69.59211973782548 -8.756445992201593
  endloop
endfacet
facet normal 0.9999999999996012 8.930866954379513e-07 7.769449598241327e-14
  outer loop
    vertex 3739.0096333634874 188.9700280808614 -8.756445996231868
    vertex 3739.0096333634874 189.3108232446035 -3.7908878500573002
    vertex 3739.0096333634874 187.95990335445416 -4.708972059360342
  endloop
endfacet
facet normal 0.9999999999996012 8.930866954379513e-07 7.769449598241327e-14
  outer loop
    vertex 3739.0096333634874 189.3108232446035 -3.7908878500573002
    vertex 3739.0096333634874 188.9700280808614 -8.756445996231868
    vertex 3739.0096333634874 190.10321053438102 -8.086283761385541
  endloop
endfacet
facet normal 0.9999999999996012 8.930866954379513e-07 7.769449598241327e-14
  outer loop
    vertex 3739.0096333634874 189.3108232446035 -3.7908878500573002
    vertex 3739.0096333634874 190.10321053438102 -8.086283761385541
    vertex 3739.0096333634874 190.60143041846413 -2.7897903084799687
  endloop
endfacet
facet normal 0.9999999999996012 8.930866954379513e-07 7.769449598241327e-14
  outer loop
    vertex 3739.0096333634874 190.60143041846413 -2.7897903084799687
    vertex 3739.0096333634874 190.10321053438102 -8.086283761385541
    vertex 3739.0096333634874 191.66196425378533 -7.026955827573515
  endloop
endfacet
facet normal 0.9999999999996012 8.930866954379513e-07 7.769449598241327e-14
  outer loop
    vertex 3739.0096333634874 190.60143041846413 -2.7897903084799687
    vertex 3739.0096333634874 191.66196425378533 -7.026955827573515
    vertex 3739.0096333634874 191.82663143914314 -1.7096303092669927
  endloop
endfacet
facet normal 0.9999999999996012 8.930866954379513e-07 7.769449598241327e-14
  outer loop
    vertex 3739.0096333634874 191.82663143914314 -1.7096303092669927
    vertex 3739.0096333634874 191.66196425378533 -7.026955827573515
    vertex 3739.0096333634874 193.15112637747183 -5.871843279598768
  endloop
endfacet
facet normal 0.9999999999996012 8.930866954379513e-07 7.769449598241327e-14
  outer loop
    vertex 3739.0096333634874 191.82663143914314 -1.7096303092669927
    vertex 3739.0096333634874 193.15112637747183 -5.871843279598768
    vertex 3739.0096333634874 192.98159099795302 -0.5546707504571007
  endloop
endfacet
facet normal 0.9999999999996012 8.930866954379513e-07 7.769449598241327e-14
  outer loop
    vertex 3739.0096333634874 192.98159099795302 -0.5546707504571007
    vertex 3739.0096333634874 193.15112637747183 -5.871843279598768
    vertex 3739.0096333634874 194.061750997166 0.6705302702219189
  endloop
endfacet
facet normal 0.9999999999996012 8.930866954379513e-07 7.769449598241327e-14
  outer loop
    vertex 3739.0096333634874 194.061750997166 0.6705302702219189
    vertex 3739.0096333634874 193.15112637747183 -5.871843279598768
    vertex 3739.0096333634874 194.5648198628718 -4.625504818967437
  endloop
endfacet
facet normal 0.9999999999996012 8.930866954379513e-07 7.769449598241327e-14
  outer loop
    vertex 3739.0096333634874 194.061750997166 0.6705302702219189
    vertex 3739.0096333634874 194.5648198628718 -4.625504818967437
    vertex 3739.0096333634874 195.06284853874334 1.9611374440825415
  endloop
endfacet
facet normal 0.9999999999996012 8.930866954379513e-07 7.769449598241327e-14
  outer loop
    vertex 3739.0096333634874 195.06284853874334 1.9611374440825415
    vertex 3739.0096333634874 194.5648198628718 -4.625504818967437
    vertex 3739.0096333634874 195.89746550765346 -3.2928591741857542
  endloop
endfacet
facet normal 0.9999999999996012 8.930866954379513e-07 7.769449598241327e-14
  outer loop
    vertex 3739.0096333634874 195.06284853874334 1.9611374440825415
    vertex 3739.0096333634874 195.89746550765346 -3.2928591741857542
    vertex 3739.0096333634874 195.9809327480464 3.3120573342318744
  endloop
endfacet
facet normal 0.9999999999996012 8.930866954379513e-07 7.769449598241327e-14
  outer loop
    vertex 3739.0096333634874 195.9809327480464 3.3120573342318744
    vertex 3739.0096333634874 195.89746550765346 -3.2928591741857542
    vertex 3739.0096333634874 197.1438039682848 -1.8791656887857853
  endloop
endfacet
facet normal 0.9999999999996012 8.930866954379513e-07 7.769449598241327e-14
  outer loop
    vertex 3739.0096333634874 195.9809327480464 3.3120573342318744
    vertex 3739.0096333634874 197.1438039682848 -1.8791656887857853
    vertex 3739.0096333634874 196.8123803661338 4.71795847704009
  endloop
endfacet
facet normal 0.9999999999996012 8.930866954379513e-07 7.769449598241327e-14
  outer loop
    vertex 3739.0096333634874 196.8123803661338 4.71795847704009
    vertex 3739.0096333634874 197.1438039682848 -1.8791656887857853
    vertex 3739.0096333634874 197.55391004910928 6.173292422991664
  endloop
endfacet
facet normal 0.9999999999996012 8.930866954379513e-07 7.769449598241327e-14
  outer loop
    vertex 3739.0096333634874 197.55391004910928 6.173292422991664
    vertex 3739.0096333634874 197.1438039682848 -1.8791656887857853
    vertex 3739.0096333634874 198.29891651625957 -0.3900035650992859
  endloop
endfacet
facet normal 0.9999999999996012 8.930866954379513e-07 7.769449598241327e-14
  outer loop
    vertex 3739.0096333634874 197.55391004910928 6.173292422991664
    vertex 3739.0096333634874 198.29891651625957 -0.3900035650992859
    vertex 3739.0096333634874 198.20259531808676 7.672315633880756
  endloop
endfacet
facet normal 0.9999999999996012 8.930866954379513e-07 7.769449598241327e-14
  outer loop
    vertex 3739.0096333634874 198.20259531808676 7.672315633880756
    vertex 3739.0096333634874 198.29891651625957 -0.3900035650992859
    vertex 3739.0096333634874 198.75587610866583 9.20911214993255
  endloop
endfacet
facet normal 0.9999999999996012 8.930866954379513e-07 7.769449598241327e-14
  outer loop
    vertex 3739.0096333634874 198.75587610866583 9.20911214993255
    vertex 3739.0096333634874 198.29891651625957 -0.3900035650992859
    vertex 3739.0096333634874 199.35824445007157 1.1687501543050065
  endloop
endfacet
facet normal 0.9999999999996012 8.930866954379513e-07 7.769449598241327e-14
  outer loop
    vertex 3739.0096333634874 198.75587610866583 9.20911214993255
    vertex 3739.0096333634874 199.35824445007157 1.1687501543050065
    vertex 3739.0096333634874 199.21156887433585 10.777616937393734
  endloop
endfacet
facet normal 0.9999999999996012 8.930866954379513e-07 7.769449598241327e-14
  outer loop
    vertex 3739.0096333634874 199.21156887433585 10.777616937393734
    vertex 3739.0096333634874 199.35824445007157 1.1687501543050065
    vertex 3739.0096333634874 199.5678752039371 12.371639824449872
  endloop
endfacet
facet normal 0.9999999999996012 8.930866954379513e-07 7.769449598241327e-14
  outer loop
    vertex 3739.0096333634874 199.5678752039371 12.371639824449872
    vertex 3739.0096333634874 199.35824445007157 1.1687501543050065
    vertex 3739.0096333634874 200.02840668500133 2.301932607965713
  endloop
endfacet
facet normal 0.9999999999996012 8.930866954379513e-07 7.769449598241327e-14
  outer loop
    vertex 3739.0096333634874 199.5678752039371 12.371639824449872
    vertex 3739.0096333634874 200.02840668500133 2.301932607965713
    vertex 3739.0096333634874 199.82338891916743 13.984889931005544
  endloop
endfacet
facet normal 0.9999999999996012 8.930866954379513e-07 7.769449598241327e-14
  outer loop
    vertex 3739.0096333634874 199.82338891916743 13.984889931005544
    vertex 3739.0096333634874 200.02840668500133 2.301932607965713
    vertex 3739.0096333634874 199.97710162412594 15.611000495914038
  endloop
endfacet
facet normal 0.9999999999996012 8.930866954379513e-07 7.769449598241327e-14
  outer loop
    vertex 3739.0096333634874 199.97710162412594 15.611000495914038
    vertex 3739.0096333634874 200.02840668500133 2.301932607965713
    vertex 3739.0096333634874 200.0284066849908 17.24355400367491
  endloop
endfacet
facet normal 0.9999999999996012 8.930866954379513e-07 7.769449598241327e-14
  outer loop
    vertex 3739.0097394074887 69.5921197378191 -8.75644599220335
    vertex 3739.0097394074887 73.59211973774026 74.24355400782146
    vertex 3739.0097394074887 69.5921197377403 74.24355400781876
  endloop
endfacet
facet normal 0.9999999999996012 8.930866954379513e-07 7.769449598241327e-14
  outer loop
    vertex 3739.0097394074887 73.59211973774026 74.24355400782146
    vertex 3739.0097394074887 69.5921197378191 -8.75644599220335
    vertex 3739.0097394074887 69.62634029232416 -9.278550761080814
  endloop
endfacet
facet normal 0.9999999999996012 8.930866954379513e-07 7.769449598241327e-14
  outer loop
    vertex 3739.0097394074887 73.59211973774026 74.24355400782146
    vertex 3739.0097394074887 69.62634029232416 -9.278550761080814
    vertex 3739.0097394074887 69.72841643266304 -9.791722172607933
  endloop
endfacet
facet normal 0.9999999999996012 8.930866954379513e-07 7.769449598241327e-14
  outer loop
    vertex 3739.0097394074887 73.59211973774026 74.24355400782146
    vertex 3739.0097394074887 69.72841643266304 -9.791722172607933
    vertex 3739.0097394074887 69.89660160777372 -10.28717972165549
  endloop
endfacet
facet normal 0.9999999999996012 8.930866954379513e-07 7.769449598241327e-14
  outer loop
    vertex 3739.0097394074887 73.59211973774026 74.24355400782146
    vertex 3739.0097394074887 69.89660160777372 -10.28717972165549
    vertex 3739.0097394074887 70.1280181226803 -10.756445992192496
  endloop
endfacet
facet normal 0.9999999999996012 8.930866954379513e-07 7.769449598241327e-14
  outer loop
    vertex 3739.0097394074887 73.59211973774026 74.24355400782146
    vertex 3739.0097394074887 70.1280181226803 -10.756445992192496
    vertex 3739.0097394074887 70.41870637665195 -11.191491708224879
  endloop
endfacet
facet normal 0.9999999999996012 8.930866954379513e-07 7.769449598241327e-14
  outer loop
    vertex 3739.0097394074887 73.59211973774026 74.24355400782146
    vertex 3739.0097394074887 70.41870637665195 -11.191491708224879
    vertex 3739.0097394074887 70.76369261306924 -11.584873116933863
  endloop
endfacet
facet normal 0.9999999999996012 8.930866954379513e-07 7.769449598241327e-14
  outer loop
    vertex 3739.0097394074887 73.59211973774026 74.24355400782146
    vertex 3739.0097394074887 70.76369261306924 -11.584873116933863
    vertex 3739.0097394074887 71.15707402177878 -11.929859353350508
  endloop
endfacet
facet normal 0.9999999999996012 8.930866954379513e-07 7.769449598241327e-14
  outer loop
    vertex 3739.0097394074887 73.59211973774026 74.24355400782146
    vertex 3739.0097394074887 71.15707402177878 -11.929859353350508
    vertex 3739.0097394074887 71.59211973781163 -12.220547607321475
  endloop
endfacet
facet normal 0.9999999999996012 8.930866954379513e-07 7.769449598241327e-14
  outer loop
    vertex 3739.0097394074887 73.59211973774026 74.24355400782146
    vertex 3739.0097394074887 71.59211973781163 -12.220547607321475
    vertex 3739.0097394074887 72.061386008349 -12.451964122227308
  endloop
endfacet
facet normal 0.9999999999996012 8.930866954379513e-07 7.769449598241327e-14
  outer loop
    vertex 3739.0097394074887 73.59211973774026 74.24355400782146
    vertex 3739.0097394074887 72.061386008349 -12.451964122227308
    vertex 3739.0097394074887 72.55684355739683 -12.62014929733719
  endloop
endfacet
facet normal 0.9999999999996012 8.930866954379513e-07 7.769449598241327e-14
  outer loop
    vertex 3739.0097394074887 73.59211973774026 74.24355400782146
    vertex 3739.0097394074887 72.55684355739683 -12.62014929733719
    vertex 3739.0097394074887 73.07001496892411 -12.722225437675254
  endloop
endfacet
facet normal 0.9999999999996012 8.930866954379513e-07 7.769449598241327e-14
  outer loop
    vertex 3739.0097394074887 73.59211973774026 74.24355400782146
    vertex 3739.0097394074887 73.07001496892411 -12.722225437675254
    vertex 3739.0097394074887 73.59211973779101 2.3019326121398533
  endloop
endfacet
facet normal 0.9999999999996012 8.930866954379513e-07 7.769449598241327e-14
  outer loop
    vertex 3739.0097394074887 73.59211973779101 2.3019326121398533
    vertex 3739.0097394074887 73.07001496892411 -12.722225437675254
    vertex 3739.0097394074887 73.59211973780162 -12.756445992179462
  endloop
endfacet
facet normal 0.9999999999996012 8.930866954379513e-07 7.769449598241327e-14
  outer loop
    vertex 3739.0097394074887 73.59211973774026 74.24355400782146
    vertex 3739.0097394074887 73.59211973779101 2.3019326121398533
    vertex 3739.0097394074887 73.59211973778046 17.24355400781805
  endloop
endfacet
facet normal 0.9999999999996012 8.930866954379513e-07 7.769449598241327e-14
  outer loop
    vertex 3739.0097394074887 73.59211973779101 2.3019326121398533
    vertex 3739.0097394074887 73.59211973780162 -12.756445992179462
    vertex 3739.0097394074887 73.59211973779881 -8.756445992199756
  endloop
endfacet
facet normal 0.9999999999996012 8.930866954379513e-07 7.769449598241327e-14
  outer loop
    vertex 3739.0097394074887 73.59211973779881 -8.756445992199756
    vertex 3739.0097394074887 73.59211973780162 -12.756445992179462
    vertex 3739.0097394074887 84.65049834212131 -8.75644599219047
  endloop
endfacet
facet normal 0.9999999999996012 8.930866954379513e-07 7.769449598241327e-14
  outer loop
    vertex 3739.0097394074887 84.65049834212131 -8.75644599219047
    vertex 3739.0097394074887 73.59211973780162 -12.756445992179462
    vertex 3739.0096333634874 200.02840668501162 -12.756445996244953
  endloop
endfacet
facet normal 0.9999999999996012 8.930866954379513e-07 7.769449598241327e-14
  outer loop
    vertex 3739.0097394074887 84.65049834212131 -8.75644599219047
    vertex 3739.0096333634874 200.02840668501162 -12.756445996244953
    vertex 3739.0097394074887 97.95956623003764 -8.705140931312997
  endloop
endfacet
facet normal 0.9999999999996012 8.930866954379513e-07 7.769449598241327e-14
  outer loop
    vertex 3739.0097394074887 84.65049834212131 -8.75644599219047
    vertex 3739.0097394074887 97.95956623003764 -8.705140931312997
    vertex 3739.0097394074887 96.33345566512813 -8.551428226354382
  endloop
endfacet
facet normal 0.9999999999996012 8.930866954379513e-07 7.769449598241327e-14
  outer loop
    vertex 3739.0097394074887 84.65049834212131 -8.75644599219047
    vertex 3739.0097394074887 96.33345566512813 -8.551428226354382
    vertex 3739.0097394074887 94.72020555857145 -8.295914511123902
  endloop
endfacet
facet normal 0.9999999999996012 8.930866954379513e-07 7.769449598241327e-14
  outer loop
    vertex 3739.0097394074887 84.65049834212131 -8.75644599219047
    vertex 3739.0097394074887 94.72020555857145 -8.295914511123902
    vertex 3739.0097394074887 93.12618267151431 -7.939608181522458
  endloop
endfacet
facet normal 0.9999999999996012 8.930866954379513e-07 7.769449598241327e-14
  outer loop
    vertex 3739.0097394074887 84.65049834212131 -8.75644599219047
    vertex 3739.0097394074887 93.12618267151431 -7.939608181522458
    vertex 3739.0097394074887 91.55767788405215 -7.4839154158521115
  endloop
endfacet
facet normal 0.9999999999996012 8.930866954379513e-07 7.769449598241327e-14
  outer loop
    vertex 3739.0097394074887 84.65049834212131 -8.75644599219047
    vertex 3739.0097394074887 91.55767788405215 -7.4839154158521115
    vertex 3739.0097394074887 90.0208813679994 -6.930634625272741
  endloop
endfacet
facet normal 0.9999999999996012 8.930866954379513e-07 7.769449598241327e-14
  outer loop
    vertex 3739.0097394074887 84.65049834212131 -8.75644599219047
    vertex 3739.0097394074887 90.0208813679994 -6.930634625272741
    vertex 3739.0097394074887 88.52185815710936 -6.2819493562948105
  endloop
endfacet
facet normal 0.9999999999996012 8.930866954379513e-07 7.769449598241327e-14
  outer loop
    vertex 3739.0097394074887 84.65049834212131 -8.75644599219047
    vertex 3739.0097394074887 88.52185815710936 -6.2819493562948105
    vertex 3739.0097394074887 87.06652421115689 -5.5404196733188735
  endloop
endfacet
facet normal 0.9999999999996012 8.930866954379513e-07 7.769449598241327e-14
  outer loop
    vertex 3739.0097394074887 84.65049834212131 -8.75644599219047
    vertex 3739.0097394074887 87.06652421115689 -5.5404196733188735
    vertex 3739.0097394074887 85.6606230683478 -4.708972055230941
  endloop
endfacet
facet normal 0.9999999999996012 8.930866954379513e-07 7.769449598241327e-14
  outer loop
    vertex 3739.0097394074887 97.95956623003764 -8.705140931312997
    vertex 3739.0096333634874 200.02840668501162 -12.756445996244953
    vertex 3739.0097394074887 99.59211973779954 -8.756445992177925
  endloop
endfacet
facet normal 0.9999999999996012 8.930866954379513e-07 7.769449598241327e-14
  outer loop
    vertex 3739.0097394074887 99.59211973779954 -8.756445992177925
    vertex 3739.0096333634874 200.02840668501162 -12.756445996244953
    vertex 3739.0096333634874 174.02840668501113 -8.756445996244413
  endloop
endfacet
facet normal 0.9999999999996012 8.930866954379513e-07 7.769449598241327e-14
  outer loop
    vertex 3739.0096333634874 174.02840668501113 -8.756445996244413
    vertex 3739.0096333634874 200.02840668501162 -12.756445996244953
    vertex 3739.0096333634874 175.66096019277202 -8.705140935439891
  endloop
endfacet
facet normal 0.9999999999996012 8.930866954379513e-07 7.769449598241327e-14
  outer loop
    vertex 3739.0096333634874 175.66096019277202 -8.705140935439891
    vertex 3739.0096333634874 200.02840668501162 -12.756445996244953
    vertex 3739.0096333634874 177.2870707576805 -8.551428230481378
  endloop
endfacet
facet normal 0.9999999999996012 8.930866954379513e-07 7.769449598241327e-14
  outer loop
    vertex 3739.0096333634874 177.2870707576805 -8.551428230481378
    vertex 3739.0096333634874 200.02840668501162 -12.756445996244953
    vertex 3739.0096333634874 178.90032086423616 -8.295914515251061
  endloop
endfacet
facet normal 0.9999999999996012 8.930866954379513e-07 7.769449598241327e-14
  outer loop
    vertex 3739.0096333634874 178.90032086423616 -8.295914515251061
    vertex 3739.0096333634874 200.02840668501162 -12.756445996244953
    vertex 3739.0096333634874 180.49434375129232 -7.9396081856498375
  endloop
endfacet
facet normal 0.9999999999996012 8.930866954379513e-07 7.769449598241327e-14
  outer loop
    vertex 3739.0096333634874 180.49434375129232 -7.9396081856498375
    vertex 3739.0096333634874 200.02840668501162 -12.756445996244953
    vertex 3739.0096333634874 182.0628485387535 -7.483915419979776
  endloop
endfacet
facet normal 0.9999999999996012 8.930866954379513e-07 7.769449598241327e-14
  outer loop
    vertex 3739.0096333634874 182.0628485387535 -7.483915419979776
    vertex 3739.0096333634874 200.02840668501162 -12.756445996244953
    vertex 3739.0096333634874 183.59964505480528 -6.9306346294007515
  endloop
endfacet
facet normal 0.9999999999996012 8.930866954379513e-07 7.769449598241327e-14
  outer loop
    vertex 3739.0096333634874 183.59964505480528 -6.9306346294007515
    vertex 3739.0096333634874 200.02840668501162 -12.756445996244953
    vertex 3739.0096333634874 188.9700280808614 -8.756445996231868
  endloop
endfacet
facet normal 0.9999999999996012 8.930866954379513e-07 7.769449598241327e-14
  outer loop
    vertex 3739.0096333634874 183.59964505480528 -6.9306346294007515
    vertex 3739.0096333634874 188.9700280808614 -8.756445996231868
    vertex 3739.0096333634874 185.09866826569439 -6.28194936042323
  endloop
endfacet
facet normal 0.9999999999996012 8.930866954379513e-07 7.769449598241327e-14
  outer loop
    vertex 3739.0096333634874 185.09866826569439 -6.28194936042323
    vertex 3739.0096333634874 188.9700280808614 -8.756445996231868
    vertex 3739.0096333634874 186.55400221164595 -5.540419677447756
  endloop
endfacet
facet normal 0.9999999999996012 8.930866954379513e-07 7.769449598241327e-14
  outer loop
    vertex 3739.0096333634874 186.55400221164595 -5.540419677447756
    vertex 3739.0096333634874 188.9700280808614 -8.756445996231868
    vertex 3739.0096333634874 187.95990335445416 -4.708972059360342
  endloop
endfacet
facet normal 0.9999999999996012 8.930866954379513e-07 7.769449598241327e-14
  outer loop
    vertex 3739.0096333634874 188.9700280808614 -8.756445996231868
    vertex 3739.0096333634874 200.02840668501162 -12.756445996244953
    vertex 3739.0096333634874 200.0284066850091 -8.756445996222581
  endloop
endfacet
facet normal 0.9999999999996012 8.930866954379513e-07 7.769449598241327e-14
  outer loop
    vertex 3739.0096333634874 200.0284066849908 17.24355400367491
    vertex 3739.0096333634874 204.0284066849507 74.24355400368759
    vertex 3739.0096333634874 200.02840668495077 74.24355400368486
  endloop
endfacet
facet normal 0.9999999999996012 8.930866954379513e-07 7.769449598241327e-14
  outer loop
    vertex 3739.0096333634874 204.0284066849507 74.24355400368759
    vertex 3739.0096333634874 200.0284066849908 17.24355400367491
    vertex 3739.0096333634874 200.02840668500133 2.301932607965713
  endloop
endfacet
facet normal 0.9999999999996012 8.930866954379513e-07 7.769449598241327e-14
  outer loop
    vertex 3739.0096333634874 204.0284066849507 74.24355400368759
    vertex 3739.0096333634874 200.02840668500133 2.301932607965713
    vertex 3739.0096333634874 200.0284066850091 -8.756445996222581
  endloop
endfacet
facet normal 0.9999999999996012 8.930866954379513e-07 7.769449598241327e-14
  outer loop
    vertex 3739.0096333634874 204.0284066849507 74.24355400368759
    vertex 3739.0096333634874 200.0284066850091 -8.756445996222581
    vertex 3739.0096333634874 200.02840668501162 -12.756445996244953
  endloop
endfacet
facet normal 0.9999999999996012 8.930866954379513e-07 7.769449598241327e-14
  outer loop
    vertex 3739.0096333634874 204.0284066849507 74.24355400368759
    vertex 3739.0096333634874 200.02840668501162 -12.756445996244953
    vertex 3739.00963336349 200.55051145389453 -12.722225441739702
  endloop
endfacet
facet normal 0.9999999999996012 8.930866954379513e-07 7.769449598241327e-14
  outer loop
    vertex 3739.0096333634874 204.0284066849507 74.24355400368759
    vertex 3739.00963336349 200.55051145389453 -12.722225441739702
    vertex 3739.009633363493 201.06368286542698 -12.62014930139992
  endloop
endfacet
facet normal 0.9999999999996012 8.930866954379513e-07 7.769449598241327e-14
  outer loop
    vertex 3739.0096333634874 204.0284066849507 74.24355400368759
    vertex 3739.009633363493 201.06368286542698 -12.62014930139992
    vertex 3739.009633363496 201.55914041447977 -12.451964126287672
  endloop
endfacet
facet normal 0.9999999999996012 8.930866954379513e-07 7.769449598241327e-14
  outer loop
    vertex 3739.0096333634874 204.0284066849507 74.24355400368759
    vertex 3739.009633363496 201.55914041447977 -12.451964126287672
    vertex 3739.009633363499 202.02840668502174 -12.220547611378867
  endloop
endfacet
facet normal 0.9999999999996012 8.930866954379513e-07 7.769449598241327e-14
  outer loop
    vertex 3739.0096333634874 204.0284066849507 74.24355400368759
    vertex 3739.009633363499 202.02840668502174 -12.220547611378867
    vertex 3739.009633363502 202.46345240105876 -11.929859357404375
  endloop
endfacet
facet normal 0.9999999999996012 8.930866954379513e-07 7.769449598241327e-14
  outer loop
    vertex 3739.0096333634874 204.0284066849507 74.24355400368759
    vertex 3739.009633363502 202.46345240105876 -11.929859357404375
    vertex 3739.0096333635047 202.85683380977198 -11.5848731209837
  endloop
endfacet
facet normal 0.9999999999996012 8.930866954379513e-07 7.769449598241327e-14
  outer loop
    vertex 3739.0096333634874 204.0284066849507 74.24355400368759
    vertex 3739.0096333635047 202.85683380977198 -11.5848731209837
    vertex 3739.009633363506 203.20182004619244 -11.191491712270249
  endloop
endfacet
facet normal 0.9999999999996012 8.930866954379513e-07 7.769449598241327e-14
  outer loop
    vertex 3739.0096333634874 204.0284066849507 74.24355400368759
    vertex 3739.009633363506 203.20182004619244 -11.191491712270249
    vertex 3739.0096333635074 203.49250830016663 -10.756445996233039
  endloop
endfacet
facet normal 0.9999999999996012 8.930866954379513e-07 7.769449598241327e-14
  outer loop
    vertex 3739.0096333634874 204.0284066849507 74.24355400368759
    vertex 3739.0096333635074 203.49250830016663 -10.756445996233039
    vertex 3739.009633363509 203.72392481507515 -10.287179725690919
  endloop
endfacet
facet normal 0.9999999999996012 8.930866954379513e-07 7.769449598241327e-14
  outer loop
    vertex 3739.0096333634874 204.0284066849507 74.24355400368759
    vertex 3739.009633363509 203.72392481507515 -10.287179725690919
    vertex 3739.0096333635106 203.8921099901871 -9.791722176638048
  endloop
endfacet
facet normal 0.9999999999996012 8.930866954379513e-07 7.769449598241327e-14
  outer loop
    vertex 3739.0096333634874 204.0284066849507 74.24355400368759
    vertex 3739.0096333635106 203.8921099901871 -9.791722176638048
    vertex 3739.0096333635106 203.99418613052654 -9.2785507651055
  endloop
endfacet
facet normal 0.9999999999996012 8.930866954379513e-07 7.769449598241327e-14
  outer loop
    vertex 3739.0096333634874 204.0284066849507 74.24355400368759
    vertex 3739.0096333635106 203.99418613052654 -9.2785507651055
    vertex 3739.009633363511 204.02840668503148 -8.756445996222583
  endloop
endfacet
facet normal 0.9999999999996012 8.930866954379513e-07 7.769449598241327e-14
  outer loop
    vertex 3739.0097394074887 73.59211973779101 2.3019326121398533
    vertex 3739.0097394074887 73.64342479866852 15.611000500056157
    vertex 3739.0097394074887 73.59211973778046 17.24355400781805
  endloop
endfacet
facet normal 0.9999999999996012 8.930866954379513e-07 7.769449598241327e-14
  outer loop
    vertex 3739.0097394074887 73.64342479866852 15.611000500056157
    vertex 3739.0097394074887 73.59211973779101 2.3019326121398533
    vertex 3739.0097394074887 74.2622819727391 1.1687501584481406
  endloop
endfacet
facet normal 0.9999999999996012 8.930866954379513e-07 7.769449598241327e-14
  outer loop
    vertex 3739.0097394074887 73.64342479866852 15.611000500056157
    vertex 3739.0097394074887 74.2622819727391 1.1687501584481406
    vertex 3739.0097394074887 73.79713750362713 13.984889935146642
  endloop
endfacet
facet normal 0.9999999999996012 8.930866954379513e-07 7.769449598241327e-14
  outer loop
    vertex 3739.0097394074887 73.79713750362713 13.984889935146642
    vertex 3739.0097394074887 74.2622819727391 1.1687501584481406
    vertex 3739.0097394074887 74.05265121885762 12.37163982858997
  endloop
endfacet
facet normal 0.9999999999996012 8.930866954379513e-07 7.769449598241327e-14
  outer loop
    vertex 3739.0097394074887 74.05265121885762 12.37163982858997
    vertex 3739.0097394074887 74.2622819727391 1.1687501584481406
    vertex 3739.0097394074887 74.40895754845904 10.77761694153283
  endloop
endfacet
facet normal 0.9999999999996012 8.930866954379513e-07 7.769449598241327e-14
  outer loop
    vertex 3739.0097394074887 74.40895754845904 10.77761694153283
    vertex 3739.0097394074887 74.2622819727391 1.1687501584481406
    vertex 3739.0097394074887 75.32160990655113 -0.3900035609561517
  endloop
endfacet
facet normal 0.9999999999996012 8.930866954379513e-07 7.769449598241327e-14
  outer loop
    vertex 3739.0097394074887 74.40895754845904 10.77761694153283
    vertex 3739.0097394074887 75.32160990655113 -0.3900035609561517
    vertex 3739.0097394074887 74.86465031412939 9.209112154070665
  endloop
endfacet
facet normal 0.9999999999996012 8.930866954379513e-07 7.769449598241327e-14
  outer loop
    vertex 3739.0097394074887 74.86465031412939 9.209112154070665
    vertex 3739.0097394074887 75.32160990655113 -0.3900035609561517
    vertex 3739.0097394074887 75.41793110470877 7.67231563801791
  endloop
endfacet
facet normal 0.9999999999996012 8.930866954379513e-07 7.769449598241327e-14
  outer loop
    vertex 3739.0097394074887 75.41793110470877 7.67231563801791
    vertex 3739.0097394074887 75.32160990655113 -0.3900035609561517
    vertex 3739.0097394074887 76.47672245452587 -1.8791656846426512
  endloop
endfacet
facet normal 0.9999999999996012 8.930866954379513e-07 7.769449598241327e-14
  outer loop
    vertex 3739.0097394074887 75.41793110470877 7.67231563801791
    vertex 3739.0097394074887 76.47672245452587 -1.8791656846426512
    vertex 3739.0097394074887 76.06661637368668 6.173292427127878
  endloop
endfacet
facet normal 0.9999999999996012 8.930866954379513e-07 7.769449598241327e-14
  outer loop
    vertex 3739.0097394074887 76.06661637368668 6.173292427127878
    vertex 3739.0097394074887 76.47672245452587 -1.8791656846426512
    vertex 3739.0097394074887 76.80814605666262 4.717958481175399
  endloop
endfacet
facet normal 0.9999999999996012 8.930866954379513e-07 7.769449598241327e-14
  outer loop
    vertex 3739.0097394074887 76.80814605666262 4.717958481175399
    vertex 3739.0097394074887 76.47672245452587 -1.8791656846426512
    vertex 3739.0097394074887 77.7230609151572 -3.29285917004262
  endloop
endfacet
facet normal 0.9999999999996012 8.930866954379513e-07 7.769449598241327e-14
  outer loop
    vertex 3739.0097394074887 76.80814605666262 4.717958481175399
    vertex 3739.0097394074887 77.7230609151572 -3.29285917004262
    vertex 3739.0097394074887 77.63959367475057 3.3120573383663006
  endloop
endfacet
facet normal 0.9999999999996012 8.930866954379513e-07 7.769449598241327e-14
  outer loop
    vertex 3739.0097394074887 77.63959367475057 3.3120573383663006
    vertex 3739.0097394074887 77.7230609151572 -3.29285917004262
    vertex 3739.0097394074887 78.55767788405417 1.961137448216122
  endloop
endfacet
facet normal 0.9999999999996012 8.930866954379513e-07 7.769449598241327e-14
  outer loop
    vertex 3739.0097394074887 78.55767788405417 1.961137448216122
    vertex 3739.0097394074887 77.7230609151572 -3.29285917004262
    vertex 3739.0097394074887 79.0557065599389 -4.625504814824309
  endloop
endfacet
facet normal 0.9999999999996012 8.930866954379513e-07 7.769449598241327e-14
  outer loop
    vertex 3739.0097394074887 78.55767788405417 1.961137448216122
    vertex 3739.0097394074887 79.0557065599389 -4.625504814824309
    vertex 3739.0097394074887 79.55877542563212 0.6705302743546897
  endloop
endfacet
facet normal 0.9999999999996012 8.930866954379513e-07 7.769449598241327e-14
  outer loop
    vertex 3739.0097394074887 79.55877542563212 0.6705302743546897
    vertex 3739.0097394074887 79.0557065599389 -4.625504814824309
    vertex 3739.0097394074887 80.46940004533886 -5.871843275455637
  endloop
endfacet
facet normal 0.9999999999996012 8.930866954379513e-07 7.769449598241327e-14
  outer loop
    vertex 3739.0097394074887 79.55877542563212 0.6705302743546897
    vertex 3739.0097394074887 80.46940004533886 -5.871843275455637
    vertex 3739.0097394074887 80.63893542484578 -0.554670746325094
  endloop
endfacet
facet normal 0.9999999999996012 8.930866954379513e-07 7.769449598241327e-14
  outer loop
    vertex 3739.0097394074887 80.63893542484578 -0.554670746325094
    vertex 3739.0097394074887 80.46940004533886 -5.871843275455637
    vertex 3739.0097394074887 81.95856216902536 -7.026955823430386
  endloop
endfacet
facet normal 0.9999999999996012 8.930866954379513e-07 7.769449598241327e-14
  outer loop
    vertex 3739.0097394074887 80.63893542484578 -0.554670746325094
    vertex 3739.0097394074887 81.95856216902536 -7.026955823430386
    vertex 3739.0097394074887 81.7938949836564 -1.7096303051357107
  endloop
endfacet
facet normal 0.9999999999996012 8.930866954379513e-07 7.769449598241327e-14
  outer loop
    vertex 3739.0097394074887 81.7938949836564 -1.7096303051357107
    vertex 3739.0097394074887 81.95856216902536 -7.026955823430386
    vertex 3739.0097394074887 83.01909600433618 -2.7897903043493604
  endloop
endfacet
facet normal 0.9999999999996012 8.930866954379513e-07 7.769449598241327e-14
  outer loop
    vertex 3739.0097394074887 83.01909600433618 -2.7897903043493604
    vertex 3739.0097394074887 81.95856216902536 -7.026955823430386
    vertex 3739.0097394074887 83.51731588842965 -8.086283757242414
  endloop
endfacet
facet normal 0.9999999999996012 8.930866954379513e-07 7.769449598241327e-14
  outer loop
    vertex 3739.0097394074887 83.01909600433618 -2.7897903043493604
    vertex 3739.0097394074887 83.51731588842965 -8.086283757242414
    vertex 3739.0097394074887 84.30970317819761 -3.790887845927324
  endloop
endfacet
facet normal 0.9999999999996012 8.930866954379513e-07 7.769449598241327e-14
  outer loop
    vertex 3739.0097394074887 84.30970317819761 -3.790887845927324
    vertex 3739.0097394074887 83.51731588842965 -8.086283757242414
    vertex 3739.0097394074887 84.65049834212131 -8.75644599219047
  endloop
endfacet
facet normal 0.9999999999996012 8.930866954379513e-07 7.769449598241327e-14
  outer loop
    vertex 3739.0097394074887 84.30970317819761 -3.790887845927324
    vertex 3739.0097394074887 84.65049834212131 -8.75644599219047
    vertex 3739.0097394074887 85.6606230683478 -4.708972055230941
  endloop
endfacet
facet normal 1.2382693150639427e-11 0.997858923238604 -0.06540312923013551
  outer loop
    vertex 3699.0169703635106 204.02840668551198 -8.75644599646299
    vertex 3739.0096333635106 203.99418613052654 -9.2785507651055
    vertex 3699.0169703635106 203.99418613100707 -9.278550765345909
  endloop
endfacet
facet normal 1.2382693150639427e-11 0.997858923238604 -0.06540312923013551
  outer loop
    vertex 3739.0096333635106 203.99418613052654 -9.2785507651055
    vertex 3699.0169703635106 204.02840668551198 -8.75644599646299
    vertex 3739.009633363511 204.02840668503148 -8.756445996222583
  endloop
endfacet
facet normal 1.2957137229173476e-11 0.980785280403249 -0.19509032201603502
  outer loop
    vertex 3699.0169703635106 203.99418613100707 -9.278550765345909
    vertex 3739.0096333635106 203.8921099901871 -9.791722176638048
    vertex 3699.0169703635106 203.89210999066762 -9.791722176878457
  endloop
endfacet
facet normal 1.2957137229173476e-11 0.980785280403249 -0.19509032201603502
  outer loop
    vertex 3739.0096333635106 203.8921099901871 -9.791722176638048
    vertex 3699.0169703635106 203.99418613100707 -9.278550765345909
    vertex 3739.0096333635106 203.99418613052654 -9.2785507651055
  endloop
endfacet
facet normal 1.3309880951643005e-11 0.9469301294951444 -0.32143946530304723
  outer loop
    vertex 3699.0169703635106 203.89210999066762 -9.791722176878457
    vertex 3739.009633363509 203.72392481507515 -10.287179725690919
    vertex 3699.0169703635092 203.72392481555568 -10.287179725931328
  endloop
endfacet
facet normal 1.3309880951643005e-11 0.9469301294951444 -0.32143946530304723
  outer loop
    vertex 3739.009633363509 203.72392481507515 -10.287179725690919
    vertex 3699.0169703635106 203.89210999066762 -9.791722176878457
    vertex 3739.0096333635106 203.8921099901871 -9.791722176638048
  endloop
endfacet
facet normal 1.3434889116427767e-11 0.8968727415327684 -0.4422886902188392
  outer loop
    vertex 3699.0169703635092 203.72392481555568 -10.287179725931328
    vertex 3739.0096333635074 203.49250830016663 -10.756445996233039
    vertex 3699.016970363508 203.49250830064716 -10.756445996473445
  endloop
endfacet
facet normal 1.3434889116427767e-11 0.8968727415327684 -0.4422886902188392
  outer loop
    vertex 3739.0096333635074 203.49250830016663 -10.756445996233039
    vertex 3699.0169703635092 203.72392481555568 -10.287179725931328
    vertex 3739.009633363509 203.72392481507515 -10.287179725690919
  endloop
endfacet
facet normal 1.3330022437050677e-11 0.8314696123026845 -0.5555702330193939
  outer loop
    vertex 3699.016970363508 203.49250830064716 -10.756445996473445
    vertex 3739.009633363506 203.20182004619244 -11.191491712270249
    vertex 3699.0169703635065 203.20182004667296 -11.191491712510656
  endloop
endfacet
facet normal 1.3330022437050677e-11 0.8314696123026845 -0.5555702330193939
  outer loop
    vertex 3739.009633363506 203.20182004619244 -11.191491712270249
    vertex 3699.016970363508 203.49250830064716 -10.756445996473445
    vertex 3739.0096333635074 203.49250830016663 -10.756445996233039
  endloop
endfacet
facet normal 1.299707534554458e-11 0.7518398074791585 -0.6593458150998626
  outer loop
    vertex 3699.0169703635065 203.20182004667296 -11.191491712510656
    vertex 3739.0096333635047 202.85683380977198 -11.5848731209837
    vertex 3699.0169703635047 202.8568338102525 -11.584873121224106
  endloop
endfacet
facet normal 1.299707534554458e-11 0.7518398074791585 -0.6593458150998626
  outer loop
    vertex 3739.0096333635047 202.85683380977198 -11.5848731209837
    vertex 3699.0169703635065 203.20182004667296 -11.191491712510656
    vertex 3739.009633363506 203.20182004619244 -11.191491712270249
  endloop
endfacet
facet normal 1.2441744651100872e-11 0.6593458151003201 -0.7518398074787571
  outer loop
    vertex 3699.0169703635047 202.8568338102525 -11.584873121224106
    vertex 3739.009633363502 202.46345240105876 -11.929859357404375
    vertex 3699.016970363502 202.46345240153929 -11.929859357644782
  endloop
endfacet
facet normal 1.2441744651100872e-11 0.6593458151003201 -0.7518398074787571
  outer loop
    vertex 3739.009633363502 202.46345240105876 -11.929859357404375
    vertex 3699.0169703635047 202.8568338102525 -11.584873121224106
    vertex 3739.0096333635047 202.85683380977198 -11.5848731209837
  endloop
endfacet
facet normal 1.1673532400664787e-11 0.5555702330199307 -0.8314696123023257
  outer loop
    vertex 3699.016970363502 202.46345240153929 -11.929859357644782
    vertex 3739.009633363499 202.02840668502174 -12.220547611378867
    vertex 3699.0169703634992 202.02840668550226 -12.220547611619276
  endloop
endfacet
facet normal 1.1673532400664787e-11 0.5555702330199307 -0.8314696123023257
  outer loop
    vertex 3739.009633363499 202.02840668502174 -12.220547611378867
    vertex 3699.016970363502 202.46345240153929 -11.929859357644782
    vertex 3739.009633363502 202.46345240105876 -11.929859357404375
  endloop
endfacet
facet normal 1.070558284911194e-11 0.44228869021941725 -0.8968727415324832
  outer loop
    vertex 3699.0169703634992 202.02840668550226 -12.220547611619276
    vertex 3739.009633363496 201.55914041447977 -12.451964126287672
    vertex 3699.016970363496 201.5591404149603 -12.45196412652808
  endloop
endfacet
facet normal 1.070558284911194e-11 0.44228869021941725 -0.8968727415324832
  outer loop
    vertex 3739.009633363496 201.55914041447977 -12.451964126287672
    vertex 3699.0169703634992 202.02840668550226 -12.220547611619276
    vertex 3739.009633363499 202.02840668502174 -12.220547611378867
  endloop
endfacet
facet normal 9.554457404067305e-12 0.32143946530362905 -0.9469301294949469
  outer loop
    vertex 3699.016970363496 201.5591404149603 -12.45196412652808
    vertex 3739.009633363493 201.06368286542698 -12.62014930139992
    vertex 3699.0169703634933 201.0636828659075 -12.620149301640328
  endloop
endfacet
facet normal 9.554457404067305e-12 0.32143946530362905 -0.9469301294949469
  outer loop
    vertex 3739.009633363493 201.06368286542698 -12.62014930139992
    vertex 3699.016970363496 201.5591404149603 -12.45196412652808
    vertex 3739.009633363496 201.55914041447977 -12.451964126287672
  endloop
endfacet
facet normal 8.239887554350988e-12 0.19509032201667828 -0.9807852804031211
  outer loop
    vertex 3699.0169703634933 201.0636828659075 -12.620149301640328
    vertex 3739.00963336349 200.55051145389453 -12.722225441739702
    vertex 3699.0169703634906 200.55051145437506 -12.722225441980113
  endloop
endfacet
facet normal 8.239887554350988e-12 0.19509032201667828 -0.9807852804031211
  outer loop
    vertex 3739.00963336349 200.55051145389453 -12.722225441739702
    vertex 3699.0169703634933 201.0636828659075 -12.620149301640328
    vertex 3739.009633363493 201.06368286542698 -12.62014930139992
  endloop
endfacet
facet normal 6.784332520788199e-12 0.06540312923074405 -0.9978589232385642
  outer loop
    vertex 3699.0169703634906 200.55051145437506 -12.722225441980113
    vertex 3739.0096333634874 200.02840668501162 -12.756445996244953
    vertex 3699.0169703634874 200.02840668549214 -12.756445996485363
  endloop
endfacet
facet normal 6.784332520788199e-12 0.06540312923074405 -0.9978589232385642
  outer loop
    vertex 3739.0096333634874 200.02840668501162 -12.756445996244953
    vertex 3699.0169703634906 200.55051145437506 -12.722225441980113
    vertex 3739.00963336349 200.55051145389453 -12.722225441739702
  endloop
endfacet
facet normal 0.9914448613738012 8.887615183718106e-14 -0.13052619222012296
  outer loop
    vertex 3712.409739407488 69.5921197377403 74.24355400781876
    vertex 3712.6346289539806 73.59211973773913 75.95175970549779
    vertex 3712.6346289539806 69.59211973773914 75.95175970549538
  endloop
endfacet
facet normal 0.9914448613738012 8.887615183718106e-14 -0.13052619222012296
  outer loop
    vertex 3712.6346289539806 73.59211973773913 75.95175970549779
    vertex 3712.409739407488 69.5921197377403 74.24355400781876
    vertex 3712.409739407488 73.59211973774028 74.24355400782117
  endloop
endfacet
facet normal 0.9914448613738012 -8.887615183718058e-14 0.13052619222012296
  outer loop
    vertex 3712.6346289539806 69.59211973774147 72.53534831014214
    vertex 3712.409739407488 73.59211973774028 74.24355400782117
    vertex 3712.409739407488 69.5921197377403 74.24355400781876
  endloop
endfacet
facet normal 0.9914448613738012 -8.887615183718058e-14 0.13052619222012296
  outer loop
    vertex 3712.409739407488 73.59211973774028 74.24355400782117
    vertex 3712.6346289539806 69.59211973774147 72.53534831014214
    vertex 3712.6346289539806 73.59211973774146 72.53534831014454
  endloop
endfacet
facet normal 0.9238795325113137 -2.605716926384369e-13 0.3826834323650246
  outer loop
    vertex 3713.293971742511 69.59211973774255 70.94355400781879
    vertex 3712.6346289539806 73.59211973774146 72.53534831014454
    vertex 3712.6346289539806 69.59211973774147 72.53534831014214
  endloop
endfacet
facet normal 0.9238795325113137 -2.605716926384369e-13 0.3826834323650246
  outer loop
    vertex 3712.6346289539806 73.59211973774146 72.53534831014454
    vertex 3713.293971742511 69.59211973774255 70.94355400781879
    vertex 3713.293971742511 73.59211973774254 70.9435540078212
  endloop
endfacet
facet normal 0.7933533402912196 -4.1450970320161417e-13 0.608761429008741
  outer loop
    vertex 3714.342834651657 69.59211973774349 69.57664925198759
    vertex 3713.293971742511 73.59211973774254 70.9435540078212
    vertex 3713.293971742511 69.59211973774255 70.94355400781879
  endloop
endfacet
facet normal 0.7933533402912196 -4.1450970320161417e-13 0.608761429008741
  outer loop
    vertex 3713.293971742511 73.59211973774254 70.9435540078212
    vertex 3714.342834651657 69.59211973774349 69.57664925198759
    vertex 3714.342834651657 73.59211973774346 69.57664925199
  endloop
endfacet
facet normal 0.608761429008733 -5.401995625011968e-13 0.7933533402912258
  outer loop
    vertex 3715.709739407488 69.5921197377442 68.52778634284152
    vertex 3714.342834651657 73.59211973774346 69.57664925199
    vertex 3714.342834651657 69.59211973774349 69.57664925198759
  endloop
endfacet
facet normal 0.608761429008733 -5.401995625011968e-13 0.7933533402912258
  outer loop
    vertex 3714.342834651657 73.59211973774346 69.57664925199
    vertex 3715.709739407488 69.5921197377442 68.52778634284152
    vertex 3715.709739407488 73.59211973774418 68.52778634284392
  endloop
endfacet
facet normal 0.3826834323650755 -6.290757143383396e-13 0.9238795325112927
  outer loop
    vertex 3717.3015337098113 69.59211973774465 67.86844355431096
    vertex 3715.709739407488 73.59211973774418 68.52778634284392
    vertex 3715.709739407488 69.5921197377442 68.52778634284152
  endloop
endfacet
facet normal 0.3826834323650755 -6.290757143383396e-13 0.9238795325112927
  outer loop
    vertex 3715.709739407488 73.59211973774418 68.52778634284392
    vertex 3717.3015337098113 69.59211973774465 67.86844355431096
    vertex 3717.3015337098113 73.59211973774464 67.86844355431337
  endloop
endfacet
facet normal 0.1305261922200581 -6.750813958400815e-13 0.9914448613738097
  outer loop
    vertex 3719.0097394074883 69.5921197377448 67.64355400781882
    vertex 3717.3015337098113 73.59211973774464 67.86844355431337
    vertex 3717.3015337098113 69.59211973774465 67.86844355431096
  endloop
endfacet
facet normal 0.1305261922200581 -6.750813958400815e-13 0.9914448613738097
  outer loop
    vertex 3717.3015337098113 73.59211973774464 67.86844355431337
    vertex 3719.0097394074883 69.5921197377448 67.64355400781882
    vertex 3719.0097394074883 73.59211973774477 67.64355400782122
  endloop
endfacet
facet normal -0.1305261922200581 -6.750813958400815e-13 0.9914448613738097
  outer loop
    vertex 3720.7179451051647 69.59211973774465 67.86844355431096
    vertex 3719.0097394074883 73.59211973774477 67.64355400782122
    vertex 3719.0097394074883 69.5921197377448 67.64355400781882
  endloop
endfacet
facet normal -0.1305261922200581 -6.750813958400815e-13 0.9914448613738097
  outer loop
    vertex 3719.0097394074883 73.59211973774477 67.64355400782122
    vertex 3720.7179451051647 69.59211973774465 67.86844355431096
    vertex 3720.7179451051647 73.59211973774464 67.86844355431337
  endloop
endfacet
facet normal -0.3826834323650755 -6.290757143383397e-13 0.9238795325112927
  outer loop
    vertex 3722.309739407488 69.5921197377442 68.52778634284152
    vertex 3720.7179451051647 73.59211973774464 67.86844355431337
    vertex 3720.7179451051647 69.59211973774465 67.86844355431096
  endloop
endfacet
facet normal -0.3826834323650755 -6.290757143383397e-13 0.9238795325112927
  outer loop
    vertex 3720.7179451051647 73.59211973774464 67.86844355431337
    vertex 3722.309739407488 69.5921197377442 68.52778634284152
    vertex 3722.309739407488 73.59211973774418 68.52778634284392
  endloop
endfacet
facet normal -0.608761429008733 -5.401995625011972e-13 0.7933533402912258
  outer loop
    vertex 3723.676644163319 69.59211973774349 69.57664925198759
    vertex 3722.309739407488 73.59211973774418 68.52778634284392
    vertex 3722.309739407488 69.5921197377442 68.52778634284152
  endloop
endfacet
facet normal -0.608761429008733 -5.401995625011972e-13 0.7933533402912258
  outer loop
    vertex 3722.309739407488 73.59211973774418 68.52778634284392
    vertex 3723.676644163319 69.59211973774349 69.57664925198759
    vertex 3723.676644163319 73.59211973774346 69.57664925199
  endloop
endfacet
facet normal -0.7933533402912196 -4.1450970320161457e-13 0.608761429008741
  outer loop
    vertex 3724.725507072465 73.59211973774254 70.9435540078212
    vertex 3723.676644163319 69.59211973774349 69.57664925198759
    vertex 3724.725507072465 69.59211973774255 70.94355400781879
  endloop
endfacet
facet normal -0.7933533402912196 -4.1450970320161457e-13 0.608761429008741
  outer loop
    vertex 3723.676644163319 69.59211973774349 69.57664925198759
    vertex 3724.725507072465 73.59211973774254 70.9435540078212
    vertex 3723.676644163319 73.59211973774346 69.57664925199
  endloop
endfacet
facet normal -0.9238795325113137 -2.6057169263843737e-13 0.3826834323650246
  outer loop
    vertex 3725.384849860996 73.59211973774146 72.53534831014454
    vertex 3724.725507072465 69.59211973774255 70.94355400781879
    vertex 3725.384849860996 69.59211973774147 72.53534831014214
  endloop
endfacet
facet normal -0.9238795325113137 -2.6057169263843737e-13 0.3826834323650246
  outer loop
    vertex 3724.725507072465 69.59211973774255 70.94355400781879
    vertex 3725.384849860996 73.59211973774146 72.53534831014454
    vertex 3724.725507072465 73.59211973774254 70.9435540078212
  endloop
endfacet
facet normal -0.9914448613738012 -8.887615183718106e-14 0.13052619222012296
  outer loop
    vertex 3725.609739407488 73.59211973774028 74.24355400782117
    vertex 3725.384849860996 69.59211973774147 72.53534831014214
    vertex 3725.609739407488 69.5921197377403 74.24355400781876
  endloop
endfacet
facet normal -0.9914448613738012 -8.887615183718106e-14 0.13052619222012296
  outer loop
    vertex 3725.384849860996 69.59211973774147 72.53534831014214
    vertex 3725.609739407488 73.59211973774028 74.24355400782117
    vertex 3725.384849860996 73.59211973774146 72.53534831014454
  endloop
endfacet
facet normal -0.9914448613738013 8.887615183718e-14 -0.1305261922201221
  outer loop
    vertex 3725.384849860996 73.59211973773913 75.9517597054978
    vertex 3725.609739407488 69.5921197377403 74.24355400781876
    vertex 3725.384849860996 69.59211973773914 75.95175970549539
  endloop
endfacet
facet normal -0.9914448613738013 8.887615183718e-14 -0.1305261922201221
  outer loop
    vertex 3725.609739407488 69.5921197377403 74.24355400781876
    vertex 3725.384849860996 73.59211973773913 75.9517597054978
    vertex 3725.609739407488 73.59211973774028 74.24355400782117
  endloop
endfacet
facet normal -0.9238795325113137 2.605716926384369e-13 -0.3826834323650246
  outer loop
    vertex 3724.725507072465 73.59211973773805 77.54355400782116
    vertex 3725.384849860996 69.59211973773914 75.95175970549539
    vertex 3724.725507072465 69.59211973773806 77.54355400781874
  endloop
endfacet
facet normal -0.9238795325113137 2.605716926384369e-13 -0.3826834323650246
  outer loop
    vertex 3725.384849860996 69.59211973773914 75.95175970549539
    vertex 3724.725507072465 73.59211973773805 77.54355400782116
    vertex 3725.384849860996 73.59211973773913 75.9517597054978
  endloop
endfacet
facet normal -0.7933533402912196 4.1450970320161417e-13 -0.608761429008741
  outer loop
    vertex 3723.676644163319 73.5921197377371 78.91045876365236
    vertex 3724.725507072465 69.59211973773806 77.54355400781874
    vertex 3723.676644163319 69.59211973773712 78.91045876364994
  endloop
endfacet
facet normal -0.7933533402912196 4.1450970320161417e-13 -0.608761429008741
  outer loop
    vertex 3724.725507072465 69.59211973773806 77.54355400781874
    vertex 3723.676644163319 73.5921197377371 78.91045876365236
    vertex 3724.725507072465 73.59211973773805 77.54355400782116
  endloop
endfacet
facet normal -0.608761429008733 5.401995625011968e-13 -0.7933533402912258
  outer loop
    vertex 3723.676644163319 73.5921197377371 78.91045876365236
    vertex 3722.309739407488 69.59211973773641 79.95932167279601
    vertex 3722.309739407488 73.5921197377364 79.95932167279842
  endloop
endfacet
facet normal -0.608761429008733 5.401995625011968e-13 -0.7933533402912258
  outer loop
    vertex 3722.309739407488 69.59211973773641 79.95932167279601
    vertex 3723.676644163319 73.5921197377371 78.91045876365236
    vertex 3723.676644163319 69.59211973773712 78.91045876364994
  endloop
endfacet
facet normal -0.3826834323650699 6.290757143383411e-13 -0.923879532511295
  outer loop
    vertex 3722.309739407488 73.5921197377364 79.95932167279842
    vertex 3720.7179451051647 69.59211973773597 80.61866446132655
    vertex 3720.7179451051647 73.59211973773594 80.61866446132896
  endloop
endfacet
facet normal -0.3826834323650699 6.290757143383411e-13 -0.923879532511295
  outer loop
    vertex 3720.7179451051647 69.59211973773597 80.61866446132655
    vertex 3722.309739407488 73.5921197377364 79.95932167279842
    vertex 3722.309739407488 69.59211973773641 79.95932167279601
  endloop
endfacet
facet normal -0.1305261922200581 6.750813958400815e-13 -0.9914448613738097
  outer loop
    vertex 3720.7179451051647 73.59211973773594 80.61866446132896
    vertex 3719.0097394074883 69.59211973773581 80.8435540078187
    vertex 3719.0097394074883 73.59211973773579 80.84355400782111
  endloop
endfacet
facet normal -0.1305261922200581 6.750813958400815e-13 -0.9914448613738097
  outer loop
    vertex 3719.0097394074883 69.59211973773581 80.8435540078187
    vertex 3720.7179451051647 73.59211973773594 80.61866446132896
    vertex 3720.7179451051647 69.59211973773597 80.61866446132655
  endloop
endfacet
facet normal 0.1305261922200581 6.750813958400815e-13 -0.9914448613738097
  outer loop
    vertex 3719.0097394074883 73.59211973773579 80.84355400782111
    vertex 3717.3015337098113 69.59211973773597 80.61866446132655
    vertex 3717.3015337098113 73.59211973773594 80.61866446132896
  endloop
endfacet
facet normal 0.1305261922200581 6.750813958400815e-13 -0.9914448613738097
  outer loop
    vertex 3717.3015337098113 69.59211973773597 80.61866446132655
    vertex 3719.0097394074883 73.59211973773579 80.84355400782111
    vertex 3719.0097394074883 69.59211973773581 80.8435540078187
  endloop
endfacet
facet normal 0.3826834323650699 6.290757143383413e-13 -0.923879532511295
  outer loop
    vertex 3717.3015337098113 73.59211973773594 80.61866446132896
    vertex 3715.709739407488 69.59211973773641 79.95932167279601
    vertex 3715.709739407488 73.5921197377364 79.95932167279842
  endloop
endfacet
facet normal 0.3826834323650699 6.290757143383413e-13 -0.923879532511295
  outer loop
    vertex 3715.709739407488 69.59211973773641 79.95932167279601
    vertex 3717.3015337098113 73.59211973773594 80.61866446132896
    vertex 3717.3015337098113 69.59211973773597 80.61866446132655
  endloop
endfacet
facet normal 0.6087614290087371 5.401995625011949e-13 -0.7933533402912225
  outer loop
    vertex 3715.709739407488 73.5921197377364 79.95932167279842
    vertex 3714.342834651657 69.59211973773712 78.91045876364993
    vertex 3714.342834651657 73.5921197377371 78.91045876365234
  endloop
endfacet
facet normal 0.6087614290087371 5.401995625011949e-13 -0.7933533402912225
  outer loop
    vertex 3714.342834651657 69.59211973773712 78.91045876364993
    vertex 3715.709739407488 73.5921197377364 79.95932167279842
    vertex 3715.709739407488 69.59211973773641 79.95932167279601
  endloop
endfacet
facet normal 0.7933533402912196 4.1450970320161457e-13 -0.608761429008741
  outer loop
    vertex 3713.293971742511 69.59211973773806 77.54355400781873
    vertex 3714.342834651657 73.5921197377371 78.91045876365234
    vertex 3714.342834651657 69.59211973773712 78.91045876364993
  endloop
endfacet
facet normal 0.7933533402912196 4.1450970320161457e-13 -0.608761429008741
  outer loop
    vertex 3714.342834651657 73.5921197377371 78.91045876365234
    vertex 3713.293971742511 69.59211973773806 77.54355400781873
    vertex 3713.293971742511 73.59211973773805 77.54355400782114
  endloop
endfacet
facet normal 0.9238795325113137 2.6057169263843737e-13 -0.3826834323650246
  outer loop
    vertex 3712.6346289539806 69.59211973773914 75.95175970549538
    vertex 3713.293971742511 73.59211973773805 77.54355400782114
    vertex 3713.293971742511 69.59211973773806 77.54355400781873
  endloop
endfacet
facet normal 0.9238795325113137 2.6057169263843737e-13 -0.3826834323650246
  outer loop
    vertex 3713.293971742511 73.59211973773805 77.54355400782114
    vertex 3712.6346289539806 69.59211973773914 75.95175970549538
    vertex 3712.6346289539806 73.59211973773913 75.95175970549779
  endloop
endfacet
facet normal 2.0067066834206202e-16 1.0 6.933645960614556e-13
  outer loop
    vertex 3725.384849860996 73.59211973774146 72.53534831014454
    vertex 3728.528577059236 73.59211973774133 72.69807268575896
    vertex 3728.9426875314 73.59211973774137 72.64355400782146
  endloop
endfacet
facet normal 2.0067066834206202e-16 1.0 6.933645960614556e-13
  outer loop
    vertex 3728.528577059236 73.59211973774133 72.69807268575896
    vertex 3725.384849860996 73.59211973774146 72.53534831014454
    vertex 3728.1426875314005 73.59211973774121 72.85791336176636
  endloop
endfacet
facet normal 2.0067066834206202e-16 1.0 6.933645960614556e-13
  outer loop
    vertex 3728.1426875314005 73.59211973774121 72.85791336176636
    vertex 3725.384849860996 73.59211973774146 72.53534831014454
    vertex 3725.609739407488 73.59211973774028 74.24355400782117
  endloop
endfacet
facet normal 2.0067066834206202e-16 1.0 6.933645960614556e-13
  outer loop
    vertex 3728.9426875314 73.59211973774137 72.64355400782146
    vertex 3728.528577059236 73.59211973774133 72.69807268575896
    vertex 3728.7356322953183 73.59211973774136 72.67081334679023
  endloop
endfacet
facet normal 2.0067066834206202e-16 1.0 6.933645960614556e-13
  outer loop
    vertex 3728.1426875314005 73.59211973774121 72.85791336176636
    vertex 3725.609739407488 73.59211973774028 74.24355400782117
    vertex 3727.811316681502 73.59211973774103 73.112183157923
  endloop
endfacet
facet normal 2.0067066834206202e-16 1.0 6.933645960614556e-13
  outer loop
    vertex 3727.811316681502 73.59211973774103 73.112183157923
    vertex 3725.609739407488 73.59211973774028 74.24355400782117
    vertex 3727.557046885345 73.5921197377408 73.44355400782146
  endloop
endfacet
facet normal 2.0067066834206202e-16 1.0 6.933645960614556e-13
  outer loop
    vertex 3727.557046885345 73.5921197377408 73.44355400782146
    vertex 3725.609739407488 73.59211973774028 74.24355400782117
    vertex 3727.397206209338 73.59211973774056 73.82944353565743
  endloop
endfacet
facet normal 2.0067066834206202e-16 1.0 6.933645960614556e-13
  outer loop
    vertex 3727.397206209338 73.59211973774056 73.82944353565743
    vertex 3725.609739407488 73.59211973774028 74.24355400782117
    vertex 3727.3426875314003 73.59211973774026 74.24355400782146
  endloop
endfacet
facet normal 2.0067066834206202e-16 1.0 6.933645960614556e-13
  outer loop
    vertex 3727.3426875314003 73.59211973774026 74.24355400782146
    vertex 3725.609739407488 73.59211973774028 74.24355400782117
    vertex 3725.384849860996 73.59211973773913 75.9517597054978
  endloop
endfacet
facet normal 2.0067066834206202e-16 1.0 6.933645960614556e-13
  outer loop
    vertex 3727.3426875314003 73.59211973774026 74.24355400782146
    vertex 3725.384849860996 73.59211973773913 75.9517597054978
    vertex 3727.397206209338 73.59211973773999 74.6576644799855
  endloop
endfacet
facet normal 2.0067066834206202e-16 1.0 6.933645960614556e-13
  outer loop
    vertex 3727.397206209338 73.59211973773999 74.6576644799855
    vertex 3725.384849860996 73.59211973773913 75.9517597054978
    vertex 3727.557046885345 73.59211973773972 75.04355400782147
  endloop
endfacet
facet normal 2.0067066834206202e-16 1.0 6.933645960614556e-13
  outer loop
    vertex 3727.557046885345 73.59211973773972 75.04355400782147
    vertex 3725.384849860996 73.59211973773913 75.9517597054978
    vertex 3727.811316681502 73.5921197377395 75.37492485771993
  endloop
endfacet
facet normal 2.0067066834206202e-16 1.0 6.933645960614556e-13
  outer loop
    vertex 3727.811316681502 73.5921197377395 75.37492485771993
    vertex 3725.384849860996 73.59211973773913 75.9517597054978
    vertex 3728.1426875314005 73.59211973773932 75.62919465387657
  endloop
endfacet
facet normal 2.0067066834206202e-16 1.0 6.933645960614556e-13
  outer loop
    vertex 3728.1426875314005 73.59211973773932 75.62919465387657
    vertex 3725.384849860996 73.59211973773913 75.9517597054978
    vertex 3728.528577059236 73.59211973773922 75.78903532988397
  endloop
endfacet
facet normal 2.0067066834206202e-16 1.0 6.933645960614556e-13
  outer loop
    vertex 3728.528577059236 73.59211973773922 75.78903532988397
    vertex 3725.384849860996 73.59211973773913 75.9517597054978
    vertex 3728.7356322953183 73.59211973773921 75.8162946688527
  endloop
endfacet
facet normal 2.0067066834206202e-16 1.0 6.933645960614556e-13
  outer loop
    vertex 3728.7356322953183 73.59211973773921 75.8162946688527
    vertex 3725.384849860996 73.59211973773913 75.9517597054978
    vertex 3728.9426875314 73.59211973773918 75.84355400782147
  endloop
endfacet
facet normal 2.0067066834206202e-16 1.0 6.933645960614556e-13
  outer loop
    vertex 3699.0097394074883 73.59211973774026 74.24355400782146
    vertex 3739.0097394074887 73.59211973778046 17.24355400781805
    vertex 3699.009739407486 73.59211973778046 17.24355400781805
  endloop
endfacet
facet normal 2.0067066834206202e-16 1.0 6.933645960614556e-13
  outer loop
    vertex 3739.0097394074887 73.59211973778046 17.24355400781805
    vertex 3699.0097394074883 73.59211973774026 74.24355400782146
    vertex 3718.209739407488 73.59211973774994 62.92496523785535
  endloop
endfacet
facet normal 2.0067066834206202e-16 1.0 6.933645960614556e-13
  outer loop
    vertex 3739.0097394074887 73.59211973778046 17.24355400781805
    vertex 3718.209739407488 73.59211973774994 62.92496523785535
    vertex 3718.595628935324 73.59211973775007 62.76512456184795
  endloop
endfacet
facet normal 2.0067066834206202e-16 1.0 6.933645960614556e-13
  outer loop
    vertex 3739.0097394074887 73.59211973778046 17.24355400781805
    vertex 3718.595628935324 73.59211973775007 62.76512456184795
    vertex 3719.0097394074883 73.59211973775011 62.71060588391045
  endloop
endfacet
facet normal 2.0067066834206202e-16 1.0 6.933645960614556e-13
  outer loop
    vertex 3718.209739407488 73.59211973774994 62.92496523785535
    vertex 3699.0097394074883 73.59211973774026 74.24355400782146
    vertex 3717.8783685575895 73.59211973774971 63.17923503401198
  endloop
endfacet
facet normal 2.0067066834206202e-16 1.0 6.933645960614556e-13
  outer loop
    vertex 3717.8783685575895 73.59211973774971 63.17923503401198
    vertex 3699.0097394074883 73.59211973774026 74.24355400782146
    vertex 3717.6240987614333 73.59211973774939 63.51060588391045
  endloop
endfacet
facet normal 2.0067066834206202e-16 1.0 6.933645960614556e-13
  outer loop
    vertex 3717.6240987614333 73.59211973774939 63.51060588391045
    vertex 3699.0097394074883 73.59211973774026 74.24355400782146
    vertex 3717.464258085425 73.59211973774906 63.89649541174642
  endloop
endfacet
facet normal 2.0067066834206202e-16 1.0 6.933645960614556e-13
  outer loop
    vertex 3717.464258085425 73.59211973774906 63.89649541174642
    vertex 3699.0097394074883 73.59211973774026 74.24355400782146
    vertex 3717.409739407488 73.59211973774867 64.31060588391045
  endloop
endfacet
facet normal 2.0067066834206202e-16 1.0 6.933645960614556e-13
  outer loop
    vertex 3717.409739407488 73.59211973774867 64.31060588391045
    vertex 3699.0097394074883 73.59211973774026 74.24355400782146
    vertex 3717.4369987464565 73.59211973774849 64.51766111999245
  endloop
endfacet
facet normal 2.0067066834206202e-16 1.0 6.933645960614556e-13
  outer loop
    vertex 3717.4369987464565 73.59211973774849 64.51766111999245
    vertex 3699.0097394074883 73.59211973774026 74.24355400782146
    vertex 3717.464258085425 73.59211973774829 64.72471635607448
  endloop
endfacet
facet normal 2.0067066834206202e-16 1.0 6.933645960614556e-13
  outer loop
    vertex 3717.464258085425 73.59211973774829 64.72471635607448
    vertex 3699.0097394074883 73.59211973774026 74.24355400782146
    vertex 3717.6240987614333 73.59211973774792 65.11060588391045
  endloop
endfacet
facet normal 2.0067066834206202e-16 1.0 6.933645960614556e-13
  outer loop
    vertex 3717.6240987614333 73.59211973774792 65.11060588391045
    vertex 3699.0097394074883 73.59211973774026 74.24355400782146
    vertex 3717.8783685575895 73.59211973774764 65.44197673380891
  endloop
endfacet
facet normal 2.0067066834206202e-16 1.0 6.933645960614556e-13
  outer loop
    vertex 3717.8783685575895 73.59211973774764 65.44197673380891
    vertex 3699.0097394074883 73.59211973774026 74.24355400782146
    vertex 3718.2097394074876 73.59211973774738 65.69624652996555
  endloop
endfacet
facet normal 2.0067066834206202e-16 1.0 6.933645960614556e-13
  outer loop
    vertex 3718.2097394074876 73.59211973774738 65.69624652996555
    vertex 3699.0097394074883 73.59211973774026 74.24355400782146
    vertex 3718.595628935324 73.59211973774725 65.85608720597295
  endloop
endfacet
facet normal 2.0067066834206202e-16 1.0 6.933645960614556e-13
  outer loop
    vertex 3718.595628935324 73.59211973774725 65.85608720597295
    vertex 3699.0097394074883 73.59211973774026 74.24355400782146
    vertex 3719.0097394074883 73.59211973774718 65.91060588391045
  endloop
endfacet
facet normal 2.0067066834206202e-16 1.0 6.933645960614556e-13
  outer loop
    vertex 3719.0097394074883 73.59211973774718 65.91060588391045
    vertex 3699.0097394074883 73.59211973774026 74.24355400782146
    vertex 3717.3015337098113 73.59211973774464 67.86844355431337
  endloop
endfacet
facet normal 2.0067066834206202e-16 1.0 6.933645960614556e-13
  outer loop
    vertex 3719.0097394074883 73.59211973774718 65.91060588391045
    vertex 3717.3015337098113 73.59211973774464 67.86844355431337
    vertex 3719.0097394074883 73.59211973774477 67.64355400782122
  endloop
endfacet
facet normal 2.0067066834206202e-16 1.0 6.933645960614556e-13
  outer loop
    vertex 3717.3015337098113 73.59211973774464 67.86844355431337
    vertex 3699.0097394074883 73.59211973774026 74.24355400782146
    vertex 3715.709739407488 73.59211973774418 68.52778634284392
  endloop
endfacet
facet normal 2.0067066834206202e-16 1.0 6.933645960614556e-13
  outer loop
    vertex 3715.709739407488 73.59211973774418 68.52778634284392
    vertex 3699.0097394074883 73.59211973774026 74.24355400782146
    vertex 3714.342834651657 73.59211973774346 69.57664925199
  endloop
endfacet
facet normal 2.0067066834206202e-16 1.0 6.933645960614556e-13
  outer loop
    vertex 3714.342834651657 73.59211973774346 69.57664925199
    vertex 3699.0097394074883 73.59211973774026 74.24355400782146
    vertex 3713.293971742511 73.59211973774254 70.9435540078212
  endloop
endfacet
facet normal 2.0067066834206202e-16 1.0 6.933645960614556e-13
  outer loop
    vertex 3713.293971742511 73.59211973774254 70.9435540078212
    vertex 3699.0097394074883 73.59211973774026 74.24355400782146
    vertex 3708.662680811412 73.59211973774131 72.69807268575897
  endloop
endfacet
facet normal 2.0067066834206202e-16 1.0 6.933645960614556e-13
  outer loop
    vertex 3713.293971742511 73.59211973774254 70.9435540078212
    vertex 3708.662680811412 73.59211973774131 72.69807268575897
    vertex 3709.076791283576 73.59211973774136 72.64355400782148
  endloop
endfacet
facet normal 2.0067066834206202e-16 1.0 6.933645960614556e-13
  outer loop
    vertex 3713.293971742511 73.59211973774254 70.9435540078212
    vertex 3709.076791283576 73.59211973774136 72.64355400782148
    vertex 3712.6346289539806 73.59211973774146 72.53534831014454
  endloop
endfacet
facet normal 2.0067066834206202e-16 1.0 6.933645960614556e-13
  outer loop
    vertex 3708.662680811412 73.59211973774131 72.69807268575897
    vertex 3699.0097394074883 73.59211973774026 74.24355400782146
    vertex 3708.276791283576 73.59211973774123 72.85791336176638
  endloop
endfacet
facet normal 2.0067066834206202e-16 1.0 6.933645960614556e-13
  outer loop
    vertex 3708.276791283576 73.59211973774123 72.85791336176638
    vertex 3699.0097394074883 73.59211973774026 74.24355400782146
    vertex 3707.945420433678 73.59211973774104 73.11218315792301
  endloop
endfacet
facet normal 2.0067066834206202e-16 1.0 6.933645960614556e-13
  outer loop
    vertex 3707.945420433678 73.59211973774104 73.11218315792301
    vertex 3699.0097394074883 73.59211973774026 74.24355400782146
    vertex 3707.691150637521 73.59211973774077 73.44355400782148
  endloop
endfacet
facet normal 2.0067066834206202e-16 1.0 6.933645960614556e-13
  outer loop
    vertex 3707.691150637521 73.59211973774077 73.44355400782148
    vertex 3699.0097394074883 73.59211973774026 74.24355400782146
    vertex 3707.531309961514 73.59211973774055 73.82944353565745
  endloop
endfacet
facet normal 2.0067066834206202e-16 1.0 6.933645960614556e-13
  outer loop
    vertex 3707.531309961514 73.59211973774055 73.82944353565745
    vertex 3699.0097394074883 73.59211973774026 74.24355400782146
    vertex 3707.4767912835764 73.59211973774023 74.24355400782147
  endloop
endfacet
facet normal 2.0067066834206202e-16 1.0 6.933645960614556e-13
  outer loop
    vertex 3707.4767912835764 73.59211973774023 74.24355400782147
    vertex 3699.0097394074883 73.59211973774026 74.24355400782146
    vertex 3699.049204838923 73.59211973773944 75.49936439840776
  endloop
endfacet
facet normal 2.0067066834206202e-16 1.0 6.933645960614556e-13
  outer loop
    vertex 3707.4767912835764 73.59211973774023 74.24355400782147
    vertex 3699.049204838923 73.59211973773944 75.49936439840776
    vertex 3707.531309961514 73.59211973773996 74.65766447998551
  endloop
endfacet
facet normal 2.0067066834206202e-16 1.0 6.933645960614556e-13
  outer loop
    vertex 3707.531309961514 73.59211973773996 74.65766447998551
    vertex 3699.049204838923 73.59211973773944 75.49936439840776
    vertex 3707.691150637521 73.5921197377397 75.04355400782147
  endloop
endfacet
facet normal 2.0067066834206202e-16 1.0 6.933645960614556e-13
  outer loop
    vertex 3707.691150637521 73.5921197377397 75.04355400782147
    vertex 3699.049204838923 73.59211973773944 75.49936439840776
    vertex 3707.945420433678 73.59211973773951 75.37492485771995
  endloop
endfacet
facet normal 2.0067066834206202e-16 1.0 6.933645960614556e-13
  outer loop
    vertex 3707.945420433678 73.59211973773951 75.37492485771995
    vertex 3699.049204838923 73.59211973773944 75.49936439840776
    vertex 3708.276791283576 73.59211973773932 75.62919465387657
  endloop
endfacet
facet normal 2.0067066834206202e-16 1.0 6.933645960614556e-13
  outer loop
    vertex 3708.276791283576 73.59211973773932 75.62919465387657
    vertex 3699.049204838923 73.59211973773944 75.49936439840776
    vertex 3699.167445381199 73.59211973773859 76.75021867910759
  endloop
endfacet
facet normal 2.0067066834206202e-16 1.0 6.933645960614556e-13
  outer loop
    vertex 3708.276791283576 73.59211973773932 75.62919465387657
    vertex 3699.167445381199 73.59211973773859 76.75021867910759
    vertex 3708.662680811412 73.59211973773924 75.78903532988397
  endloop
endfacet
facet normal 2.0067066834206202e-16 1.0 6.933645960614556e-13
  outer loop
    vertex 3708.662680811412 73.59211973773924 75.78903532988397
    vertex 3699.167445381199 73.59211973773859 76.75021867910759
    vertex 3709.076791283576 73.59211973773915 75.84355400782147
  endloop
endfacet
facet normal 2.0067066834206202e-16 1.0 6.933645960614556e-13
  outer loop
    vertex 3709.076791283576 73.59211973773915 75.84355400782147
    vertex 3699.167445381199 73.59211973773859 76.75021867910759
    vertex 3712.6346289539806 73.59211973773913 75.95175970549779
  endloop
endfacet
facet normal 2.0067066834206202e-16 1.0 6.933645960614556e-13
  outer loop
    vertex 3712.6346289539806 73.59211973773913 75.95175970549779
    vertex 3699.167445381199 73.59211973773859 76.75021867910759
    vertex 3713.293971742511 73.59211973773805 77.54355400782114
  endloop
endfacet
facet normal 2.0067066834206202e-16 1.0 6.933645960614556e-13
  outer loop
    vertex 3713.293971742511 73.59211973773805 77.54355400782114
    vertex 3699.167445381199 73.59211973773859 76.75021867910759
    vertex 3699.3639943929147 73.59211973773775 77.99118029953601
  endloop
endfacet
facet normal 2.0067066834206202e-16 1.0 6.933645960614556e-13
  outer loop
    vertex 3713.293971742511 73.59211973773805 77.54355400782114
    vertex 3699.3639943929147 73.59211973773775 77.99118029953601
    vertex 3714.342834651657 73.5921197377371 78.91045876365234
  endloop
endfacet
facet normal 2.0067066834206202e-16 1.0 6.933645960614556e-13
  outer loop
    vertex 3714.342834651657 73.5921197377371 78.91045876365234
    vertex 3699.3639943929147 73.59211973773775 77.99118029953601
    vertex 3699.6380761849155 73.59211973773692 79.21735175111863
  endloop
endfacet
facet normal 2.0067066834206202e-16 1.0 6.933645960614556e-13
  outer loop
    vertex 3714.342834651657 73.5921197377371 78.91045876365234
    vertex 3699.6380761849155 73.59211973773692 79.21735175111863
    vertex 3715.709739407488 73.5921197377364 79.95932167279842
  endloop
endfacet
facet normal 2.0067066834206202e-16 1.0 6.933645960614556e-13
  outer loop
    vertex 3715.709739407488 73.5921197377364 79.95932167279842
    vertex 3699.6380761849155 73.59211973773692 79.21735175111863
    vertex 3699.9886090815844 73.59211973773608 80.4238938953205
  endloop
endfacet
facet normal 2.0067066834206202e-16 1.0 6.933645960614556e-13
  outer loop
    vertex 3715.709739407488 73.5921197377364 79.95932167279842
    vertex 3699.9886090815844 73.59211973773608 80.4238938953205
    vertex 3717.3015337098113 73.59211973773594 80.61866446132896
  endloop
endfacet
facet normal 2.0067066834206202e-16 1.0 6.933645960614556e-13
  outer loop
    vertex 3717.3015337098113 73.59211973773594 80.61866446132896
    vertex 3699.9886090815844 73.59211973773608 80.4238938953205
    vertex 3700.4142096897226 73.59211973773529 81.6060450615151
  endloop
endfacet
facet normal 2.0067066834206202e-16 1.0 6.933645960614556e-13
  outer loop
    vertex 3717.3015337098113 73.59211973773594 80.61866446132896
    vertex 3700.4142096897226 73.59211973773529 81.6060450615151
    vertex 3719.0097394074883 73.59211973773579 80.84355400782111
  endloop
endfacet
facet normal 2.0067066834206202e-16 1.0 6.933645960614556e-13
  outer loop
    vertex 3712.6346289539806 73.59211973774146 72.53534831014454
    vertex 3709.876791283576 73.59211973774123 72.85791336176638
    vertex 3712.409739407488 73.59211973774028 74.24355400782117
  endloop
endfacet
facet normal 2.0067066834206202e-16 1.0 6.933645960614556e-13
  outer loop
    vertex 3709.876791283576 73.59211973774123 72.85791336176638
    vertex 3712.6346289539806 73.59211973774146 72.53534831014454
    vertex 3709.49090175574 73.59211973774131 72.69807268575897
  endloop
endfacet
facet normal 2.0067066834206202e-16 1.0 6.933645960614556e-13
  outer loop
    vertex 3709.49090175574 73.59211973774131 72.69807268575897
    vertex 3712.6346289539806 73.59211973774146 72.53534831014454
    vertex 3709.076791283576 73.59211973774136 72.64355400782148
  endloop
endfacet
facet normal 2.0067066834206202e-16 1.0 6.933645960614556e-13
  outer loop
    vertex 3709.49090175574 73.59211973774131 72.69807268575897
    vertex 3709.076791283576 73.59211973774136 72.64355400782148
    vertex 3709.2838465196583 73.59211973774131 72.67081334679024
  endloop
endfacet
facet normal 2.0067066834206202e-16 1.0 6.933645960614556e-13
  outer loop
    vertex 3712.409739407488 73.59211973774028 74.24355400782117
    vertex 3709.876791283576 73.59211973774123 72.85791336176638
    vertex 3710.208162133474 73.59211973774104 73.11218315792301
  endloop
endfacet
facet normal 2.0067066834206202e-16 1.0 6.933645960614556e-13
  outer loop
    vertex 3712.409739407488 73.59211973774028 74.24355400782117
    vertex 3710.208162133474 73.59211973774104 73.11218315792301
    vertex 3710.4624319296313 73.59211973774077 73.44355400782148
  endloop
endfacet
facet normal 2.0067066834206202e-16 1.0 6.933645960614556e-13
  outer loop
    vertex 3712.409739407488 73.59211973774028 74.24355400782117
    vertex 3710.4624319296313 73.59211973774077 73.44355400782148
    vertex 3710.622272605638 73.59211973774055 73.82944353565745
  endloop
endfacet
facet normal 2.0067066834206202e-16 1.0 6.933645960614556e-13
  outer loop
    vertex 3712.409739407488 73.59211973774028 74.24355400782117
    vertex 3710.622272605638 73.59211973774055 73.82944353565745
    vertex 3710.6767912835758 73.59211973774023 74.24355400782147
  endloop
endfacet
facet normal 2.0067066834206202e-16 1.0 6.933645960614556e-13
  outer loop
    vertex 3712.409739407488 73.59211973774028 74.24355400782117
    vertex 3710.6767912835758 73.59211973774023 74.24355400782147
    vertex 3712.6346289539806 73.59211973773913 75.95175970549779
  endloop
endfacet
facet normal 2.0067066834206202e-16 1.0 6.933645960614556e-13
  outer loop
    vertex 3712.6346289539806 73.59211973773913 75.95175970549779
    vertex 3710.6767912835758 73.59211973774023 74.24355400782147
    vertex 3710.622272605638 73.59211973773996 74.65766447998551
  endloop
endfacet
facet normal 2.0067066834206202e-16 1.0 6.933645960614556e-13
  outer loop
    vertex 3712.6346289539806 73.59211973773913 75.95175970549779
    vertex 3710.622272605638 73.59211973773996 74.65766447998551
    vertex 3710.4624319296313 73.5921197377397 75.04355400782147
  endloop
endfacet
facet normal 2.0067066834206202e-16 1.0 6.933645960614556e-13
  outer loop
    vertex 3712.6346289539806 73.59211973773913 75.95175970549779
    vertex 3710.4624319296313 73.5921197377397 75.04355400782147
    vertex 3710.208162133474 73.59211973773951 75.37492485771995
  endloop
endfacet
facet normal 2.0067066834206202e-16 1.0 6.933645960614556e-13
  outer loop
    vertex 3712.6346289539806 73.59211973773913 75.95175970549779
    vertex 3710.208162133474 73.59211973773951 75.37492485771995
    vertex 3709.876791283576 73.59211973773932 75.62919465387657
  endloop
endfacet
facet normal 2.0067066834206202e-16 1.0 6.933645960614556e-13
  outer loop
    vertex 3712.6346289539806 73.59211973773913 75.95175970549779
    vertex 3709.876791283576 73.59211973773932 75.62919465387657
    vertex 3709.49090175574 73.59211973773924 75.78903532988397
  endloop
endfacet
facet normal 2.0067066834206202e-16 1.0 6.933645960614556e-13
  outer loop
    vertex 3712.6346289539806 73.59211973773913 75.95175970549779
    vertex 3709.49090175574 73.59211973773924 75.78903532988397
    vertex 3709.2838465196583 73.5921197377392 75.81629466885272
  endloop
endfacet
facet normal 2.0067066834206202e-16 1.0 6.933645960614556e-13
  outer loop
    vertex 3712.6346289539806 73.59211973773913 75.95175970549779
    vertex 3709.2838465196583 73.5921197377392 75.81629466885272
    vertex 3709.076791283576 73.59211973773915 75.84355400782147
  endloop
endfacet
facet normal 2.0067066834206202e-16 1.0 6.933645960614556e-13
  outer loop
    vertex 3739.0097394074887 73.59211973778046 17.24355400781805
    vertex 3719.8097394074885 73.59211973774991 62.92496523785535
    vertex 3739.0097394074887 73.59211973774026 74.24355400782146
  endloop
endfacet
facet normal 2.0067066834206202e-16 1.0 6.933645960614556e-13
  outer loop
    vertex 3719.8097394074885 73.59211973774991 62.92496523785535
    vertex 3739.0097394074887 73.59211973778046 17.24355400781805
    vertex 3719.423849879652 73.59211973775007 62.76512456184795
  endloop
endfacet
facet normal 2.0067066834206202e-16 1.0 6.933645960614556e-13
  outer loop
    vertex 3719.423849879652 73.59211973775007 62.76512456184795
    vertex 3739.0097394074887 73.59211973778046 17.24355400781805
    vertex 3719.0097394074883 73.59211973775011 62.71060588391045
  endloop
endfacet
facet normal 2.0067066834206202e-16 1.0 6.933645960614556e-13
  outer loop
    vertex 3739.0097394074887 73.59211973774026 74.24355400782146
    vertex 3719.8097394074885 73.59211973774991 62.92496523785535
    vertex 3720.1411102573866 73.59211973774968 63.17923503401198
  endloop
endfacet
facet normal 2.0067066834206202e-16 1.0 6.933645960614556e-13
  outer loop
    vertex 3739.0097394074887 73.59211973774026 74.24355400782146
    vertex 3720.1411102573866 73.59211973774968 63.17923503401198
    vertex 3720.395380053543 73.59211973774937 63.51060588391045
  endloop
endfacet
facet normal 2.0067066834206202e-16 1.0 6.933645960614556e-13
  outer loop
    vertex 3739.0097394074887 73.59211973774026 74.24355400782146
    vertex 3720.395380053543 73.59211973774937 63.51060588391045
    vertex 3720.555220729551 73.592119737749 63.89649541174642
  endloop
endfacet
facet normal 2.0067066834206202e-16 1.0 6.933645960614556e-13
  outer loop
    vertex 3739.0097394074887 73.59211973774026 74.24355400782146
    vertex 3720.555220729551 73.592119737749 63.89649541174642
    vertex 3720.6097394074886 73.59211973774862 64.31060588391045
  endloop
endfacet
facet normal 2.0067066834206202e-16 1.0 6.933645960614556e-13
  outer loop
    vertex 3739.0097394074887 73.59211973774026 74.24355400782146
    vertex 3720.6097394074886 73.59211973774862 64.31060588391045
    vertex 3720.5824800685195 73.59211973774846 64.51766111999247
  endloop
endfacet
facet normal 2.0067066834206202e-16 1.0 6.933645960614556e-13
  outer loop
    vertex 3739.0097394074887 73.59211973774026 74.24355400782146
    vertex 3720.5824800685195 73.59211973774846 64.51766111999247
    vertex 3720.555220729551 73.59211973774826 64.72471635607448
  endloop
endfacet
facet normal 2.0067066834206202e-16 1.0 6.933645960614556e-13
  outer loop
    vertex 3739.0097394074887 73.59211973774026 74.24355400782146
    vertex 3720.555220729551 73.59211973774826 64.72471635607448
    vertex 3720.395380053543 73.59211973774791 65.11060588391045
  endloop
endfacet
facet normal 2.0067066834206202e-16 1.0 6.933645960614556e-13
  outer loop
    vertex 3739.0097394074887 73.59211973774026 74.24355400782146
    vertex 3720.395380053543 73.59211973774791 65.11060588391045
    vertex 3720.1411102573866 73.59211973774761 65.44197673380891
  endloop
endfacet
facet normal 2.0067066834206202e-16 1.0 6.933645960614556e-13
  outer loop
    vertex 3739.0097394074887 73.59211973774026 74.24355400782146
    vertex 3720.1411102573866 73.59211973774761 65.44197673380891
    vertex 3719.809739407488 73.59211973774738 65.69624652996555
  endloop
endfacet
facet normal 2.0067066834206202e-16 1.0 6.933645960614556e-13
  outer loop
    vertex 3739.0097394074887 73.59211973774026 74.24355400782146
    vertex 3719.809739407488 73.59211973774738 65.69624652996555
    vertex 3719.423849879652 73.59211973774723 65.85608720597295
  endloop
endfacet
facet normal 2.0067066834206202e-16 1.0 6.933645960614556e-13
  outer loop
    vertex 3739.0097394074887 73.59211973774026 74.24355400782146
    vertex 3719.423849879652 73.59211973774723 65.85608720597295
    vertex 3719.0097394074883 73.59211973774718 65.91060588391045
  endloop
endfacet
facet normal 2.0067066834206202e-16 1.0 6.933645960614556e-13
  outer loop
    vertex 3739.0097394074887 73.59211973774026 74.24355400782146
    vertex 3719.0097394074883 73.59211973774718 65.91060588391045
    vertex 3720.7179451051647 73.59211973774464 67.86844355431337
  endloop
endfacet
facet normal 2.0067066834206202e-16 1.0 6.933645960614556e-13
  outer loop
    vertex 3720.7179451051647 73.59211973774464 67.86844355431337
    vertex 3719.0097394074883 73.59211973774718 65.91060588391045
    vertex 3719.0097394074883 73.59211973774477 67.64355400782122
  endloop
endfacet
facet normal 2.0067066834206202e-16 1.0 6.933645960614556e-13
  outer loop
    vertex 3739.0097394074887 73.59211973774026 74.24355400782146
    vertex 3720.7179451051647 73.59211973774464 67.86844355431337
    vertex 3722.309739407488 73.59211973774418 68.52778634284392
  endloop
endfacet
facet normal 2.0067066834206202e-16 1.0 6.933645960614556e-13
  outer loop
    vertex 3739.0097394074887 73.59211973774026 74.24355400782146
    vertex 3722.309739407488 73.59211973774418 68.52778634284392
    vertex 3723.676644163319 73.59211973774346 69.57664925199
  endloop
endfacet
facet normal 2.0067066834206202e-16 1.0 6.933645960614556e-13
  outer loop
    vertex 3739.0097394074887 73.59211973774026 74.24355400782146
    vertex 3723.676644163319 73.59211973774346 69.57664925199
    vertex 3724.725507072465 73.59211973774254 70.9435540078212
  endloop
endfacet
facet normal 2.0067066834206202e-16 1.0 6.933645960614556e-13
  outer loop
    vertex 3739.0097394074887 73.59211973774026 74.24355400782146
    vertex 3724.725507072465 73.59211973774254 70.9435540078212
    vertex 3729.356798003564 73.59211973774133 72.69807268575896
  endloop
endfacet
facet normal 2.0067066834206202e-16 1.0 6.933645960614556e-13
  outer loop
    vertex 3729.356798003564 73.59211973774133 72.69807268575896
    vertex 3724.725507072465 73.59211973774254 70.9435540078212
    vertex 3728.9426875314 73.59211973774137 72.64355400782146
  endloop
endfacet
facet normal 2.0067066834206202e-16 1.0 6.933645960614556e-13
  outer loop
    vertex 3728.9426875314 73.59211973774137 72.64355400782146
    vertex 3724.725507072465 73.59211973774254 70.9435540078212
    vertex 3725.384849860996 73.59211973774146 72.53534831014454
  endloop
endfacet
facet normal 2.0067066834206202e-16 1.0 6.933645960614556e-13
  outer loop
    vertex 3739.0097394074887 73.59211973774026 74.24355400782146
    vertex 3729.356798003564 73.59211973774133 72.69807268575896
    vertex 3729.7426875314 73.59211973774121 72.85791336176636
  endloop
endfacet
facet normal 2.0067066834206202e-16 1.0 6.933645960614556e-13
  outer loop
    vertex 3739.0097394074887 73.59211973774026 74.24355400782146
    vertex 3729.7426875314 73.59211973774121 72.85791336176636
    vertex 3730.074058381298 73.59211973774103 73.112183157923
  endloop
endfacet
facet normal 2.0067066834206202e-16 1.0 6.933645960614556e-13
  outer loop
    vertex 3739.0097394074887 73.59211973774026 74.24355400782146
    vertex 3730.074058381298 73.59211973774103 73.112183157923
    vertex 3730.328328177455 73.5921197377408 73.44355400782146
  endloop
endfacet
facet normal 2.0067066834206202e-16 1.0 6.933645960614556e-13
  outer loop
    vertex 3739.0097394074887 73.59211973774026 74.24355400782146
    vertex 3730.328328177455 73.5921197377408 73.44355400782146
    vertex 3730.488168853462 73.59211973774056 73.82944353565743
  endloop
endfacet
facet normal 2.0067066834206202e-16 1.0 6.933645960614556e-13
  outer loop
    vertex 3739.0097394074887 73.59211973774026 74.24355400782146
    vertex 3730.488168853462 73.59211973774056 73.82944353565743
    vertex 3730.5426875313997 73.59211973774026 74.24355400782146
  endloop
endfacet
facet normal 2.0067066834206202e-16 1.0 6.933645960614556e-13
  outer loop
    vertex 3739.0097394074887 73.59211973774026 74.24355400782146
    vertex 3730.5426875313997 73.59211973774026 74.24355400782146
    vertex 3730.488168853462 73.59211973773999 74.6576644799855
  endloop
endfacet
facet normal 2.0067066834206202e-16 1.0 6.933645960614556e-13
  outer loop
    vertex 3739.0097394074887 73.59211973774026 74.24355400782146
    vertex 3730.488168853462 73.59211973773999 74.6576644799855
    vertex 3738.9702739760537 73.59211973773944 75.49936439840776
  endloop
endfacet
facet normal 2.0067066834206202e-16 1.0 6.933645960614556e-13
  outer loop
    vertex 3738.9702739760537 73.59211973773944 75.49936439840776
    vertex 3730.488168853462 73.59211973773999 74.6576644799855
    vertex 3730.328328177455 73.59211973773972 75.04355400782147
  endloop
endfacet
facet normal 2.0067066834206202e-16 1.0 6.933645960614556e-13
  outer loop
    vertex 3738.9702739760537 73.59211973773944 75.49936439840776
    vertex 3730.328328177455 73.59211973773972 75.04355400782147
    vertex 3730.074058381298 73.5921197377395 75.37492485771993
  endloop
endfacet
facet normal 2.0067066834206202e-16 1.0 6.933645960614556e-13
  outer loop
    vertex 3738.9702739760537 73.59211973773944 75.49936439840776
    vertex 3730.074058381298 73.5921197377395 75.37492485771993
    vertex 3729.7426875314 73.59211973773932 75.62919465387657
  endloop
endfacet
facet normal 2.0067066834206202e-16 1.0 6.933645960614556e-13
  outer loop
    vertex 3738.9702739760537 73.59211973773944 75.49936439840776
    vertex 3729.7426875314 73.59211973773932 75.62919465387657
    vertex 3738.8520334337773 73.59211973773859 76.75021867910759
  endloop
endfacet
facet normal 2.0067066834206202e-16 1.0 6.933645960614556e-13
  outer loop
    vertex 3738.8520334337773 73.59211973773859 76.75021867910759
    vertex 3729.7426875314 73.59211973773932 75.62919465387657
    vertex 3729.356798003564 73.59211973773922 75.78903532988397
  endloop
endfacet
facet normal 2.0067066834206202e-16 1.0 6.933645960614556e-13
  outer loop
    vertex 3738.8520334337773 73.59211973773859 76.75021867910759
    vertex 3729.356798003564 73.59211973773922 75.78903532988397
    vertex 3728.9426875314 73.59211973773918 75.84355400782147
  endloop
endfacet
facet normal 2.0067066834206202e-16 1.0 6.933645960614556e-13
  outer loop
    vertex 3738.8520334337773 73.59211973773859 76.75021867910759
    vertex 3728.9426875314 73.59211973773918 75.84355400782147
    vertex 3725.384849860996 73.59211973773913 75.9517597054978
  endloop
endfacet
facet normal 2.0067066834206202e-16 1.0 6.933645960614556e-13
  outer loop
    vertex 3738.8520334337773 73.59211973773859 76.75021867910759
    vertex 3725.384849860996 73.59211973773913 75.9517597054978
    vertex 3724.725507072465 73.59211973773805 77.54355400782116
  endloop
endfacet
facet normal 2.0067066834206202e-16 1.0 6.933645960614556e-13
  outer loop
    vertex 3738.8520334337773 73.59211973773859 76.75021867910759
    vertex 3724.725507072465 73.59211973773805 77.54355400782116
    vertex 3738.655484422062 73.59211973773775 77.99118029953601
  endloop
endfacet
facet normal 2.0067066834206202e-16 1.0 6.933645960614556e-13
  outer loop
    vertex 3738.655484422062 73.59211973773775 77.99118029953601
    vertex 3724.725507072465 73.59211973773805 77.54355400782116
    vertex 3723.676644163319 73.5921197377371 78.91045876365236
  endloop
endfacet
facet normal 2.0067066834206202e-16 1.0 6.933645960614556e-13
  outer loop
    vertex 3738.655484422062 73.59211973773775 77.99118029953601
    vertex 3723.676644163319 73.5921197377371 78.91045876365236
    vertex 3738.3814026300606 73.59211973773692 79.21735175111863
  endloop
endfacet
facet normal 2.0067066834206202e-16 1.0 6.933645960614556e-13
  outer loop
    vertex 3738.3814026300606 73.59211973773692 79.21735175111863
    vertex 3723.676644163319 73.5921197377371 78.91045876365236
    vertex 3722.309739407488 73.5921197377364 79.95932167279842
  endloop
endfacet
facet normal 2.0067066834206202e-16 1.0 6.933645960614556e-13
  outer loop
    vertex 3738.3814026300606 73.59211973773692 79.21735175111863
    vertex 3722.309739407488 73.5921197377364 79.95932167279842
    vertex 3738.0308697333917 73.59211973773608 80.42389389532048
  endloop
endfacet
facet normal 2.0067066834206202e-16 1.0 6.933645960614556e-13
  outer loop
    vertex 3738.0308697333917 73.59211973773608 80.42389389532048
    vertex 3722.309739407488 73.5921197377364 79.95932167279842
    vertex 3720.7179451051647 73.59211973773594 80.61866446132896
  endloop
endfacet
facet normal 2.0067066834206202e-16 1.0 6.933645960614556e-13
  outer loop
    vertex 3738.0308697333917 73.59211973773608 80.42389389532048
    vertex 3720.7179451051647 73.59211973773594 80.61866446132896
    vertex 3737.6052691252535 73.59211973773529 81.6060450615151
  endloop
endfacet
facet normal 2.0067066834206202e-16 1.0 6.933645960614556e-13
  outer loop
    vertex 3737.6052691252535 73.59211973773529 81.6060450615151
    vertex 3720.7179451051647 73.59211973773594 80.61866446132896
    vertex 3719.0097394074883 73.59211973773579 80.84355400782111
  endloop
endfacet
facet normal 2.0067066834206202e-16 1.0 6.933645960614556e-13
  outer loop
    vertex 3737.6052691252535 73.59211973773529 81.6060450615151
    vertex 3719.0097394074883 73.59211973773579 80.84355400782111
    vertex 3700.4142096897226 73.59211973773529 81.6060450615151
  endloop
endfacet
facet normal 2.0067066834206202e-16 1.0 6.933645960614556e-13
  outer loop
    vertex 3737.6052691252535 73.59211973773529 81.6060450615151
    vertex 3700.4142096897226 73.59211973773529 81.6060450615151
    vertex 3700.9131983581674 73.5921197377345 82.75913983912301
  endloop
endfacet
facet normal 2.0067066834206202e-16 1.0 6.933645960614556e-13
  outer loop
    vertex 3737.6052691252535 73.59211973773529 81.6060450615151
    vertex 3700.9131983581674 73.5921197377345 82.75913983912301
    vertex 3719.0097394074883 73.59211973773466 82.57650213173352
  endloop
endfacet
facet normal 2.0067066834206202e-16 1.0 6.933645960614556e-13
  outer loop
    vertex 3719.0097394074883 73.59211973773466 82.57650213173352
    vertex 3700.9131983581674 73.5921197377345 82.75913983912301
    vertex 3718.595628935324 73.59211973773463 82.63102080967101
  endloop
endfacet
facet normal 2.0067066834206202e-16 1.0 6.933645960614556e-13
  outer loop
    vertex 3718.595628935324 73.59211973773463 82.63102080967101
    vertex 3700.9131983581674 73.5921197377345 82.75913983912301
    vertex 3718.209739407488 73.59211973773452 82.79086148567842
  endloop
endfacet
facet normal 2.0067066834206202e-16 1.0 6.933645960614556e-13
  outer loop
    vertex 3718.209739407488 73.59211973773452 82.79086148567842
    vertex 3700.9131983581674 73.5921197377345 82.75913983912301
    vertex 3701.4836058066107 73.59211973773374 83.87862748985589
  endloop
endfacet
facet normal 2.0067066834206202e-16 1.0 6.933645960614556e-13
  outer loop
    vertex 3718.209739407488 73.59211973773452 82.79086148567842
    vertex 3701.4836058066107 73.59211973773374 83.87862748985589
    vertex 3717.8783685575895 73.59211973773435 83.04513128183504
  endloop
endfacet
facet normal 2.0067066834206202e-16 1.0 6.933645960614556e-13
  outer loop
    vertex 3717.8783685575895 73.59211973773435 83.04513128183504
    vertex 3701.4836058066107 73.59211973773374 83.87862748985589
    vertex 3717.6240987614333 73.59211973773412 83.37650213173352
  endloop
endfacet
facet normal 2.0067066834206202e-16 1.0 6.933645960614556e-13
  outer loop
    vertex 3717.6240987614333 73.59211973773412 83.37650213173352
    vertex 3701.4836058066107 73.59211973773374 83.87862748985589
    vertex 3717.464258085425 73.59211973773387 83.76239165956949
  endloop
endfacet
facet normal 2.0067066834206202e-16 1.0 6.933645960614556e-13
  outer loop
    vertex 3717.464258085425 73.59211973773387 83.76239165956949
    vertex 3701.4836058066107 73.59211973773374 83.87862748985589
    vertex 3717.4369987464565 73.59211973773374 83.9694468956515
  endloop
endfacet
facet normal 2.0067066834206202e-16 1.0 6.933645960614556e-13
  outer loop
    vertex 3717.4369987464565 73.59211973773374 83.9694468956515
    vertex 3701.4836058066107 73.59211973773374 83.87862748985589
    vertex 3702.1231808974476 73.59211973773301 84.96008990740151
  endloop
endfacet
facet normal 2.0067066834206202e-16 1.0 6.933645960614556e-13
  outer loop
    vertex 3717.4369987464565 73.59211973773374 83.9694468956515
    vertex 3702.1231808974476 73.59211973773301 84.96008990740151
    vertex 3717.409739407488 73.59211973773358 84.17650213173351
  endloop
endfacet
facet normal 2.0067066834206202e-16 1.0 6.933645960614556e-13
  outer loop
    vertex 3717.409739407488 73.59211973773358 84.17650213173351
    vertex 3702.1231808974476 73.59211973773301 84.96008990740151
    vertex 3717.464258085425 73.59211973773331 84.59061260389755
  endloop
endfacet
facet normal 2.0067066834206202e-16 1.0 6.933645960614556e-13
  outer loop
    vertex 3717.464258085425 73.59211973773331 84.59061260389755
    vertex 3702.1231808974476 73.59211973773301 84.96008990740151
    vertex 3717.6240987614333 73.59211973773304 84.97650213173351
  endloop
endfacet
facet normal 2.0067066834206202e-16 1.0 6.933645960614556e-13
  outer loop
    vertex 3717.6240987614333 73.59211973773304 84.97650213173351
    vertex 3702.1231808974476 73.59211973773301 84.96008990740151
    vertex 3702.8293995199892 73.59211973773229 85.99925905367105
  endloop
endfacet
facet normal 2.0067066834206202e-16 1.0 6.933645960614556e-13
  outer loop
    vertex 3717.6240987614333 73.59211973773304 84.97650213173351
    vertex 3702.8293995199892 73.59211973773229 85.99925905367105
    vertex 3717.8783685575895 73.59211973773282 85.30787298163199
  endloop
endfacet
facet normal 2.0067066834206202e-16 1.0 6.933645960614556e-13
  outer loop
    vertex 3717.8783685575895 73.59211973773282 85.30787298163199
    vertex 3702.8293995199892 73.59211973773229 85.99925905367105
    vertex 3718.2097394074876 73.59211973773266 85.56214277778861
  endloop
endfacet
facet normal 2.0067066834206202e-16 1.0 6.933645960614556e-13
  outer loop
    vertex 3718.2097394074876 73.59211973773266 85.56214277778861
    vertex 3702.8293995199892 73.59211973773229 85.99925905367105
    vertex 3718.595628935324 73.59211973773255 85.72198345379601
  endloop
endfacet
facet normal 2.0067066834206202e-16 1.0 6.933645960614556e-13
  outer loop
    vertex 3718.595628935324 73.59211973773255 85.72198345379601
    vertex 3702.8293995199892 73.59211973773229 85.99925905367105
    vertex 3719.0097394074883 73.59211973773249 85.77650213173351
  endloop
endfacet
facet normal 2.0067066834206202e-16 1.0 6.933645960614556e-13
  outer loop
    vertex 3719.0097394074883 73.59211973773249 85.77650213173351
    vertex 3702.8293995199892 73.59211973773229 85.99925905367105
    vertex 3735.190079294987 73.59211973773229 85.99925905367103
  endloop
endfacet
facet normal 2.0067066834206202e-16 1.0 6.933645960614556e-13
  outer loop
    vertex 3735.190079294987 73.59211973773229 85.99925905367103
    vertex 3702.8293995199892 73.59211973773229 85.99925905367105
    vertex 3734.420004263004 73.59211973773162 86.99203380279538
  endloop
endfacet
facet normal 2.0067066834206202e-16 1.0 6.933645960614556e-13
  outer loop
    vertex 3734.420004263004 73.59211973773162 86.99203380279538
    vertex 3702.8293995199892 73.59211973773229 85.99925905367105
    vertex 3703.599474551972 73.59211973773162 86.99203380279538
  endloop
endfacet
facet normal 2.0067066834206202e-16 1.0 6.933645960614556e-13
  outer loop
    vertex 3734.420004263004 73.59211973773162 86.99203380279538
    vertex 3703.599474551972 73.59211973773162 86.99203380279538
    vertex 3704.4303668590596 73.59211973773098 87.93449612639536
  endloop
endfacet
facet normal 2.0067066834206202e-16 1.0 6.933645960614556e-13
  outer loop
    vertex 3734.420004263004 73.59211973773162 86.99203380279538
    vertex 3704.4303668590596 73.59211973773098 87.93449612639536
    vertex 3733.5891119559165 73.59211973773098 87.93449612639536
  endloop
endfacet
facet normal 2.0067066834206202e-16 1.0 6.933645960614556e-13
  outer loop
    vertex 3733.5891119559165 73.59211973773098 87.93449612639536
    vertex 3704.4303668590596 73.59211973773098 87.93449612639536
    vertex 3705.3187972889145 73.59211973773037 88.82292655624983
  endloop
endfacet
facet normal 2.0067066834206202e-16 1.0 6.933645960614556e-13
  outer loop
    vertex 3733.5891119559165 73.59211973773098 87.93449612639536
    vertex 3705.3187972889145 73.59211973773037 88.82292655624983
    vertex 3732.700681526062 73.59211973773037 88.82292655624983
  endloop
endfacet
facet normal 2.0067066834206202e-16 1.0 6.933645960614556e-13
  outer loop
    vertex 3732.700681526062 73.59211973773037 88.82292655624983
    vertex 3705.3187972889145 73.59211973773037 88.82292655624983
    vertex 3706.261259612514 73.59211973772982 89.65381886333739
  endloop
endfacet
facet normal 2.0067066834206202e-16 1.0 6.933645960614556e-13
  outer loop
    vertex 3732.700681526062 73.59211973773037 88.82292655624983
    vertex 3706.261259612514 73.59211973772982 89.65381886333739
    vertex 3731.758219202462 73.59211973772982 89.65381886333738
  endloop
endfacet
facet normal 2.0067066834206202e-16 1.0 6.933645960614556e-13
  outer loop
    vertex 3731.758219202462 73.59211973772982 89.65381886333738
    vertex 3706.261259612514 73.59211973772982 89.65381886333739
    vertex 3730.7654444533378 73.59211973772929 90.42389389532055
  endloop
endfacet
facet normal 2.0067066834206202e-16 1.0 6.933645960614556e-13
  outer loop
    vertex 3730.7654444533378 73.59211973772929 90.42389389532055
    vertex 3706.261259612514 73.59211973772982 89.65381886333739
    vertex 3707.2540343616383 73.59211973772929 90.42389389532055
  endloop
endfacet
facet normal 2.0067066834206202e-16 1.0 6.933645960614556e-13
  outer loop
    vertex 3730.7654444533378 73.59211973772929 90.42389389532055
    vertex 3707.2540343616383 73.59211973772929 90.42389389532055
    vertex 3708.2932035079084 73.5921197377288 91.13011251786192
  endloop
endfacet
facet normal 2.0067066834206202e-16 1.0 6.933645960614556e-13
  outer loop
    vertex 3730.7654444533378 73.59211973772929 90.42389389532055
    vertex 3708.2932035079084 73.5921197377288 91.13011251786192
    vertex 3729.726275307068 73.5921197377288 91.13011251786192
  endloop
endfacet
facet normal 2.0067066834206202e-16 1.0 6.933645960614556e-13
  outer loop
    vertex 3729.726275307068 73.5921197377288 91.13011251786192
    vertex 3708.2932035079084 73.5921197377288 91.13011251786192
    vertex 3709.3746659254534 73.59211973772837 91.76968760869889
  endloop
endfacet
facet normal 2.0067066834206202e-16 1.0 6.933645960614556e-13
  outer loop
    vertex 3729.726275307068 73.5921197377288 91.13011251786192
    vertex 3709.3746659254534 73.59211973772837 91.76968760869889
    vertex 3728.6448128895227 73.59211973772837 91.76968760869889
  endloop
endfacet
facet normal 2.0067066834206202e-16 1.0 6.933645960614556e-13
  outer loop
    vertex 3728.6448128895227 73.59211973772837 91.76968760869889
    vertex 3709.3746659254534 73.59211973772837 91.76968760869889
    vertex 3710.4941535761873 73.59211973772798 92.34009505714202
  endloop
endfacet
facet normal 2.0067066834206202e-16 1.0 6.933645960614556e-13
  outer loop
    vertex 3728.6448128895227 73.59211973772837 91.76968760869889
    vertex 3710.4941535761873 73.59211973772798 92.34009505714202
    vertex 3727.5253252387893 73.59211973772798 92.34009505714202
  endloop
endfacet
facet normal 2.0067066834206202e-16 1.0 6.933645960614556e-13
  outer loop
    vertex 3727.5253252387893 73.59211973772798 92.34009505714202
    vertex 3710.4941535761873 73.59211973772798 92.34009505714202
    vertex 3711.647248353794 73.59211973772764 92.83908372558665
  endloop
endfacet
facet normal 2.0067066834206202e-16 1.0 6.933645960614556e-13
  outer loop
    vertex 3727.5253252387893 73.59211973772798 92.34009505714202
    vertex 3711.647248353794 73.59211973772764 92.83908372558665
    vertex 3726.372230461182 73.59211973772764 92.83908372558665
  endloop
endfacet
facet normal 2.0067066834206202e-16 1.0 6.933645960614556e-13
  outer loop
    vertex 3726.372230461182 73.59211973772764 92.83908372558665
    vertex 3711.647248353794 73.59211973772764 92.83908372558665
    vertex 3712.829399519989 73.59211973772734 93.26468433372469
  endloop
endfacet
facet normal 2.0067066834206202e-16 1.0 6.933645960614556e-13
  outer loop
    vertex 3726.372230461182 73.59211973772764 92.83908372558665
    vertex 3712.829399519989 73.59211973772734 93.26468433372469
    vertex 3725.1900792949873 73.59211973772734 93.26468433372469
  endloop
endfacet
facet normal 2.0067066834206202e-16 1.0 6.933645960614556e-13
  outer loop
    vertex 3725.1900792949873 73.59211973772734 93.26468433372469
    vertex 3712.829399519989 73.59211973772734 93.26468433372469
    vertex 3714.0359416641904 73.59211973772713 93.61521723039426
  endloop
endfacet
facet normal 2.0067066834206202e-16 1.0 6.933645960614556e-13
  outer loop
    vertex 3725.1900792949873 73.59211973772734 93.26468433372469
    vertex 3714.0359416641904 73.59211973772713 93.61521723039426
    vertex 3723.9835371507857 73.59211973772713 93.61521723039426
  endloop
endfacet
facet normal 2.0067066834206202e-16 1.0 6.933645960614556e-13
  outer loop
    vertex 3723.9835371507857 73.59211973772713 93.61521723039426
    vertex 3714.0359416641904 73.59211973772713 93.61521723039426
    vertex 3715.262113115774 73.59211973772692 93.88929902239542
  endloop
endfacet
facet normal 2.0067066834206202e-16 1.0 6.933645960614556e-13
  outer loop
    vertex 3723.9835371507857 73.59211973772713 93.61521723039426
    vertex 3715.262113115774 73.59211973772692 93.88929902239542
    vertex 3722.757365699202 73.59211973772692 93.88929902239542
  endloop
endfacet
facet normal 2.0067066834206202e-16 1.0 6.933645960614556e-13
  outer loop
    vertex 3722.757365699202 73.59211973772692 93.88929902239542
    vertex 3715.262113115774 73.59211973772692 93.88929902239542
    vertex 3716.503074736202 73.59211973772679 94.0858480341112
  endloop
endfacet
facet normal 2.0067066834206202e-16 1.0 6.933645960614556e-13
  outer loop
    vertex 3722.757365699202 73.59211973772692 93.88929902239542
    vertex 3716.503074736202 73.59211973772679 94.0858480341112
    vertex 3721.516404078774 73.59211973772679 94.0858480341112
  endloop
endfacet
facet normal 2.0067066834206202e-16 1.0 6.933645960614556e-13
  outer loop
    vertex 3721.516404078774 73.59211973772679 94.0858480341112
    vertex 3716.503074736202 73.59211973772679 94.0858480341112
    vertex 3717.753929016902 73.59211973772672 94.20408857638705
  endloop
endfacet
facet normal 2.0067066834206202e-16 1.0 6.933645960614556e-13
  outer loop
    vertex 3721.516404078774 73.59211973772679 94.0858480341112
    vertex 3717.753929016902 73.59211973772672 94.20408857638705
    vertex 3720.265549798074 73.59211973772672 94.20408857638705
  endloop
endfacet
facet normal 2.0067066834206202e-16 1.0 6.933645960614556e-13
  outer loop
    vertex 3720.265549798074 73.59211973772672 94.20408857638705
    vertex 3717.753929016902 73.59211973772672 94.20408857638705
    vertex 3719.0097394074883 73.59211973772669 94.24355400782163
  endloop
endfacet
facet normal 2.0067066834206202e-16 1.0 6.933645960614556e-13
  outer loop
    vertex 3719.0097394074883 73.59211973773466 82.57650213173352
    vertex 3737.1062804568087 73.5921197377345 82.75913983912301
    vertex 3737.6052691252535 73.59211973773529 81.6060450615151
  endloop
endfacet
facet normal 2.0067066834206202e-16 1.0 6.933645960614556e-13
  outer loop
    vertex 3737.1062804568087 73.5921197377345 82.75913983912301
    vertex 3719.0097394074883 73.59211973773466 82.57650213173352
    vertex 3719.423849879652 73.59211973773463 82.63102080967101
  endloop
endfacet
facet normal 2.0067066834206202e-16 1.0 6.933645960614556e-13
  outer loop
    vertex 3737.1062804568087 73.5921197377345 82.75913983912301
    vertex 3719.423849879652 73.59211973773463 82.63102080967101
    vertex 3719.8097394074885 73.59211973773452 82.79086148567842
  endloop
endfacet
facet normal 2.0067066834206202e-16 1.0 6.933645960614556e-13
  outer loop
    vertex 3737.1062804568087 73.5921197377345 82.75913983912301
    vertex 3719.8097394074885 73.59211973773452 82.79086148567842
    vertex 3736.535873008366 73.59211973773374 83.87862748985586
  endloop
endfacet
facet normal 2.0067066834206202e-16 1.0 6.933645960614556e-13
  outer loop
    vertex 3736.535873008366 73.59211973773374 83.87862748985586
    vertex 3719.8097394074885 73.59211973773452 82.79086148567842
    vertex 3720.1411102573866 73.59211973773435 83.04513128183504
  endloop
endfacet
facet normal 2.0067066834206202e-16 1.0 6.933645960614556e-13
  outer loop
    vertex 3736.535873008366 73.59211973773374 83.87862748985586
    vertex 3720.1411102573866 73.59211973773435 83.04513128183504
    vertex 3720.395380053543 73.59211973773412 83.37650213173352
  endloop
endfacet
facet normal 2.0067066834206202e-16 1.0 6.933645960614556e-13
  outer loop
    vertex 3736.535873008366 73.59211973773374 83.87862748985586
    vertex 3720.395380053543 73.59211973773412 83.37650213173352
    vertex 3720.555220729551 73.59211973773387 83.76239165956949
  endloop
endfacet
facet normal 2.0067066834206202e-16 1.0 6.933645960614556e-13
  outer loop
    vertex 3736.535873008366 73.59211973773374 83.87862748985586
    vertex 3720.555220729551 73.59211973773387 83.76239165956949
    vertex 3720.5824800685195 73.59211973773371 83.96944689565152
  endloop
endfacet
facet normal 2.0067066834206202e-16 1.0 6.933645960614556e-13
  outer loop
    vertex 3736.535873008366 73.59211973773374 83.87862748985586
    vertex 3720.5824800685195 73.59211973773371 83.96944689565152
    vertex 3735.8962979175285 73.59211973773301 84.96008990740151
  endloop
endfacet
facet normal 2.0067066834206202e-16 1.0 6.933645960614556e-13
  outer loop
    vertex 3735.8962979175285 73.59211973773301 84.96008990740151
    vertex 3720.5824800685195 73.59211973773371 83.96944689565152
    vertex 3720.6097394074886 73.59211973773358 84.17650213173351
  endloop
endfacet
facet normal 2.0067066834206202e-16 1.0 6.933645960614556e-13
  outer loop
    vertex 3735.8962979175285 73.59211973773301 84.96008990740151
    vertex 3720.6097394074886 73.59211973773358 84.17650213173351
    vertex 3720.555220729551 73.59211973773331 84.59061260389755
  endloop
endfacet
facet normal 2.0067066834206202e-16 1.0 6.933645960614556e-13
  outer loop
    vertex 3735.8962979175285 73.59211973773301 84.96008990740151
    vertex 3720.555220729551 73.59211973773331 84.59061260389755
    vertex 3720.395380053543 73.59211973773304 84.97650213173351
  endloop
endfacet
facet normal 2.0067066834206202e-16 1.0 6.933645960614556e-13
  outer loop
    vertex 3735.8962979175285 73.59211973773301 84.96008990740151
    vertex 3720.395380053543 73.59211973773304 84.97650213173351
    vertex 3735.190079294987 73.59211973773229 85.99925905367103
  endloop
endfacet
facet normal 2.0067066834206202e-16 1.0 6.933645960614556e-13
  outer loop
    vertex 3735.190079294987 73.59211973773229 85.99925905367103
    vertex 3720.395380053543 73.59211973773304 84.97650213173351
    vertex 3720.1411102573866 73.59211973773282 85.30787298163199
  endloop
endfacet
facet normal 2.0067066834206202e-16 1.0 6.933645960614556e-13
  outer loop
    vertex 3735.190079294987 73.59211973773229 85.99925905367103
    vertex 3720.1411102573866 73.59211973773282 85.30787298163199
    vertex 3719.809739407488 73.59211973773266 85.56214277778861
  endloop
endfacet
facet normal 2.0067066834206202e-16 1.0 6.933645960614556e-13
  outer loop
    vertex 3735.190079294987 73.59211973773229 85.99925905367103
    vertex 3719.809739407488 73.59211973773266 85.56214277778861
    vertex 3719.423849879652 73.59211973773255 85.72198345379601
  endloop
endfacet
facet normal 2.0067066834206202e-16 1.0 6.933645960614556e-13
  outer loop
    vertex 3735.190079294987 73.59211973773229 85.99925905367103
    vertex 3719.423849879652 73.59211973773255 85.72198345379601
    vertex 3719.0097394074883 73.59211973773249 85.77650213173351
  endloop
endfacet
facet normal 0.1305261922200027 -6.749016334988659e-13 0.9914448613738169
  outer loop
    vertex 3728.7356322953183 69.59211973774138 72.67081334678753
    vertex 3728.528577059236 73.59211973774133 72.69807268575896
    vertex 3728.528577059236 69.59211973774136 72.69807268575626
  endloop
endfacet
facet normal 0.1305261922200027 -6.749016334988659e-13 0.9914448613738169
  outer loop
    vertex 3728.528577059236 73.59211973774133 72.69807268575896
    vertex 3728.7356322953183 69.59211973774138 72.67081334678753
    vertex 3728.7356322953183 73.59211973774136 72.67081334679023
  endloop
endfacet
facet normal 0.13052619222010886 -6.749016334988564e-13 0.9914448613738028
  outer loop
    vertex 3728.9426875314 69.5921197377414 72.64355400781876
    vertex 3728.7356322953183 73.59211973774136 72.67081334679023
    vertex 3728.7356322953183 69.59211973774138 72.67081334678753
  endloop
endfacet
facet normal 0.13052619222010886 -6.749016334988564e-13 0.9914448613738028
  outer loop
    vertex 3728.7356322953183 73.59211973774136 72.67081334679023
    vertex 3728.9426875314 69.5921197377414 72.64355400781876
    vertex 3728.9426875314 73.59211973774137 72.64355400782146
  endloop
endfacet
facet normal -0.13052619222005576 -6.749016334988612e-13 0.9914448613738098
  outer loop
    vertex 3729.356798003564 69.59211973774136 72.69807268575626
    vertex 3728.9426875314 73.59211973774137 72.64355400782146
    vertex 3728.9426875314 69.5921197377414 72.64355400781876
  endloop
endfacet
facet normal -0.13052619222005576 -6.749016334988612e-13 0.9914448613738098
  outer loop
    vertex 3728.9426875314 73.59211973774137 72.64355400782146
    vertex 3729.356798003564 69.59211973774136 72.69807268575626
    vertex 3729.356798003564 73.59211973774133 72.69807268575896
  endloop
endfacet
facet normal -0.382683432364953 -6.289082025036365e-13 0.9238795325113434
  outer loop
    vertex 3729.7426875314 69.59211973774126 72.85791336176366
    vertex 3729.356798003564 73.59211973774133 72.69807268575896
    vertex 3729.356798003564 69.59211973774136 72.69807268575626
  endloop
endfacet
facet normal -0.382683432364953 -6.289082025036365e-13 0.9238795325113434
  outer loop
    vertex 3729.356798003564 73.59211973774133 72.69807268575896
    vertex 3729.7426875314 69.59211973774126 72.85791336176366
    vertex 3729.7426875314 73.59211973774121 72.85791336176636
  endloop
endfacet
facet normal -0.6087614290090917 -5.400557168274658e-13 0.7933533402909504
  outer loop
    vertex 3730.074058381298 69.59211973774107 73.11218315792028
    vertex 3729.7426875314 73.59211973774121 72.85791336176636
    vertex 3729.7426875314 69.59211973774126 72.85791336176366
  endloop
endfacet
facet normal -0.6087614290090917 -5.400557168274658e-13 0.7933533402909504
  outer loop
    vertex 3729.7426875314 73.59211973774121 72.85791336176636
    vertex 3730.074058381298 69.59211973774107 73.11218315792028
    vertex 3730.074058381298 73.59211973774103 73.112183157923
  endloop
endfacet
facet normal -0.7933533402912437 -4.143993265341789e-13 0.6087614290087096
  outer loop
    vertex 3730.328328177455 73.5921197377408 73.44355400782146
    vertex 3730.074058381298 69.59211973774107 73.11218315792028
    vertex 3730.328328177455 69.59211973774084 73.44355400781876
  endloop
endfacet
facet normal -0.7933533402912437 -4.143993265341789e-13 0.6087614290087096
  outer loop
    vertex 3730.074058381298 69.59211973774107 73.11218315792028
    vertex 3730.328328177455 73.5921197377408 73.44355400782146
    vertex 3730.074058381298 73.59211973774103 73.112183157923
  endloop
endfacet
facet normal -0.9238795325112594 -2.6050230696472027e-13 0.38268343236515584
  outer loop
    vertex 3730.488168853462 73.59211973774056 73.82944353565743
    vertex 3730.328328177455 69.59211973774084 73.44355400781876
    vertex 3730.488168853462 69.59211973774059 73.82944353565473
  endloop
endfacet
facet normal -0.9238795325112594 -2.6050230696472027e-13 0.38268343236515584
  outer loop
    vertex 3730.328328177455 69.59211973774084 73.44355400781876
    vertex 3730.488168853462 73.59211973774056 73.82944353565743
    vertex 3730.328328177455 73.5921197377408 73.44355400782146
  endloop
endfacet
facet normal -0.991444861373774 -8.885248567612681e-14 0.1305261922203282
  outer loop
    vertex 3730.5426875313997 73.59211973774026 74.24355400782146
    vertex 3730.488168853462 69.59211973774059 73.82944353565473
    vertex 3730.5426875313997 69.5921197377403 74.24355400781876
  endloop
endfacet
facet normal -0.991444861373774 -8.885248567612681e-14 0.1305261922203282
  outer loop
    vertex 3730.488168853462 69.59211973774059 73.82944353565473
    vertex 3730.5426875313997 73.59211973774026 74.24355400782146
    vertex 3730.488168853462 73.59211973774056 73.82944353565743
  endloop
endfacet
facet normal -0.991444861373774 8.88524856761266e-14 -0.1305261922203282
  outer loop
    vertex 3730.488168853462 73.59211973773999 74.6576644799855
    vertex 3730.5426875313997 69.5921197377403 74.24355400781876
    vertex 3730.488168853462 69.59211973774002 74.65766447998278
  endloop
endfacet
facet normal -0.991444861373774 8.88524856761266e-14 -0.1305261922203282
  outer loop
    vertex 3730.5426875313997 69.5921197377403 74.24355400781876
    vertex 3730.488168853462 73.59211973773999 74.6576644799855
    vertex 3730.5426875313997 73.59211973774026 74.24355400782146
  endloop
endfacet
facet normal -0.9238795325112594 2.6050230696472007e-13 -0.38268343236515584
  outer loop
    vertex 3730.328328177455 73.59211973773972 75.04355400782147
    vertex 3730.488168853462 69.59211973774002 74.65766447998278
    vertex 3730.328328177455 69.59211973773976 75.04355400781876
  endloop
endfacet
facet normal -0.9238795325112594 2.6050230696472007e-13 -0.38268343236515584
  outer loop
    vertex 3730.488168853462 69.59211973774002 74.65766447998278
    vertex 3730.328328177455 73.59211973773972 75.04355400782147
    vertex 3730.488168853462 73.59211973773999 74.6576644799855
  endloop
endfacet
facet normal -0.7933533402912437 4.143993265341787e-13 -0.6087614290087096
  outer loop
    vertex 3730.074058381298 73.5921197377395 75.37492485771993
    vertex 3730.328328177455 69.59211973773976 75.04355400781876
    vertex 3730.074058381298 69.59211973773954 75.37492485771723
  endloop
endfacet
facet normal -0.7933533402912437 4.143993265341787e-13 -0.6087614290087096
  outer loop
    vertex 3730.328328177455 69.59211973773976 75.04355400781876
    vertex 3730.074058381298 73.5921197377395 75.37492485771993
    vertex 3730.328328177455 73.59211973773972 75.04355400782147
  endloop
endfacet
facet normal -0.6087614290086744 5.400557168276837e-13 -0.7933533402912707
  outer loop
    vertex 3730.074058381298 73.5921197377395 75.37492485771993
    vertex 3729.7426875314 69.59211973773937 75.62919465387385
    vertex 3729.7426875314 73.59211973773932 75.62919465387657
  endloop
endfacet
facet normal -0.6087614290086744 5.400557168276837e-13 -0.7933533402912707
  outer loop
    vertex 3729.7426875314 69.59211973773937 75.62919465387385
    vertex 3730.074058381298 73.5921197377395 75.37492485771993
    vertex 3730.074058381298 69.59211973773954 75.37492485771723
  endloop
endfacet
facet normal -0.38268343236525854 6.289082025035503e-13 -0.9238795325112168
  outer loop
    vertex 3729.7426875314 73.59211973773932 75.62919465387657
    vertex 3729.356798003564 69.59211973773925 75.78903532988126
    vertex 3729.356798003564 73.59211973773922 75.78903532988397
  endloop
endfacet
facet normal -0.38268343236525854 6.289082025035503e-13 -0.9238795325112168
  outer loop
    vertex 3729.356798003564 69.59211973773925 75.78903532988126
    vertex 3729.7426875314 73.59211973773932 75.62919465387657
    vertex 3729.7426875314 69.59211973773937 75.62919465387385
  endloop
endfacet
facet normal -0.13052619222005576 6.749016334988612e-13 -0.9914448613738098
  outer loop
    vertex 3729.356798003564 73.59211973773922 75.78903532988397
    vertex 3728.9426875314 69.59211973773921 75.84355400781875
    vertex 3728.9426875314 73.59211973773918 75.84355400782147
  endloop
endfacet
facet normal -0.13052619222005576 6.749016334988612e-13 -0.9914448613738098
  outer loop
    vertex 3728.9426875314 69.59211973773921 75.84355400781875
    vertex 3729.356798003564 73.59211973773922 75.78903532988397
    vertex 3729.356798003564 69.59211973773925 75.78903532988126
  endloop
endfacet
facet normal 0.13052619222010886 6.749016334988564e-13 -0.9914448613738028
  outer loop
    vertex 3728.9426875314 73.59211973773918 75.84355400782147
    vertex 3728.7356322953183 69.59211973773924 75.81629466884999
    vertex 3728.7356322953183 73.59211973773921 75.8162946688527
  endloop
endfacet
facet normal 0.13052619222010886 6.749016334988564e-13 -0.9914448613738028
  outer loop
    vertex 3728.7356322953183 69.59211973773924 75.81629466884999
    vertex 3728.9426875314 73.59211973773918 75.84355400782147
    vertex 3728.9426875314 69.59211973773921 75.84355400781875
  endloop
endfacet
facet normal 0.1305261922200027 6.749016334988659e-13 -0.9914448613738169
  outer loop
    vertex 3728.7356322953183 73.59211973773921 75.8162946688527
    vertex 3728.528577059236 69.59211973773925 75.78903532988126
    vertex 3728.528577059236 73.59211973773922 75.78903532988397
  endloop
endfacet
facet normal 0.1305261922200027 6.749016334988659e-13 -0.9914448613738169
  outer loop
    vertex 3728.528577059236 69.59211973773925 75.78903532988126
    vertex 3728.7356322953183 73.59211973773921 75.8162946688527
    vertex 3728.7356322953183 69.59211973773924 75.81629466884999
  endloop
endfacet
facet normal 0.382683432364953 6.289082025036365e-13 -0.9238795325113434
  outer loop
    vertex 3728.528577059236 73.59211973773922 75.78903532988397
    vertex 3728.1426875314005 69.59211973773937 75.62919465387385
    vertex 3728.1426875314005 73.59211973773932 75.62919465387657
  endloop
endfacet
facet normal 0.382683432364953 6.289082025036365e-13 -0.9238795325113434
  outer loop
    vertex 3728.1426875314005 69.59211973773937 75.62919465387385
    vertex 3728.528577059236 73.59211973773922 75.78903532988397
    vertex 3728.528577059236 69.59211973773925 75.78903532988126
  endloop
endfacet
facet normal 0.6087614290090917 5.400557168274658e-13 -0.7933533402909504
  outer loop
    vertex 3728.1426875314005 73.59211973773932 75.62919465387657
    vertex 3727.811316681502 69.59211973773954 75.37492485771723
    vertex 3727.811316681502 73.5921197377395 75.37492485771993
  endloop
endfacet
facet normal 0.6087614290090917 5.400557168274658e-13 -0.7933533402909504
  outer loop
    vertex 3727.811316681502 69.59211973773954 75.37492485771723
    vertex 3728.1426875314005 73.59211973773932 75.62919465387657
    vertex 3728.1426875314005 69.59211973773937 75.62919465387385
  endloop
endfacet
facet normal 0.7933533402912437 4.143993265341789e-13 -0.6087614290087096
  outer loop
    vertex 3727.557046885345 69.59211973773976 75.04355400781876
    vertex 3727.811316681502 73.5921197377395 75.37492485771993
    vertex 3727.811316681502 69.59211973773954 75.37492485771723
  endloop
endfacet
facet normal 0.7933533402912437 4.143993265341789e-13 -0.6087614290087096
  outer loop
    vertex 3727.811316681502 73.5921197377395 75.37492485771993
    vertex 3727.557046885345 69.59211973773976 75.04355400781876
    vertex 3727.557046885345 73.59211973773972 75.04355400782147
  endloop
endfacet
facet normal 0.9238795325112594 2.6050230696472027e-13 -0.38268343236515584
  outer loop
    vertex 3727.397206209338 69.59211973774002 74.65766447998278
    vertex 3727.557046885345 73.59211973773972 75.04355400782147
    vertex 3727.557046885345 69.59211973773976 75.04355400781876
  endloop
endfacet
facet normal 0.9238795325112594 2.6050230696472027e-13 -0.38268343236515584
  outer loop
    vertex 3727.557046885345 73.59211973773972 75.04355400782147
    vertex 3727.397206209338 69.59211973774002 74.65766447998278
    vertex 3727.397206209338 73.59211973773999 74.6576644799855
  endloop
endfacet
facet normal 0.991444861373774 8.885248567612681e-14 -0.1305261922203282
  outer loop
    vertex 3727.3426875314003 69.5921197377403 74.24355400781876
    vertex 3727.397206209338 73.59211973773999 74.6576644799855
    vertex 3727.397206209338 69.59211973774002 74.65766447998278
  endloop
endfacet
facet normal 0.991444861373774 8.885248567612681e-14 -0.1305261922203282
  outer loop
    vertex 3727.397206209338 73.59211973773999 74.6576644799855
    vertex 3727.3426875314003 69.5921197377403 74.24355400781876
    vertex 3727.3426875314003 73.59211973774026 74.24355400782146
  endloop
endfacet
facet normal 0.991444861373774 -8.88524856761266e-14 0.1305261922203282
  outer loop
    vertex 3727.397206209338 69.59211973774059 73.82944353565473
    vertex 3727.3426875314003 73.59211973774026 74.24355400782146
    vertex 3727.3426875314003 69.5921197377403 74.24355400781876
  endloop
endfacet
facet normal 0.991444861373774 -8.88524856761266e-14 0.1305261922203282
  outer loop
    vertex 3727.3426875314003 73.59211973774026 74.24355400782146
    vertex 3727.397206209338 69.59211973774059 73.82944353565473
    vertex 3727.397206209338 73.59211973774056 73.82944353565743
  endloop
endfacet
facet normal 0.9238795325112594 -2.6050230696472007e-13 0.38268343236515584
  outer loop
    vertex 3727.557046885345 69.59211973774084 73.44355400781876
    vertex 3727.397206209338 73.59211973774056 73.82944353565743
    vertex 3727.397206209338 69.59211973774059 73.82944353565473
  endloop
endfacet
facet normal 0.9238795325112594 -2.6050230696472007e-13 0.38268343236515584
  outer loop
    vertex 3727.397206209338 73.59211973774056 73.82944353565743
    vertex 3727.557046885345 69.59211973774084 73.44355400781876
    vertex 3727.557046885345 73.5921197377408 73.44355400782146
  endloop
endfacet
facet normal 0.7933533402912437 -4.143993265341787e-13 0.6087614290087096
  outer loop
    vertex 3727.811316681502 69.59211973774107 73.11218315792028
    vertex 3727.557046885345 73.5921197377408 73.44355400782146
    vertex 3727.557046885345 69.59211973774084 73.44355400781876
  endloop
endfacet
facet normal 0.7933533402912437 -4.143993265341787e-13 0.6087614290087096
  outer loop
    vertex 3727.557046885345 73.5921197377408 73.44355400782146
    vertex 3727.811316681502 69.59211973774107 73.11218315792028
    vertex 3727.811316681502 73.59211973774103 73.112183157923
  endloop
endfacet
facet normal 0.6087614290086744 -5.400557168276837e-13 0.7933533402912707
  outer loop
    vertex 3728.1426875314005 69.59211973774126 72.85791336176366
    vertex 3727.811316681502 73.59211973774103 73.112183157923
    vertex 3727.811316681502 69.59211973774107 73.11218315792028
  endloop
endfacet
facet normal 0.6087614290086744 -5.400557168276837e-13 0.7933533402912707
  outer loop
    vertex 3727.811316681502 73.59211973774103 73.112183157923
    vertex 3728.1426875314005 69.59211973774126 72.85791336176366
    vertex 3728.1426875314005 73.59211973774121 72.85791336176636
  endloop
endfacet
facet normal 0.38268343236525854 -6.289082025035503e-13 0.9238795325112168
  outer loop
    vertex 3728.528577059236 69.59211973774136 72.69807268575626
    vertex 3728.1426875314005 73.59211973774121 72.85791336176636
    vertex 3728.1426875314005 69.59211973774126 72.85791336176366
  endloop
endfacet
facet normal 0.38268343236525854 -6.289082025035503e-13 0.9238795325112168
  outer loop
    vertex 3728.1426875314005 73.59211973774121 72.85791336176636
    vertex 3728.528577059236 69.59211973774136 72.69807268575626
    vertex 3728.528577059236 73.59211973774133 72.69807268575896
  endloop
endfacet
facet normal -0.9914448613737751 -8.792840605921967e-14 0.13052619222032125
  outer loop
    vertex 3720.5824800685195 73.59211973773371 83.96944689565152
    vertex 3720.555220729551 69.59211973773382 83.76239165956676
    vertex 3720.5824800685195 69.59211973773368 83.96944689564879
  endloop
endfacet
facet normal -0.9914448613737751 -8.792840605921967e-14 0.13052619222032125
  outer loop
    vertex 3720.555220729551 69.59211973773382 83.76239165956676
    vertex 3720.5824800685195 73.59211973773371 83.96944689565152
    vertex 3720.555220729551 73.59211973773387 83.76239165956949
  endloop
endfacet
facet normal -0.9914448613737732 -8.792840605922912e-14 0.1305261922203352
  outer loop
    vertex 3720.6097394074886 73.59211973773358 84.17650213173351
    vertex 3720.5824800685195 69.59211973773368 83.96944689564879
    vertex 3720.6097394074886 69.59211973773354 84.17650213173079
  endloop
endfacet
facet normal -0.9914448613737732 -8.792840605922912e-14 0.1305261922203352
  outer loop
    vertex 3720.5824800685195 69.59211973773368 83.96944689564879
    vertex 3720.6097394074886 73.59211973773358 84.17650213173351
    vertex 3720.5824800685195 73.59211973773371 83.96944689565152
  endloop
endfacet
facet normal -0.991444861373774 8.891466899333141e-14 -0.1305261922203282
  outer loop
    vertex 3720.555220729551 73.59211973773331 84.59061260389755
    vertex 3720.6097394074886 69.59211973773354 84.17650213173079
    vertex 3720.555220729551 69.59211973773326 84.59061260389483
  endloop
endfacet
facet normal -0.991444861373774 8.891466899333141e-14 -0.1305261922203282
  outer loop
    vertex 3720.6097394074886 69.59211973773354 84.17650213173079
    vertex 3720.555220729551 73.59211973773331 84.59061260389755
    vertex 3720.6097394074886 73.59211973773358 84.17650213173351
  endloop
endfacet
facet normal -0.9238795325112594 2.59698356291925e-13 -0.38268343236515584
  outer loop
    vertex 3720.395380053543 73.59211973773304 84.97650213173351
    vertex 3720.555220729551 69.59211973773326 84.59061260389483
    vertex 3720.395380053543 69.592119737733 84.97650213173078
  endloop
endfacet
facet normal -0.9238795325112594 2.59698356291925e-13 -0.38268343236515584
  outer loop
    vertex 3720.555220729551 69.59211973773326 84.59061260389483
    vertex 3720.395380053543 73.59211973773304 84.97650213173351
    vertex 3720.555220729551 73.59211973773331 84.59061260389755
  endloop
endfacet
facet normal -0.7933533402912437 4.1278402978114305e-13 -0.6087614290087096
  outer loop
    vertex 3720.1411102573866 73.59211973773282 85.30787298163199
    vertex 3720.395380053543 69.592119737733 84.97650213173078
    vertex 3720.1411102573866 69.59211973773277 85.30787298162926
  endloop
endfacet
facet normal -0.7933533402912437 4.1278402978114305e-13 -0.6087614290087096
  outer loop
    vertex 3720.395380053543 69.592119737733 84.97650213173078
    vertex 3720.1411102573866 73.59211973773282 85.30787298163199
    vertex 3720.395380053543 73.59211973773304 84.97650213173351
  endloop
endfacet
facet normal -0.6087614290086744 5.377391537987222e-13 -0.7933533402912707
  outer loop
    vertex 3720.1411102573866 73.59211973773282 85.30787298163199
    vertex 3719.809739407488 69.5921197377326 85.56214277778588
    vertex 3719.809739407488 73.59211973773266 85.56214277778861
  endloop
endfacet
facet normal -0.6087614290086744 5.377391537987222e-13 -0.7933533402912707
  outer loop
    vertex 3719.809739407488 69.5921197377326 85.56214277778588
    vertex 3720.1411102573866 73.59211973773282 85.30787298163199
    vertex 3720.1411102573866 69.59211973773277 85.30787298162926
  endloop
endfacet
facet normal -0.38268343236525854 6.26048243140786e-13 -0.9238795325112168
  outer loop
    vertex 3719.809739407488 73.59211973773266 85.56214277778861
    vertex 3719.423849879652 69.59211973773249 85.72198345379329
    vertex 3719.423849879652 73.59211973773255 85.72198345379601
  endloop
endfacet
facet normal -0.38268343236525854 6.26048243140786e-13 -0.9238795325112168
  outer loop
    vertex 3719.423849879652 69.59211973773249 85.72198345379329
    vertex 3719.809739407488 73.59211973773266 85.56214277778861
    vertex 3719.809739407488 69.5921197377326 85.56214277778588
  endloop
endfacet
facet normal -0.13052619222005576 6.716931793065592e-13 -0.9914448613738098
  outer loop
    vertex 3719.423849879652 73.59211973773255 85.72198345379601
    vertex 3719.0097394074883 69.59211973773246 85.77650213173078
    vertex 3719.0097394074883 73.59211973773249 85.77650213173351
  endloop
endfacet
facet normal -0.13052619222005576 6.716931793065592e-13 -0.9914448613738098
  outer loop
    vertex 3719.0097394074883 69.59211973773246 85.77650213173078
    vertex 3719.423849879652 73.59211973773255 85.72198345379601
    vertex 3719.423849879652 69.59211973773249 85.72198345379329
  endloop
endfacet
facet normal 0.13052619222005576 6.715633353280062e-13 -0.9914448613738098
  outer loop
    vertex 3719.0097394074883 73.59211973773249 85.77650213173351
    vertex 3718.595628935324 69.59211973773249 85.72198345379329
    vertex 3718.595628935324 73.59211973773255 85.72198345379601
  endloop
endfacet
facet normal 0.13052619222005576 6.715633353280062e-13 -0.9914448613738098
  outer loop
    vertex 3718.595628935324 69.59211973773249 85.72198345379329
    vertex 3719.0097394074883 73.59211973773249 85.77650213173351
    vertex 3719.0097394074883 69.59211973773246 85.77650213173078
  endloop
endfacet
facet normal 0.382683432364953 6.256675598577736e-13 -0.9238795325113434
  outer loop
    vertex 3718.595628935324 73.59211973773255 85.72198345379601
    vertex 3718.2097394074876 69.5921197377326 85.56214277778588
    vertex 3718.2097394074876 73.59211973773266 85.56214277778861
  endloop
endfacet
facet normal 0.382683432364953 6.256675598577736e-13 -0.9238795325113434
  outer loop
    vertex 3718.2097394074876 69.5921197377326 85.56214277778588
    vertex 3718.595628935324 73.59211973773255 85.72198345379601
    vertex 3718.595628935324 69.59211973773249 85.72198345379329
  endloop
endfacet
facet normal 0.6087614290090917 5.371335741474962e-13 -0.7933533402909504
  outer loop
    vertex 3718.2097394074876 73.59211973773266 85.56214277778861
    vertex 3717.8783685575895 69.59211973773277 85.30787298162926
    vertex 3717.8783685575895 73.59211973773282 85.30787298163199
  endloop
endfacet
facet normal 0.6087614290090917 5.371335741474962e-13 -0.7933533402909504
  outer loop
    vertex 3717.8783685575895 69.59211973773277 85.30787298162926
    vertex 3718.2097394074876 73.59211973773266 85.56214277778861
    vertex 3718.2097394074876 69.5921197377326 85.56214277778588
  endloop
endfacet
facet normal 0.7933533402912437 4.1199482301467187e-13 -0.6087614290087096
  outer loop
    vertex 3717.6240987614333 69.592119737733 84.97650213173078
    vertex 3717.8783685575895 73.59211973773282 85.30787298163199
    vertex 3717.8783685575895 69.59211973773277 85.30787298162926
  endloop
endfacet
facet normal 0.7933533402912437 4.1199482301467187e-13 -0.6087614290087096
  outer loop
    vertex 3717.8783685575895 73.59211973773282 85.30787298163199
    vertex 3717.6240987614333 69.592119737733 84.97650213173078
    vertex 3717.6240987614333 73.59211973773304 84.97650213173351
  endloop
endfacet
facet normal 0.9238795325112594 2.587793055469008e-13 -0.38268343236515584
  outer loop
    vertex 3717.464258085425 69.59211973773326 84.59061260389483
    vertex 3717.6240987614333 73.59211973773304 84.97650213173351
    vertex 3717.6240987614333 69.592119737733 84.97650213173078
  endloop
endfacet
facet normal 0.9238795325112594 2.587793055469008e-13 -0.38268343236515584
  outer loop
    vertex 3717.6240987614333 73.59211973773304 84.97650213173351
    vertex 3717.464258085425 69.59211973773326 84.59061260389483
    vertex 3717.464258085425 73.59211973773331 84.59061260389755
  endloop
endfacet
facet normal 0.991444861373774 8.792840605922438e-14 -0.1305261922203282
  outer loop
    vertex 3717.409739407488 69.59211973773354 84.17650213173079
    vertex 3717.464258085425 73.59211973773331 84.59061260389755
    vertex 3717.464258085425 69.59211973773326 84.59061260389483
  endloop
endfacet
facet normal 0.991444861373774 8.792840605922438e-14 -0.1305261922203282
  outer loop
    vertex 3717.464258085425 73.59211973773331 84.59061260389755
    vertex 3717.409739407488 69.59211973773354 84.17650213173079
    vertex 3717.409739407488 73.59211973773358 84.17650213173351
  endloop
endfacet
facet normal 0.991444861373774 -8.891466899333141e-14 0.1305261922203282
  outer loop
    vertex 3717.4369987464565 69.59211973773368 83.96944689564877
    vertex 3717.409739407488 73.59211973773358 84.17650213173351
    vertex 3717.409739407488 69.59211973773354 84.17650213173079
  endloop
endfacet
facet normal 0.991444861373774 -8.891466899333141e-14 0.1305261922203282
  outer loop
    vertex 3717.409739407488 73.59211973773358 84.17650213173351
    vertex 3717.4369987464565 69.59211973773368 83.96944689564877
    vertex 3717.4369987464565 73.59211973773374 83.9694468956515
  endloop
endfacet
facet normal 0.991444861373774 -8.891466899333141e-14 0.1305261922203282
  outer loop
    vertex 3717.464258085425 69.59211973773382 83.76239165956676
    vertex 3717.4369987464565 73.59211973773374 83.9694468956515
    vertex 3717.4369987464565 69.59211973773368 83.96944689564877
  endloop
endfacet
facet normal 0.991444861373774 -8.891466899333141e-14 0.1305261922203282
  outer loop
    vertex 3717.4369987464565 73.59211973773374 83.9694468956515
    vertex 3717.464258085425 69.59211973773382 83.76239165956676
    vertex 3717.464258085425 73.59211973773387 83.76239165956949
  endloop
endfacet
facet normal 0.9238795325112594 -2.59698356291925e-13 0.38268343236515584
  outer loop
    vertex 3717.6240987614333 69.59211973773408 83.37650213173079
    vertex 3717.464258085425 73.59211973773387 83.76239165956949
    vertex 3717.464258085425 69.59211973773382 83.76239165956676
  endloop
endfacet
facet normal 0.9238795325112594 -2.59698356291925e-13 0.38268343236515584
  outer loop
    vertex 3717.464258085425 73.59211973773387 83.76239165956949
    vertex 3717.6240987614333 69.59211973773408 83.37650213173079
    vertex 3717.6240987614333 73.59211973773412 83.37650213173352
  endloop
endfacet
facet normal 0.7933533402912437 -4.1278402978114305e-13 0.6087614290087096
  outer loop
    vertex 3717.8783685575895 69.59211973773431 83.04513128183231
    vertex 3717.6240987614333 73.59211973773412 83.37650213173352
    vertex 3717.6240987614333 69.59211973773408 83.37650213173079
  endloop
endfacet
facet normal 0.7933533402912437 -4.1278402978114305e-13 0.6087614290087096
  outer loop
    vertex 3717.6240987614333 73.59211973773412 83.37650213173352
    vertex 3717.8783685575895 69.59211973773431 83.04513128183231
    vertex 3717.8783685575895 73.59211973773435 83.04513128183504
  endloop
endfacet
facet normal 0.6087614290086744 -5.377391537987222e-13 0.7933533402912707
  outer loop
    vertex 3718.209739407488 69.59211973773448 82.79086148567569
    vertex 3717.8783685575895 73.59211973773435 83.04513128183504
    vertex 3717.8783685575895 69.59211973773431 83.04513128183231
  endloop
endfacet
facet normal 0.6087614290086744 -5.377391537987222e-13 0.7933533402912707
  outer loop
    vertex 3717.8783685575895 73.59211973773435 83.04513128183504
    vertex 3718.209739407488 69.59211973773448 82.79086148567569
    vertex 3718.209739407488 73.59211973773452 82.79086148567842
  endloop
endfacet
facet normal 0.38268343236525854 -6.26048243140786e-13 0.9238795325112168
  outer loop
    vertex 3718.595628935324 69.59211973773459 82.63102080966829
    vertex 3718.209739407488 73.59211973773452 82.79086148567842
    vertex 3718.209739407488 69.59211973773448 82.79086148567569
  endloop
endfacet
facet normal 0.38268343236525854 -6.26048243140786e-13 0.9238795325112168
  outer loop
    vertex 3718.209739407488 73.59211973773452 82.79086148567842
    vertex 3718.595628935324 69.59211973773459 82.63102080966829
    vertex 3718.595628935324 73.59211973773463 82.63102080967101
  endloop
endfacet
facet normal 0.13052619222005576 -6.716931793065592e-13 0.9914448613738098
  outer loop
    vertex 3719.0097394074883 69.59211973773462 82.57650213173079
    vertex 3718.595628935324 73.59211973773463 82.63102080967101
    vertex 3718.595628935324 69.59211973773459 82.63102080966829
  endloop
endfacet
facet normal 0.13052619222005576 -6.716931793065592e-13 0.9914448613738098
  outer loop
    vertex 3718.595628935324 73.59211973773463 82.63102080967101
    vertex 3719.0097394074883 69.59211973773462 82.57650213173079
    vertex 3719.0097394074883 73.59211973773466 82.57650213173352
  endloop
endfacet
facet normal -0.13052619222005576 -6.715633353280062e-13 0.9914448613738098
  outer loop
    vertex 3719.423849879652 69.59211973773459 82.63102080966829
    vertex 3719.0097394074883 73.59211973773466 82.57650213173352
    vertex 3719.0097394074883 69.59211973773462 82.57650213173079
  endloop
endfacet
facet normal -0.13052619222005576 -6.715633353280062e-13 0.9914448613738098
  outer loop
    vertex 3719.0097394074883 73.59211973773466 82.57650213173352
    vertex 3719.423849879652 69.59211973773459 82.63102080966829
    vertex 3719.423849879652 73.59211973773463 82.63102080967101
  endloop
endfacet
facet normal -0.382683432364953 -6.256675598577736e-13 0.9238795325113434
  outer loop
    vertex 3719.8097394074885 69.59211973773448 82.79086148567569
    vertex 3719.423849879652 73.59211973773463 82.63102080967101
    vertex 3719.423849879652 69.59211973773459 82.63102080966829
  endloop
endfacet
facet normal -0.382683432364953 -6.256675598577736e-13 0.9238795325113434
  outer loop
    vertex 3719.423849879652 73.59211973773463 82.63102080967101
    vertex 3719.8097394074885 69.59211973773448 82.79086148567569
    vertex 3719.8097394074885 73.59211973773452 82.79086148567842
  endloop
endfacet
facet normal -0.6087614290090917 -5.371335741474962e-13 0.7933533402909504
  outer loop
    vertex 3720.1411102573866 69.59211973773431 83.04513128183231
    vertex 3719.8097394074885 73.59211973773452 82.79086148567842
    vertex 3719.8097394074885 69.59211973773448 82.79086148567569
  endloop
endfacet
facet normal -0.6087614290090917 -5.371335741474962e-13 0.7933533402909504
  outer loop
    vertex 3719.8097394074885 73.59211973773452 82.79086148567842
    vertex 3720.1411102573866 69.59211973773431 83.04513128183231
    vertex 3720.1411102573866 73.59211973773435 83.04513128183504
  endloop
endfacet
facet normal -0.7933533402912437 -4.1199482301467187e-13 0.6087614290087096
  outer loop
    vertex 3720.395380053543 73.59211973773412 83.37650213173352
    vertex 3720.1411102573866 69.59211973773431 83.04513128183231
    vertex 3720.395380053543 69.59211973773408 83.37650213173079
  endloop
endfacet
facet normal -0.7933533402912437 -4.1199482301467187e-13 0.6087614290087096
  outer loop
    vertex 3720.1411102573866 69.59211973773431 83.04513128183231
    vertex 3720.395380053543 73.59211973773412 83.37650213173352
    vertex 3720.1411102573866 73.59211973773435 83.04513128183504
  endloop
endfacet
facet normal -0.9238795325112594 -2.587793055469008e-13 0.38268343236515584
  outer loop
    vertex 3720.555220729551 73.59211973773387 83.76239165956949
    vertex 3720.395380053543 69.59211973773408 83.37650213173079
    vertex 3720.555220729551 69.59211973773382 83.76239165956676
  endloop
endfacet
facet normal -0.9238795325112594 -2.587793055469008e-13 0.38268343236515584
  outer loop
    vertex 3720.395380053543 69.59211973773408 83.37650213173079
    vertex 3720.555220729551 73.59211973773387 83.76239165956949
    vertex 3720.395380053543 73.59211973773412 83.37650213173352
  endloop
endfacet
facet normal -0.1305261922200027 6.749016334988657e-13 -0.9914448613738169
  outer loop
    vertex 3709.49090175574 73.59211973773924 75.78903532988397
    vertex 3709.2838465196583 69.59211973773924 75.81629466884999
    vertex 3709.2838465196583 73.5921197377392 75.81629466885272
  endloop
endfacet
facet normal -0.1305261922200027 6.749016334988657e-13 -0.9914448613738169
  outer loop
    vertex 3709.2838465196583 69.59211973773924 75.81629466884999
    vertex 3709.49090175574 73.59211973773924 75.78903532988397
    vertex 3709.49090175574 69.59211973773925 75.78903532988126
  endloop
endfacet
facet normal -0.13052619222010886 6.749016334988562e-13 -0.9914448613738028
  outer loop
    vertex 3709.2838465196583 73.5921197377392 75.81629466885272
    vertex 3709.076791283576 69.59211973773921 75.84355400781875
    vertex 3709.076791283576 73.59211973773915 75.84355400782147
  endloop
endfacet
facet normal -0.13052619222010886 6.749016334988562e-13 -0.9914448613738028
  outer loop
    vertex 3709.076791283576 69.59211973773921 75.84355400781875
    vertex 3709.2838465196583 73.5921197377392 75.81629466885272
    vertex 3709.2838465196583 69.59211973773924 75.81629466884999
  endloop
endfacet
facet normal 0.13052619222005576 6.74901633498861e-13 -0.9914448613738098
  outer loop
    vertex 3709.076791283576 73.59211973773915 75.84355400782147
    vertex 3708.662680811412 69.59211973773925 75.78903532988126
    vertex 3708.662680811412 73.59211973773924 75.78903532988397
  endloop
endfacet
facet normal 0.13052619222005576 6.74901633498861e-13 -0.9914448613738098
  outer loop
    vertex 3708.662680811412 69.59211973773925 75.78903532988126
    vertex 3709.076791283576 73.59211973773915 75.84355400782147
    vertex 3709.076791283576 69.59211973773921 75.84355400781875
  endloop
endfacet
facet normal 0.382683432364953 6.289082025036363e-13 -0.9238795325113434
  outer loop
    vertex 3708.662680811412 73.59211973773924 75.78903532988397
    vertex 3708.276791283576 69.59211973773937 75.62919465387385
    vertex 3708.276791283576 73.59211973773932 75.62919465387657
  endloop
endfacet
facet normal 0.382683432364953 6.289082025036363e-13 -0.9238795325113434
  outer loop
    vertex 3708.276791283576 69.59211973773937 75.62919465387385
    vertex 3708.662680811412 73.59211973773924 75.78903532988397
    vertex 3708.662680811412 69.59211973773925 75.78903532988126
  endloop
endfacet
facet normal 0.6087614290090917 5.400557168274657e-13 -0.7933533402909504
  outer loop
    vertex 3708.276791283576 73.59211973773932 75.62919465387657
    vertex 3707.945420433678 69.59211973773954 75.37492485771723
    vertex 3707.945420433678 73.59211973773951 75.37492485771995
  endloop
endfacet
facet normal 0.6087614290090917 5.400557168274657e-13 -0.7933533402909504
  outer loop
    vertex 3707.945420433678 69.59211973773954 75.37492485771723
    vertex 3708.276791283576 73.59211973773932 75.62919465387657
    vertex 3708.276791283576 69.59211973773937 75.62919465387385
  endloop
endfacet
facet normal 0.7933533402912437 4.1439932653417875e-13 -0.6087614290087096
  outer loop
    vertex 3707.691150637521 69.59211973773976 75.04355400781876
    vertex 3707.945420433678 73.59211973773951 75.37492485771995
    vertex 3707.945420433678 69.59211973773954 75.37492485771723
  endloop
endfacet
facet normal 0.7933533402912437 4.1439932653417875e-13 -0.6087614290087096
  outer loop
    vertex 3707.945420433678 73.59211973773951 75.37492485771995
    vertex 3707.691150637521 69.59211973773976 75.04355400781876
    vertex 3707.691150637521 73.5921197377397 75.04355400782147
  endloop
endfacet
facet normal 0.9238795325112594 2.605023069647202e-13 -0.38268343236515584
  outer loop
    vertex 3707.531309961514 69.59211973774002 74.65766447998278
    vertex 3707.691150637521 73.5921197377397 75.04355400782147
    vertex 3707.691150637521 69.59211973773976 75.04355400781876
  endloop
endfacet
facet normal 0.9238795325112594 2.605023069647202e-13 -0.38268343236515584
  outer loop
    vertex 3707.691150637521 73.5921197377397 75.04355400782147
    vertex 3707.531309961514 69.59211973774002 74.65766447998278
    vertex 3707.531309961514 73.59211973773996 74.65766447998551
  endloop
endfacet
facet normal 0.991444861373774 8.885248567612678e-14 -0.1305261922203282
  outer loop
    vertex 3707.4767912835764 69.5921197377403 74.24355400781876
    vertex 3707.531309961514 73.59211973773996 74.65766447998551
    vertex 3707.531309961514 69.59211973774002 74.65766447998278
  endloop
endfacet
facet normal 0.991444861373774 8.885248567612678e-14 -0.1305261922203282
  outer loop
    vertex 3707.531309961514 73.59211973773996 74.65766447998551
    vertex 3707.4767912835764 69.5921197377403 74.24355400781876
    vertex 3707.4767912835764 73.59211973774023 74.24355400782147
  endloop
endfacet
facet normal 0.991444861373774 -8.885248567612657e-14 0.1305261922203282
  outer loop
    vertex 3707.531309961514 69.59211973774059 73.82944353565473
    vertex 3707.4767912835764 73.59211973774023 74.24355400782147
    vertex 3707.4767912835764 69.5921197377403 74.24355400781876
  endloop
endfacet
facet normal 0.991444861373774 -8.885248567612657e-14 0.1305261922203282
  outer loop
    vertex 3707.4767912835764 73.59211973774023 74.24355400782147
    vertex 3707.531309961514 69.59211973774059 73.82944353565473
    vertex 3707.531309961514 73.59211973774055 73.82944353565745
  endloop
endfacet
facet normal 0.9238795325112594 -2.6050230696472e-13 0.38268343236515584
  outer loop
    vertex 3707.691150637521 69.59211973774084 73.44355400781876
    vertex 3707.531309961514 73.59211973774055 73.82944353565745
    vertex 3707.531309961514 69.59211973774059 73.82944353565473
  endloop
endfacet
facet normal 0.9238795325112594 -2.6050230696472e-13 0.38268343236515584
  outer loop
    vertex 3707.531309961514 73.59211973774055 73.82944353565745
    vertex 3707.691150637521 69.59211973774084 73.44355400781876
    vertex 3707.691150637521 73.59211973774077 73.44355400782148
  endloop
endfacet
facet normal 0.7933533402912437 -4.1439932653417855e-13 0.6087614290087096
  outer loop
    vertex 3707.945420433678 69.59211973774107 73.11218315792028
    vertex 3707.691150637521 73.59211973774077 73.44355400782148
    vertex 3707.691150637521 69.59211973774084 73.44355400781876
  endloop
endfacet
facet normal 0.7933533402912437 -4.1439932653417855e-13 0.6087614290087096
  outer loop
    vertex 3707.691150637521 73.59211973774077 73.44355400782148
    vertex 3707.945420433678 69.59211973774107 73.11218315792028
    vertex 3707.945420433678 73.59211973774104 73.11218315792301
  endloop
endfacet
facet normal 0.6087614290086744 -5.400557168276835e-13 0.7933533402912707
  outer loop
    vertex 3708.276791283576 69.59211973774126 72.85791336176366
    vertex 3707.945420433678 73.59211973774104 73.11218315792301
    vertex 3707.945420433678 69.59211973774107 73.11218315792028
  endloop
endfacet
facet normal 0.6087614290086744 -5.400557168276835e-13 0.7933533402912707
  outer loop
    vertex 3707.945420433678 73.59211973774104 73.11218315792301
    vertex 3708.276791283576 69.59211973774126 72.85791336176366
    vertex 3708.276791283576 73.59211973774123 72.85791336176638
  endloop
endfacet
facet normal 0.38268343236525854 -6.289082025035501e-13 0.9238795325112168
  outer loop
    vertex 3708.662680811412 69.59211973774136 72.69807268575626
    vertex 3708.276791283576 73.59211973774123 72.85791336176638
    vertex 3708.276791283576 69.59211973774126 72.85791336176366
  endloop
endfacet
facet normal 0.38268343236525854 -6.289082025035501e-13 0.9238795325112168
  outer loop
    vertex 3708.276791283576 73.59211973774123 72.85791336176638
    vertex 3708.662680811412 69.59211973774136 72.69807268575626
    vertex 3708.662680811412 73.59211973774131 72.69807268575897
  endloop
endfacet
facet normal 0.13052619222005576 -6.74901633498861e-13 0.9914448613738098
  outer loop
    vertex 3709.076791283576 69.5921197377414 72.64355400781876
    vertex 3708.662680811412 73.59211973774131 72.69807268575897
    vertex 3708.662680811412 69.59211973774136 72.69807268575626
  endloop
endfacet
facet normal 0.13052619222005576 -6.74901633498861e-13 0.9914448613738098
  outer loop
    vertex 3708.662680811412 73.59211973774131 72.69807268575897
    vertex 3709.076791283576 69.5921197377414 72.64355400781876
    vertex 3709.076791283576 73.59211973774136 72.64355400782148
  endloop
endfacet
facet normal -0.13052619222010886 -6.749016334988562e-13 0.9914448613738028
  outer loop
    vertex 3709.2838465196583 69.59211973774138 72.67081334678753
    vertex 3709.076791283576 73.59211973774136 72.64355400782148
    vertex 3709.076791283576 69.5921197377414 72.64355400781876
  endloop
endfacet
facet normal -0.13052619222010886 -6.749016334988562e-13 0.9914448613738028
  outer loop
    vertex 3709.076791283576 73.59211973774136 72.64355400782148
    vertex 3709.2838465196583 69.59211973774138 72.67081334678753
    vertex 3709.2838465196583 73.59211973774131 72.67081334679024
  endloop
endfacet
facet normal -0.1305261922200027 -6.749016334988657e-13 0.9914448613738169
  outer loop
    vertex 3709.49090175574 69.59211973774136 72.69807268575626
    vertex 3709.2838465196583 73.59211973774131 72.67081334679024
    vertex 3709.2838465196583 69.59211973774138 72.67081334678753
  endloop
endfacet
facet normal -0.1305261922200027 -6.749016334988657e-13 0.9914448613738169
  outer loop
    vertex 3709.2838465196583 73.59211973774131 72.67081334679024
    vertex 3709.49090175574 69.59211973774136 72.69807268575626
    vertex 3709.49090175574 73.59211973774131 72.69807268575897
  endloop
endfacet
facet normal -0.382683432364953 -6.289082025036363e-13 0.9238795325113434
  outer loop
    vertex 3709.876791283576 69.59211973774126 72.85791336176366
    vertex 3709.49090175574 73.59211973774131 72.69807268575897
    vertex 3709.49090175574 69.59211973774136 72.69807268575626
  endloop
endfacet
facet normal -0.382683432364953 -6.289082025036363e-13 0.9238795325113434
  outer loop
    vertex 3709.49090175574 73.59211973774131 72.69807268575897
    vertex 3709.876791283576 69.59211973774126 72.85791336176366
    vertex 3709.876791283576 73.59211973774123 72.85791336176638
  endloop
endfacet
facet normal -0.6087614290090917 -5.400557168274657e-13 0.7933533402909504
  outer loop
    vertex 3710.208162133474 69.59211973774107 73.11218315792028
    vertex 3709.876791283576 73.59211973774123 72.85791336176638
    vertex 3709.876791283576 69.59211973774126 72.85791336176366
  endloop
endfacet
facet normal -0.6087614290090917 -5.400557168274657e-13 0.7933533402909504
  outer loop
    vertex 3709.876791283576 73.59211973774123 72.85791336176638
    vertex 3710.208162133474 69.59211973774107 73.11218315792028
    vertex 3710.208162133474 73.59211973774104 73.11218315792301
  endloop
endfacet
facet normal -0.7933533402912437 -4.1439932653417875e-13 0.6087614290087096
  outer loop
    vertex 3710.4624319296313 73.59211973774077 73.44355400782148
    vertex 3710.208162133474 69.59211973774107 73.11218315792028
    vertex 3710.4624319296313 69.59211973774084 73.44355400781876
  endloop
endfacet
facet normal -0.7933533402912437 -4.1439932653417875e-13 0.6087614290087096
  outer loop
    vertex 3710.208162133474 69.59211973774107 73.11218315792028
    vertex 3710.4624319296313 73.59211973774077 73.44355400782148
    vertex 3710.208162133474 73.59211973774104 73.11218315792301
  endloop
endfacet
facet normal -0.9238795325112594 -2.605023069647202e-13 0.38268343236515584
  outer loop
    vertex 3710.622272605638 73.59211973774055 73.82944353565745
    vertex 3710.4624319296313 69.59211973774084 73.44355400781876
    vertex 3710.622272605638 69.59211973774059 73.82944353565473
  endloop
endfacet
facet normal -0.9238795325112594 -2.605023069647202e-13 0.38268343236515584
  outer loop
    vertex 3710.4624319296313 69.59211973774084 73.44355400781876
    vertex 3710.622272605638 73.59211973774055 73.82944353565745
    vertex 3710.4624319296313 73.59211973774077 73.44355400782148
  endloop
endfacet
facet normal -0.991444861373774 -8.885248567612678e-14 0.1305261922203282
  outer loop
    vertex 3710.6767912835758 73.59211973774023 74.24355400782147
    vertex 3710.622272605638 69.59211973774059 73.82944353565473
    vertex 3710.6767912835758 69.5921197377403 74.24355400781876
  endloop
endfacet
facet normal -0.991444861373774 -8.885248567612678e-14 0.1305261922203282
  outer loop
    vertex 3710.622272605638 69.59211973774059 73.82944353565473
    vertex 3710.6767912835758 73.59211973774023 74.24355400782147
    vertex 3710.622272605638 73.59211973774055 73.82944353565745
  endloop
endfacet
facet normal -0.991444861373774 8.885248567612657e-14 -0.1305261922203282
  outer loop
    vertex 3710.622272605638 73.59211973773996 74.65766447998551
    vertex 3710.6767912835758 69.5921197377403 74.24355400781876
    vertex 3710.622272605638 69.59211973774002 74.65766447998278
  endloop
endfacet
facet normal -0.991444861373774 8.885248567612657e-14 -0.1305261922203282
  outer loop
    vertex 3710.6767912835758 69.5921197377403 74.24355400781876
    vertex 3710.622272605638 73.59211973773996 74.65766447998551
    vertex 3710.6767912835758 73.59211973774023 74.24355400782147
  endloop
endfacet
facet normal -0.9238795325112594 2.6050230696472e-13 -0.38268343236515584
  outer loop
    vertex 3710.4624319296313 73.5921197377397 75.04355400782147
    vertex 3710.622272605638 69.59211973774002 74.65766447998278
    vertex 3710.4624319296313 69.59211973773976 75.04355400781876
  endloop
endfacet
facet normal -0.9238795325112594 2.6050230696472e-13 -0.38268343236515584
  outer loop
    vertex 3710.622272605638 69.59211973774002 74.65766447998278
    vertex 3710.4624319296313 73.5921197377397 75.04355400782147
    vertex 3710.622272605638 73.59211973773996 74.65766447998551
  endloop
endfacet
facet normal -0.7933533402912437 4.1439932653417855e-13 -0.6087614290087096
  outer loop
    vertex 3710.208162133474 73.59211973773951 75.37492485771995
    vertex 3710.4624319296313 69.59211973773976 75.04355400781876
    vertex 3710.208162133474 69.59211973773954 75.37492485771723
  endloop
endfacet
facet normal -0.7933533402912437 4.1439932653417855e-13 -0.6087614290087096
  outer loop
    vertex 3710.4624319296313 69.59211973773976 75.04355400781876
    vertex 3710.208162133474 73.59211973773951 75.37492485771995
    vertex 3710.4624319296313 73.5921197377397 75.04355400782147
  endloop
endfacet
facet normal -0.6087614290086744 5.400557168276835e-13 -0.7933533402912707
  outer loop
    vertex 3710.208162133474 73.59211973773951 75.37492485771995
    vertex 3709.876791283576 69.59211973773937 75.62919465387385
    vertex 3709.876791283576 73.59211973773932 75.62919465387657
  endloop
endfacet
facet normal -0.6087614290086744 5.400557168276835e-13 -0.7933533402912707
  outer loop
    vertex 3709.876791283576 69.59211973773937 75.62919465387385
    vertex 3710.208162133474 73.59211973773951 75.37492485771995
    vertex 3710.208162133474 69.59211973773954 75.37492485771723
  endloop
endfacet
facet normal -0.38268343236525854 6.289082025035501e-13 -0.9238795325112168
  outer loop
    vertex 3709.876791283576 73.59211973773932 75.62919465387657
    vertex 3709.49090175574 69.59211973773925 75.78903532988126
    vertex 3709.49090175574 73.59211973773924 75.78903532988397
  endloop
endfacet
facet normal -0.38268343236525854 6.289082025035501e-13 -0.9238795325112168
  outer loop
    vertex 3709.49090175574 69.59211973773925 75.78903532988126
    vertex 3709.876791283576 73.59211973773932 75.62919465387657
    vertex 3709.876791283576 69.59211973773937 75.62919465387385
  endloop
endfacet
facet normal 0.9914448613737751 1.0973584483760536e-13 -0.13052619222032125
  outer loop
    vertex 3717.4369987464565 69.59211973774691 64.51766111998873
    vertex 3717.464258085425 73.59211973774829 64.72471635607448
    vertex 3717.464258085425 69.59211973774671 64.72471635607076
  endloop
endfacet
facet normal 0.9914448613737751 1.0973584483760536e-13 -0.13052619222032125
  outer loop
    vertex 3717.464258085425 73.59211973774829 64.72471635607448
    vertex 3717.4369987464565 69.59211973774691 64.51766111998873
    vertex 3717.4369987464565 73.59211973774849 64.51766111999245
  endloop
endfacet
facet normal 0.9914448613737732 1.0973584483761819e-13 -0.1305261922203352
  outer loop
    vertex 3717.409739407488 69.5921197377471 64.31060588390673
    vertex 3717.4369987464565 73.59211973774849 64.51766111999245
    vertex 3717.4369987464565 69.59211973774691 64.51766111998873
  endloop
endfacet
facet normal 0.9914448613737732 1.0973584483761819e-13 -0.1305261922203352
  outer loop
    vertex 3717.4369987464565 73.59211973774849 64.51766111999245
    vertex 3717.409739407488 69.5921197377471 64.31060588390673
    vertex 3717.409739407488 73.59211973774867 64.31060588391045
  endloop
endfacet
facet normal 0.991444861373774 -1.293731987429211e-13 0.1305261922203282
  outer loop
    vertex 3717.464258085425 69.59211973774747 63.8964954117427
    vertex 3717.409739407488 73.59211973774867 64.31060588391045
    vertex 3717.409739407488 69.5921197377471 64.31060588390673
  endloop
endfacet
facet normal 0.991444861373774 -1.293731987429211e-13 0.1305261922203282
  outer loop
    vertex 3717.409739407488 73.59211973774867 64.31060588391045
    vertex 3717.464258085425 69.59211973774747 63.8964954117427
    vertex 3717.464258085425 73.59211973774906 63.89649541174642
  endloop
endfacet
facet normal 0.9238795325112594 -3.596656726277613e-13 0.38268343236515584
  outer loop
    vertex 3717.6240987614333 69.59211973774782 63.51060588390673
    vertex 3717.464258085425 73.59211973774906 63.89649541174642
    vertex 3717.464258085425 69.59211973774747 63.8964954117427
  endloop
endfacet
facet normal 0.9238795325112594 -3.596656726277613e-13 0.38268343236515584
  outer loop
    vertex 3717.464258085425 73.59211973774906 63.89649541174642
    vertex 3717.6240987614333 69.59211973774782 63.51060588390673
    vertex 3717.6240987614333 73.59211973774939 63.51060588391045
  endloop
endfacet
facet normal 0.7933533402912437 -5.654475252987731e-13 0.6087614290087096
  outer loop
    vertex 3717.8783685575895 69.59211973774812 63.17923503400826
    vertex 3717.6240987614333 73.59211973774939 63.51060588391045
    vertex 3717.6240987614333 69.59211973774782 63.51060588390673
  endloop
endfacet
facet normal 0.7933533402912437 -5.654475252987731e-13 0.6087614290087096
  outer loop
    vertex 3717.6240987614333 73.59211973774939 63.51060588391045
    vertex 3717.8783685575895 69.59211973774812 63.17923503400826
    vertex 3717.8783685575895 73.59211973774971 63.17923503401198
  endloop
endfacet
facet normal 0.6087614290086744 -7.326950635670033e-13 0.7933533402912707
  outer loop
    vertex 3718.209739407488 69.59211973774835 62.92496523785163
    vertex 3717.8783685575895 73.59211973774971 63.17923503401198
    vertex 3717.8783685575895 69.59211973774812 63.17923503400826
  endloop
endfacet
facet normal 0.6087614290086744 -7.326950635670033e-13 0.7933533402912707
  outer loop
    vertex 3717.8783685575895 73.59211973774971 63.17923503401198
    vertex 3718.209739407488 69.59211973774835 62.92496523785163
    vertex 3718.209739407488 73.59211973774994 62.92496523785535
  endloop
endfacet
facet normal 0.38268343236525854 -8.500106440888503e-13 0.9238795325112168
  outer loop
    vertex 3718.595628935324 69.59211973774849 62.765124561844225
    vertex 3718.209739407488 73.59211973774994 62.92496523785535
    vertex 3718.209739407488 69.59211973774835 62.92496523785163
  endloop
endfacet
facet normal 0.38268343236525854 -8.500106440888503e-13 0.9238795325112168
  outer loop
    vertex 3718.209739407488 73.59211973774994 62.92496523785535
    vertex 3718.595628935324 69.59211973774849 62.765124561844225
    vertex 3718.595628935324 73.59211973775007 62.76512456184795
  endloop
endfacet
facet normal 0.13052619222005576 -9.093994039252006e-13 0.9914448613738098
  outer loop
    vertex 3719.0097394074883 69.59211973774855 62.71060588390673
    vertex 3718.595628935324 73.59211973775007 62.76512456184795
    vertex 3718.595628935324 69.59211973774849 62.765124561844225
  endloop
endfacet
facet normal 0.13052619222005576 -9.093994039252006e-13 0.9914448613738098
  outer loop
    vertex 3718.595628935324 73.59211973775007 62.76512456184795
    vertex 3719.0097394074883 69.59211973774855 62.71060588390673
    vertex 3719.0097394074883 73.59211973775011 62.71060588391045
  endloop
endfacet
facet normal -0.13052619222005576 -9.068140972375587e-13 0.9914448613738098
  outer loop
    vertex 3719.423849879652 69.59211973774849 62.765124561844225
    vertex 3719.0097394074883 73.59211973775011 62.71060588391045
    vertex 3719.0097394074883 69.59211973774855 62.71060588390673
  endloop
endfacet
facet normal -0.13052619222005576 -9.068140972375587e-13 0.9914448613738098
  outer loop
    vertex 3719.0097394074883 73.59211973775011 62.71060588391045
    vertex 3719.423849879652 69.59211973774849 62.765124561844225
    vertex 3719.423849879652 73.59211973775007 62.76512456184795
  endloop
endfacet
facet normal -0.382683432364953 -8.424309084043823e-13 0.9238795325113434
  outer loop
    vertex 3719.8097394074885 69.59211973774833 62.92496523785163
    vertex 3719.423849879652 73.59211973775007 62.76512456184795
    vertex 3719.423849879652 69.59211973774849 62.765124561844225
  endloop
endfacet
facet normal -0.382683432364953 -8.424309084043823e-13 0.9238795325113434
  outer loop
    vertex 3719.423849879652 73.59211973775007 62.76512456184795
    vertex 3719.8097394074885 69.59211973774833 62.92496523785163
    vertex 3719.8097394074885 73.59211973774991 62.92496523785535
  endloop
endfacet
facet normal -0.6087614290090917 -7.206374453459801e-13 0.7933533402909504
  outer loop
    vertex 3720.1411102573866 69.5921197377481 63.17923503400826
    vertex 3719.8097394074885 73.59211973774991 62.92496523785535
    vertex 3719.8097394074885 69.59211973774833 62.92496523785163
  endloop
endfacet
facet normal -0.6087614290090917 -7.206374453459801e-13 0.7933533402909504
  outer loop
    vertex 3719.8097394074885 73.59211973774991 62.92496523785535
    vertex 3720.1411102573866 69.5921197377481 63.17923503400826
    vertex 3720.1411102573866 73.59211973774968 63.17923503401198
  endloop
endfacet
facet normal -0.7933533402912437 -5.497337312974898e-13 0.6087614290087096
  outer loop
    vertex 3720.395380053543 73.59211973774937 63.51060588391045
    vertex 3720.1411102573866 69.5921197377481 63.17923503400826
    vertex 3720.395380053543 69.5921197377478 63.51060588390673
  endloop
endfacet
facet normal -0.7933533402912437 -5.497337312974898e-13 0.6087614290087096
  outer loop
    vertex 3720.1411102573866 69.5921197377481 63.17923503400826
    vertex 3720.395380053543 73.59211973774937 63.51060588391045
    vertex 3720.1411102573866 73.59211973774968 63.17923503401198
  endloop
endfacet
facet normal -0.9238795325112594 -3.41366571938837e-13 0.38268343236515584
  outer loop
    vertex 3720.555220729551 73.592119737749 63.89649541174642
    vertex 3720.395380053543 69.5921197377478 63.51060588390673
    vertex 3720.555220729551 69.59211973774744 63.8964954117427
  endloop
endfacet
facet normal -0.9238795325112594 -3.41366571938837e-13 0.38268343236515584
  outer loop
    vertex 3720.395380053543 69.5921197377478 63.51060588390673
    vertex 3720.555220729551 73.592119737749 63.89649541174642
    vertex 3720.395380053543 73.59211973774937 63.51060588391045
  endloop
endfacet
facet normal -0.991444861373774 -1.0973584483761178e-13 0.1305261922203282
  outer loop
    vertex 3720.6097394074886 73.59211973774862 64.31060588391045
    vertex 3720.555220729551 69.59211973774744 63.8964954117427
    vertex 3720.6097394074886 69.59211973774705 64.31060588390673
  endloop
endfacet
facet normal -0.991444861373774 -1.0973584483761178e-13 0.1305261922203282
  outer loop
    vertex 3720.555220729551 69.59211973774744 63.8964954117427
    vertex 3720.6097394074886 73.59211973774862 64.31060588391045
    vertex 3720.555220729551 73.592119737749 63.89649541174642
  endloop
endfacet
facet normal -0.991444861373774 1.293731987429211e-13 -0.1305261922203282
  outer loop
    vertex 3720.5824800685195 73.59211973774846 64.51766111999247
    vertex 3720.6097394074886 69.59211973774705 64.31060588390673
    vertex 3720.5824800685195 69.5921197377469 64.51766111998874
  endloop
endfacet
facet normal -0.991444861373774 1.293731987429211e-13 -0.1305261922203282
  outer loop
    vertex 3720.6097394074886 69.59211973774705 64.31060588390673
    vertex 3720.5824800685195 73.59211973774846 64.51766111999247
    vertex 3720.6097394074886 73.59211973774862 64.31060588391045
  endloop
endfacet
facet normal -0.991444861373774 1.293731987429211e-13 -0.1305261922203282
  outer loop
    vertex 3720.555220729551 73.59211973774826 64.72471635607448
    vertex 3720.5824800685195 69.5921197377469 64.51766111998874
    vertex 3720.555220729551 69.59211973774669 64.72471635607076
  endloop
endfacet
facet normal -0.991444861373774 1.293731987429211e-13 -0.1305261922203282
  outer loop
    vertex 3720.5824800685195 69.5921197377469 64.51766111998874
    vertex 3720.555220729551 73.59211973774826 64.72471635607448
    vertex 3720.5824800685195 73.59211973774846 64.51766111999247
  endloop
endfacet
facet normal -0.9238795325112594 3.596656726277613e-13 -0.38268343236515584
  outer loop
    vertex 3720.395380053543 73.59211973774791 65.11060588391045
    vertex 3720.555220729551 69.59211973774669 64.72471635607076
    vertex 3720.395380053543 69.59211973774633 65.11060588390673
  endloop
endfacet
facet normal -0.9238795325112594 3.596656726277613e-13 -0.38268343236515584
  outer loop
    vertex 3720.555220729551 69.59211973774669 64.72471635607076
    vertex 3720.395380053543 73.59211973774791 65.11060588391045
    vertex 3720.555220729551 73.59211973774826 64.72471635607448
  endloop
endfacet
facet normal -0.7933533402912437 5.654475252987731e-13 -0.6087614290087096
  outer loop
    vertex 3720.1411102573866 73.59211973774761 65.44197673380891
    vertex 3720.395380053543 69.59211973774633 65.11060588390673
    vertex 3720.1411102573866 69.59211973774603 65.4419767338052
  endloop
endfacet
facet normal -0.7933533402912437 5.654475252987731e-13 -0.6087614290087096
  outer loop
    vertex 3720.395380053543 69.59211973774633 65.11060588390673
    vertex 3720.1411102573866 73.59211973774761 65.44197673380891
    vertex 3720.395380053543 73.59211973774791 65.11060588391045
  endloop
endfacet
facet normal -0.6087614290086744 7.326950635670033e-13 -0.7933533402912707
  outer loop
    vertex 3720.1411102573866 73.59211973774761 65.44197673380891
    vertex 3719.809739407488 69.5921197377458 65.69624652996183
    vertex 3719.809739407488 73.59211973774738 65.69624652996555
  endloop
endfacet
facet normal -0.6087614290086744 7.326950635670033e-13 -0.7933533402912707
  outer loop
    vertex 3719.809739407488 69.5921197377458 65.69624652996183
    vertex 3720.1411102573866 73.59211973774761 65.44197673380891
    vertex 3720.1411102573866 69.59211973774603 65.4419767338052
  endloop
endfacet
facet normal -0.38268343236525854 8.500106440888503e-13 -0.9238795325112168
  outer loop
    vertex 3719.809739407488 73.59211973774738 65.69624652996555
    vertex 3719.423849879652 69.59211973774565 65.85608720596923
    vertex 3719.423849879652 73.59211973774723 65.85608720597295
  endloop
endfacet
facet normal -0.38268343236525854 8.500106440888503e-13 -0.9238795325112168
  outer loop
    vertex 3719.423849879652 69.59211973774565 65.85608720596923
    vertex 3719.809739407488 73.59211973774738 65.69624652996555
    vertex 3719.809739407488 69.5921197377458 65.69624652996183
  endloop
endfacet
facet normal -0.13052619222005576 9.093994039252006e-13 -0.9914448613738098
  outer loop
    vertex 3719.423849879652 73.59211973774723 65.85608720597295
    vertex 3719.0097394074883 69.5921197377456 65.91060588390673
    vertex 3719.0097394074883 73.59211973774718 65.91060588391045
  endloop
endfacet
facet normal -0.13052619222005576 9.093994039252006e-13 -0.9914448613738098
  outer loop
    vertex 3719.0097394074883 69.5921197377456 65.91060588390673
    vertex 3719.423849879652 73.59211973774723 65.85608720597295
    vertex 3719.423849879652 69.59211973774565 65.85608720596923
  endloop
endfacet
facet normal 0.13052619222005576 9.068140972375587e-13 -0.9914448613738098
  outer loop
    vertex 3719.0097394074883 73.59211973774718 65.91060588391045
    vertex 3718.595628935324 69.59211973774566 65.85608720596923
    vertex 3718.595628935324 73.59211973774725 65.85608720597295
  endloop
endfacet
facet normal 0.13052619222005576 9.068140972375587e-13 -0.9914448613738098
  outer loop
    vertex 3718.595628935324 69.59211973774566 65.85608720596923
    vertex 3719.0097394074883 73.59211973774718 65.91060588391045
    vertex 3719.0097394074883 69.5921197377456 65.91060588390673
  endloop
endfacet
facet normal 0.382683432364953 8.424309084043823e-13 -0.9238795325113434
  outer loop
    vertex 3718.595628935324 73.59211973774725 65.85608720597295
    vertex 3718.2097394074876 69.59211973774582 65.69624652996183
    vertex 3718.2097394074876 73.59211973774738 65.69624652996555
  endloop
endfacet
facet normal 0.382683432364953 8.424309084043823e-13 -0.9238795325113434
  outer loop
    vertex 3718.2097394074876 69.59211973774582 65.69624652996183
    vertex 3718.595628935324 73.59211973774725 65.85608720597295
    vertex 3718.595628935324 69.59211973774566 65.85608720596923
  endloop
endfacet
facet normal 0.6087614290090917 7.206374453459801e-13 -0.7933533402909504
  outer loop
    vertex 3718.2097394074876 73.59211973774738 65.69624652996555
    vertex 3717.8783685575895 69.59211973774605 65.4419767338052
    vertex 3717.8783685575895 73.59211973774764 65.44197673380891
  endloop
endfacet
facet normal 0.6087614290090917 7.206374453459801e-13 -0.7933533402909504
  outer loop
    vertex 3717.8783685575895 69.59211973774605 65.4419767338052
    vertex 3718.2097394074876 73.59211973774738 65.69624652996555
    vertex 3718.2097394074876 69.59211973774582 65.69624652996183
  endloop
endfacet
facet normal 0.7933533402912437 5.497337312974898e-13 -0.6087614290087096
  outer loop
    vertex 3717.6240987614333 69.59211973774636 65.11060588390673
    vertex 3717.8783685575895 73.59211973774764 65.44197673380891
    vertex 3717.8783685575895 69.59211973774605 65.4419767338052
  endloop
endfacet
facet normal 0.7933533402912437 5.497337312974898e-13 -0.6087614290087096
  outer loop
    vertex 3717.8783685575895 73.59211973774764 65.44197673380891
    vertex 3717.6240987614333 69.59211973774636 65.11060588390673
    vertex 3717.6240987614333 73.59211973774792 65.11060588391045
  endloop
endfacet
facet normal 0.9238795325112594 3.41366571938837e-13 -0.38268343236515584
  outer loop
    vertex 3717.464258085425 69.59211973774671 64.72471635607076
    vertex 3717.6240987614333 73.59211973774792 65.11060588391045
    vertex 3717.6240987614333 69.59211973774636 65.11060588390673
  endloop
endfacet
facet normal 0.9238795325112594 3.41366571938837e-13 -0.38268343236515584
  outer loop
    vertex 3717.6240987614333 73.59211973774792 65.11060588391045
    vertex 3717.464258085425 69.59211973774671 64.72471635607076
    vertex 3717.464258085425 73.59211973774829 64.72471635607448
  endloop
endfacet
facet normal -0.9914448613738011 0.1305261922201238 -7.130704637316203e-12
  outer loop
    vertex 3725.3847968389946 135.10205751372874 -8.75644599411785
    vertex 3725.609686385487 136.81026321118688 -12.756445993876675
    vertex 3725.3847968389946 135.10205751351026 -12.756445993783357
  endloop
endfacet
facet normal -0.9914448613738011 0.1305261922201238 -7.130704637316203e-12
  outer loop
    vertex 3725.609686385487 136.81026321118688 -12.756445993876675
    vertex 3725.3847968389946 135.10205751372874 -8.75644599411785
    vertex 3725.609686385487 136.81026321140533 -8.75644599421117
  endloop
endfacet
facet normal -0.9914448613738013 -0.1305261922201221 7.1307046373160514e-12
  outer loop
    vertex 3725.609686385487 136.81026321140533 -8.75644599421117
    vertex 3725.3847968389946 138.5184689088635 -12.756445993969994
    vertex 3725.609686385487 136.81026321118688 -12.756445993876675
  endloop
endfacet
facet normal -0.9914448613738013 -0.1305261922201221 7.1307046373160514e-12
  outer loop
    vertex 3725.3847968389946 138.5184689088635 -12.756445993969994
    vertex 3725.609686385487 136.81026321140533 -8.75644599421117
    vertex 3725.3847968389946 138.51846890908197 -8.756445994304489
  endloop
endfacet
facet normal -0.9238795325113128 -0.382683432365027 2.0906168174946984e-11
  outer loop
    vertex 3725.3847968389946 138.51846890908197 -8.756445994304489
    vertex 3724.7254540504637 140.11026321118683 -12.75644599405695
    vertex 3725.3847968389946 138.5184689088635 -12.756445993969994
  endloop
endfacet
facet normal -0.9238795325113128 -0.382683432365027 2.0906168174946984e-11
  outer loop
    vertex 3724.7254540504637 140.11026321118683 -12.75644599405695
    vertex 3725.3847968389946 138.51846890908197 -8.756445994304489
    vertex 3724.7254540504637 140.1102632114053 -8.75644599439145
  endloop
endfacet
facet normal -0.7933533402912196 -0.608761429008741 3.3256910900543316e-11
  outer loop
    vertex 3724.7254540504637 140.1102632114053 -8.75644599439145
    vertex 3723.6765911413177 141.47716796701803 -12.756445994131623
    vertex 3724.7254540504637 140.11026321118683 -12.75644599405695
  endloop
endfacet
facet normal -0.7933533402912196 -0.608761429008741 3.3256910900543316e-11
  outer loop
    vertex 3723.6765911413177 141.47716796701803 -12.756445994131623
    vertex 3724.7254540504637 140.1102632114053 -8.75644599439145
    vertex 3723.6765911413177 141.4771679672365 -8.756445994466125
  endloop
endfacet
facet normal -0.6087614290087371 -0.7933533402912225 4.3341250107905194e-11
  outer loop
    vertex 3723.6765911413177 141.47716796701803 -12.756445994131623
    vertex 3722.3096863854867 142.52603087638258 -8.756445994523425
    vertex 3722.3096863854867 142.52603087616413 -12.756445994188924
  endloop
endfacet
facet normal -0.6087614290087371 -0.7933533402912225 4.3341250107905194e-11
  outer loop
    vertex 3722.3096863854867 142.52603087638258 -8.756445994523425
    vertex 3723.6765911413177 141.47716796701803 -12.756445994131623
    vertex 3723.6765911413177 141.4771679672365 -8.756445994466125
  endloop
endfacet
facet normal -0.3826834323650755 -0.9238795325112927 5.047195474521845e-11
  outer loop
    vertex 3722.3096863854867 142.52603087616413 -12.756445994188924
    vertex 3720.7178920831634 143.18537366491313 -8.756445994559446
    vertex 3720.7178920831634 143.18537366469468 -12.756445994224952
  endloop
endfacet
facet normal -0.3826834323650755 -0.9238795325112927 5.047195474521845e-11
  outer loop
    vertex 3720.7178920831634 143.18537366491313 -8.756445994559446
    vertex 3722.3096863854867 142.52603087616413 -12.756445994188924
    vertex 3722.3096863854867 142.52603087638258 -8.756445994523425
  endloop
endfacet
facet normal -0.13052619222005163 -0.9914448613738104 5.416307907549266e-11
  outer loop
    vertex 3720.7178920831634 143.18537366469468 -12.756445994224952
    vertex 3719.009686385487 143.41026321140527 -8.756445994571731
    vertex 3719.009686385487 143.41026321118682 -12.756445994237236
  endloop
endfacet
facet normal -0.13052619222005163 -0.9914448613738104 5.416307907549266e-11
  outer loop
    vertex 3719.009686385487 143.41026321140527 -8.756445994571731
    vertex 3720.7178920831634 143.18537366469468 -12.756445994224952
    vertex 3720.7178920831634 143.18537366491313 -8.756445994559446
  endloop
endfacet
facet normal 0.13052619222005163 -0.9914448613738104 5.416307907549266e-11
  outer loop
    vertex 3719.009686385487 143.41026321140527 -8.756445994571731
    vertex 3717.30148068781 143.18537366469468 -12.756445994224952
    vertex 3719.009686385487 143.41026321118682 -12.756445994237236
  endloop
endfacet
facet normal 0.13052619222005163 -0.9914448613738104 5.416307907549266e-11
  outer loop
    vertex 3717.30148068781 143.18537366469468 -12.756445994224952
    vertex 3719.009686385487 143.41026321140527 -8.756445994571731
    vertex 3717.30148068781 143.18537366491313 -8.756445994559446
  endloop
endfacet
facet normal 0.3826834323650755 -0.9238795325112927 5.0471954745218476e-11
  outer loop
    vertex 3717.30148068781 143.18537366491313 -8.756445994559446
    vertex 3715.7096863854867 142.52603087616413 -12.756445994188924
    vertex 3717.30148068781 143.18537366469468 -12.756445994224952
  endloop
endfacet
facet normal 0.3826834323650755 -0.9238795325112927 5.0471954745218476e-11
  outer loop
    vertex 3715.7096863854867 142.52603087616413 -12.756445994188924
    vertex 3717.30148068781 143.18537366491313 -8.756445994559446
    vertex 3715.7096863854867 142.52603087638258 -8.756445994523425
  endloop
endfacet
facet normal 0.6087614290087371 -0.7933533402912225 4.334125010790523e-11
  outer loop
    vertex 3715.7096863854867 142.52603087638258 -8.756445994523425
    vertex 3714.3427816296557 141.47716796701803 -12.756445994131623
    vertex 3715.7096863854867 142.52603087616413 -12.756445994188924
  endloop
endfacet
facet normal 0.6087614290087371 -0.7933533402912225 4.334125010790523e-11
  outer loop
    vertex 3714.3427816296557 141.47716796701803 -12.756445994131623
    vertex 3715.7096863854867 142.52603087638258 -8.756445994523425
    vertex 3714.3427816296557 141.4771679672365 -8.756445994466125
  endloop
endfacet
facet normal 0.7933533402912196 -0.608761429008741 3.325691090054336e-11
  outer loop
    vertex 3714.3427816296557 141.47716796701803 -12.756445994131623
    vertex 3713.2939187205097 140.1102632114053 -8.75644599439145
    vertex 3713.2939187205097 140.11026321118683 -12.75644599405695
  endloop
endfacet
facet normal 0.7933533402912196 -0.608761429008741 3.325691090054336e-11
  outer loop
    vertex 3713.2939187205097 140.1102632114053 -8.75644599439145
    vertex 3714.3427816296557 141.47716796701803 -12.756445994131623
    vertex 3714.3427816296557 141.4771679672365 -8.756445994466125
  endloop
endfacet
facet normal 0.9238795325113148 -0.3826834323650224 2.090616817494679e-11
  outer loop
    vertex 3713.2939187205097 140.11026321118683 -12.75644599405695
    vertex 3712.6345759319793 138.51846890908195 -8.756445994304489
    vertex 3712.6345759319793 138.51846890886347 -12.756445993969994
  endloop
endfacet
facet normal 0.9238795325113148 -0.3826834323650224 2.090616817494679e-11
  outer loop
    vertex 3712.6345759319793 138.51846890908195 -8.756445994304489
    vertex 3713.2939187205097 140.11026321118683 -12.75644599405695
    vertex 3713.2939187205097 140.1102632114053 -8.75644599439145
  endloop
endfacet
facet normal 0.9914448613738011 -0.1305261922201238 7.130704637316203e-12
  outer loop
    vertex 3712.6345759319793 138.51846890886347 -12.756445993969994
    vertex 3712.4096863854866 136.81026321140533 -8.75644599421117
    vertex 3712.4096863854866 136.81026321118688 -12.756445993876675
  endloop
endfacet
facet normal 0.9914448613738011 -0.1305261922201238 7.130704637316203e-12
  outer loop
    vertex 3712.4096863854866 136.81026321140533 -8.75644599421117
    vertex 3712.6345759319793 138.51846890886347 -12.756445993969994
    vertex 3712.6345759319793 138.51846890908195 -8.756445994304489
  endloop
endfacet
facet normal 0.9914448613738013 0.1305261922201221 -7.1307046373160514e-12
  outer loop
    vertex 3712.4096863854866 136.81026321118688 -12.756445993876675
    vertex 3712.6345759319793 135.1020575137287 -8.75644599411785
    vertex 3712.6345759319793 135.10205751351023 -12.756445993783357
  endloop
endfacet
facet normal 0.9914448613738013 0.1305261922201221 -7.1307046373160514e-12
  outer loop
    vertex 3712.6345759319793 135.1020575137287 -8.75644599411785
    vertex 3712.4096863854866 136.81026321118688 -12.756445993876675
    vertex 3712.4096863854866 136.81026321140533 -8.75644599421117
  endloop
endfacet
facet normal 0.9238795325113128 0.382683432365027 -2.0906168174946984e-11
  outer loop
    vertex 3712.6345759319793 135.10205751351023 -12.756445993783357
    vertex 3713.2939187205097 133.51026321140537 -8.756445994030889
    vertex 3713.2939187205097 133.5102632111869 -12.756445993696389
  endloop
endfacet
facet normal 0.9238795325113128 0.382683432365027 -2.0906168174946984e-11
  outer loop
    vertex 3713.2939187205097 133.51026321140537 -8.756445994030889
    vertex 3712.6345759319793 135.10205751351023 -12.756445993783357
    vertex 3712.6345759319793 135.1020575137287 -8.75644599411785
  endloop
endfacet
facet normal 0.7933533402912196 0.608761429008741 -3.3256910900543316e-11
  outer loop
    vertex 3713.2939187205097 133.5102632111869 -12.756445993696389
    vertex 3714.3427816296557 132.14335845557417 -8.756445993956214
    vertex 3714.3427816296557 132.1433584553557 -12.756445993621716
  endloop
endfacet
facet normal 0.7933533402912196 0.608761429008741 -3.3256910900543316e-11
  outer loop
    vertex 3714.3427816296557 132.14335845557417 -8.756445993956214
    vertex 3713.2939187205097 133.5102632111869 -12.756445993696389
    vertex 3713.2939187205097 133.51026321140537 -8.756445994030889
  endloop
endfacet
facet normal 0.6087614290087371 0.7933533402912225 -4.3341250107905194e-11
  outer loop
    vertex 3714.3427816296557 132.14335845557417 -8.756445993956214
    vertex 3715.7096863854867 131.09449554620963 -12.756445993564414
    vertex 3714.3427816296557 132.1433584553557 -12.756445993621716
  endloop
endfacet
facet normal 0.6087614290087371 0.7933533402912225 -4.3341250107905194e-11
  outer loop
    vertex 3715.7096863854867 131.09449554620963 -12.756445993564414
    vertex 3714.3427816296557 132.14335845557417 -8.756445993956214
    vertex 3715.7096863854867 131.09449554642808 -8.756445993898915
  endloop
endfacet
facet normal 0.3826834323650755 0.9238795325112927 -5.047195474521845e-11
  outer loop
    vertex 3715.7096863854867 131.09449554642808 -8.756445993898915
    vertex 3717.30148068781 130.43515275767905 -12.756445993528398
    vertex 3715.7096863854867 131.09449554620963 -12.756445993564414
  endloop
endfacet
facet normal 0.3826834323650755 0.9238795325112927 -5.047195474521845e-11
  outer loop
    vertex 3717.30148068781 130.43515275767905 -12.756445993528398
    vertex 3715.7096863854867 131.09449554642808 -8.756445993898915
    vertex 3717.30148068781 130.43515275789753 -8.756445993862894
  endloop
endfacet
facet normal 0.13052619222005163 0.9914448613738104 -5.416307907549266e-11
  outer loop
    vertex 3717.30148068781 130.43515275789753 -8.756445993862894
    vertex 3719.009686385487 130.2102632111869 -12.756445993516113
    vertex 3717.30148068781 130.43515275767905 -12.756445993528398
  endloop
endfacet
facet normal 0.13052619222005163 0.9914448613738104 -5.416307907549266e-11
  outer loop
    vertex 3719.009686385487 130.2102632111869 -12.756445993516113
    vertex 3717.30148068781 130.43515275789753 -8.756445993862894
    vertex 3719.009686385487 130.2102632114054 -8.756445993850608
  endloop
endfacet
facet normal -0.13052619222005163 0.9914448613738104 -5.416307907549266e-11
  outer loop
    vertex 3719.009686385487 130.2102632111869 -12.756445993516113
    vertex 3720.7178920831634 130.43515275789753 -8.756445993862894
    vertex 3720.7178920831634 130.43515275767905 -12.756445993528398
  endloop
endfacet
facet normal -0.13052619222005163 0.9914448613738104 -5.416307907549266e-11
  outer loop
    vertex 3720.7178920831634 130.43515275789753 -8.756445993862894
    vertex 3719.009686385487 130.2102632111869 -12.756445993516113
    vertex 3719.009686385487 130.2102632114054 -8.756445993850608
  endloop
endfacet
facet normal -0.3826834323650755 0.9238795325112927 -5.0471954745218476e-11
  outer loop
    vertex 3720.7178920831634 130.43515275767905 -12.756445993528398
    vertex 3722.3096863854867 131.09449554642808 -8.756445993898915
    vertex 3722.3096863854867 131.09449554620963 -12.756445993564414
  endloop
endfacet
facet normal -0.3826834323650755 0.9238795325112927 -5.0471954745218476e-11
  outer loop
    vertex 3722.3096863854867 131.09449554642808 -8.756445993898915
    vertex 3720.7178920831634 130.43515275767905 -12.756445993528398
    vertex 3720.7178920831634 130.43515275789753 -8.756445993862894
  endloop
endfacet
facet normal -0.6087614290087371 0.7933533402912225 -4.334125010790523e-11
  outer loop
    vertex 3722.3096863854867 131.09449554620963 -12.756445993564414
    vertex 3723.6765911413177 132.14335845557417 -8.756445993956214
    vertex 3723.6765911413177 132.1433584553557 -12.756445993621716
  endloop
endfacet
facet normal -0.6087614290087371 0.7933533402912225 -4.334125010790523e-11
  outer loop
    vertex 3723.6765911413177 132.14335845557417 -8.756445993956214
    vertex 3722.3096863854867 131.09449554620963 -12.756445993564414
    vertex 3722.3096863854867 131.09449554642808 -8.756445993898915
  endloop
endfacet
facet normal -0.7933533402912196 0.608761429008741 -3.325691090054336e-11
  outer loop
    vertex 3723.6765911413177 132.14335845557417 -8.756445993956214
    vertex 3724.7254540504637 133.5102632111869 -12.756445993696389
    vertex 3723.6765911413177 132.1433584553557 -12.756445993621716
  endloop
endfacet
facet normal -0.7933533402912196 0.608761429008741 -3.325691090054336e-11
  outer loop
    vertex 3724.7254540504637 133.5102632111869 -12.756445993696389
    vertex 3723.6765911413177 132.14335845557417 -8.756445993956214
    vertex 3724.7254540504637 133.51026321140537 -8.756445994030889
  endloop
endfacet
facet normal -0.9238795325113148 0.3826834323650224 -2.090616817494679e-11
  outer loop
    vertex 3724.7254540504637 133.51026321140537 -8.756445994030889
    vertex 3725.3847968389946 135.10205751351026 -12.756445993783357
    vertex 3724.7254540504637 133.5102632111869 -12.756445993696389
  endloop
endfacet
facet normal -0.9238795325113148 0.3826834323650224 -2.090616817494679e-11
  outer loop
    vertex 3725.3847968389946 135.10205751351026 -12.756445993783357
    vertex 3724.7254540504637 133.51026321140537 -8.756445994030889
    vertex 3725.3847968389946 135.10205751372874 -8.75644599411785
  endloop
endfacet
facet normal -0.9914448613737751 0.13052619222032125 -7.130881052716406e-12
  outer loop
    vertex 3720.5551677075496 146.49962237276213 -8.756445994740504
    vertex 3720.582427046518 146.70667760862565 -12.756445994417339
    vertex 3720.5551677075496 146.49962237254363 -12.756445994406036
  endloop
endfacet
facet normal -0.9914448613737751 0.13052619222032125 -7.130881052716406e-12
  outer loop
    vertex 3720.582427046518 146.70667760862565 -12.756445994417339
    vertex 3720.5551677075496 146.49962237276213 -8.756445994740504
    vertex 3720.582427046518 146.70667760884416 -8.756445994751816
  endloop
endfacet
facet normal -0.9914448613737732 0.1305261922203352 -7.130881052717169e-12
  outer loop
    vertex 3720.582427046518 146.70667760884416 -8.756445994751816
    vertex 3720.6096863854873 146.91373284470765 -12.75644599442864
    vertex 3720.582427046518 146.70667760862565 -12.756445994417339
  endloop
endfacet
facet normal -0.9914448613737732 0.1305261922203352 -7.130881052717169e-12
  outer loop
    vertex 3720.6096863854873 146.91373284470765 -12.75644599442864
    vertex 3720.582427046518 146.70667760884416 -8.756445994751816
    vertex 3720.6096863854873 146.91373284492616 -8.756445994763128
  endloop
endfacet
facet normal -0.991444861373774 -0.1305261922203282 7.130663819506781e-12
  outer loop
    vertex 3720.6096863854873 146.91373284492616 -8.756445994763128
    vertex 3720.5551677075496 147.32784331687168 -12.75644599445127
    vertex 3720.6096863854873 146.91373284470765 -12.75644599442864
  endloop
endfacet
facet normal -0.991444861373774 -0.1305261922203282 7.130663819506781e-12
  outer loop
    vertex 3720.5551677075496 147.32784331687168 -12.75644599445127
    vertex 3720.6096863854873 146.91373284492616 -8.756445994763128
    vertex 3720.5551677075496 147.3278433170902 -8.75644599478575
  endloop
endfacet
facet normal -0.9238795325112594 -0.38268343236515584 2.0906265736369395e-11
  outer loop
    vertex 3720.5551677075496 147.3278433170902 -8.75644599478575
    vertex 3720.3953270315415 147.71373284470766 -12.756445994472362
    vertex 3720.5551677075496 147.32784331687168 -12.75644599445127
  endloop
endfacet
facet normal -0.9238795325112594 -0.38268343236515584 2.0906265736369395e-11
  outer loop
    vertex 3720.3953270315415 147.71373284470766 -12.756445994472362
    vertex 3720.5551677075496 147.3278433170902 -8.75644599478575
    vertex 3720.3953270315415 147.71373284492617 -8.756445994806832
  endloop
endfacet
facet normal -0.7933533402912437 -0.6087614290087096 3.325714019254363e-11
  outer loop
    vertex 3720.3953270315415 147.71373284492617 -8.756445994806832
    vertex 3720.1410572353852 148.04510369460613 -12.756445994490454
    vertex 3720.3953270315415 147.71373284470766 -12.756445994472362
  endloop
endfacet
facet normal -0.7933533402912437 -0.6087614290087096 3.325714019254363e-11
  outer loop
    vertex 3720.1410572353852 148.04510369460613 -12.756445994490454
    vertex 3720.3953270315415 147.71373284492617 -8.756445994806832
    vertex 3720.1410572353852 148.04510369482463 -8.756445994824935
  endloop
endfacet
facet normal -0.6087614290086913 -0.7933533402912577 4.33415955046248e-11
  outer loop
    vertex 3720.1410572353852 148.04510369460613 -12.756445994490454
    vertex 3719.8096863854867 148.29937349098128 -8.756445994838826
    vertex 3719.8096863854867 148.29937349076278 -12.756445994504352
  endloop
endfacet
facet normal -0.6087614290086913 -0.7933533402912577 4.33415955046248e-11
  outer loop
    vertex 3719.8096863854867 148.29937349098128 -8.756445994838826
    vertex 3720.1410572353852 148.04510369460613 -12.756445994490454
    vertex 3720.1410572353852 148.04510369482463 -8.756445994824935
  endloop
endfacet
facet normal -0.38268343236523544 -0.9238795325112263 5.0472392708432644e-11
  outer loop
    vertex 3719.8096863854867 148.29937349076278 -12.756445994504352
    vertex 3719.423796857651 148.45921416698866 -8.756445994847558
    vertex 3719.423796857651 148.45921416677015 -12.756445994513083
  endloop
endfacet
facet normal -0.38268343236523544 -0.9238795325112263 5.0472392708432644e-11
  outer loop
    vertex 3719.423796857651 148.45921416698866 -8.756445994847558
    vertex 3719.8096863854867 148.29937349076278 -12.756445994504352
    vertex 3719.8096863854867 148.29937349098128 -8.756445994838826
  endloop
endfacet
facet normal -0.13052619222005576 -0.9914448613738098 5.416357975874107e-11
  outer loop
    vertex 3719.423796857651 148.45921416677015 -12.756445994513083
    vertex 3719.009686385487 148.51373284492615 -8.756445994850536
    vertex 3719.009686385487 148.51373284470765 -12.75644599451606
  endloop
endfacet
facet normal -0.13052619222005576 -0.9914448613738098 5.416357975874107e-11
  outer loop
    vertex 3719.009686385487 148.51373284492615 -8.756445994850536
    vertex 3719.423796857651 148.45921416677015 -12.756445994513083
    vertex 3719.423796857651 148.45921416698866 -8.756445994847558
  endloop
endfacet
facet normal 0.13052619222005576 -0.9914448613738098 5.4163608358035724e-11
  outer loop
    vertex 3719.009686385487 148.51373284492615 -8.756445994850536
    vertex 3718.5955759133226 148.45921416677015 -12.756445994513083
    vertex 3719.009686385487 148.51373284470765 -12.75644599451606
  endloop
endfacet
facet normal 0.13052619222005576 -0.9914448613738098 5.4163608358035724e-11
  outer loop
    vertex 3718.5955759133226 148.45921416677015 -12.756445994513083
    vertex 3719.009686385487 148.51373284492615 -8.756445994850536
    vertex 3718.5955759133226 148.45921416698866 -8.756445994847558
  endloop
endfacet
facet normal 0.38268343236492997 -0.923879532511353 5.047247655732887e-11
  outer loop
    vertex 3718.5955759133226 148.45921416698866 -8.756445994847558
    vertex 3718.2096863854863 148.29937349076278 -12.756445994504352
    vertex 3718.5955759133226 148.45921416677015 -12.756445994513083
  endloop
endfacet
facet normal 0.38268343236492997 -0.923879532511353 5.047247655732887e-11
  outer loop
    vertex 3718.2096863854863 148.29937349076278 -12.756445994504352
    vertex 3718.5955759133226 148.45921416698866 -8.756445994847558
    vertex 3718.2096863854863 148.29937349098128 -8.756445994838826
  endloop
endfacet
facet normal 0.6087614290091088 -0.7933533402909375 4.334172888892802e-11
  outer loop
    vertex 3718.2096863854863 148.29937349098128 -8.756445994838826
    vertex 3717.878315535588 148.04510369460613 -12.756445994490454
    vertex 3718.2096863854863 148.29937349076278 -12.756445994504352
  endloop
endfacet
facet normal 0.6087614290091088 -0.7933533402909375 4.334172888892802e-11
  outer loop
    vertex 3717.878315535588 148.04510369460613 -12.756445994490454
    vertex 3718.2096863854863 148.29937349098128 -8.756445994838826
    vertex 3717.878315535588 148.04510369482463 -8.756445994824935
  endloop
endfacet
facet normal 0.7933533402912437 -0.6087614290087096 3.325731402237472e-11
  outer loop
    vertex 3717.878315535588 148.04510369460613 -12.756445994490454
    vertex 3717.624045739432 147.71373284492617 -8.756445994806832
    vertex 3717.624045739432 147.71373284470766 -12.756445994472362
  endloop
endfacet
facet normal 0.7933533402912437 -0.6087614290087096 3.325731402237472e-11
  outer loop
    vertex 3717.624045739432 147.71373284492617 -8.756445994806832
    vertex 3717.878315535588 148.04510369460613 -12.756445994490454
    vertex 3717.878315535588 148.04510369482463 -8.756445994824935
  endloop
endfacet
facet normal 0.9238795325112594 -0.38268343236515584 2.0906468165495132e-11
  outer loop
    vertex 3717.624045739432 147.71373284470766 -12.756445994472362
    vertex 3717.464205063424 147.3278433170902 -8.75644599478575
    vertex 3717.464205063424 147.32784331687168 -12.75644599445127
  endloop
endfacet
facet normal 0.9238795325112594 -0.38268343236515584 2.0906468165495132e-11
  outer loop
    vertex 3717.464205063424 147.3278433170902 -8.75644599478575
    vertex 3717.624045739432 147.71373284470766 -12.756445994472362
    vertex 3717.624045739432 147.71373284492617 -8.756445994806832
  endloop
endfacet
facet normal 0.991444861373774 -0.1305261922203282 7.130881052716786e-12
  outer loop
    vertex 3717.464205063424 147.32784331687168 -12.75644599445127
    vertex 3717.4096863854866 146.91373284492616 -8.756445994763128
    vertex 3717.4096863854866 146.91373284470765 -12.75644599442864
  endloop
endfacet
facet normal 0.991444861373774 -0.1305261922203282 7.130881052716786e-12
  outer loop
    vertex 3717.4096863854866 146.91373284492616 -8.756445994763128
    vertex 3717.464205063424 147.32784331687168 -12.75644599445127
    vertex 3717.464205063424 147.3278433170902 -8.75644599478575
  endloop
endfacet
facet normal 0.9914448613737732 0.1305261922203352 -7.130663819507163e-12
  outer loop
    vertex 3717.4096863854866 146.91373284470765 -12.75644599442864
    vertex 3717.436945724455 146.70667760884416 -8.756445994751816
    vertex 3717.436945724455 146.70667760862565 -12.756445994417339
  endloop
endfacet
facet normal 0.9914448613737732 0.1305261922203352 -7.130663819507163e-12
  outer loop
    vertex 3717.436945724455 146.70667760884416 -8.756445994751816
    vertex 3717.4096863854866 146.91373284470765 -12.75644599442864
    vertex 3717.4096863854866 146.91373284492616 -8.756445994763128
  endloop
endfacet
facet normal 0.9914448613737751 0.13052619222032125 -7.1306638195064e-12
  outer loop
    vertex 3717.436945724455 146.70667760862565 -12.756445994417339
    vertex 3717.464205063424 146.49962237276213 -8.756445994740504
    vertex 3717.464205063424 146.49962237254363 -12.756445994406036
  endloop
endfacet
facet normal 0.9914448613737751 0.13052619222032125 -7.1306638195064e-12
  outer loop
    vertex 3717.464205063424 146.49962237276213 -8.756445994740504
    vertex 3717.436945724455 146.70667760862565 -12.756445994417339
    vertex 3717.436945724455 146.70667760884416 -8.756445994751816
  endloop
endfacet
facet normal 0.9238795325112594 0.38268343236515584 -2.0906265736369395e-11
  outer loop
    vertex 3717.464205063424 146.49962237254363 -12.756445994406036
    vertex 3717.624045739432 146.11373284492618 -8.756445994719423
    vertex 3717.624045739432 146.11373284470767 -12.756445994384944
  endloop
endfacet
facet normal 0.9238795325112594 0.38268343236515584 -2.0906265736369395e-11
  outer loop
    vertex 3717.624045739432 146.11373284492618 -8.756445994719423
    vertex 3717.464205063424 146.49962237254363 -12.756445994406036
    vertex 3717.464205063424 146.49962237276213 -8.756445994740504
  endloop
endfacet
facet normal 0.7933533402912437 0.6087614290087096 -3.325714019254363e-11
  outer loop
    vertex 3717.624045739432 146.11373284470767 -12.756445994384944
    vertex 3717.878315535588 145.7823619950277 -8.75644599470132
    vertex 3717.878315535588 145.78236199480918 -12.75644599436685
  endloop
endfacet
facet normal 0.7933533402912437 0.6087614290087096 -3.325714019254363e-11
  outer loop
    vertex 3717.878315535588 145.7823619950277 -8.75644599470132
    vertex 3717.624045739432 146.11373284470767 -12.756445994384944
    vertex 3717.624045739432 146.11373284492618 -8.756445994719423
  endloop
endfacet
facet normal 0.6087614290086913 0.7933533402912577 -4.33415955046248e-11
  outer loop
    vertex 3717.878315535588 145.7823619950277 -8.75644599470132
    vertex 3718.2096863854867 145.52809219865256 -12.756445994352953
    vertex 3717.878315535588 145.78236199480918 -12.75644599436685
  endloop
endfacet
facet normal 0.6087614290086913 0.7933533402912577 -4.33415955046248e-11
  outer loop
    vertex 3718.2096863854867 145.52809219865256 -12.756445994352953
    vertex 3717.878315535588 145.7823619950277 -8.75644599470132
    vertex 3718.2096863854867 145.52809219887106 -8.756445994687429
  endloop
endfacet
facet normal 0.38268343236523544 0.9238795325112263 -5.0472392708432644e-11
  outer loop
    vertex 3718.2096863854867 145.52809219887106 -8.756445994687429
    vertex 3718.5955759133226 145.36825152264515 -12.756445994344222
    vertex 3718.2096863854867 145.52809219865256 -12.756445994352953
  endloop
endfacet
facet normal 0.38268343236523544 0.9238795325112263 -5.0472392708432644e-11
  outer loop
    vertex 3718.5955759133226 145.36825152264515 -12.756445994344222
    vertex 3718.2096863854867 145.52809219887106 -8.756445994687429
    vertex 3718.5955759133226 145.36825152286366 -8.756445994678696
  endloop
endfacet
facet normal 0.13052619222005576 0.9914448613738098 -5.416357975874107e-11
  outer loop
    vertex 3718.5955759133226 145.36825152286366 -8.756445994678696
    vertex 3719.009686385487 145.31373284470766 -12.756445994341245
    vertex 3718.5955759133226 145.36825152264515 -12.756445994344222
  endloop
endfacet
facet normal 0.13052619222005576 0.9914448613738098 -5.416357975874107e-11
  outer loop
    vertex 3719.009686385487 145.31373284470766 -12.756445994341245
    vertex 3718.5955759133226 145.36825152286366 -8.756445994678696
    vertex 3719.009686385487 145.31373284492616 -8.756445994675719
  endloop
endfacet
facet normal -0.13052619222005576 0.9914448613738098 -5.4163608358035724e-11
  outer loop
    vertex 3719.009686385487 145.31373284470766 -12.756445994341245
    vertex 3719.423796857651 145.36825152286366 -8.756445994678696
    vertex 3719.423796857651 145.36825152264515 -12.756445994344222
  endloop
endfacet
facet normal -0.13052619222005576 0.9914448613738098 -5.4163608358035724e-11
  outer loop
    vertex 3719.423796857651 145.36825152286366 -8.756445994678696
    vertex 3719.009686385487 145.31373284470766 -12.756445994341245
    vertex 3719.009686385487 145.31373284492616 -8.756445994675719
  endloop
endfacet
facet normal -0.38268343236492997 0.923879532511353 -5.047247655732887e-11
  outer loop
    vertex 3719.423796857651 145.36825152264515 -12.756445994344222
    vertex 3719.809686385487 145.52809219887106 -8.756445994687429
    vertex 3719.809686385487 145.52809219865256 -12.756445994352953
  endloop
endfacet
facet normal -0.38268343236492997 0.923879532511353 -5.047247655732887e-11
  outer loop
    vertex 3719.809686385487 145.52809219887106 -8.756445994687429
    vertex 3719.423796857651 145.36825152264515 -12.756445994344222
    vertex 3719.423796857651 145.36825152286366 -8.756445994678696
  endloop
endfacet
facet normal -0.6087614290091088 0.7933533402909375 -4.334172888892802e-11
  outer loop
    vertex 3719.809686385487 145.52809219865256 -12.756445994352953
    vertex 3720.1410572353852 145.7823619950277 -8.75644599470132
    vertex 3720.1410572353852 145.78236199480918 -12.75644599436685
  endloop
endfacet
facet normal -0.6087614290091088 0.7933533402909375 -4.334172888892802e-11
  outer loop
    vertex 3720.1410572353852 145.7823619950277 -8.75644599470132
    vertex 3719.809686385487 145.52809219865256 -12.756445994352953
    vertex 3719.809686385487 145.52809219887106 -8.756445994687429
  endloop
endfacet
facet normal -0.7933533402912437 0.6087614290087096 -3.325731402237472e-11
  outer loop
    vertex 3720.1410572353852 145.7823619950277 -8.75644599470132
    vertex 3720.3953270315415 146.11373284470767 -12.756445994384944
    vertex 3720.1410572353852 145.78236199480918 -12.75644599436685
  endloop
endfacet
facet normal -0.7933533402912437 0.6087614290087096 -3.325731402237472e-11
  outer loop
    vertex 3720.3953270315415 146.11373284470767 -12.756445994384944
    vertex 3720.1410572353852 145.7823619950277 -8.75644599470132
    vertex 3720.3953270315415 146.11373284492618 -8.756445994719423
  endloop
endfacet
facet normal -0.9238795325112594 0.38268343236515584 -2.0906468165495132e-11
  outer loop
    vertex 3720.3953270315415 146.11373284492618 -8.756445994719423
    vertex 3720.5551677075496 146.49962237254363 -12.756445994406036
    vertex 3720.3953270315415 146.11373284470767 -12.756445994384944
  endloop
endfacet
facet normal -0.9238795325112594 0.38268343236515584 -2.0906468165495132e-11
  outer loop
    vertex 3720.5551677075496 146.49962237254363 -12.756445994406036
    vertex 3720.3953270315415 146.11373284492618 -8.756445994719423
    vertex 3720.5551677075496 146.49962237276213 -8.756445994740504
  endloop
endfacet
facet normal -0.13052619222010886 -0.9914448613738028 5.4162761712326e-11
  outer loop
    vertex 3709.3203272241303 138.35574453324918 -12.756445993961124
    vertex 3709.1132719880475 138.3830038724366 -8.756445994297088
    vertex 3709.1132719880475 138.38300387221793 -12.756445993962613
  endloop
endfacet
facet normal -0.13052619222010886 -0.9914448613738028 5.4162761712326e-11
  outer loop
    vertex 3709.1132719880475 138.3830038724366 -8.756445994297088
    vertex 3709.3203272241303 138.35574453324918 -12.756445993961124
    vertex 3709.3203272241303 138.35574453346783 -8.7564459942956
  endloop
endfacet
facet normal -0.1305261922200027 -0.9914448613738169 5.4162761712326767e-11
  outer loop
    vertex 3709.1132719880475 138.38300387221793 -12.756445993962613
    vertex 3708.9062167519664 138.41026321140532 -8.756445994298579
    vertex 3708.9062167519664 138.41026321118667 -12.756445993964102
  endloop
endfacet
facet normal -0.1305261922200027 -0.9914448613738169 5.4162761712326767e-11
  outer loop
    vertex 3708.9062167519664 138.41026321140532 -8.756445994298579
    vertex 3709.1132719880475 138.38300387221793 -12.756445993962613
    vertex 3709.1132719880475 138.3830038724366 -8.756445994297088
  endloop
endfacet
facet normal 0.13052619222005576 -0.9914448613738098 5.416276171232638e-11
  outer loop
    vertex 3708.9062167519664 138.41026321140532 -8.756445994298579
    vertex 3708.492106279802 138.35574453324918 -12.756445993961124
    vertex 3708.9062167519664 138.41026321118667 -12.756445993964102
  endloop
endfacet
facet normal 0.13052619222005576 -0.9914448613738098 5.416276171232638e-11
  outer loop
    vertex 3708.492106279802 138.35574453324918 -12.756445993961124
    vertex 3708.9062167519664 138.41026321140532 -8.756445994298579
    vertex 3708.492106279802 138.35574453346783 -8.7564459942956
  endloop
endfacet
facet normal 0.38268343236492997 -0.923879532511353 5.047165900983081e-11
  outer loop
    vertex 3708.492106279802 138.35574453346783 -8.7564459942956
    vertex 3708.106216751966 138.19590385724177 -12.756445993952394
    vertex 3708.492106279802 138.35574453324918 -12.756445993961124
  endloop
endfacet
facet normal 0.38268343236492997 -0.923879532511353 5.047165900983081e-11
  outer loop
    vertex 3708.106216751966 138.19590385724177 -12.756445993952394
    vertex 3708.492106279802 138.35574453346783 -8.7564459942956
    vertex 3708.106216751966 138.19590385746045 -8.756445994286867
  endloop
endfacet
facet normal 0.6087614290091088 -0.7933533402909375 4.334099615415217e-11
  outer loop
    vertex 3708.106216751966 138.19590385746045 -8.756445994286867
    vertex 3707.7748459020677 137.94163406108513 -12.756445993938497
    vertex 3708.106216751966 138.19590385724177 -12.756445993952394
  endloop
endfacet
facet normal 0.6087614290091088 -0.7933533402909375 4.334099615415217e-11
  outer loop
    vertex 3707.7748459020677 137.94163406108513 -12.756445993938497
    vertex 3708.106216751966 138.19590385746045 -8.756445994286867
    vertex 3707.7748459020677 137.9416340613038 -8.756445994272976
  endloop
endfacet
facet normal 0.7933533402912437 -0.6087614290087096 3.3256716034985166e-11
  outer loop
    vertex 3707.7748459020677 137.94163406108513 -12.756445993938497
    vertex 3707.520576105911 137.61026321140534 -8.756445994254873
    vertex 3707.520576105911 137.61026321118666 -12.756445993920403
  endloop
endfacet
facet normal 0.7933533402912437 -0.6087614290087096 3.3256716034985166e-11
  outer loop
    vertex 3707.520576105911 137.61026321140534 -8.756445994254873
    vertex 3707.7748459020677 137.94163406108513 -12.756445993938497
    vertex 3707.7748459020677 137.9416340613038 -8.756445994272976
  endloop
endfacet
facet normal 0.9238795325112594 -0.38268343236515584 2.090604567734425e-11
  outer loop
    vertex 3707.520576105911 137.61026321118666 -12.756445993920403
    vertex 3707.3607354299033 137.22437368356935 -8.756445994233793
    vertex 3707.3607354299033 137.2243736833507 -12.75644599389931
  endloop
endfacet
facet normal 0.9238795325112594 -0.38268343236515584 2.090604567734425e-11
  outer loop
    vertex 3707.3607354299033 137.22437368356935 -8.756445994233793
    vertex 3707.520576105911 137.61026321118666 -12.756445993920403
    vertex 3707.520576105911 137.61026321140534 -8.756445994254873
  endloop
endfacet
facet normal 0.991444861373774 -0.1305261922203282 7.1306628556738615e-12
  outer loop
    vertex 3707.3607354299033 137.2243736833507 -12.75644599389931
    vertex 3707.306216751966 136.81026321140533 -8.75644599421117
    vertex 3707.306216751966 136.81026321118665 -12.756445993876694
  endloop
endfacet
facet normal 0.991444861373774 -0.1305261922203282 7.1306628556738615e-12
  outer loop
    vertex 3707.306216751966 136.81026321140533 -8.75644599421117
    vertex 3707.3607354299033 137.2243736833507 -12.75644599389931
    vertex 3707.3607354299033 137.22437368356935 -8.756445994233793
  endloop
endfacet
facet normal 0.991444861373774 0.1305261922203282 -7.1306628556738615e-12
  outer loop
    vertex 3707.306216751966 136.81026321118665 -12.756445993876694
    vertex 3707.3607354299033 136.3961527392413 -8.756445994188546
    vertex 3707.3607354299033 136.39615273902263 -12.756445993854067
  endloop
endfacet
facet normal 0.991444861373774 0.1305261922203282 -7.1306628556738615e-12
  outer loop
    vertex 3707.3607354299033 136.3961527392413 -8.756445994188546
    vertex 3707.306216751966 136.81026321118665 -12.756445993876694
    vertex 3707.306216751966 136.81026321140533 -8.75644599421117
  endloop
endfacet
facet normal 0.9238795325112594 0.38268343236515584 -2.090604567734425e-11
  outer loop
    vertex 3707.3607354299033 136.39615273902263 -12.756445993854067
    vertex 3707.520576105911 136.01026321140534 -8.756445994167466
    vertex 3707.520576105911 136.01026321118667 -12.756445993832985
  endloop
endfacet
facet normal 0.9238795325112594 0.38268343236515584 -2.090604567734425e-11
  outer loop
    vertex 3707.520576105911 136.01026321140534 -8.756445994167466
    vertex 3707.3607354299033 136.39615273902263 -12.756445993854067
    vertex 3707.3607354299033 136.3961527392413 -8.756445994188546
  endloop
endfacet
facet normal 0.7933533402912437 0.6087614290087096 -3.3256716034985166e-11
  outer loop
    vertex 3707.520576105911 136.01026321118667 -12.756445993832985
    vertex 3707.7748459020677 135.67889236150685 -8.756445994149363
    vertex 3707.7748459020677 135.6788923612882 -12.756445993814893
  endloop
endfacet
facet normal 0.7933533402912437 0.6087614290087096 -3.3256716034985166e-11
  outer loop
    vertex 3707.7748459020677 135.67889236150685 -8.756445994149363
    vertex 3707.520576105911 136.01026321118667 -12.756445993832985
    vertex 3707.520576105911 136.01026321140534 -8.756445994167466
  endloop
endfacet
facet normal 0.6087614290086913 0.7933533402912577 -4.334099615416967e-11
  outer loop
    vertex 3707.7748459020677 135.67889236150685 -8.756445994149363
    vertex 3708.1062167519663 135.42462256513156 -12.756445993800995
    vertex 3707.7748459020677 135.6788923612882 -12.756445993814893
  endloop
endfacet
facet normal 0.6087614290086913 0.7933533402912577 -4.334099615416967e-11
  outer loop
    vertex 3708.1062167519663 135.42462256513156 -12.756445993800995
    vertex 3707.7748459020677 135.67889236150685 -8.756445994149363
    vertex 3708.1062167519663 135.42462256535023 -8.756445994135472
  endloop
endfacet
facet normal 0.38268343236523544 0.9238795325112263 -5.0471659009823884e-11
  outer loop
    vertex 3708.1062167519663 135.42462256535023 -8.756445994135472
    vertex 3708.492106279802 135.26478188912415 -12.756445993792264
    vertex 3708.1062167519663 135.42462256513156 -12.756445993800995
  endloop
endfacet
facet normal 0.38268343236523544 0.9238795325112263 -5.0471659009823884e-11
  outer loop
    vertex 3708.492106279802 135.26478188912415 -12.756445993792264
    vertex 3708.1062167519663 135.42462256535023 -8.756445994135472
    vertex 3708.492106279802 135.26478188934283 -8.75644599412674
  endloop
endfacet
facet normal 0.13052619222005576 0.9914448613738098 -5.416276171232638e-11
  outer loop
    vertex 3708.492106279802 135.26478188934283 -8.75644599412674
    vertex 3708.9062167519664 135.21026321118666 -12.756445993789287
    vertex 3708.492106279802 135.26478188912415 -12.756445993792264
  endloop
endfacet
facet normal 0.13052619222005576 0.9914448613738098 -5.416276171232638e-11
  outer loop
    vertex 3708.9062167519664 135.21026321118666 -12.756445993789287
    vertex 3708.492106279802 135.26478188934283 -8.75644599412674
    vertex 3708.9062167519664 135.21026321140533 -8.75644599412376
  endloop
endfacet
facet normal -0.1305261922200027 0.9914448613738169 -5.4162761712326767e-11
  outer loop
    vertex 3708.9062167519664 135.21026321118666 -12.756445993789287
    vertex 3709.1132719880475 135.23752255037408 -8.75644599412525
    vertex 3709.1132719880475 135.2375225501554 -12.756445993790775
  endloop
endfacet
facet normal -0.1305261922200027 0.9914448613738169 -5.4162761712326767e-11
  outer loop
    vertex 3709.1132719880475 135.23752255037408 -8.75644599412525
    vertex 3708.9062167519664 135.21026321118666 -12.756445993789287
    vertex 3708.9062167519664 135.21026321140533 -8.75644599412376
  endloop
endfacet
facet normal -0.13052619222010886 0.9914448613738028 -5.4162761712326e-11
  outer loop
    vertex 3709.1132719880475 135.2375225501554 -12.756445993790775
    vertex 3709.3203272241303 135.26478188934283 -8.75644599412674
    vertex 3709.3203272241303 135.26478188912415 -12.756445993792264
  endloop
endfacet
facet normal -0.13052619222010886 0.9914448613738028 -5.4162761712326e-11
  outer loop
    vertex 3709.3203272241303 135.26478188934283 -8.75644599412674
    vertex 3709.1132719880475 135.2375225501554 -12.756445993790775
    vertex 3709.1132719880475 135.23752255037408 -8.75644599412525
  endloop
endfacet
facet normal -0.38268343236492997 0.923879532511353 -5.047165900983081e-11
  outer loop
    vertex 3709.3203272241303 135.26478188912415 -12.756445993792264
    vertex 3709.706216751966 135.42462256535023 -8.756445994135472
    vertex 3709.706216751966 135.42462256513156 -12.756445993800995
  endloop
endfacet
facet normal -0.38268343236492997 0.923879532511353 -5.047165900983081e-11
  outer loop
    vertex 3709.706216751966 135.42462256535023 -8.756445994135472
    vertex 3709.3203272241303 135.26478188912415 -12.756445993792264
    vertex 3709.3203272241303 135.26478188934283 -8.75644599412674
  endloop
endfacet
facet normal -0.6087614290091088 0.7933533402909375 -4.334099615415217e-11
  outer loop
    vertex 3709.706216751966 135.42462256513156 -12.756445993800995
    vertex 3710.0375876018643 135.67889236150685 -8.756445994149363
    vertex 3710.0375876018643 135.6788923612882 -12.756445993814893
  endloop
endfacet
facet normal -0.6087614290091088 0.7933533402909375 -4.334099615415217e-11
  outer loop
    vertex 3710.0375876018643 135.67889236150685 -8.756445994149363
    vertex 3709.706216751966 135.42462256513156 -12.756445993800995
    vertex 3709.706216751966 135.42462256535023 -8.756445994135472
  endloop
endfacet
facet normal -0.7933533402912437 0.6087614290087096 -3.3256716034985166e-11
  outer loop
    vertex 3710.0375876018643 135.67889236150685 -8.756445994149363
    vertex 3710.291857398021 136.01026321118667 -12.756445993832985
    vertex 3710.0375876018643 135.6788923612882 -12.756445993814893
  endloop
endfacet
facet normal -0.7933533402912437 0.6087614290087096 -3.3256716034985166e-11
  outer loop
    vertex 3710.291857398021 136.01026321118667 -12.756445993832985
    vertex 3710.0375876018643 135.67889236150685 -8.756445994149363
    vertex 3710.291857398021 136.01026321140534 -8.756445994167466
  endloop
endfacet
facet normal -0.9238795325112594 0.38268343236515584 -2.090604567734425e-11
  outer loop
    vertex 3710.291857398021 136.01026321140534 -8.756445994167466
    vertex 3710.451698074028 136.39615273902263 -12.756445993854067
    vertex 3710.291857398021 136.01026321118667 -12.756445993832985
  endloop
endfacet
facet normal -0.9238795325112594 0.38268343236515584 -2.090604567734425e-11
  outer loop
    vertex 3710.451698074028 136.39615273902263 -12.756445993854067
    vertex 3710.291857398021 136.01026321140534 -8.756445994167466
    vertex 3710.451698074028 136.3961527392413 -8.756445994188546
  endloop
endfacet
facet normal -0.991444861373774 0.1305261922203282 -7.1306628556738615e-12
  outer loop
    vertex 3710.451698074028 136.3961527392413 -8.756445994188546
    vertex 3710.506216751966 136.81026321118665 -12.756445993876694
    vertex 3710.451698074028 136.39615273902263 -12.756445993854067
  endloop
endfacet
facet normal -0.991444861373774 0.1305261922203282 -7.1306628556738615e-12
  outer loop
    vertex 3710.506216751966 136.81026321118665 -12.756445993876694
    vertex 3710.451698074028 136.3961527392413 -8.756445994188546
    vertex 3710.506216751966 136.81026321140533 -8.75644599421117
  endloop
endfacet
facet normal -0.991444861373774 -0.1305261922203282 7.1306628556738615e-12
  outer loop
    vertex 3710.506216751966 136.81026321140533 -8.75644599421117
    vertex 3710.451698074028 137.2243736833507 -12.75644599389931
    vertex 3710.506216751966 136.81026321118665 -12.756445993876694
  endloop
endfacet
facet normal -0.991444861373774 -0.1305261922203282 7.1306628556738615e-12
  outer loop
    vertex 3710.451698074028 137.2243736833507 -12.75644599389931
    vertex 3710.506216751966 136.81026321140533 -8.75644599421117
    vertex 3710.451698074028 137.22437368356935 -8.756445994233793
  endloop
endfacet
facet normal -0.9238795325112594 -0.38268343236515584 2.090604567734425e-11
  outer loop
    vertex 3710.451698074028 137.22437368356935 -8.756445994233793
    vertex 3710.291857398021 137.61026321118666 -12.756445993920403
    vertex 3710.451698074028 137.2243736833507 -12.75644599389931
  endloop
endfacet
facet normal -0.9238795325112594 -0.38268343236515584 2.090604567734425e-11
  outer loop
    vertex 3710.291857398021 137.61026321118666 -12.756445993920403
    vertex 3710.451698074028 137.22437368356935 -8.756445994233793
    vertex 3710.291857398021 137.61026321140534 -8.756445994254873
  endloop
endfacet
facet normal -0.7933533402912437 -0.6087614290087096 3.3256716034985166e-11
  outer loop
    vertex 3710.291857398021 137.61026321140534 -8.756445994254873
    vertex 3710.0375876018643 137.94163406108513 -12.756445993938497
    vertex 3710.291857398021 137.61026321118666 -12.756445993920403
  endloop
endfacet
facet normal -0.7933533402912437 -0.6087614290087096 3.3256716034985166e-11
  outer loop
    vertex 3710.0375876018643 137.94163406108513 -12.756445993938497
    vertex 3710.291857398021 137.61026321140534 -8.756445994254873
    vertex 3710.0375876018643 137.9416340613038 -8.756445994272976
  endloop
endfacet
facet normal -0.6087614290086913 -0.7933533402912577 4.334099615416967e-11
  outer loop
    vertex 3710.0375876018643 137.94163406108513 -12.756445993938497
    vertex 3709.706216751966 138.19590385746045 -8.756445994286867
    vertex 3709.706216751966 138.19590385724177 -12.756445993952394
  endloop
endfacet
facet normal -0.6087614290086913 -0.7933533402912577 4.334099615416967e-11
  outer loop
    vertex 3709.706216751966 138.19590385746045 -8.756445994286867
    vertex 3710.0375876018643 137.94163406108513 -12.756445993938497
    vertex 3710.0375876018643 137.9416340613038 -8.756445994272976
  endloop
endfacet
facet normal -0.38268343236523544 -0.9238795325112263 5.0471659009823884e-11
  outer loop
    vertex 3709.706216751966 138.19590385724177 -12.756445993952394
    vertex 3709.3203272241303 138.35574453346783 -8.7564459942956
    vertex 3709.3203272241303 138.35574453324918 -12.756445993961124
  endloop
endfacet
facet normal -0.38268343236523544 -0.9238795325112263 5.0471659009823884e-11
  outer loop
    vertex 3709.3203272241303 138.35574453346783 -8.7564459942956
    vertex 3709.706216751966 138.19590385724177 -12.756445993952394
    vertex 3709.706216751966 138.19590385746045 -8.756445994286867
  endloop
endfacet
facet normal 0.2588190451024314 0.9659258262890922 -5.276859217563293e-11
  outer loop
    vertex 3728.500862527224 135.3320559593872 -8.756445994130416
    vertex 3728.904314111456 135.22395143298854 -12.756445993790006
    vertex 3728.500862527224 135.33205595916854 -12.756445993795916
  endloop
endfacet
facet normal 0.2588190451024314 0.9659258262890922 -5.276859217563293e-11
  outer loop
    vertex 3728.904314111456 135.22395143298854 -12.756445993790006
    vertex 3728.500862527224 135.3320559593872 -8.756445994130416
    vertex 3728.904314111456 135.22395143320722 -8.75644599412451
  endloop
endfacet
facet normal -1.0802301187924942e-13 1.0 -5.463006655320699e-11
  outer loop
    vertex 3728.904314111456 135.22395143320722 -8.75644599412451
    vertex 3729.32199792656 135.2239514329886 -12.756445993790006
    vertex 3728.904314111456 135.22395143298854 -12.756445993790006
  endloop
endfacet
facet normal -1.0802301187924942e-13 1.0 -5.463006655320699e-11
  outer loop
    vertex 3729.32199792656 135.2239514329886 -12.756445993790006
    vertex 3728.904314111456 135.22395143320722 -8.75644599412451
    vertex 3729.32199792656 135.22395143320728 -8.75644599412451
  endloop
endfacet
facet normal -0.25881904510268344 0.9659258262890248 -5.2768592175632504e-11
  outer loop
    vertex 3729.32199792656 135.2239514329886 -12.756445993790006
    vertex 3729.725449510792 135.33205595938736 -8.756445994130416
    vertex 3729.725449510792 135.33205595916868 -12.756445993795916
  endloop
endfacet
facet normal -0.25881904510268344 0.9659258262890248 -5.2768592175632504e-11
  outer loop
    vertex 3729.725449510792 135.33205595938736 -8.756445994130416
    vertex 3729.32199792656 135.2239514329886 -12.756445993790006
    vertex 3729.32199792656 135.22395143320728 -8.75644599412451
  endloop
endfacet
facet normal -0.4999999999999263 0.8660254037844812 -4.731102544551732e-11
  outer loop
    vertex 3729.725449510792 135.33205595916868 -12.756445993795916
    vertex 3730.087174305422 135.54089786693947 -8.756445994141824
    vertex 3730.087174305422 135.54089786672083 -12.756445993807286
  endloop
endfacet
facet normal -0.4999999999999263 0.8660254037844812 -4.731102544551732e-11
  outer loop
    vertex 3730.087174305422 135.54089786693947 -8.756445994141824
    vertex 3729.725449510792 135.33205595916868 -12.756445993795916
    vertex 3729.725449510792 135.33205595938736 -8.756445994130416
  endloop
endfacet
facet normal -0.7071067811865476 0.7071067811865476 -3.862929051644952e-11
  outer loop
    vertex 3730.087174305422 135.54089786693947 -8.756445994141824
    vertex 3730.3825213634736 135.83624492477287 -12.756445993823439
    vertex 3730.087174305422 135.54089786672083 -12.756445993807286
  endloop
endfacet
facet normal -0.7071067811865476 0.7071067811865476 -3.862929051644952e-11
  outer loop
    vertex 3730.3825213634736 135.83624492477287 -12.756445993823439
    vertex 3730.087174305422 135.54089786693947 -8.756445994141824
    vertex 3730.3825213634736 135.83624492499152 -8.756445994157959
  endloop
endfacet
facet normal -0.8660254037846477 0.4999999999996381 -2.731503327658918e-11
  outer loop
    vertex 3730.3825213634736 135.83624492499152 -8.756445994157959
    vertex 3730.5913632710262 136.1979697194027 -12.756445993843203
    vertex 3730.3825213634736 135.83624492477287 -12.756445993823439
  endloop
endfacet
facet normal -0.8660254037846477 0.4999999999996381 -2.731503327658918e-11
  outer loop
    vertex 3730.5913632710262 136.1979697194027 -12.756445993843203
    vertex 3730.3825213634736 135.83624492499152 -8.756445994157959
    vertex 3730.5913632710262 136.19796971962137 -8.75644599417772
  endloop
endfacet
facet normal -0.9659258262891167 0.2588190451023406 -1.4139301659184433e-11
  outer loop
    vertex 3730.5913632710262 136.19796971962137 -8.75644599417772
    vertex 3730.699467797205 136.60142130363477 -12.75644599386522
    vertex 3730.5913632710262 136.1979697194027 -12.756445993843203
  endloop
endfacet
facet normal -0.9659258262891167 0.2588190451023406 -1.4139301659184433e-11
  outer loop
    vertex 3730.699467797205 136.60142130363477 -12.75644599386522
    vertex 3730.5913632710262 136.19796971962137 -8.75644599417772
    vertex 3730.699467797205 136.60142130385344 -8.75644599419976
  endloop
endfacet
facet normal -1.0 -3.441241098318177e-34 -6.29887409440391e-24
  outer loop
    vertex 3730.699467797205 136.60142130385344 -8.75644599419976
    vertex 3730.699467797205 137.01910511873893 -12.75644599388805
    vertex 3730.699467797205 136.60142130363477 -12.75644599386522
  endloop
endfacet
facet normal -1.0 -3.441241098318177e-34 -6.29887409440391e-24
  outer loop
    vertex 3730.699467797205 137.01910511873893 -12.75644599388805
    vertex 3730.699467797205 136.60142130385344 -8.75644599419976
    vertex 3730.699467797205 137.01910511895758 -8.75644599422258
  endloop
endfacet
facet normal -0.965925826289113 -0.2588190451023541 1.4139301659173e-11
  outer loop
    vertex 3730.699467797205 137.01910511895758 -8.75644599422258
    vertex 3730.5913632710262 137.42255670297098 -12.756445993910114
    vertex 3730.699467797205 137.01910511873893 -12.75644599388805
  endloop
endfacet
facet normal -0.965925826289113 -0.2588190451023541 1.4139301659173e-11
  outer loop
    vertex 3730.5913632710262 137.42255670297098 -12.756445993910114
    vertex 3730.699467797205 137.01910511895758 -8.75644599422258
    vertex 3730.5913632710262 137.42255670318966 -8.756445994244618
  endloop
endfacet
facet normal -0.8660254037842463 -0.5000000000003331 2.7315033276616232e-11
  outer loop
    vertex 3730.5913632710262 137.42255670318966 -8.756445994244618
    vertex 3730.3825213634736 137.78428149760077 -12.756445993929876
    vertex 3730.5913632710262 137.42255670297098 -12.756445993910114
  endloop
endfacet
facet normal -0.8660254037842463 -0.5000000000003331 2.7315033276616232e-11
  outer loop
    vertex 3730.3825213634736 137.78428149760077 -12.756445993929876
    vertex 3730.5913632710262 137.42255670318966 -8.756445994244618
    vertex 3730.3825213634736 137.78428149781945 -8.75644599426438
  endloop
endfacet
facet normal -0.7071067811864665 -0.7071067811866286 3.862929051644504e-11
  outer loop
    vertex 3730.3825213634736 137.78428149760077 -12.756445993929876
    vertex 3730.0871743054213 138.0796285558714 -8.756445994280515
    vertex 3730.0871743054213 138.07962855565273 -12.756445993945984
  endloop
endfacet
facet normal -0.7071067811864665 -0.7071067811866286 3.862929051644504e-11
  outer loop
    vertex 3730.0871743054213 138.0796285558714 -8.756445994280515
    vertex 3730.3825213634736 137.78428149760077 -12.756445993929876
    vertex 3730.3825213634736 137.78428149781945 -8.75644599426438
  endloop
endfacet
facet normal -0.4999999999998047 -0.8660254037845514 4.731102544551485e-11
  outer loop
    vertex 3730.0871743054213 138.07962855565273 -12.756445993945984
    vertex 3729.725449510792 138.28847046342347 -8.756445994291923
    vertex 3729.725449510792 138.2884704632048 -12.7564459939574
  endloop
endfacet
facet normal -0.4999999999998047 -0.8660254037845514 4.731102544551485e-11
  outer loop
    vertex 3729.725449510792 138.28847046342347 -8.756445994291923
    vertex 3730.0871743054213 138.07962855565273 -12.756445993945984
    vertex 3730.0871743054213 138.0796285558714 -8.756445994280515
  endloop
endfacet
facet normal -0.2588190451024314 -0.9659258262890922 5.276859217563293e-11
  outer loop
    vertex 3729.725449510792 138.2884704632048 -12.7564459939574
    vertex 3729.32199792656 138.39657498960344 -8.75644599429783
    vertex 3729.32199792656 138.3965749893848 -12.75644599396331
  endloop
endfacet
facet normal -0.2588190451024314 -0.9659258262890922 5.276859217563293e-11
  outer loop
    vertex 3729.32199792656 138.39657498960344 -8.75644599429783
    vertex 3729.725449510792 138.2884704632048 -12.7564459939574
    vertex 3729.725449510792 138.28847046342347 -8.756445994291923
  endloop
endfacet
facet normal 1.0802301187924942e-13 -1.0 5.463006655320699e-11
  outer loop
    vertex 3729.32199792656 138.39657498960344 -8.75644599429783
    vertex 3728.9043141114553 138.39657498938473 -12.75644599396331
    vertex 3729.32199792656 138.3965749893848 -12.75644599396331
  endloop
endfacet
facet normal 1.0802301187924942e-13 -1.0 5.463006655320699e-11
  outer loop
    vertex 3728.9043141114553 138.39657498938473 -12.75644599396331
    vertex 3729.32199792656 138.39657498960344 -8.75644599429783
    vertex 3728.9043141114553 138.3965749896034 -8.75644599429783
  endloop
endfacet
facet normal 0.25881904510268344 -0.9659258262890248 5.2768592175632504e-11
  outer loop
    vertex 3728.9043141114553 138.3965749896034 -8.75644599429783
    vertex 3728.5008625272235 138.28847046320465 -12.7564459939574
    vertex 3728.9043141114553 138.39657498938473 -12.75644599396331
  endloop
endfacet
facet normal 0.25881904510268344 -0.9659258262890248 5.2768592175632504e-11
  outer loop
    vertex 3728.5008625272235 138.28847046320465 -12.7564459939574
    vertex 3728.9043141114553 138.3965749896034 -8.75644599429783
    vertex 3728.5008625272235 138.28847046342332 -8.756445994291923
  endloop
endfacet
facet normal 0.4999999999999263 -0.8660254037844812 4.731102544551732e-11
  outer loop
    vertex 3728.5008625272235 138.28847046342332 -8.756445994291923
    vertex 3728.1391377325936 138.0796285556525 -12.756445993945984
    vertex 3728.5008625272235 138.28847046320465 -12.7564459939574
  endloop
endfacet
facet normal 0.4999999999999263 -0.8660254037844812 4.731102544551732e-11
  outer loop
    vertex 3728.1391377325936 138.0796285556525 -12.756445993945984
    vertex 3728.5008625272235 138.28847046342332 -8.756445994291923
    vertex 3728.1391377325936 138.07962855587118 -8.756445994280515
  endloop
endfacet
facet normal 0.7071067811865476 -0.7071067811865476 3.862929051644952e-11
  outer loop
    vertex 3728.1391377325936 138.0796285556525 -12.756445993945984
    vertex 3727.8437906745407 137.78428149781914 -8.75644599426438
    vertex 3727.8437906745407 137.78428149760046 -12.756445993929876
  endloop
endfacet
facet normal 0.7071067811865476 -0.7071067811865476 3.862929051644952e-11
  outer loop
    vertex 3727.8437906745407 137.78428149781914 -8.75644599426438
    vertex 3728.1391377325936 138.0796285556525 -12.756445993945984
    vertex 3728.1391377325936 138.07962855587118 -8.756445994280515
  endloop
endfacet
facet normal 0.8660254037846477 -0.4999999999996381 2.731503327658918e-11
  outer loop
    vertex 3727.8437906745407 137.78428149760046 -12.756445993929876
    vertex 3727.63494876699 137.42255670318931 -8.756445994244618
    vertex 3727.63494876699 137.42255670297064 -12.756445993910114
  endloop
endfacet
facet normal 0.8660254037846477 -0.4999999999996381 2.731503327658918e-11
  outer loop
    vertex 3727.63494876699 137.42255670318931 -8.756445994244618
    vertex 3727.8437906745407 137.78428149760046 -12.756445993929876
    vertex 3727.8437906745407 137.78428149781914 -8.75644599426438
  endloop
endfacet
facet normal 0.9659258262891167 -0.2588190451023406 1.4139301659184433e-11
  outer loop
    vertex 3727.63494876699 137.42255670297064 -12.756445993910114
    vertex 3727.526844240809 137.01910511895724 -8.75644599422258
    vertex 3727.526844240809 137.01910511873857 -12.75644599388805
  endloop
endfacet
facet normal 0.9659258262891167 -0.2588190451023406 1.4139301659184433e-11
  outer loop
    vertex 3727.526844240809 137.01910511895724 -8.75644599422258
    vertex 3727.63494876699 137.42255670297064 -12.756445993910114
    vertex 3727.63494876699 137.42255670318931 -8.756445994244618
  endloop
endfacet
facet normal 1.0 3.441241098318177e-34 6.29887409440391e-24
  outer loop
    vertex 3727.526844240809 137.01910511873857 -12.75644599388805
    vertex 3727.526844240809 136.60142130385307 -8.75644599419976
    vertex 3727.526844240809 136.6014213036344 -12.75644599386522
  endloop
endfacet
facet normal 1.0 3.441241098318177e-34 6.29887409440391e-24
  outer loop
    vertex 3727.526844240809 136.60142130385307 -8.75644599419976
    vertex 3727.526844240809 137.01910511873857 -12.75644599388805
    vertex 3727.526844240809 137.01910511895724 -8.75644599422258
  endloop
endfacet
facet normal 0.965925826289113 0.2588190451023541 -1.4139301659173e-11
  outer loop
    vertex 3727.526844240809 136.6014213036344 -12.75644599386522
    vertex 3727.63494876699 136.19796971962103 -8.75644599417772
    vertex 3727.63494876699 136.19796971940235 -12.756445993843203
  endloop
endfacet
facet normal 0.965925826289113 0.2588190451023541 -1.4139301659173e-11
  outer loop
    vertex 3727.63494876699 136.19796971962103 -8.75644599417772
    vertex 3727.526844240809 136.6014213036344 -12.75644599386522
    vertex 3727.526844240809 136.60142130385307 -8.75644599419976
  endloop
endfacet
facet normal 0.8660254037842463 0.5000000000003331 -2.7315033276616232e-11
  outer loop
    vertex 3727.63494876699 136.19796971940235 -12.756445993843203
    vertex 3727.8437906745417 135.83624492499123 -8.756445994157959
    vertex 3727.8437906745417 135.83624492477256 -12.756445993823439
  endloop
endfacet
facet normal 0.8660254037842463 0.5000000000003331 -2.7315033276616232e-11
  outer loop
    vertex 3727.8437906745417 135.83624492499123 -8.756445994157959
    vertex 3727.63494876699 136.19796971940235 -12.756445993843203
    vertex 3727.63494876699 136.19796971962103 -8.75644599417772
  endloop
endfacet
facet normal 0.7071067811864665 0.7071067811866286 -3.862929051644504e-11
  outer loop
    vertex 3727.8437906745417 135.83624492499123 -8.756445994157959
    vertex 3728.1391377325936 135.5408978667206 -12.756445993807286
    vertex 3727.8437906745417 135.83624492477256 -12.756445993823439
  endloop
endfacet
facet normal 0.7071067811864665 0.7071067811866286 -3.862929051644504e-11
  outer loop
    vertex 3728.1391377325936 135.5408978667206 -12.756445993807286
    vertex 3727.8437906745417 135.83624492499123 -8.756445994157959
    vertex 3728.1391377325936 135.54089786693925 -8.756445994141824
  endloop
endfacet
facet normal 0.4999999999998047 0.8660254037845514 -4.731102544551485e-11
  outer loop
    vertex 3728.1391377325936 135.54089786693925 -8.756445994141824
    vertex 3728.500862527224 135.33205595916854 -12.756445993795916
    vertex 3728.1391377325936 135.5408978667206 -12.756445993807286
  endloop
endfacet
facet normal 0.4999999999998047 0.8660254037845514 -4.731102544551485e-11
  outer loop
    vertex 3728.500862527224 135.33205595916854 -12.756445993795916
    vertex 3728.1391377325936 135.54089786693925 -8.756445994141824
    vertex 3728.500862527224 135.3320559593872 -8.756445994130416
  endloop
endfacet
facet normal 0.9914448613737751 -0.13052619222032125 7.130772626458288e-12
  outer loop
    vertex 3717.464205063424 127.12090404983002 -12.756445993347318
    vertex 3717.436945724455 126.91384881396651 -8.756445993670523
    vertex 3717.436945724455 126.91384881374799 -12.756445993336017
  endloop
endfacet
facet normal 0.9914448613737751 -0.13052619222032125 7.130772626458288e-12
  outer loop
    vertex 3717.436945724455 126.91384881396651 -8.756445993670523
    vertex 3717.464205063424 127.12090404983002 -12.756445993347318
    vertex 3717.464205063424 127.12090405004854 -8.756445993681835
  endloop
endfacet
facet normal 0.9914448613737732 -0.1305261922203352 7.130772626459051e-12
  outer loop
    vertex 3717.436945724455 126.91384881374799 -12.756445993336017
    vertex 3717.4096863854866 126.7067935778845 -8.756445993659211
    vertex 3717.4096863854866 126.70679357766599 -12.756445993324714
  endloop
endfacet
facet normal 0.9914448613737732 -0.1305261922203352 7.130772626459051e-12
  outer loop
    vertex 3717.4096863854866 126.7067935778845 -8.756445993659211
    vertex 3717.436945724455 126.91384881374799 -12.756445993336017
    vertex 3717.436945724455 126.91384881396651 -8.756445993670523
  endloop
endfacet
facet normal 0.991444861373774 0.1305261922203282 -7.130772626458672e-12
  outer loop
    vertex 3717.4096863854866 126.70679357766599 -12.756445993324714
    vertex 3717.464205063424 126.29268310572047 -8.75644599363659
    vertex 3717.464205063424 126.29268310550195 -12.756445993302087
  endloop
endfacet
facet normal 0.991444861373774 0.1305261922203282 -7.130772626458672e-12
  outer loop
    vertex 3717.464205063424 126.29268310572047 -8.75644599363659
    vertex 3717.4096863854866 126.70679357766599 -12.756445993324714
    vertex 3717.4096863854866 126.7067935778845 -8.756445993659211
  endloop
endfacet
facet normal 0.9238795325112594 0.38268343236515584 -2.0906367509001097e-11
  outer loop
    vertex 3717.464205063424 126.29268310550195 -12.756445993302087
    vertex 3717.624045739432 125.9067935778845 -8.756445993615507
    vertex 3717.624045739432 125.906793577666 -12.756445993280993
  endloop
endfacet
facet normal 0.9238795325112594 0.38268343236515584 -2.0906367509001097e-11
  outer loop
    vertex 3717.624045739432 125.9067935778845 -8.756445993615507
    vertex 3717.464205063424 126.29268310550195 -12.756445993302087
    vertex 3717.464205063424 126.29268310572047 -8.75644599363659
  endloop
endfacet
facet normal 0.7933533402912437 0.6087614290087096 -3.325722799521849e-11
  outer loop
    vertex 3717.624045739432 125.906793577666 -12.756445993280993
    vertex 3717.878315535588 125.57542272798604 -8.756445993597405
    vertex 3717.878315535588 125.57542272776752 -12.7564459932629
  endloop
endfacet
facet normal 0.7933533402912437 0.6087614290087096 -3.325722799521849e-11
  outer loop
    vertex 3717.878315535588 125.57542272798604 -8.756445993597405
    vertex 3717.624045739432 125.906793577666 -12.756445993280993
    vertex 3717.624045739432 125.9067935778845 -8.756445993615507
  endloop
endfacet
facet normal 0.6087614290086913 0.7933533402912577 -4.334166335373562e-11
  outer loop
    vertex 3717.878315535588 125.57542272798604 -8.756445993597405
    vertex 3718.2096863854867 125.32115293161088 -12.756445993249004
    vertex 3717.878315535588 125.57542272776752 -12.7564459932629
  endloop
endfacet
facet normal 0.6087614290086913 0.7933533402912577 -4.334166335373562e-11
  outer loop
    vertex 3718.2096863854867 125.32115293161088 -12.756445993249004
    vertex 3717.878315535588 125.57542272798604 -8.756445993597405
    vertex 3718.2096863854867 125.3211529318294 -8.756445993583513
  endloop
endfacet
facet normal 0.38268343236523544 0.9238795325112263 -5.0472435980174644e-11
  outer loop
    vertex 3718.2096863854867 125.3211529318294 -8.756445993583513
    vertex 3718.5955759133226 125.16131225560349 -12.756445993240273
    vertex 3718.2096863854867 125.32115293161088 -12.756445993249004
  endloop
endfacet
facet normal 0.38268343236523544 0.9238795325112263 -5.0472435980174644e-11
  outer loop
    vertex 3718.5955759133226 125.16131225560349 -12.756445993240273
    vertex 3718.2096863854867 125.3211529318294 -8.756445993583513
    vertex 3718.5955759133226 125.161312255822 -8.756445993574781
  endloop
endfacet
facet normal 0.13052619222005574 0.9914448613738098 -5.4161036602220095e-11
  outer loop
    vertex 3718.5955759133226 125.161312255822 -8.756445993574781
    vertex 3719.009686385487 125.106793577666 -12.756445993237294
    vertex 3718.5955759133226 125.16131225560349 -12.756445993240273
  endloop
endfacet
facet normal 0.13052619222005574 0.9914448613738098 -5.4161036602220095e-11
  outer loop
    vertex 3719.009686385487 125.106793577666 -12.756445993237294
    vertex 3718.5955759133226 125.161312255822 -8.756445993574781
    vertex 3719.009686385487 125.1067935778845 -8.756445993571802
  endloop
endfacet
facet normal -0.13052619222005574 0.9914448613738098 -5.4161036602220095e-11
  outer loop
    vertex 3719.009686385487 125.106793577666 -12.756445993237294
    vertex 3719.423796857651 125.161312255822 -8.756445993574781
    vertex 3719.423796857651 125.16131225560349 -12.756445993240273
  endloop
endfacet
facet normal -0.13052619222005574 0.9914448613738098 -5.4161036602220095e-11
  outer loop
    vertex 3719.423796857651 125.161312255822 -8.756445993574781
    vertex 3719.009686385487 125.106793577666 -12.756445993237294
    vertex 3719.009686385487 125.1067935778845 -8.756445993571802
  endloop
endfacet
facet normal -0.38268343236492997 0.923879532511353 -5.047243598018157e-11
  outer loop
    vertex 3719.423796857651 125.16131225560349 -12.756445993240273
    vertex 3719.809686385487 125.3211529318294 -8.756445993583513
    vertex 3719.809686385487 125.32115293161088 -12.756445993249004
  endloop
endfacet
facet normal -0.38268343236492997 0.923879532511353 -5.047243598018157e-11
  outer loop
    vertex 3719.809686385487 125.3211529318294 -8.756445993583513
    vertex 3719.423796857651 125.16131225560349 -12.756445993240273
    vertex 3719.423796857651 125.161312255822 -8.756445993574781
  endloop
endfacet
facet normal -0.6087614290091088 0.7933533402909375 -4.334166335371813e-11
  outer loop
    vertex 3719.809686385487 125.32115293161088 -12.756445993249004
    vertex 3720.1410572353852 125.57542272798604 -8.756445993597405
    vertex 3720.1410572353852 125.57542272776752 -12.7564459932629
  endloop
endfacet
facet normal -0.6087614290091088 0.7933533402909375 -4.334166335371813e-11
  outer loop
    vertex 3720.1410572353852 125.57542272798604 -8.756445993597405
    vertex 3719.809686385487 125.32115293161088 -12.756445993249004
    vertex 3719.809686385487 125.3211529318294 -8.756445993583513
  endloop
endfacet
facet normal -0.7933533402912437 0.6087614290087096 -3.325722799521849e-11
  outer loop
    vertex 3720.1410572353852 125.57542272798604 -8.756445993597405
    vertex 3720.3953270315415 125.906793577666 -12.756445993280993
    vertex 3720.1410572353852 125.57542272776752 -12.7564459932629
  endloop
endfacet
facet normal -0.7933533402912437 0.6087614290087096 -3.325722799521849e-11
  outer loop
    vertex 3720.3953270315415 125.906793577666 -12.756445993280993
    vertex 3720.1410572353852 125.57542272798604 -8.756445993597405
    vertex 3720.3953270315415 125.9067935778845 -8.756445993615507
  endloop
endfacet
facet normal -0.9238795325112594 0.38268343236515584 -2.0906367509001097e-11
  outer loop
    vertex 3720.3953270315415 125.9067935778845 -8.756445993615507
    vertex 3720.5551677075496 126.29268310550195 -12.756445993302087
    vertex 3720.3953270315415 125.906793577666 -12.756445993280993
  endloop
endfacet
facet normal -0.9238795325112594 0.38268343236515584 -2.0906367509001097e-11
  outer loop
    vertex 3720.5551677075496 126.29268310550195 -12.756445993302087
    vertex 3720.3953270315415 125.9067935778845 -8.756445993615507
    vertex 3720.5551677075496 126.29268310572047 -8.75644599363659
  endloop
endfacet
facet normal -0.991444861373774 0.1305261922203282 -7.130772626458669e-12
  outer loop
    vertex 3720.5551677075496 126.29268310572047 -8.75644599363659
    vertex 3720.6096863854873 126.70679357766599 -12.756445993324714
    vertex 3720.5551677075496 126.29268310550195 -12.756445993302087
  endloop
endfacet
facet normal -0.991444861373774 0.1305261922203282 -7.130772626458669e-12
  outer loop
    vertex 3720.6096863854873 126.70679357766599 -12.756445993324714
    vertex 3720.5551677075496 126.29268310572047 -8.75644599363659
    vertex 3720.6096863854873 126.7067935778845 -8.756445993659211
  endloop
endfacet
facet normal -0.9914448613737732 -0.1305261922203352 7.130772626459054e-12
  outer loop
    vertex 3720.6096863854873 126.7067935778845 -8.756445993659211
    vertex 3720.582427046518 126.91384881374799 -12.756445993336017
    vertex 3720.6096863854873 126.70679357766599 -12.756445993324714
  endloop
endfacet
facet normal -0.9914448613737732 -0.1305261922203352 7.130772626459054e-12
  outer loop
    vertex 3720.582427046518 126.91384881374799 -12.756445993336017
    vertex 3720.6096863854873 126.7067935778845 -8.756445993659211
    vertex 3720.582427046518 126.91384881396651 -8.756445993670523
  endloop
endfacet
facet normal -0.9914448613737751 -0.13052619222032125 7.130772626458291e-12
  outer loop
    vertex 3720.582427046518 126.91384881396651 -8.756445993670523
    vertex 3720.5551677075496 127.12090404983002 -12.756445993347318
    vertex 3720.582427046518 126.91384881374799 -12.756445993336017
  endloop
endfacet
facet normal -0.9914448613737751 -0.13052619222032125 7.130772626458291e-12
  outer loop
    vertex 3720.5551677075496 127.12090404983002 -12.756445993347318
    vertex 3720.582427046518 126.91384881396651 -8.756445993670523
    vertex 3720.5551677075496 127.12090405004854 -8.756445993681835
  endloop
endfacet
facet normal -0.9238795325112594 -0.38268343236515584 2.0906367509001097e-11
  outer loop
    vertex 3720.5551677075496 127.12090405004854 -8.756445993681835
    vertex 3720.3953270315415 127.50679357766599 -12.756445993368413
    vertex 3720.5551677075496 127.12090404983002 -12.756445993347318
  endloop
endfacet
facet normal -0.9238795325112594 -0.38268343236515584 2.0906367509001097e-11
  outer loop
    vertex 3720.3953270315415 127.50679357766599 -12.756445993368413
    vertex 3720.5551677075496 127.12090405004854 -8.756445993681835
    vertex 3720.3953270315415 127.50679357788451 -8.756445993702917
  endloop
endfacet
facet normal -0.7933533402912437 -0.6087614290087096 3.325722799521849e-11
  outer loop
    vertex 3720.3953270315415 127.50679357788451 -8.756445993702917
    vertex 3720.1410572353852 127.83816442756446 -12.756445993386505
    vertex 3720.3953270315415 127.50679357766599 -12.756445993368413
  endloop
endfacet
facet normal -0.7933533402912437 -0.6087614290087096 3.325722799521849e-11
  outer loop
    vertex 3720.1410572353852 127.83816442756446 -12.756445993386505
    vertex 3720.3953270315415 127.50679357788451 -8.756445993702917
    vertex 3720.1410572353852 127.83816442778297 -8.75644599372102
  endloop
endfacet
facet normal -0.6087614290086913 -0.7933533402912577 4.334166335373562e-11
  outer loop
    vertex 3720.1410572353852 127.83816442756446 -12.756445993386505
    vertex 3719.8096863854867 128.09243422393962 -8.75644599373491
    vertex 3719.8096863854867 128.09243422372109 -12.756445993400401
  endloop
endfacet
facet normal -0.6087614290086913 -0.7933533402912577 4.334166335373562e-11
  outer loop
    vertex 3719.8096863854867 128.09243422393962 -8.75644599373491
    vertex 3720.1410572353852 127.83816442756446 -12.756445993386505
    vertex 3720.1410572353852 127.83816442778297 -8.75644599372102
  endloop
endfacet
facet normal -0.38268343236523544 -0.9238795325112263 5.0472435980174644e-11
  outer loop
    vertex 3719.8096863854867 128.09243422372109 -12.756445993400401
    vertex 3719.423796857651 128.252274899947 -8.756445993743643
    vertex 3719.423796857651 128.2522748997285 -12.756445993409132
  endloop
endfacet
facet normal -0.38268343236523544 -0.9238795325112263 5.0472435980174644e-11
  outer loop
    vertex 3719.423796857651 128.252274899947 -8.756445993743643
    vertex 3719.8096863854867 128.09243422372109 -12.756445993400401
    vertex 3719.8096863854867 128.09243422393962 -8.75644599373491
  endloop
endfacet
facet normal -0.13052619222005576 -0.9914448613738098 5.416359550421655e-11
  outer loop
    vertex 3719.423796857651 128.2522748997285 -12.756445993409132
    vertex 3719.009686385487 128.3067935778845 -8.75644599374662
    vertex 3719.009686385487 128.30679357766599 -12.756445993412111
  endloop
endfacet
facet normal -0.13052619222005576 -0.9914448613738098 5.416359550421655e-11
  outer loop
    vertex 3719.009686385487 128.3067935778845 -8.75644599374662
    vertex 3719.423796857651 128.2522748997285 -12.756445993409132
    vertex 3719.423796857651 128.252274899947 -8.756445993743643
  endloop
endfacet
facet normal 0.13052619222005576 -0.9914448613738098 5.416359550421655e-11
  outer loop
    vertex 3719.009686385487 128.3067935778845 -8.75644599374662
    vertex 3718.5955759133226 128.2522748997285 -12.756445993409132
    vertex 3719.009686385487 128.30679357766599 -12.756445993412111
  endloop
endfacet
facet normal 0.13052619222005576 -0.9914448613738098 5.416359550421655e-11
  outer loop
    vertex 3718.5955759133226 128.2522748997285 -12.756445993409132
    vertex 3719.009686385487 128.3067935778845 -8.75644599374662
    vertex 3718.5955759133226 128.252274899947 -8.756445993743643
  endloop
endfacet
facet normal 0.38268343236492997 -0.923879532511353 5.047243598018157e-11
  outer loop
    vertex 3718.5955759133226 128.252274899947 -8.756445993743643
    vertex 3718.2096863854863 128.09243422372109 -12.756445993400401
    vertex 3718.5955759133226 128.2522748997285 -12.756445993409132
  endloop
endfacet
facet normal 0.38268343236492997 -0.923879532511353 5.047243598018157e-11
  outer loop
    vertex 3718.2096863854863 128.09243422372109 -12.756445993400401
    vertex 3718.5955759133226 128.252274899947 -8.756445993743643
    vertex 3718.2096863854863 128.09243422393962 -8.75644599373491
  endloop
endfacet
facet normal 0.6087614290091088 -0.7933533402909375 4.334166335371813e-11
  outer loop
    vertex 3718.2096863854863 128.09243422393962 -8.75644599373491
    vertex 3717.878315535588 127.83816442756446 -12.756445993386505
    vertex 3718.2096863854863 128.09243422372109 -12.756445993400401
  endloop
endfacet
facet normal 0.6087614290091088 -0.7933533402909375 4.334166335371813e-11
  outer loop
    vertex 3717.878315535588 127.83816442756446 -12.756445993386505
    vertex 3718.2096863854863 128.09243422393962 -8.75644599373491
    vertex 3717.878315535588 127.83816442778297 -8.75644599372102
  endloop
endfacet
facet normal 0.7933533402912437 -0.6087614290087096 3.325722799521849e-11
  outer loop
    vertex 3717.878315535588 127.83816442756446 -12.756445993386505
    vertex 3717.624045739432 127.50679357788451 -8.756445993702917
    vertex 3717.624045739432 127.50679357766599 -12.756445993368413
  endloop
endfacet
facet normal 0.7933533402912437 -0.6087614290087096 3.325722799521849e-11
  outer loop
    vertex 3717.624045739432 127.50679357788451 -8.756445993702917
    vertex 3717.878315535588 127.83816442756446 -12.756445993386505
    vertex 3717.878315535588 127.83816442778297 -8.75644599372102
  endloop
endfacet
facet normal 0.9238795325112594 -0.38268343236515584 2.0906367509001097e-11
  outer loop
    vertex 3717.624045739432 127.50679357766599 -12.756445993368413
    vertex 3717.464205063424 127.12090405004854 -8.756445993681835
    vertex 3717.464205063424 127.12090404983002 -12.756445993347318
  endloop
endfacet
facet normal 0.9238795325112594 -0.38268343236515584 2.0906367509001097e-11
  outer loop
    vertex 3717.464205063424 127.12090405004854 -8.756445993681835
    vertex 3717.624045739432 127.50679357766599 -12.756445993368413
    vertex 3717.624045739432 127.50679357788451 -8.756445993702917
  endloop
endfacet
facet normal -0.1305241319007176 -0.9914451326178187 2.4898878347772354e-11
  outer loop
    vertex 3719.656734175262 167.80997276332536 -12.75644599476437
    vertex 3719.009686385487 167.89515685307458 -8.756445993202647
    vertex 3719.009686385487 167.8951568529741 -12.756445994768091
  endloop
endfacet
facet normal -0.1305241319007176 -0.9914451326178187 2.4898878347772354e-11
  outer loop
    vertex 3719.009686385487 167.89515685307458 -8.756445993202647
    vertex 3719.656734175262 167.80997276332536 -12.75644599476437
    vertex 3719.656734175262 167.80997276342586 -8.756445993198925
  endloop
endfacet
facet normal 0.13052825253888223 -0.9914445901255127 2.4898892242109067e-11
  outer loop
    vertex 3719.009686385487 167.89515685307458 -8.756445993202647
    vertex 3718.3626389497526 167.80997007406853 -12.75644599476437
    vertex 3719.009686385487 167.8951568529741 -12.756445994768091
  endloop
endfacet
facet normal 0.13052825253888223 -0.9914445901255127 2.4898892242109067e-11
  outer loop
    vertex 3718.3626389497526 167.80997007406853 -12.75644599476437
    vertex 3719.009686385487 167.89515685307458 -8.756445993202647
    vertex 3718.3626389497526 167.809970074169 -8.756445993198925
  endloop
endfacet
facet normal 0.38268535227756867 -0.9238787372551623 2.3202087777494824e-11
  outer loop
    vertex 3718.3626389497526 167.809970074169 -8.756445993198925
    vertex 3717.7596870815187 167.56021776481305 -12.75644599475345
    vertex 3718.3626389497526 167.80997007406853 -12.75644599476437
  endloop
endfacet
facet normal 0.38268535227756867 -0.9238787372551623 2.3202087777494824e-11
  outer loop
    vertex 3717.7596870815187 167.56021776481305 -12.75644599475345
    vertex 3718.3626389497526 167.809970074169 -8.756445993198925
    vertex 3717.7596870815187 167.56021776491355 -8.756445993188008
  endloop
endfacet
facet normal 0.6087630776732967 -0.7933520752236901 1.9924099374132785e-11
  outer loop
    vertex 3717.7596870815187 167.56021776491355 -8.756445993188008
    vertex 3717.2419209541745 167.16292013234872 -12.756445994736085
    vertex 3717.7596870815187 167.56021776481305 -12.75644599475345
  endloop
endfacet
facet normal 0.6087630776732967 -0.7933520752236901 1.9924099374132785e-11
  outer loop
    vertex 3717.2419209541745 167.16292013234872 -12.756445994736085
    vertex 3717.7596870815187 167.56021776491355 -8.756445993188008
    vertex 3717.2419209541745 167.1629201324492 -8.756445993170644
  endloop
endfacet
facet normal 0.7933546053535203 -0.6087597803439055 1.5288316524602035e-11
  outer loop
    vertex 3717.2419209541745 167.16292013234872 -12.756445994736085
    vertex 3716.844625473648 166.6451523538627 -8.756445993148015
    vertex 3716.844625473648 166.64515235376223 -12.756445994713458
  endloop
endfacet
facet normal 0.7933546053535203 -0.6087597803439055 1.5288316524602035e-11
  outer loop
    vertex 3716.844625473648 166.6451523538627 -8.756445993148015
    vertex 3717.2419209541745 167.16292013234872 -12.756445994736085
    vertex 3717.2419209541745 167.1629201324492 -8.756445993170644
  endloop
endfacet
facet normal 0.9238803277634993 -0.3826815124507705 9.610660168906185e-12
  outer loop
    vertex 3716.844625473648 166.64515235376223 -12.756445994713458
    vertex 3716.5948756703824 166.0421994476129 -8.756445993121664
    vertex 3716.5948756703824 166.0421994475124 -12.756445994687107
  endloop
endfacet
facet normal 0.9238803277634993 -0.3826815124507705 9.610660168906185e-12
  outer loop
    vertex 3716.5948756703824 166.0421994476129 -8.756445993121664
    vertex 3716.844625473648 166.64515235376223 -12.756445994713458
    vertex 3716.844625473648 166.6451523538627 -8.756445993148015
  endloop
endfacet
facet normal 0.9914451326186146 -0.13052413189467268 3.2780532050526037e-12
  outer loop
    vertex 3716.5948756703824 166.0421994475124 -12.756445994687107
    vertex 3716.509691580737 165.3951516578344 -8.756445993093386
    vertex 3716.509691580737 165.39515165773392 -12.75644599465883
  endloop
endfacet
facet normal 0.9914451326186146 -0.13052413189467268 3.2780532050526037e-12
  outer loop
    vertex 3716.509691580737 165.3951516578344 -8.756445993093386
    vertex 3716.5948756703824 166.0421994475124 -12.756445994687107
    vertex 3716.5948756703824 166.0421994476129 -8.756445993121664
  endloop
endfacet
facet normal 1.0 0.0 1.0541311759605991e-16
  outer loop
    vertex 3716.509691580737 165.39515165773392 -12.75644599465883
    vertex 3716.509691580737 155.39515165783436 -8.756445993093386
    vertex 3716.509691580737 155.3951516577339 -12.75644599465883
  endloop
endfacet
facet normal 1.0 0.0 1.0541311759605991e-16
  outer loop
    vertex 3716.509691580737 155.39515165783436 -8.756445993093386
    vertex 3716.509691580737 165.39515165773392 -12.75644599465883
    vertex 3716.509691580737 165.3951516578344 -8.756445993093386
  endloop
endfacet
facet normal 0.9914448613744261 0.1305261922153745 -3.277895924788305e-12
  outer loop
    vertex 3716.509691580737 155.3951516577339 -12.75644599465883
    vertex 3716.5948777231065 154.74809866656273 -8.756445992846585
    vertex 3716.5948777231065 154.74809866646225 -12.756445994412026
  endloop
endfacet
facet normal 0.9914448613744261 0.1305261922153745 -3.277895924788305e-12
  outer loop
    vertex 3716.5948777231065 154.74809866656273 -8.756445992846585
    vertex 3716.509691580737 155.3951516577339 -12.75644599465883
    vertex 3716.509691580737 155.39515165783436 -8.756445993093386
  endloop
endfacet
facet normal 0.9238795325104207 0.38268343236718116 -9.61051360705415e-12
  outer loop
    vertex 3716.5948777231065 154.74809866646225 -12.756445994412026
    vertex 3716.844630855399 154.14514126734048 -8.756445992820233
    vertex 3716.844630855399 154.14514126724 -12.756445994385675
  endloop
endfacet
facet normal 0.9238795325104207 0.38268343236718116 -9.61051360705415e-12
  outer loop
    vertex 3716.844630855399 154.14514126734048 -8.756445992820233
    vertex 3716.5948777231065 154.74809866646225 -12.756445994412026
    vertex 3716.5948777231065 154.74809866656273 -8.756445992846585
  endloop
endfacet
facet normal 0.7933533402900101 0.6087614290103173 -1.5288190668945093e-11
  outer loop
    vertex 3716.844630855399 154.14514126724 -12.756445994385675
    vertex 3717.2419307143814 153.62737001049064 -8.756445992797603
    vertex 3717.2419307143814 153.62737001039017 -12.756445994363048
  endloop
endfacet
facet normal 0.7933533402900101 0.6087614290103173 -1.5288190668945093e-11
  outer loop
    vertex 3717.2419307143814 153.62737001049064 -8.756445992797603
    vertex 3716.844630855399 154.14514126724 -12.756445994385675
    vertex 3716.844630855399 154.14514126734048 -8.756445992820233
  endloop
endfacet
facet normal 0.6087614290079565 0.7933533402918216 -1.9924002801666867e-11
  outer loop
    vertex 3717.2419307143814 153.62737001049064 -8.756445992797603
    vertex 3717.7597019712325 153.2300701514093 -12.756445994345682
    vertex 3717.2419307143814 153.62737001039017 -12.756445994363048
  endloop
endfacet
facet normal 0.6087614290079565 0.7933533402918216 -1.9924002801666867e-11
  outer loop
    vertex 3717.7597019712325 153.2300701514093 -12.756445994345682
    vertex 3717.2419307143814 153.62737001049064 -8.756445992797603
    vertex 3717.7597019712325 153.23007015150978 -8.75644599278024
  endloop
endfacet
facet normal 0.38268343236758867 0.9238795325102517 -2.3202027069412116e-11
  outer loop
    vertex 3717.7597019712325 153.23007015150978 -8.75644599278024
    vertex 3718.36265937045 152.9803170191183 -12.75644599433477
    vertex 3717.7597019712325 153.2300701514093 -12.756445994345682
  endloop
endfacet
facet normal 0.38268343236758867 0.9238795325102517 -2.3202027069412116e-11
  outer loop
    vertex 3718.36265937045 152.9803170191183 -12.75644599433477
    vertex 3717.7597019712325 153.23007015150978 -8.75644599278024
    vertex 3718.36265937045 152.98031701921877 -8.756445992769326
  endloop
endfacet
facet normal 0.13052619222039621 0.991444861373765 -2.4898871535603395e-11
  outer loop
    vertex 3718.36265937045 152.98031701921877 -8.756445992769326
    vertex 3719.0097123617206 152.8951308767459 -12.756445994331042
    vertex 3718.36265937045 152.9803170191183 -12.75644599433477
  endloop
endfacet
facet normal 0.13052619222039621 0.991444861373765 -2.4898871535603395e-11
  outer loop
    vertex 3719.0097123617206 152.8951308767459 -12.756445994331042
    vertex 3718.36265937045 152.98031701921877 -8.756445992769326
    vertex 3719.0097123617206 152.89513087684637 -8.7564459927656
  endloop
endfacet
facet normal -0.1305261922199668 0.9914448613738217 -2.489889905395052e-11
  outer loop
    vertex 3719.0097123617206 152.8951308767459 -12.756445994331042
    vertex 3719.6567653529937 152.98031701921877 -8.756445992769326
    vertex 3719.6567653529937 152.9803170191183 -12.75644599433477
  endloop
endfacet
facet normal -0.1305261922199668 0.9914448613738217 -2.489889905395052e-11
  outer loop
    vertex 3719.6567653529937 152.98031701921877 -8.756445992769326
    vertex 3719.0097123617206 152.8951308767459 -12.756445994331042
    vertex 3719.0097123617206 152.89513087684637 -8.7564459927656
  endloop
endfacet
facet normal -0.3826834323625047 0.9238795325123577 -2.3202107749172327e-11
  outer loop
    vertex 3719.6567653529937 152.9803170191183 -12.75644599433477
    vertex 3720.25972275222 153.23007015150978 -8.75644599278024
    vertex 3720.25972275222 153.2300701514093 -12.756445994345682
  endloop
endfacet
facet normal -0.3826834323625047 0.9238795325123577 -2.3202107749172327e-11
  outer loop
    vertex 3720.25972275222 153.23007015150978 -8.75644599278024
    vertex 3719.6567653529937 152.9803170191183 -12.75644599433477
    vertex 3719.6567653529937 152.98031701921877 -8.756445992769326
  endloop
endfacet
facet normal -0.6087614290111618 0.7933533402893621 -1.992413114448531e-11
  outer loop
    vertex 3720.25972275222 153.2300701514093 -12.756445994345682
    vertex 3720.777494009067 153.62737001049064 -8.756445992797603
    vertex 3720.777494009067 153.62737001039017 -12.756445994363048
  endloop
endfacet
facet normal -0.6087614290111618 0.7933533402893621 -1.992413114448531e-11
  outer loop
    vertex 3720.777494009067 153.62737001049064 -8.756445992797603
    vertex 3720.25972275222 153.2300701514093 -12.756445994345682
    vertex 3720.25972275222 153.23007015150978 -8.75644599278024
  endloop
endfacet
facet normal -0.7933533402910785 0.6087614290089247 -1.5288357928608034e-11
  outer loop
    vertex 3720.777494009067 153.62737001049064 -8.756445992797603
    vertex 3721.174793868048 154.14514126724 -12.756445994385675
    vertex 3720.777494009067 153.62737001039017 -12.756445994363048
  endloop
endfacet
facet normal -0.7933533402910785 0.6087614290089247 -1.5288357928608034e-11
  outer loop
    vertex 3721.174793868048 154.14514126724 -12.756445994385675
    vertex 3720.777494009067 153.62737001049064 -8.756445992797603
    vertex 3721.174793868048 154.14514126734048 -8.756445992820233
  endloop
endfacet
facet normal -0.9238795325108117 0.38268343236623703 -9.610708385074048e-12
  outer loop
    vertex 3721.174793868048 154.14514126734048 -8.756445992820233
    vertex 3721.4245470003398 154.74809866646225 -12.756445994412026
    vertex 3721.174793868048 154.14514126724 -12.756445994385675
  endloop
endfacet
facet normal -0.9238795325108117 0.38268343236623703 -9.610708385074048e-12
  outer loop
    vertex 3721.4245470003398 154.74809866646225 -12.756445994412026
    vertex 3721.174793868048 154.14514126734048 -8.756445992820233
    vertex 3721.4245470003398 154.74809866656273 -8.756445992846585
  endloop
endfacet
facet normal -0.991453100678406 0.1304635932173217 -3.276532853483663e-12
  outer loop
    vertex 3721.4245470003398 154.74809866656273 -8.756445992846585
    vertex 3721.50969158074 155.3951516577339 -12.75644599465883
    vertex 3721.4245470003398 154.74809866646225 -12.756445994412026
  endloop
endfacet
facet normal -0.991453100678406 0.1304635932173217 -3.276532853483663e-12
  outer loop
    vertex 3721.50969158074 155.3951516577339 -12.75644599465883
    vertex 3721.4245470003398 154.74809866656273 -8.756445992846585
    vertex 3721.50969158074 155.39515165783436 -8.756445993093386
  endloop
endfacet
facet normal -1.0 0.0 -1.0541311759605991e-16
  outer loop
    vertex 3721.50969158074 155.39515165783436 -8.756445993093386
    vertex 3721.50969158074 165.39515165773392 -12.75644599465883
    vertex 3721.50969158074 155.3951516577339 -12.75644599465883
  endloop
endfacet
facet normal -1.0 0.0 -1.0541311759605991e-16
  outer loop
    vertex 3721.50969158074 165.39515165773392 -12.75644599465883
    vertex 3721.50969158074 155.39515165783436 -8.756445993093386
    vertex 3721.50969158074 165.3951516578344 -8.756445993093386
  endloop
endfacet
facet normal -0.9914448613707538 -0.1305261922432682 3.27789592548882e-12
  outer loop
    vertex 3721.50969158074 165.3951516578344 -8.756445993093386
    vertex 3721.424504801819 166.04220948395653 -12.756445994687107
    vertex 3721.50969158074 165.39515165773392 -12.75644599465883
  endloop
endfacet
facet normal -0.9914448613707538 -0.1305261922432682 3.27789592548882e-12
  outer loop
    vertex 3721.424504801819 166.04220948395653 -12.756445994687107
    vertex 3721.50969158074 165.3951516578344 -8.756445993093386
    vertex 3721.424504801819 166.042209484057 -8.756445993121664
  endloop
endfacet
facet normal -0.9238787372536513 -0.3826853522812164 9.610561823353728e-12
  outer loop
    vertex 3721.424504801819 166.042209484057 -8.756445993121664
    vertex 3721.17475249256 166.64516135219165 -12.756445994713458
    vertex 3721.424504801819 166.04220948395653 -12.756445994687107
  endloop
endfacet
facet normal -0.9238787372536513 -0.3826853522812164 9.610561823353728e-12
  outer loop
    vertex 3721.17475249256 166.64516135219165 -12.756445994713458
    vertex 3721.424504801819 166.042209484057 -8.756445993121664
    vertex 3721.17475249256 166.64516135229215 -8.756445993148015
  endloop
endfacet
facet normal -0.7933520752239038 -0.6087630776730184 1.5288232073159592e-11
  outer loop
    vertex 3721.17475249256 166.64516135229215 -8.756445993148015
    vertex 3720.777454860096 167.1629274795356 -12.756445994736085
    vertex 3721.17475249256 166.64516135219165 -12.756445994713458
  endloop
endfacet
facet normal -0.7933520752239038 -0.6087630776730184 1.5288232073159592e-11
  outer loop
    vertex 3720.777454860096 167.1629274795356 -12.756445994736085
    vertex 3721.17475249256 166.64516135229215 -8.756445993148015
    vertex 3720.777454860096 167.16292747963607 -8.756445993170644
  endloop
endfacet
facet normal -0.6087597803428407 -0.7933546053543373 1.9924034572287708e-11
  outer loop
    vertex 3720.777454860096 167.1629274795356 -12.756445994736085
    vertex 3720.2596870815114 167.56022296015945 -8.756445993188008
    vertex 3720.2596870815114 167.56022296005895 -12.75644599475345
  endloop
endfacet
facet normal -0.6087597803428407 -0.7933546053543373 1.9924034572287708e-11
  outer loop
    vertex 3720.2596870815114 167.56022296015945 -8.756445993188008
    vertex 3720.777454860096 167.1629274795356 -12.756445994736085
    vertex 3720.777454860096 167.16292747963607 -8.756445993170644
  endloop
endfacet
facet normal -0.3826815124515216 -0.9238803277631883 2.320204704138744e-11
  outer loop
    vertex 3720.2596870815114 167.56022296005895 -12.75644599475345
    vertex 3719.656734175262 167.80997276342586 -8.756445993198925
    vertex 3719.656734175262 167.80997276332536 -12.75644599476437
  endloop
endfacet
facet normal -0.3826815124515216 -0.9238803277631883 2.320204704138744e-11
  outer loop
    vertex 3719.656734175262 167.80997276342586 -8.756445993198925
    vertex 3720.2596870815114 167.56022296005895 -12.75644599475345
    vertex 3720.2596870815114 167.56022296015945 -8.756445993188008
  endloop
endfacet
facet normal -0.7933533402910785 0.6087614290089247 -1.528835792860803e-11
  outer loop
    vertex 3720.777494009067 107.08167501049064 -8.756445992797603
    vertex 3721.174793868048 107.59944626724007 -12.756445993119343
    vertex 3720.777494009067 107.08167501039023 -12.756445993096714
  endloop
endfacet
facet normal -0.7933533402910785 0.6087614290089247 -1.528835792860803e-11
  outer loop
    vertex 3721.174793868048 107.59944626724007 -12.756445993119343
    vertex 3720.777494009067 107.08167501049064 -8.756445992797603
    vertex 3721.174793868048 107.59944626734048 -8.756445992820233
  endloop
endfacet
facet normal -0.9238795325108117 0.38268343236623703 -9.610708385074044e-12
  outer loop
    vertex 3721.174793868048 107.59944626734048 -8.756445992820233
    vertex 3721.4245470003398 108.2024036664623 -12.756445993145697
    vertex 3721.174793868048 107.59944626724007 -12.756445993119343
  endloop
endfacet
facet normal -0.9238795325108117 0.38268343236623703 -9.610708385074044e-12
  outer loop
    vertex 3721.4245470003398 108.2024036664623 -12.756445993145697
    vertex 3721.174793868048 107.59944626734048 -8.756445992820233
    vertex 3721.4245470003398 108.20240366656272 -8.756445992846585
  endloop
endfacet
facet normal -0.991453100678406 0.1304635932173217 -3.2765328534836615e-12
  outer loop
    vertex 3721.4245470003398 108.20240366656272 -8.756445992846585
    vertex 3721.50969158074 108.84945665773395 -12.756445993392495
    vertex 3721.4245470003398 108.2024036664623 -12.756445993145697
  endloop
endfacet
facet normal -0.991453100678406 0.1304635932173217 -3.2765328534836615e-12
  outer loop
    vertex 3721.50969158074 108.84945665773395 -12.756445993392495
    vertex 3721.4245470003398 108.20240366656272 -8.756445992846585
    vertex 3721.50969158074 108.84945665783435 -8.756445993093386
  endloop
endfacet
facet normal -1.0 0.0 -1.0541311759499218e-16
  outer loop
    vertex 3721.50969158074 108.84945665783435 -8.756445993093386
    vertex 3721.50969158074 118.84945665773397 -12.756445993392495
    vertex 3721.50969158074 108.84945665773395 -12.756445993392495
  endloop
endfacet
facet normal -1.0 0.0 -1.0541311759499218e-16
  outer loop
    vertex 3721.50969158074 118.84945665773397 -12.756445993392495
    vertex 3721.50969158074 108.84945665783435 -8.756445993093386
    vertex 3721.50969158074 118.84945665783438 -8.756445993093386
  endloop
endfacet
facet normal -0.9914448613707538 -0.1305261922432682 3.27789592548882e-12
  outer loop
    vertex 3721.50969158074 118.84945665783438 -8.756445993093386
    vertex 3721.424504801819 119.49651448395659 -12.756445993420774
    vertex 3721.50969158074 118.84945665773397 -12.756445993392495
  endloop
endfacet
facet normal -0.9914448613707538 -0.1305261922432682 3.27789592548882e-12
  outer loop
    vertex 3721.424504801819 119.49651448395659 -12.756445993420774
    vertex 3721.50969158074 118.84945665783438 -8.756445993093386
    vertex 3721.424504801819 119.496514484057 -8.756445993121664
  endloop
endfacet
facet normal -0.9238787372536513 -0.3826853522812164 9.610561823353728e-12
  outer loop
    vertex 3721.424504801819 119.496514484057 -8.756445993121664
    vertex 3721.17475249256 120.09946635219173 -12.756445993447123
    vertex 3721.424504801819 119.49651448395659 -12.756445993420774
  endloop
endfacet
facet normal -0.9238787372536513 -0.3826853522812164 9.610561823353728e-12
  outer loop
    vertex 3721.17475249256 120.09946635219173 -12.756445993447123
    vertex 3721.424504801819 119.496514484057 -8.756445993121664
    vertex 3721.17475249256 120.09946635229214 -8.756445993148015
  endloop
endfacet
facet normal -0.7933520752239038 -0.6087630776730184 1.528823207315959e-11
  outer loop
    vertex 3721.17475249256 120.09946635229214 -8.756445993148015
    vertex 3720.777454860096 120.61723247953566 -12.756445993469756
    vertex 3721.17475249256 120.09946635219173 -12.756445993447123
  endloop
endfacet
facet normal -0.7933520752239038 -0.6087630776730184 1.528823207315959e-11
  outer loop
    vertex 3720.777454860096 120.61723247953566 -12.756445993469756
    vertex 3721.17475249256 120.09946635229214 -8.756445993148015
    vertex 3720.777454860096 120.61723247963607 -8.756445993170644
  endloop
endfacet
facet normal -0.6087597803428407 -0.7933546053543373 1.99240345722877e-11
  outer loop
    vertex 3720.777454860096 120.61723247953566 -12.756445993469756
    vertex 3720.2596870815114 121.01452796015944 -8.756445993188008
    vertex 3720.2596870815114 121.01452796005903 -12.756445993487116
  endloop
endfacet
facet normal -0.6087597803428407 -0.7933546053543373 1.99240345722877e-11
  outer loop
    vertex 3720.2596870815114 121.01452796015944 -8.756445993188008
    vertex 3720.777454860096 120.61723247953566 -12.756445993469756
    vertex 3720.777454860096 120.61723247963607 -8.756445993170644
  endloop
endfacet
facet normal -0.3826815124515216 -0.9238803277631883 2.3202047041387436e-11
  outer loop
    vertex 3720.2596870815114 121.01452796005903 -12.756445993487116
    vertex 3719.656734175262 121.26427776342585 -8.756445993198925
    vertex 3719.656734175262 121.26427776332544 -12.756445993498035
  endloop
endfacet
facet normal -0.3826815124515216 -0.9238803277631883 2.3202047041387436e-11
  outer loop
    vertex 3719.656734175262 121.26427776342585 -8.756445993198925
    vertex 3720.2596870815114 121.01452796005903 -12.756445993487116
    vertex 3720.2596870815114 121.01452796015944 -8.756445993188008
  endloop
endfacet
facet normal -0.1305241319007176 -0.9914451326178187 2.4898878347772347e-11
  outer loop
    vertex 3719.656734175262 121.26427776332544 -12.756445993498035
    vertex 3719.009686385487 121.34946185307459 -8.756445993202647
    vertex 3719.009686385487 121.34946185297417 -12.756445993501757
  endloop
endfacet
facet normal -0.1305241319007176 -0.9914451326178187 2.4898878347772347e-11
  outer loop
    vertex 3719.009686385487 121.34946185307459 -8.756445993202647
    vertex 3719.656734175262 121.26427776332544 -12.756445993498035
    vertex 3719.656734175262 121.26427776342585 -8.756445993198925
  endloop
endfacet
facet normal 0.13052825253888223 -0.9914445901255127 2.4898892242109057e-11
  outer loop
    vertex 3719.009686385487 121.34946185307459 -8.756445993202647
    vertex 3718.3626389497526 121.26427507406859 -12.756445993498035
    vertex 3719.009686385487 121.34946185297417 -12.756445993501757
  endloop
endfacet
facet normal 0.13052825253888223 -0.9914445901255127 2.4898892242109057e-11
  outer loop
    vertex 3718.3626389497526 121.26427507406859 -12.756445993498035
    vertex 3719.009686385487 121.34946185307459 -8.756445993202647
    vertex 3718.3626389497526 121.264275074169 -8.756445993198925
  endloop
endfacet
facet normal 0.38268535227756867 -0.9238787372551623 2.3202087777494814e-11
  outer loop
    vertex 3718.3626389497526 121.264275074169 -8.756445993198925
    vertex 3717.7596870815187 121.01452276481311 -12.756445993487116
    vertex 3718.3626389497526 121.26427507406859 -12.756445993498035
  endloop
endfacet
facet normal 0.38268535227756867 -0.9238787372551623 2.3202087777494814e-11
  outer loop
    vertex 3717.7596870815187 121.01452276481311 -12.756445993487116
    vertex 3718.3626389497526 121.264275074169 -8.756445993198925
    vertex 3717.7596870815187 121.01452276491352 -8.756445993188008
  endloop
endfacet
facet normal 0.6087630776732967 -0.7933520752236901 1.9924099374132778e-11
  outer loop
    vertex 3717.7596870815187 121.01452276491352 -8.756445993188008
    vertex 3717.2419209541745 120.61722513234878 -12.756445993469756
    vertex 3717.7596870815187 121.01452276481311 -12.756445993487116
  endloop
endfacet
facet normal 0.6087630776732967 -0.7933520752236901 1.9924099374132778e-11
  outer loop
    vertex 3717.2419209541745 120.61722513234878 -12.756445993469756
    vertex 3717.7596870815187 121.01452276491352 -8.756445993188008
    vertex 3717.2419209541745 120.61722513244919 -8.756445993170644
  endloop
endfacet
facet normal 0.7933546053535203 -0.6087597803439055 1.5288316524602032e-11
  outer loop
    vertex 3717.2419209541745 120.61722513234878 -12.756445993469756
    vertex 3716.844625473648 120.09945735386269 -8.756445993148015
    vertex 3716.844625473648 120.09945735376228 -12.756445993447123
  endloop
endfacet
facet normal 0.7933546053535203 -0.6087597803439055 1.5288316524602032e-11
  outer loop
    vertex 3716.844625473648 120.09945735386269 -8.756445993148015
    vertex 3717.2419209541745 120.61722513234878 -12.756445993469756
    vertex 3717.2419209541745 120.61722513244919 -8.756445993170644
  endloop
endfacet
facet normal 0.9238803277634993 -0.3826815124507705 9.610660168906182e-12
  outer loop
    vertex 3716.844625473648 120.09945735376228 -12.756445993447123
    vertex 3716.5948756703824 119.49650444761288 -8.756445993121664
    vertex 3716.5948756703824 119.49650444751246 -12.756445993420774
  endloop
endfacet
facet normal 0.9238803277634993 -0.3826815124507705 9.610660168906182e-12
  outer loop
    vertex 3716.5948756703824 119.49650444761288 -8.756445993121664
    vertex 3716.844625473648 120.09945735376228 -12.756445993447123
    vertex 3716.844625473648 120.09945735386269 -8.756445993148015
  endloop
endfacet
facet normal 0.9914451326186146 -0.13052413189467268 3.2780532050526017e-12
  outer loop
    vertex 3716.5948756703824 119.49650444751246 -12.756445993420774
    vertex 3716.509691580737 118.84945665783438 -8.756445993093386
    vertex 3716.509691580737 118.84945665773397 -12.756445993392495
  endloop
endfacet
facet normal 0.9914451326186146 -0.13052413189467268 3.2780532050526017e-12
  outer loop
    vertex 3716.509691580737 118.84945665783438 -8.756445993093386
    vertex 3716.5948756703824 119.49650444751246 -12.756445993420774
    vertex 3716.5948756703824 119.49650444761288 -8.756445993121664
  endloop
endfacet
facet normal 1.0 0.0 1.0541311759499218e-16
  outer loop
    vertex 3716.509691580737 118.84945665773397 -12.756445993392495
    vertex 3716.509691580737 108.84945665783435 -8.756445993093386
    vertex 3716.509691580737 108.84945665773395 -12.756445993392495
  endloop
endfacet
facet normal 1.0 0.0 1.0541311759499218e-16
  outer loop
    vertex 3716.509691580737 108.84945665783435 -8.756445993093386
    vertex 3716.509691580737 118.84945665773397 -12.756445993392495
    vertex 3716.509691580737 118.84945665783438 -8.756445993093386
  endloop
endfacet
facet normal 0.9914448613744261 0.1305261922153745 -3.277895924788305e-12
  outer loop
    vertex 3716.509691580737 108.84945665773395 -12.756445993392495
    vertex 3716.5948777231065 108.20240366656272 -8.756445992846585
    vertex 3716.5948777231065 108.2024036664623 -12.756445993145697
  endloop
endfacet
facet normal 0.9914448613744261 0.1305261922153745 -3.277895924788305e-12
  outer loop
    vertex 3716.5948777231065 108.20240366656272 -8.756445992846585
    vertex 3716.509691580737 108.84945665773395 -12.756445993392495
    vertex 3716.509691580737 108.84945665783435 -8.756445993093386
  endloop
endfacet
facet normal 0.9238795325104207 0.38268343236718116 -9.61051360705415e-12
  outer loop
    vertex 3716.5948777231065 108.2024036664623 -12.756445993145697
    vertex 3716.844630855399 107.59944626734048 -8.756445992820233
    vertex 3716.844630855399 107.59944626724007 -12.756445993119343
  endloop
endfacet
facet normal 0.9238795325104207 0.38268343236718116 -9.61051360705415e-12
  outer loop
    vertex 3716.844630855399 107.59944626734048 -8.756445992820233
    vertex 3716.5948777231065 108.2024036664623 -12.756445993145697
    vertex 3716.5948777231065 108.20240366656272 -8.756445992846585
  endloop
endfacet
facet normal 0.7933533402900101 0.6087614290103173 -1.528819066894509e-11
  outer loop
    vertex 3716.844630855399 107.59944626724007 -12.756445993119343
    vertex 3717.2419307143814 107.08167501049064 -8.756445992797603
    vertex 3717.2419307143814 107.08167501039023 -12.756445993096714
  endloop
endfacet
facet normal 0.7933533402900101 0.6087614290103173 -1.528819066894509e-11
  outer loop
    vertex 3717.2419307143814 107.08167501049064 -8.756445992797603
    vertex 3716.844630855399 107.59944626724007 -12.756445993119343
    vertex 3716.844630855399 107.59944626734048 -8.756445992820233
  endloop
endfacet
facet normal 0.6087614290079565 0.7933533402918216 -1.9924002801666864e-11
  outer loop
    vertex 3717.2419307143814 107.08167501049064 -8.756445992797603
    vertex 3717.7597019712325 106.68437515140936 -12.75644599307935
    vertex 3717.2419307143814 107.08167501039023 -12.756445993096714
  endloop
endfacet
facet normal 0.6087614290079565 0.7933533402918216 -1.9924002801666864e-11
  outer loop
    vertex 3717.7597019712325 106.68437515140936 -12.75644599307935
    vertex 3717.2419307143814 107.08167501049064 -8.756445992797603
    vertex 3717.7597019712325 106.68437515150977 -8.75644599278024
  endloop
endfacet
facet normal 0.38268343236758867 0.9238795325102517 -2.3202027069412113e-11
  outer loop
    vertex 3717.7597019712325 106.68437515150977 -8.75644599278024
    vertex 3718.36265937045 106.43462201911836 -12.756445993068436
    vertex 3717.7597019712325 106.68437515140936 -12.75644599307935
  endloop
endfacet
facet normal 0.38268343236758867 0.9238795325102517 -2.3202027069412113e-11
  outer loop
    vertex 3718.36265937045 106.43462201911836 -12.756445993068436
    vertex 3717.7597019712325 106.68437515150977 -8.75644599278024
    vertex 3718.36265937045 106.43462201921878 -8.756445992769326
  endloop
endfacet
facet normal 0.13052619222039621 0.991444861373765 -2.489887153560339e-11
  outer loop
    vertex 3718.36265937045 106.43462201921878 -8.756445992769326
    vertex 3719.0097123617206 106.34943587674596 -12.756445993064712
    vertex 3718.36265937045 106.43462201911836 -12.756445993068436
  endloop
endfacet
facet normal 0.13052619222039621 0.991444861373765 -2.489887153560339e-11
  outer loop
    vertex 3719.0097123617206 106.34943587674596 -12.756445993064712
    vertex 3718.36265937045 106.43462201921878 -8.756445992769326
    vertex 3719.0097123617206 106.34943587684637 -8.7564459927656
  endloop
endfacet
facet normal -0.1305261922199668 0.9914448613738217 -2.489889905395051e-11
  outer loop
    vertex 3719.0097123617206 106.34943587674596 -12.756445993064712
    vertex 3719.6567653529937 106.43462201921878 -8.756445992769326
    vertex 3719.6567653529937 106.43462201911836 -12.756445993068436
  endloop
endfacet
facet normal -0.1305261922199668 0.9914448613738217 -2.489889905395051e-11
  outer loop
    vertex 3719.6567653529937 106.43462201921878 -8.756445992769326
    vertex 3719.0097123617206 106.34943587674596 -12.756445993064712
    vertex 3719.0097123617206 106.34943587684637 -8.7564459927656
  endloop
endfacet
facet normal -0.3826834323625047 0.9238795325123577 -2.3202107749172317e-11
  outer loop
    vertex 3719.6567653529937 106.43462201911836 -12.756445993068436
    vertex 3720.25972275222 106.68437515150977 -8.75644599278024
    vertex 3720.25972275222 106.68437515140936 -12.75644599307935
  endloop
endfacet
facet normal -0.3826834323625047 0.9238795325123577 -2.3202107749172317e-11
  outer loop
    vertex 3720.25972275222 106.68437515150977 -8.75644599278024
    vertex 3719.6567653529937 106.43462201911836 -12.756445993068436
    vertex 3719.6567653529937 106.43462201921878 -8.756445992769326
  endloop
endfacet
facet normal -0.6087614290111618 0.7933533402893621 -1.9924131144485302e-11
  outer loop
    vertex 3720.25972275222 106.68437515140936 -12.75644599307935
    vertex 3720.777494009067 107.08167501049064 -8.756445992797603
    vertex 3720.777494009067 107.08167501039023 -12.756445993096714
  endloop
endfacet
facet normal -0.6087614290111618 0.7933533402893621 -1.9924131144485302e-11
  outer loop
    vertex 3720.777494009067 107.08167501049064 -8.756445992797603
    vertex 3720.25972275222 106.68437515140936 -12.75644599307935
    vertex 3720.25972275222 106.68437515150977 -8.75644599278024
  endloop
endfacet
endsolid antenna_tracker
